chr,start,end,breast,lung,colorectal,esophagus,prostate,skin
chr1,760001,900000,3,5,1,1,0,0
chr1,900001,1000000,6,3,1,2,2,0
chr1,1000001,1100000,1,0,0,2,1,0
chr1,1100001,1200000,2,1,1,2,0,0
chr1,1200001,1300000,3,0,1,1,0,0
chr1,1300001,1400000,2,1,1,5,1,1
chr1,1400001,1500000,0,3,0,2,1,1
chr1,1500001,1600000,1,1,1,2,1,1
chr1,1600001,1700000,3,2,1,1,0,1
chr1,1700001,1800000,1,1,2,1,1,1
chr1,1800001,1900000,0,1,1,1,2,1
chr1,1900001,2000000,0,2,0,3,0,0
chr1,2000001,2110000,3,0,1,1,1,0
chr1,2110001,2210000,2,3,0,1,1,0
chr1,2210001,2310000,3,3,0,2,2,1
chr1,2310001,2410000,3,3,0,3,1,0
chr1,2410001,2510000,5,3,0,3,0,3
chr1,2510001,2730000,1,2,0,5,0,0
chr1,2730001,2830000,6,3,2,3,1,0
chr1,2830001,2930000,2,6,0,1,1,2
chr1,2930001,3030000,1,2,0,1,2,1
chr1,3030001,3130000,2,2,2,1,4,2
chr1,3130001,3230000,6,5,0,0,1,0
chr1,3230001,3330000,7,4,0,0,1,0
chr1,3330001,3430000,1,0,2,4,1,1
chr1,3430001,3530000,0,1,1,2,2,2
chr1,3530001,3630000,3,1,0,4,1,2
chr1,3630001,3730000,1,3,1,2,1,0
chr1,3730001,3830000,0,1,0,1,0,0
chr1,3830001,3930000,2,0,0,0,0,1
chr1,3930001,4030000,0,1,1,1,0,1
chr1,4030001,4130000,1,2,2,8,4,1
chr1,4130001,4230000,4,3,2,3,0,1
chr1,4230001,4330000,3,1,0,6,0,0
chr1,4330001,4440000,2,1,0,5,3,4
chr1,4440001,4540000,5,4,2,2,1,1
chr1,4540001,4640000,2,3,4,6,3,1
chr1,4640001,4740000,1,4,1,3,0,2
chr1,4740001,4840000,2,2,0,5,2,0
chr1,4840001,4940000,3,0,1,7,5,2
chr1,4940001,5040000,2,5,1,5,1,4
chr1,5040001,5140000,5,3,0,3,5,1
chr1,5140001,5240000,3,3,3,10,3,1
chr1,5240001,5340000,1,1,3,7,0,0
chr1,5340001,5440000,2,2,2,3,2,0
chr1,5440001,5540000,2,0,1,3,0,0
chr1,5540001,5640000,1,3,0,11,2,0
chr1,5640001,5770000,1,1,3,6,1,0
chr1,5770001,5870000,1,3,0,6,3,0
chr1,5870001,5970000,2,1,1,0,2,1
chr1,5970001,6070000,0,2,1,1,1,0
chr1,6070001,6170000,0,2,2,1,0,2
chr1,6170001,6270000,2,1,2,3,2,2
chr1,6270001,6370000,1,1,0,1,0,1
chr1,6370001,6470000,0,0,0,1,1,0
chr1,6470001,6570000,2,0,2,2,0,0
chr1,6570001,6670000,0,2,2,2,0,0
chr1,6670001,6770000,5,1,2,0,2,0
chr1,6770001,6870000,2,4,3,3,4,2
chr1,6870001,6970000,0,4,2,1,2,0
chr1,6970001,7070000,1,3,0,3,1,0
chr1,7070001,7170000,3,2,1,1,1,1
chr1,7170001,7270000,1,4,1,5,5,2
chr1,7270001,7370000,3,3,3,5,1,0
chr1,7370001,7470000,4,1,2,4,3,0
chr1,7470001,7570000,3,0,1,2,0,0
chr1,7570001,7670000,2,4,1,2,2,0
chr1,7670001,7770000,0,4,0,4,0,0
chr1,7770001,7870000,7,0,2,1,0,0
chr1,7870001,7970000,2,2,4,1,1,1
chr1,7970001,8070000,0,2,2,3,1,0
chr1,8070001,8170000,3,2,1,3,0,0
chr1,8170001,8270000,5,1,1,2,2,1
chr1,8270001,8370000,3,0,0,6,1,1
chr1,8370001,8470000,5,0,0,0,1,0
chr1,8470001,8570000,3,3,0,1,2,2
chr1,8570001,8670000,4,2,1,1,2,0
chr1,8670001,8770000,2,1,1,1,3,2
chr1,8770001,8870000,3,1,1,1,2,2
chr1,8870001,8970000,5,0,1,6,1,1
chr1,8970001,9070000,2,0,5,4,1,3
chr1,9070001,9170000,5,0,1,2,2,2
chr1,9170001,9270000,0,2,2,3,0,0
chr1,9270001,9370000,0,3,1,1,1,0
chr1,9370001,9470000,3,0,0,0,0,2
chr1,9470001,9570000,3,0,1,3,0,0
chr1,9570001,9670000,3,1,1,1,4,0
chr1,9670001,9770000,0,0,1,4,2,0
chr1,9770001,9870000,2,2,1,0,1,2
chr1,9870001,9970000,2,1,0,0,0,1
chr1,9970001,10070000,1,0,1,1,0,2
chr1,10070001,10170000,1,0,0,0,0,0
chr1,10170001,10270000,0,0,1,0,3,2
chr1,10270001,10370000,3,1,1,3,1,0
chr1,10370001,10470000,1,0,1,1,3,1
chr1,10470001,10570000,1,2,1,2,0,1
chr1,10570001,10670000,5,1,1,2,1,1
chr1,10670001,10770000,2,2,0,2,2,0
chr1,10770001,10870000,3,0,0,4,1,0
chr1,10870001,10970000,1,0,2,4,2,0
chr1,10970001,11070000,3,3,1,3,3,0
chr1,11070001,11170000,4,2,0,0,2,1
chr1,11170001,11270000,1,2,0,1,0,1
chr1,11270001,11370000,1,2,0,2,0,1
chr1,11370001,11470000,1,1,0,0,1,1
chr1,11470001,11570000,1,2,0,3,2,0
chr1,11570001,11670000,1,4,0,2,1,0
chr1,11670001,11770000,1,1,0,1,1,1
chr1,11770001,11870000,2,1,4,2,1,1
chr1,11870001,11970000,1,0,2,1,0,0
chr1,11970001,12070000,3,3,0,5,0,0
chr1,12070001,12170000,2,1,0,3,0,0
chr1,12170001,12270000,2,1,0,2,1,1
chr1,12270001,12370000,1,1,2,0,1,0
chr1,12370001,12470000,2,0,1,3,4,2
chr1,12470001,12570000,0,2,3,0,3,0
chr1,12570001,12670000,5,4,0,1,2,0
chr1,12670001,12770000,2,0,2,3,3,0
chr1,12770001,12870000,2,1,0,4,0,1
chr1,12870001,12970000,0,7,0,0,2,1
chr1,12970001,13070000,1,1,0,1,0,0
chr1,13070001,13170000,0,1,1,1,1,0
chr1,13170001,13270000,0,3,0,3,0,0
chr1,13270001,13370000,0,1,0,0,0,0
chr1,13370001,13470000,0,0,1,0,0,0
chr1,13470001,13570000,0,0,0,0,0,0
chr1,13570001,13670000,0,0,0,0,0,0
chr1,13670001,13770000,0,0,0,0,1,0
chr1,13770001,13870000,3,6,1,9,2,3
chr1,13870001,13970000,2,2,0,7,1,2
chr1,13970001,14070000,3,0,1,6,1,0
chr1,14070001,14170000,2,0,0,3,1,0
chr1,14170001,14270000,4,2,0,3,0,0
chr1,14270001,14370000,2,1,0,4,1,0
chr1,14370001,14470000,0,0,3,7,0,0
chr1,14470001,14570000,6,0,1,8,3,2
chr1,14570001,14670000,0,2,3,5,1,0
chr1,14670001,14770000,2,2,3,7,0,0
chr1,14770001,14870000,3,2,1,1,1,0
chr1,14870001,14970000,3,3,1,6,2,1
chr1,14970001,15070000,2,2,1,4,1,0
chr1,15070001,15170000,3,0,2,2,3,0
chr1,15170001,15270000,0,1,0,6,1,1
chr1,15270001,15370000,2,0,1,2,1,1
chr1,15370001,15470000,3,2,0,2,2,0
chr1,15470001,15570000,1,1,1,2,0,0
chr1,15570001,15670000,1,2,3,0,0,0
chr1,15670001,15770000,3,1,0,1,3,0
chr1,15770001,15870000,2,1,2,1,3,0
chr1,15870001,15970000,2,1,4,1,3,1
chr1,15970001,16070000,2,1,0,1,4,2
chr1,16070001,16170000,2,6,1,3,0,0
chr1,16170001,16270000,6,3,0,2,1,0
chr1,16270001,16370000,3,1,1,1,4,1
chr1,16370001,16470000,4,2,1,1,0,1
chr1,16470001,16570000,0,1,1,4,0,0
chr1,16570001,16670000,0,0,0,1,2,2
chr1,16670001,16770000,2,2,0,0,2,0
chr1,16770001,17360000,0,4,0,0,0,0
chr1,17360001,17460000,0,2,0,1,1,0
chr1,17460001,17560000,0,2,0,8,1,1
chr1,17560001,17660000,1,2,1,4,4,1
chr1,17660001,17760000,1,1,1,5,3,0
chr1,17760001,17860000,3,1,0,3,2,0
chr1,17860001,17960000,1,1,0,0,2,0
chr1,17960001,18060000,1,0,0,6,2,0
chr1,18060001,18160000,0,2,1,2,0,0
chr1,18160001,18260000,2,3,0,1,1,0
chr1,18260001,18360000,0,4,1,0,2,0
chr1,18360001,18460000,1,3,2,5,1,1
chr1,18460001,18560000,1,2,0,2,1,1
chr1,18560001,18660000,2,5,0,3,0,0
chr1,18660001,18760000,5,2,1,2,0,2
chr1,18760001,18860000,4,3,4,2,1,2
chr1,18860001,18960000,0,3,0,4,0,2
chr1,18960001,19060000,1,3,1,3,2,1
chr1,19060001,19160000,0,2,3,3,2,0
chr1,19160001,19260000,3,0,1,1,0,0
chr1,19260001,19360000,1,1,0,3,1,1
chr1,19360001,19460000,3,0,2,2,2,0
chr1,19460001,19560000,5,0,2,2,1,0
chr1,19560001,19660000,1,0,1,0,0,1
chr1,19660001,19760000,1,1,0,4,1,0
chr1,19760001,19860000,0,0,2,1,0,1
chr1,19860001,19960000,1,2,1,1,1,0
chr1,19960001,20060000,3,3,2,3,1,0
chr1,20060001,20160000,3,3,0,1,1,0
chr1,20160001,20260000,1,1,1,3,2,0
chr1,20260001,20360000,0,3,3,2,3,2
chr1,20360001,20460000,2,9,0,5,3,0
chr1,20460001,20560000,2,4,1,1,2,0
chr1,20560001,20660000,2,3,2,3,1,0
chr1,20660001,20760000,1,5,1,1,2,1
chr1,20760001,20860000,2,5,1,7,2,0
chr1,20860001,20960000,2,3,0,3,1,0
chr1,20960001,21060000,0,0,1,2,1,1
chr1,21060001,21160000,1,2,1,0,1,2
chr1,21160001,21260000,3,1,1,1,4,1
chr1,21260001,21360000,2,0,0,0,3,2
chr1,21360001,21460000,4,2,2,6,1,1
chr1,21460001,21560000,0,2,0,2,1,0
chr1,21560001,21660000,3,2,0,1,1,2
chr1,21660001,21760000,3,2,2,2,1,0
chr1,21760001,21860000,6,2,1,1,1,1
chr1,21860001,21960000,1,1,0,2,2,0
chr1,21960001,22060000,1,2,0,1,1,2
chr1,22060001,22160000,3,0,1,2,0,1
chr1,22160001,22260000,2,1,1,1,0,1
chr1,22260001,22360000,2,0,0,0,1,0
chr1,22360001,22460000,4,1,0,3,3,3
chr1,22460001,22560000,2,1,1,2,1,0
chr1,22560001,22660000,4,4,2,5,2,1
chr1,22660001,22760000,2,0,2,1,1,1
chr1,22760001,22860000,1,0,0,4,0,1
chr1,22860001,22960000,4,1,2,1,2,0
chr1,22960001,23060000,1,1,3,0,2,1
chr1,23060001,23160000,1,1,0,0,1,1
chr1,23160001,23260000,1,3,0,2,2,4
chr1,23260001,23360000,3,2,0,2,1,0
chr1,23360001,23460000,2,1,0,1,0,0
chr1,23460001,23560000,1,0,1,1,0,1
chr1,23560001,23660000,4,0,1,3,1,0
chr1,23660001,23760000,1,1,0,1,3,0
chr1,23760001,23860000,5,3,0,2,1,1
chr1,23860001,23960000,1,0,2,2,1,3
chr1,23960001,24060000,6,2,2,1,1,0
chr1,24060001,24160000,2,5,2,1,1,1
chr1,24160001,24260000,2,2,0,5,3,0
chr1,24260001,24360000,0,0,0,0,0,0
chr1,24360001,24460000,3,2,2,2,0,1
chr1,24460001,24560000,5,1,0,1,0,0
chr1,24560001,24660000,1,0,0,2,0,1
chr1,24660001,24760000,3,3,1,3,0,1
chr1,24760001,24860000,1,2,0,0,2,1
chr1,24860001,24960000,5,0,0,4,3,3
chr1,24960001,25060000,3,4,2,4,1,0
chr1,25060001,25160000,2,0,1,3,5,1
chr1,25160001,25260000,0,1,1,4,1,0
chr1,25260001,25360000,1,2,2,1,2,2
chr1,25360001,25460000,3,2,1,0,3,0
chr1,25460001,25560000,2,2,0,1,4,0
chr1,25560001,25660000,2,1,1,0,3,0
chr1,25660001,25760000,6,2,0,2,2,2
chr1,25760001,25860000,1,0,2,3,0,1
chr1,25860001,25960000,1,1,1,3,0,0
chr1,25960001,26060000,1,0,2,1,0,3
chr1,26060001,26160000,1,3,1,2,6,0
chr1,26160001,26260000,4,1,1,2,2,0
chr1,26260001,26360000,4,2,1,2,0,1
chr1,26360001,26460000,2,2,1,3,4,0
chr1,26460001,26560000,2,2,1,1,4,0
chr1,26560001,26660000,2,3,1,3,2,0
chr1,26660001,26760000,4,5,3,2,2,0
chr1,26760001,26860000,4,0,2,1,1,0
chr1,26860001,26960000,2,0,3,2,3,1
chr1,26960001,27060000,0,2,2,2,0,0
chr1,27060001,27160000,5,1,5,9,1,0
chr1,27160001,27260000,2,1,1,2,1,0
chr1,27260001,27360000,4,1,0,1,3,0
chr1,27360001,27460000,1,0,1,1,4,2
chr1,27460001,27560000,5,2,0,2,1,0
chr1,27560001,27660000,3,2,1,2,0,0
chr1,27660001,27760000,3,4,0,4,1,2
chr1,27760001,27860000,3,3,2,4,0,1
chr1,27860001,27960000,4,1,2,2,1,2
chr1,27960001,28060000,2,2,0,0,2,0
chr1,28060001,28160000,2,2,0,4,0,1
chr1,28160001,28260000,0,0,2,2,2,0
chr1,28260001,28360000,3,2,0,0,0,0
chr1,28360001,28460000,4,1,0,4,3,0
chr1,28460001,28560000,2,1,0,2,1,0
chr1,28560001,28660000,1,1,0,0,1,2
chr1,28660001,28760000,0,2,1,3,0,4
chr1,28760001,28860000,5,2,2,5,1,1
chr1,28860001,28960000,6,3,1,2,0,0
chr1,28960001,29060000,3,0,0,2,3,0
chr1,29060001,29160000,1,2,3,1,0,1
chr1,29160001,29260000,1,1,0,0,0,0
chr1,29260001,29360000,3,1,3,4,4,0
chr1,29360001,29460000,4,3,0,1,2,1
chr1,29460001,29560000,1,2,3,1,1,0
chr1,29560001,29660000,4,3,2,3,1,1
chr1,29660001,29760000,0,2,1,6,2,0
chr1,29760001,29860000,3,4,3,5,0,0
chr1,29860001,29960000,0,1,0,1,0,0
chr1,29960001,30060000,0,2,1,1,0,1
chr1,30060001,30160000,2,4,1,2,1,1
chr1,30160001,30260000,2,5,0,1,0,0
chr1,30260001,30360000,2,3,2,4,1,1
chr1,30360001,30460000,4,2,1,5,1,1
chr1,30460001,30560000,2,2,1,2,0,1
chr1,30560001,30660000,4,4,3,0,2,0
chr1,30660001,30760000,2,5,1,8,0,0
chr1,30760001,30860000,1,2,1,6,2,1
chr1,30860001,30960000,2,3,1,5,1,0
chr1,30960001,31060000,3,3,3,8,3,0
chr1,31060001,31160000,2,5,1,3,2,2
chr1,31160001,31260000,4,4,2,1,1,0
chr1,31260001,31360000,2,3,0,4,2,1
chr1,31360001,31460000,2,1,0,1,1,1
chr1,31460001,31560000,10,3,2,2,2,1
chr1,31560001,31660000,3,3,1,3,2,1
chr1,31660001,31760000,4,1,3,3,2,0
chr1,31760001,31860000,1,1,1,2,2,0
chr1,31860001,31960000,3,2,1,0,2,1
chr1,31960001,32060000,3,1,1,3,2,0
chr1,32060001,32160000,2,0,0,1,0,1
chr1,32160001,32260000,2,2,0,2,3,3
chr1,32260001,32360000,3,1,1,2,0,0
chr1,32360001,32460000,2,3,2,3,5,0
chr1,32460001,32560000,4,3,3,3,2,0
chr1,32560001,32660000,2,1,0,3,0,2
chr1,32660001,32760000,1,3,1,5,0,0
chr1,32760001,32860000,3,0,2,3,1,2
chr1,32860001,32960000,2,2,3,2,1,0
chr1,32960001,33060000,2,2,2,3,0,1
chr1,33060001,33160000,5,0,4,1,1,1
chr1,33160001,33260000,4,4,1,1,2,0
chr1,33260001,33360000,2,1,1,5,2,1
chr1,33360001,33460000,2,1,0,2,0,2
chr1,33460001,33560000,0,4,2,3,3,2
chr1,33560001,33660000,1,2,1,2,1,1
chr1,33660001,33760000,4,1,1,0,1,0
chr1,33760001,33860000,2,0,1,3,1,2
chr1,33860001,33960000,2,1,0,6,1,0
chr1,33960001,34060000,2,2,2,5,1,0
chr1,34060001,34160000,3,4,4,2,1,2
chr1,34160001,34260000,4,5,2,9,1,2
chr1,34260001,34360000,7,2,2,5,0,2
chr1,34360001,34460000,4,3,0,3,1,0
chr1,34460001,34560000,1,3,0,7,1,4
chr1,34560001,34660000,2,5,3,9,0,2
chr1,34660001,34760000,3,5,5,10,2,2
chr1,34760001,34860000,5,5,2,5,2,0
chr1,34860001,34960000,1,1,1,6,4,1
chr1,34960001,35060000,1,3,1,1,2,0
chr1,35060001,35160000,4,2,0,4,1,0
chr1,35160001,35260000,2,5,1,3,0,0
chr1,35260001,35360000,2,3,3,2,2,0
chr1,35360001,35460000,1,1,2,4,2,1
chr1,35460001,35560000,2,0,2,2,0,1
chr1,35560001,35660000,7,2,2,5,1,0
chr1,35660001,35760000,2,1,3,6,6,1
chr1,35760001,35860000,4,1,0,2,1,2
chr1,35860001,35960000,8,1,4,2,2,0
chr1,35960001,36060000,5,0,1,5,1,1
chr1,36060001,36160000,2,1,1,2,3,2
chr1,36160001,36260000,1,0,0,5,0,2
chr1,36260001,36360000,1,3,0,4,1,0
chr1,36360001,36460000,1,0,0,2,3,1
chr1,36460001,36560000,4,1,1,9,3,0
chr1,36560001,36660000,4,1,2,0,2,2
chr1,36660001,36760000,4,2,1,4,1,1
chr1,36760001,36860000,2,0,1,0,0,0
chr1,36860001,36960000,4,2,0,0,0,0
chr1,36960001,37060000,3,3,1,0,1,1
chr1,37060001,37160000,2,2,0,1,2,0
chr1,37160001,37260000,4,5,4,3,0,1
chr1,37260001,37360000,1,5,0,2,4,0
chr1,37360001,37460000,0,4,3,3,0,3
chr1,37460001,37560000,3,3,5,7,3,1
chr1,37560001,37660000,4,4,3,6,3,0
chr1,37660001,37760000,5,1,3,7,1,1
chr1,37760001,37860000,6,2,2,9,3,0
chr1,37860001,37960000,3,2,2,1,0,1
chr1,37960001,38060000,3,7,1,2,1,2
chr1,38060001,38170000,0,4,0,1,0,0
chr1,38170001,38270000,1,2,1,1,0,0
chr1,38270001,38370000,2,4,0,3,2,0
chr1,38370001,38470000,1,3,0,0,0,0
chr1,38470001,38570000,3,2,0,0,1,1
chr1,38570001,38670000,0,1,1,5,1,2
chr1,38670001,38770000,3,3,2,1,1,0
chr1,38770001,38870000,1,2,2,6,3,3
chr1,38870001,38970000,3,2,6,5,3,2
chr1,38970001,39070000,3,4,1,5,2,0
chr1,39070001,39170000,2,4,2,7,1,1
chr1,39170001,39270000,2,2,2,2,3,1
chr1,39270001,39370000,6,1,0,1,0,0
chr1,39370001,39470000,2,1,0,1,1,0
chr1,39470001,39570000,2,0,2,1,1,1
chr1,39570001,39670000,2,1,1,5,1,0
chr1,39670001,39770000,3,1,2,5,2,1
chr1,39770001,39870000,1,0,2,4,2,0
chr1,39870001,39970000,2,5,0,3,0,1
chr1,39970001,40070000,3,2,1,2,1,0
chr1,40070001,40170000,1,4,1,0,1,0
chr1,40170001,40270000,2,1,1,2,3,2
chr1,40270001,40370000,0,1,2,3,2,1
chr1,40370001,40470000,1,1,0,1,1,0
chr1,40470001,40570000,3,0,0,2,1,1
chr1,40570001,40670000,4,1,1,4,3,3
chr1,40670001,40770000,2,1,1,3,2,0
chr1,40770001,40870000,4,7,2,0,0,0
chr1,40870001,40970000,4,2,3,1,2,0
chr1,40970001,41070000,4,2,4,2,1,1
chr1,41070001,41170000,2,1,0,0,1,1
chr1,41170001,41270000,3,5,2,1,5,0
chr1,41270001,41370000,6,2,1,1,0,0
chr1,41370001,41470000,7,1,0,3,1,1
chr1,41470001,41570000,3,1,0,1,0,0
chr1,41570001,41670000,1,1,0,2,2,1
chr1,41670001,41770000,2,2,0,5,1,2
chr1,41770001,41870000,3,5,1,0,2,0
chr1,41870001,41970000,3,2,0,1,2,0
chr1,41970001,42070000,1,3,1,1,2,0
chr1,42070001,42170000,4,1,3,0,2,1
chr1,42170001,42270000,4,2,3,1,1,0
chr1,42270001,42370000,1,1,0,2,0,0
chr1,42370001,42470000,5,0,0,3,2,0
chr1,42470001,42570000,2,1,1,3,1,0
chr1,42570001,42670000,2,1,0,1,5,1
chr1,42670001,42770000,2,3,2,2,3,2
chr1,42770001,42870000,1,2,1,0,3,2
chr1,42870001,42970000,3,1,0,2,3,0
chr1,42970001,43070000,1,1,4,5,2,2
chr1,43070001,43170000,2,2,2,0,2,0
chr1,43170001,43270000,1,0,3,3,1,1
chr1,43270001,43370000,3,1,3,1,2,0
chr1,43370001,43470000,5,3,2,4,2,0
chr1,43470001,43570000,5,0,1,3,0,0
chr1,43570001,43670000,3,2,0,2,1,0
chr1,43670001,43770000,1,1,4,1,1,2
chr1,43770001,43870000,2,3,2,3,0,0
chr1,43870001,43970000,1,1,1,4,2,0
chr1,43970001,44070000,3,0,2,2,1,0
chr1,44070001,44170000,3,0,1,2,2,2
chr1,44170001,44270000,2,1,0,4,4,0
chr1,44270001,44370000,4,2,0,1,0,0
chr1,44370001,44470000,2,1,0,1,1,2
chr1,44470001,44570000,2,0,1,4,1,0
chr1,44570001,44670000,0,1,0,3,0,0
chr1,44670001,44770000,2,1,1,2,0,0
chr1,44770001,44870000,1,1,1,2,3,0
chr1,44870001,44970000,3,2,2,1,0,0
chr1,44970001,45070000,2,1,0,5,2,1
chr1,45070001,45170000,0,1,0,0,1,1
chr1,45170001,45270000,3,2,1,2,4,1
chr1,45270001,45370000,1,1,1,3,0,0
chr1,45370001,45470000,3,2,1,1,2,0
chr1,45470001,45570000,6,0,1,3,0,1
chr1,45570001,45670000,0,2,3,1,4,0
chr1,45670001,45770000,1,1,1,2,1,2
chr1,45770001,45870000,2,0,2,3,4,0
chr1,45870001,45970000,4,2,0,1,0,0
chr1,45970001,46070000,3,2,4,3,2,1
chr1,46070001,46170000,5,1,0,1,3,2
chr1,46170001,46270000,2,2,1,4,1,1
chr1,46270001,46370000,2,4,0,6,0,2
chr1,46370001,46470000,2,0,1,2,0,1
chr1,46470001,46570000,1,0,1,3,2,0
chr1,46570001,46670000,5,1,2,1,4,0
chr1,46670001,46770000,3,3,3,2,3,0
chr1,46770001,46870000,3,2,0,4,5,0
chr1,46870001,46970000,4,3,0,0,2,0
chr1,46970001,47070000,5,2,1,2,2,1
chr1,47070001,47170000,2,0,1,1,4,0
chr1,47170001,47270000,3,0,0,1,1,1
chr1,47270001,47370000,7,3,4,3,1,1
chr1,47370001,47470000,1,0,3,3,1,2
chr1,47470001,47570000,1,2,2,4,2,0
chr1,47570001,47670000,2,0,0,3,1,1
chr1,47670001,47770000,3,3,0,3,1,1
chr1,47770001,47870000,1,1,2,6,1,2
chr1,47870001,47970000,3,2,1,1,2,1
chr1,47970001,48070000,5,0,0,1,0,1
chr1,48070001,48170000,0,7,0,1,0,3
chr1,48170001,48270000,2,1,1,0,2,1
chr1,48270001,48370000,1,1,0,0,0,0
chr1,48370001,48470000,2,4,0,2,0,1
chr1,48470001,48570000,4,3,0,1,3,0
chr1,48570001,48670000,1,2,1,4,3,1
chr1,48670001,48770000,3,3,1,1,5,0
chr1,48770001,48870000,3,2,1,1,2,2
chr1,48870001,48970000,3,2,1,7,1,2
chr1,48970001,49070000,2,4,5,3,0,0
chr1,49070001,49170000,4,3,4,2,1,2
chr1,49170001,49270000,2,3,0,4,0,1
chr1,49270001,49370000,3,2,0,6,4,1
chr1,49370001,49470000,1,4,2,3,1,1
chr1,49470001,49570000,3,7,3,9,3,1
chr1,49570001,49670000,6,3,5,10,2,1
chr1,49670001,49770000,1,3,5,4,3,0
chr1,49770001,49870000,4,5,4,6,5,1
chr1,49870001,49970000,3,4,3,8,1,0
chr1,49970001,50070000,3,8,4,4,1,4
chr1,50070001,50170000,3,6,4,3,3,1
chr1,50170001,50270000,4,4,4,6,2,0
chr1,50270001,50370000,2,1,5,12,5,2
chr1,50370001,50470000,1,4,2,8,0,1
chr1,50470001,50570000,3,2,1,5,1,2
chr1,50570001,50670000,6,3,6,11,2,0
chr1,50670001,50770000,4,6,2,6,0,2
chr1,50770001,50870000,3,5,5,5,5,0
chr1,50870001,50970000,4,3,2,1,3,0
chr1,50970001,51070000,4,3,1,5,0,2
chr1,51070001,51170000,3,0,1,3,1,1
chr1,51170001,51270000,2,0,3,3,1,1
chr1,51270001,51370000,5,3,0,2,0,1
chr1,51370001,51470000,4,1,1,2,2,0
chr1,51470001,51570000,3,2,0,3,0,1
chr1,51570001,51670000,0,2,2,8,0,1
chr1,51670001,51770000,2,0,1,5,3,2
chr1,51770001,51870000,2,0,1,2,1,1
chr1,51870001,51970000,6,0,1,1,3,1
chr1,51970001,52070000,0,0,1,2,4,1
chr1,52070001,52170000,7,1,2,1,1,0
chr1,52170001,52270000,5,1,2,3,2,3
chr1,52270001,52370000,2,2,1,2,0,1
chr1,52370001,52470000,3,1,3,4,1,0
chr1,52470001,52570000,1,4,2,2,0,1
chr1,52570001,52670000,6,0,1,0,0,0
chr1,52670001,52770000,3,2,3,4,1,1
chr1,52770001,52870000,3,0,2,2,1,3
chr1,52870001,52970000,2,1,2,5,2,2
chr1,52970001,53070000,1,1,0,5,1,0
chr1,53070001,53170000,3,0,1,4,2,0
chr1,53170001,53270000,4,4,4,4,4,1
chr1,53270001,53370000,2,2,4,2,1,4
chr1,53370001,53470000,2,2,2,3,0,0
chr1,53470001,53570000,1,3,0,1,1,0
chr1,53570001,53670000,1,3,3,2,2,1
chr1,53670001,53770000,3,2,0,1,1,1
chr1,53770001,53870000,3,3,2,1,2,1
chr1,53870001,53970000,4,5,1,1,1,1
chr1,53970001,54070000,1,4,0,1,1,0
chr1,54070001,54170000,2,5,1,2,4,0
chr1,54170001,54270000,1,2,2,3,0,0
chr1,54270001,54370000,0,3,2,3,0,1
chr1,54370001,54470000,1,2,1,4,1,0
chr1,54470001,54570000,1,2,2,3,1,1
chr1,54570001,54670000,4,2,1,2,1,4
chr1,54670001,54770000,0,2,2,2,1,1
chr1,54770001,54870000,4,0,0,1,0,0
chr1,54870001,54970000,2,0,1,0,3,1
chr1,54970001,55070000,1,1,1,1,2,0
chr1,55070001,55170000,0,1,0,2,1,0
chr1,55170001,55270000,2,0,0,1,1,1
chr1,55270001,55370000,2,3,1,1,1,0
chr1,55370001,55470000,1,1,2,0,0,0
chr1,55470001,55570000,4,3,0,2,0,1
chr1,55570001,55670000,2,1,3,3,3,0
chr1,55670001,55770000,7,1,1,2,0,1
chr1,55770001,55870000,3,0,3,3,2,0
chr1,55870001,55970000,2,3,2,7,0,0
chr1,55970001,56070000,1,1,0,3,0,2
chr1,56070001,56170000,3,3,1,2,1,2
chr1,56170001,56270000,6,4,3,3,2,2
chr1,56270001,56370000,4,5,5,10,0,1
chr1,56370001,56470000,0,0,5,8,3,3
chr1,56470001,56570000,1,2,1,3,3,0
chr1,56570001,56670000,4,2,4,12,3,1
chr1,56670001,56770000,4,1,4,7,2,0
chr1,56770001,56870000,5,1,1,7,3,0
chr1,56870001,56970000,1,3,3,0,1,0
chr1,56970001,57070000,2,0,0,3,3,0
chr1,57070001,57170000,1,4,2,5,2,1
chr1,57170001,57270000,3,0,2,6,1,1
chr1,57270001,57370000,2,4,5,3,2,1
chr1,57370001,57470000,1,1,2,2,0,1
chr1,57470001,57570000,3,3,3,3,1,2
chr1,57570001,57670000,1,2,0,3,2,0
chr1,57670001,57770000,1,3,0,1,2,1
chr1,57770001,57870000,5,5,1,10,0,3
chr1,57870001,57970000,2,6,6,5,2,4
chr1,57970001,58070000,7,3,3,1,2,2
chr1,58070001,58170000,2,1,2,3,2,1
chr1,58170001,58270000,5,4,5,2,3,0
chr1,58270001,58370000,2,2,4,6,1,3
chr1,58370001,58470000,3,4,6,5,0,0
chr1,58470001,58570000,2,3,2,5,2,0
chr1,58570001,58670000,4,3,2,6,0,0
chr1,58670001,58770000,1,1,3,5,1,3
chr1,58770001,58870000,0,1,1,6,1,1
chr1,58870001,58970000,3,0,0,0,1,0
chr1,58970001,59070000,2,0,1,1,1,1
chr1,59070001,59170000,2,3,1,0,3,0
chr1,59170001,59270000,2,2,1,2,1,2
chr1,59270001,59370000,2,3,0,3,1,0
chr1,59370001,59470000,4,2,1,1,1,0
chr1,59470001,59570000,2,2,2,2,3,1
chr1,59570001,59670000,6,1,2,0,2,0
chr1,59670001,59770000,1,0,1,2,2,0
chr1,59770001,59870000,1,0,0,4,0,0
chr1,59870001,59970000,2,2,1,2,1,4
chr1,59970001,60070000,3,3,2,3,1,1
chr1,60070001,60170000,4,1,2,4,0,0
chr1,60170001,60270000,1,0,0,4,4,0
chr1,60270001,60370000,6,0,2,3,1,3
chr1,60370001,60470000,0,2,2,4,2,1
chr1,60470001,60570000,3,2,1,8,4,1
chr1,60570001,60670000,4,4,1,3,1,0
chr1,60670001,60770000,4,4,2,3,1,1
chr1,60770001,60870000,5,1,3,5,3,1
chr1,60870001,60970000,5,5,2,8,2,2
chr1,60970001,61070000,5,1,1,2,0,0
chr1,61070001,61170000,2,5,1,9,5,2
chr1,61170001,61270000,1,3,2,6,1,0
chr1,61270001,61370000,1,2,3,7,0,0
chr1,61370001,61470000,3,3,1,5,2,0
chr1,61470001,61570000,3,2,0,4,0,1
chr1,61570001,61670000,5,3,0,1,2,3
chr1,61670001,61770000,0,0,2,3,2,2
chr1,61770001,61870000,6,0,1,1,1,1
chr1,61870001,61970000,3,1,2,2,1,0
chr1,61970001,62070000,4,2,1,1,4,3
chr1,62070001,62170000,2,2,0,1,2,0
chr1,62170001,62270000,5,0,1,4,3,1
chr1,62270001,62370000,1,1,0,2,0,0
chr1,62370001,62470000,1,0,0,4,1,1
chr1,62470001,62570000,6,2,1,0,3,1
chr1,62570001,62670000,3,2,2,2,0,1
chr1,62670001,62770000,5,1,2,0,2,1
chr1,62770001,62870000,2,3,0,5,0,2
chr1,62870001,62970000,5,3,0,3,6,1
chr1,62970001,63070000,1,0,0,3,1,1
chr1,63070001,63170000,1,1,1,4,0,2
chr1,63170001,63270000,1,3,0,1,1,1
chr1,63270001,63370000,2,2,0,5,2,0
chr1,63370001,63470000,2,1,2,3,5,2
chr1,63470001,63570000,2,4,2,4,1,0
chr1,63570001,63670000,2,2,0,8,3,0
chr1,63670001,63770000,6,3,4,3,5,0
chr1,63770001,63870000,1,1,2,5,0,1
chr1,63870001,63970000,1,2,4,5,1,1
chr1,63970001,64070000,4,2,2,1,1,1
chr1,64070001,64170000,3,1,0,2,2,2
chr1,64170001,64270000,0,3,3,3,1,2
chr1,64270001,64370000,0,2,1,4,1,0
chr1,64370001,64470000,3,1,6,1,1,1
chr1,64470001,64570000,1,1,2,3,3,1
chr1,64570001,64670000,2,1,1,2,0,1
chr1,64670001,64770000,7,1,2,1,1,3
chr1,64770001,64870000,2,0,0,2,0,0
chr1,64870001,64970000,5,2,3,2,3,0
chr1,64970001,65070000,5,2,1,4,0,0
chr1,65070001,65170000,4,2,1,3,3,2
chr1,65170001,65270000,3,1,2,1,1,0
chr1,65270001,65370000,5,0,2,1,3,2
chr1,65370001,65470000,4,0,2,3,2,1
chr1,65470001,65570000,4,2,1,5,0,1
chr1,65570001,65670000,1,4,0,4,3,1
chr1,65670001,65770000,3,3,3,2,2,1
chr1,65770001,65870000,2,1,3,4,1,0
chr1,65870001,65970000,8,1,2,5,0,0
chr1,65970001,66070000,1,4,3,3,2,0
chr1,66070001,66170000,0,1,3,3,2,0
chr1,66170001,66270000,4,3,1,2,1,0
chr1,66270001,66370000,3,4,2,6,1,1
chr1,66370001,66470000,2,3,3,6,0,0
chr1,66470001,66570000,1,2,2,5,1,1
chr1,66570001,66670000,6,4,3,6,0,3
chr1,66670001,66770000,2,1,3,1,3,2
chr1,66770001,66870000,5,0,2,4,1,4
chr1,66870001,66970000,5,3,1,3,4,2
chr1,66970001,67070000,0,5,0,3,2,1
chr1,67070001,67170000,2,2,5,7,1,4
chr1,67170001,67270000,1,2,3,6,0,2
chr1,67270001,67370000,2,4,2,4,0,1
chr1,67370001,67470000,4,1,2,2,0,1
chr1,67470001,67570000,5,5,1,0,3,1
chr1,67570001,67670000,1,5,1,4,0,0
chr1,67670001,67770000,2,2,1,3,2,2
chr1,67770001,67870000,7,0,0,0,3,0
chr1,67870001,67970000,3,4,1,5,0,0
chr1,67970001,68070000,5,2,1,1,1,1
chr1,68070001,68170000,1,1,1,1,2,1
chr1,68170001,68270000,0,0,3,2,4,0
chr1,68270001,68370000,5,2,2,1,2,0
chr1,68370001,68470000,5,1,2,5,2,2
chr1,68470001,68570000,1,0,1,4,3,1
chr1,68570001,68670000,4,1,1,3,1,0
chr1,68670001,68770000,4,1,2,4,2,0
chr1,68770001,68870000,1,3,1,2,2,2
chr1,68870001,68970000,1,2,3,2,1,2
chr1,68970001,69070000,5,7,4,7,2,0
chr1,69070001,69170000,5,2,5,4,1,3
chr1,69170001,69270000,3,8,2,5,1,1
chr1,69270001,69370000,3,9,8,2,2,1
chr1,69370001,69470000,2,3,5,6,0,1
chr1,69470001,69570000,3,8,6,11,5,2
chr1,69570001,69670000,6,6,6,17,1,2
chr1,69670001,69770000,5,5,6,5,1,1
chr1,69770001,69870000,4,10,4,9,2,0
chr1,69870001,69970000,1,4,4,10,2,1
chr1,69970001,70070000,1,3,1,5,2,0
chr1,70070001,70170000,4,5,2,7,1,0
chr1,70170001,70270000,5,3,5,9,2,2
chr1,70270001,70370000,5,3,2,7,5,1
chr1,70370001,70470000,4,7,6,14,4,0
chr1,70470001,70570000,2,7,1,11,1,0
chr1,70570001,70670000,4,1,3,7,2,1
chr1,70670001,70770000,7,2,1,2,1,1
chr1,70770001,70870000,5,3,1,4,3,1
chr1,70870001,70970000,4,3,1,5,0,0
chr1,70970001,71070000,7,8,1,7,1,0
chr1,71070001,71170000,1,1,1,15,1,3
chr1,71170001,71270000,2,10,3,12,4,2
chr1,71270001,71370000,4,1,1,6,0,1
chr1,71370001,71470000,4,10,2,11,1,0
chr1,71470001,71570000,2,4,5,6,1,1
chr1,71570001,71670000,2,6,2,3,0,1
chr1,71670001,71770000,3,7,2,9,0,2
chr1,71770001,71870000,3,3,1,10,1,1
chr1,71870001,71970000,3,4,6,9,3,1
chr1,71970001,72070000,1,3,2,8,0,0
chr1,72070001,72170000,3,7,3,10,3,1
chr1,72170001,72270000,4,4,1,17,7,0
chr1,72270001,72370000,5,3,4,19,5,1
chr1,72370001,72470000,6,4,3,7,4,0
chr1,72470001,72570000,3,5,2,13,3,0
chr1,72570001,72670000,5,6,5,8,4,2
chr1,72670001,72770000,1,6,9,9,7,2
chr1,72770001,72870000,8,2,3,12,4,2
chr1,72870001,72970000,2,8,3,10,3,2
chr1,72970001,73070000,3,9,6,5,6,4
chr1,73070001,73170000,3,5,10,5,4,1
chr1,73170001,73270000,10,5,8,7,6,2
chr1,73270001,73370000,4,8,6,10,2,0
chr1,73370001,73470000,3,8,5,17,4,3
chr1,73470001,73570000,3,5,5,12,5,3
chr1,73570001,73670000,5,7,4,6,1,2
chr1,73670001,73770000,4,8,7,10,5,1
chr1,73770001,73870000,4,6,6,9,4,1
chr1,73870001,73970000,7,4,4,9,9,1
chr1,73970001,74070000,8,6,6,11,5,1
chr1,74070001,74170000,6,1,2,8,2,0
chr1,74170001,74270000,7,5,1,2,7,1
chr1,74270001,74370000,1,11,7,6,7,3
chr1,74370001,74470000,3,7,7,4,4,1
chr1,74470001,74570000,6,7,3,6,0,2
chr1,74570001,74670000,4,7,3,15,2,0
chr1,74670001,74770000,1,0,1,8,1,1
chr1,74770001,74870000,3,4,2,8,0,1
chr1,74870001,74970000,4,7,7,15,2,1
chr1,74970001,75070000,2,5,3,8,2,1
chr1,75070001,75170000,3,4,5,4,4,2
chr1,75170001,75270000,0,4,1,4,4,2
chr1,75270001,75370000,3,12,3,7,3,1
chr1,75370001,75470000,6,10,4,10,3,1
chr1,75470001,75570000,1,7,1,5,3,3
chr1,75570001,75670000,3,10,7,14,5,4
chr1,75670001,75770000,5,5,4,6,2,2
chr1,75770001,75870000,4,5,6,4,4,2
chr1,75870001,75970000,0,1,5,3,4,1
chr1,75970001,76070000,4,3,4,5,2,4
chr1,76070001,76170000,1,6,2,6,4,0
chr1,76170001,76270000,3,4,1,5,5,1
chr1,76270001,76370000,2,4,0,3,2,0
chr1,76370001,76470000,6,2,1,4,4,0
chr1,76470001,76570000,3,4,1,1,3,2
chr1,76570001,76670000,1,8,2,6,1,2
chr1,76670001,76770000,0,6,2,7,1,1
chr1,76770001,76870000,4,7,1,3,1,1
chr1,76870001,76970000,2,8,3,2,1,0
chr1,76970001,77070000,2,4,2,4,3,0
chr1,77070001,77170000,3,4,0,6,3,3
chr1,77170001,77270000,5,11,3,7,2,0
chr1,77270001,77370000,1,3,3,10,2,0
chr1,77370001,77470000,2,0,3,8,1,1
chr1,77470001,77570000,0,4,0,2,0,0
chr1,77570001,77670000,1,4,3,2,1,1
chr1,77670001,77770000,1,8,5,2,4,0
chr1,77770001,77870000,2,5,4,4,3,0
chr1,77870001,77970000,3,9,2,5,3,0
chr1,77970001,78070000,3,3,4,1,1,2
chr1,78070001,78170000,6,2,1,3,2,2
chr1,78170001,78270000,7,4,1,3,1,3
chr1,78270001,78370000,2,4,5,2,3,0
chr1,78370001,78470000,5,2,3,4,1,0
chr1,78470001,78570000,2,8,0,1,0,0
chr1,78570001,78670000,3,5,2,4,0,0
chr1,78670001,78770000,2,6,1,6,1,1
chr1,78770001,78870000,2,4,6,7,2,2
chr1,78870001,78970000,7,4,3,7,1,1
chr1,78970001,79070000,5,8,5,8,1,1
chr1,79070001,79170000,1,4,1,6,2,1
chr1,79170001,79270000,3,5,6,8,3,0
chr1,79270001,79370000,1,1,5,6,1,0
chr1,79370001,79470000,3,2,8,12,0,2
chr1,79470001,79570000,1,7,2,10,1,1
chr1,79570001,79670000,3,1,6,8,1,2
chr1,79670001,79770000,5,7,7,7,2,0
chr1,79770001,79870000,1,6,1,9,2,1
chr1,79870001,79970000,2,4,2,8,1,2
chr1,79970001,80070000,5,11,6,18,4,4
chr1,80070001,80170000,6,6,10,12,1,1
chr1,80170001,80270000,3,6,4,13,7,2
chr1,80270001,80370000,3,7,9,9,0,3
chr1,80370001,80470000,3,7,2,8,3,3
chr1,80470001,80570000,2,9,7,11,2,1
chr1,80570001,80670000,2,10,11,12,2,1
chr1,80670001,80770000,2,6,7,6,2,1
chr1,80770001,80870000,4,2,8,8,0,5
chr1,80870001,80970000,0,4,11,5,3,0
chr1,80970001,81070000,6,4,11,9,2,0
chr1,81070001,81170000,7,7,4,4,5,0
chr1,81170001,81270000,3,4,2,12,1,1
chr1,81270001,81370000,6,7,2,4,7,1
chr1,81370001,81470000,3,4,3,6,1,2
chr1,81470001,81570000,0,6,11,6,3,6
chr1,81570001,81670000,1,7,5,5,2,0
chr1,81670001,81770000,4,4,4,6,2,1
chr1,81770001,81870000,3,6,5,6,2,1
chr1,81870001,81970000,1,4,6,5,0,1
chr1,81970001,82070000,0,2,2,3,2,1
chr1,82070001,82170000,1,3,2,4,3,2
chr1,82170001,82270000,4,0,2,5,0,1
chr1,82270001,82370000,1,3,6,6,2,1
chr1,82370001,82470000,0,4,7,10,1,1
chr1,82470001,82570000,2,2,2,12,2,2
chr1,82570001,82670000,3,5,2,7,1,0
chr1,82670001,82770000,6,3,4,3,3,0
chr1,82770001,82870000,1,4,5,6,1,1
chr1,82870001,82970000,4,3,6,11,1,2
chr1,82970001,83070000,5,5,7,9,0,2
chr1,83070001,83170000,1,7,6,13,1,3
chr1,83170001,83270000,5,0,5,7,1,0
chr1,83270001,83370000,0,2,3,10,2,0
chr1,83370001,83470000,5,2,3,9,5,0
chr1,83470001,83570000,3,0,6,11,0,1
chr1,83570001,83670000,2,2,4,5,1,2
chr1,83670001,83770000,1,1,3,13,4,2
chr1,83770001,83870000,2,2,8,5,2,0
chr1,83870001,83970000,1,1,4,9,2,0
chr1,83970001,84070000,1,2,4,6,0,1
chr1,84070001,84170000,1,5,3,4,0,3
chr1,84170001,84270000,2,3,3,3,1,1
chr1,84270001,84370000,2,3,4,3,2,4
chr1,84370001,84470000,3,4,2,9,2,0
chr1,84470001,84570000,4,2,3,4,0,0
chr1,84570001,84670000,3,2,1,5,1,0
chr1,84670001,84770000,3,3,1,4,2,2
chr1,84770001,84870000,2,6,1,3,1,0
chr1,84870001,84970000,0,1,1,3,3,0
chr1,84970001,85070000,2,2,2,3,0,0
chr1,85070001,85170000,8,2,2,0,1,0
chr1,85170001,85270000,1,3,0,5,1,1
chr1,85270001,85370000,4,2,2,3,0,0
chr1,85370001,85470000,3,1,2,4,2,0
chr1,85470001,85570000,2,2,1,3,0,2
chr1,85570001,85670000,5,4,0,0,2,1
chr1,85670001,85770000,3,0,1,2,1,0
chr1,85770001,85870000,4,0,1,2,1,0
chr1,85870001,85970000,0,2,0,3,1,1
chr1,85970001,86070000,0,3,2,5,3,0
chr1,86070001,86170000,2,0,2,0,1,2
chr1,86170001,86270000,3,1,2,5,0,1
chr1,86270001,86370000,3,2,3,4,2,0
chr1,86370001,86470000,1,3,6,7,1,0
chr1,86470001,86570000,2,1,2,5,0,0
chr1,86570001,86670000,0,1,2,2,4,1
chr1,86670001,86770000,2,3,6,5,0,2
chr1,86770001,86870000,4,2,3,4,3,1
chr1,86870001,86970000,1,2,2,3,0,2
chr1,86970001,87070000,4,2,1,2,3,2
chr1,87070001,87170000,4,3,1,1,4,0
chr1,87170001,87270000,2,2,2,1,2,1
chr1,87270001,87370000,7,4,2,3,0,0
chr1,87370001,87470000,2,2,1,2,0,0
chr1,87470001,87570000,3,1,4,4,6,1
chr1,87570001,87670000,3,2,3,1,3,0
chr1,87670001,87770000,3,1,3,2,2,0
chr1,87770001,87870000,4,5,1,3,3,1
chr1,87870001,87970000,0,0,0,3,1,1
chr1,87970001,88070000,4,0,2,2,1,0
chr1,88070001,88170000,1,0,2,6,0,1
chr1,88170001,88270000,2,1,1,1,2,1
chr1,88270001,88370000,0,1,3,1,1,1
chr1,88370001,88470000,3,6,2,4,4,0
chr1,88470001,88570000,2,3,2,5,2,1
chr1,88570001,88670000,5,5,2,1,5,1
chr1,88670001,88770000,5,1,0,4,5,1
chr1,88770001,88870000,6,5,1,5,2,1
chr1,88870001,88970000,1,4,0,0,4,2
chr1,88970001,89070000,2,2,1,4,4,0
chr1,89070001,89170000,4,2,1,2,1,0
chr1,89170001,89270000,4,3,3,5,3,1
chr1,89270001,89370000,3,4,0,2,1,1
chr1,89370001,89470000,1,3,0,2,3,1
chr1,89470001,89570000,0,1,2,0,1,0
chr1,89570001,89670000,1,1,1,3,4,0
chr1,89670001,89770000,5,3,3,6,4,0
chr1,89770001,89870000,1,2,1,5,0,2
chr1,89870001,89970000,3,1,2,5,2,2
chr1,89970001,90070000,2,2,0,4,3,1
chr1,90070001,90170000,1,0,4,5,0,0
chr1,90170001,90270000,2,4,2,2,3,0
chr1,90270001,90370000,3,2,3,8,1,1
chr1,90370001,90470000,3,0,2,3,6,1
chr1,90470001,90570000,2,2,1,1,4,0
chr1,90570001,90670000,4,3,4,6,3,1
chr1,90670001,90770000,4,1,3,6,5,2
chr1,90770001,90870000,0,7,4,6,2,0
chr1,90870001,90970000,0,5,3,8,1,2
chr1,90970001,91070000,3,2,5,6,0,0
chr1,91070001,91170000,4,1,6,11,3,2
chr1,91170001,91270000,5,4,0,8,3,0
chr1,91270001,91370000,2,6,3,3,0,1
chr1,91370001,91470000,1,3,4,7,4,1
chr1,91470001,91570000,4,5,2,6,3,0
chr1,91570001,91670000,6,2,3,4,0,0
chr1,91670001,91770000,3,5,3,2,2,0
chr1,91770001,91900000,6,5,4,5,3,2
chr1,91900001,92000000,4,6,3,4,4,0
chr1,92000001,92100000,4,2,2,2,3,1
chr1,92100001,92200000,6,3,2,3,1,0
chr1,92200001,92300000,5,0,2,1,2,0
chr1,92300001,92400000,3,1,1,4,1,1
chr1,92400001,92500000,1,3,1,7,0,1
chr1,92500001,92600000,8,4,2,6,1,1
chr1,92600001,92700000,0,2,4,3,2,1
chr1,92700001,92800000,2,3,1,1,0,0
chr1,92800001,92900000,5,4,4,3,3,2
chr1,92900001,93000000,2,1,1,5,2,0
chr1,93000001,93100000,1,3,0,0,2,0
chr1,93100001,93200000,4,2,0,4,1,1
chr1,93200001,93300000,3,1,2,3,2,1
chr1,93300001,93400000,1,3,0,3,0,1
chr1,93400001,93500000,3,3,4,3,0,3
chr1,93500001,93600000,3,1,3,4,0,1
chr1,93600001,93700000,2,0,2,1,3,0
chr1,93700001,93800000,1,0,2,4,1,2
chr1,93800001,93900000,2,0,3,3,0,1
chr1,93900001,94000000,7,1,2,1,2,0
chr1,94000001,94100000,4,0,0,1,2,0
chr1,94100001,94200000,3,1,3,0,1,0
chr1,94200001,94300000,1,2,1,0,0,1
chr1,94300001,94400000,3,1,2,4,1,0
chr1,94400001,94500000,4,3,1,1,2,1
chr1,94500001,94600000,2,1,0,1,1,1
chr1,94600001,94700000,9,4,1,2,2,0
chr1,94700001,94800000,4,1,3,1,1,0
chr1,94800001,94900000,0,2,2,0,0,0
chr1,94900001,95000000,2,0,3,1,0,1
chr1,95000001,95100000,2,2,0,0,1,0
chr1,95100001,95200000,3,0,1,0,3,0
chr1,95200001,95300000,4,1,2,3,5,1
chr1,95300001,95400000,1,1,1,1,0,1
chr1,95400001,95500000,2,0,1,1,4,3
chr1,95500001,95600000,2,4,2,3,0,1
chr1,95600001,95700000,4,3,1,0,3,0
chr1,95700001,95800000,4,1,1,4,3,2
chr1,95800001,95900000,2,2,2,3,2,0
chr1,95900001,96000000,2,4,3,2,2,0
chr1,96000001,96100000,4,5,5,5,2,1
chr1,96100001,96200000,3,3,6,4,3,1
chr1,96200001,96300000,1,6,3,7,2,2
chr1,96300001,96400000,7,6,9,11,3,2
chr1,96400001,96500000,3,6,3,4,4,1
chr1,96500001,96600000,1,4,6,5,7,1
chr1,96600001,96700000,2,6,6,13,1,2
chr1,96700001,96800000,4,12,4,10,4,0
chr1,96800001,96900000,1,3,7,13,3,1
chr1,96900001,97000000,2,6,2,6,2,0
chr1,97000001,97100000,4,7,3,15,1,2
chr1,97100001,97200000,0,3,2,5,7,2
chr1,97200001,97300000,2,3,4,3,1,1
chr1,97300001,97400000,1,7,0,5,4,2
chr1,97400001,97500000,5,8,4,13,1,0
chr1,97500001,97600000,4,1,5,3,5,3
chr1,97600001,97700000,1,1,1,5,1,3
chr1,97700001,97800000,2,1,4,7,1,0
chr1,97800001,97900000,1,2,5,5,0,0
chr1,97900001,98000000,1,1,6,5,4,2
chr1,98000001,98100000,6,2,6,10,5,1
chr1,98100001,98200000,2,3,5,16,1,2
chr1,98200001,98300000,6,4,5,8,2,3
chr1,98300001,98400000,4,2,4,9,3,0
chr1,98400001,98500000,7,3,5,9,3,2
chr1,98500001,98600000,1,4,5,3,3,2
chr1,98600001,98700000,6,5,8,4,0,1
chr1,98700001,98800000,1,4,4,5,2,0
chr1,98800001,98900000,1,4,4,5,0,1
chr1,98900001,99000000,3,4,2,7,0,3
chr1,99000001,99100000,3,9,1,6,3,2
chr1,99100001,99200000,4,2,2,2,3,0
chr1,99200001,99300000,8,3,2,2,1,0
chr1,99300001,99400000,2,4,2,5,2,1
chr1,99400001,99500000,1,6,1,6,1,1
chr1,99500001,99600000,6,1,3,3,5,0
chr1,99600001,99700000,1,2,1,6,4,3
chr1,99700001,99800000,1,5,1,8,1,3
chr1,99800001,99900000,1,4,2,4,1,1
chr1,99900001,100000000,7,2,5,4,2,1
chr1,100000001,100100000,3,3,2,2,0,1
chr1,100100001,100200000,3,0,1,2,1,0
chr1,100200001,100300000,1,1,1,0,2,0
chr1,100300001,100400000,3,2,4,4,1,1
chr1,100400001,100500000,3,2,3,7,1,0
chr1,100500001,100600000,2,3,0,6,1,0
chr1,100600001,100700000,2,1,2,2,2,0
chr1,100700001,100800000,3,2,3,2,1,0
chr1,100800001,100900000,0,1,4,5,0,1
chr1,100900001,101000000,5,0,0,2,0,0
chr1,101000001,101100000,4,2,3,1,4,1
chr1,101100001,101200000,5,4,1,5,2,0
chr1,101200001,101300000,3,4,0,4,1,1
chr1,101300001,101400000,8,2,5,1,2,0
chr1,101400001,101500000,4,4,2,3,1,0
chr1,101500001,101600000,5,3,0,5,0,0
chr1,101600001,101700000,3,5,4,4,0,1
chr1,101700001,101800000,1,7,0,1,4,1
chr1,101800001,101900000,4,6,3,4,1,0
chr1,101900001,102000000,1,7,4,6,3,2
chr1,102000001,102100000,4,6,2,8,4,0
chr1,102100001,102200000,4,6,5,7,2,2
chr1,102200001,102300000,4,11,3,7,3,0
chr1,102300001,102400000,0,9,4,14,5,0
chr1,102400001,102500000,1,7,11,9,1,2
chr1,102500001,102600000,0,4,6,6,5,1
chr1,102600001,102700000,2,11,6,9,6,0
chr1,102700001,102800000,3,12,2,12,3,0
chr1,102800001,102900000,3,6,8,8,5,3
chr1,102900001,103000000,6,10,4,15,8,2
chr1,103000001,103100000,4,7,3,18,3,3
chr1,103100001,103200000,8,8,3,9,1,3
chr1,103200001,103300000,5,8,8,10,6,2
chr1,103300001,103400000,2,7,6,11,2,0
chr1,103400001,103500000,2,6,12,12,4,2
chr1,103500001,103600000,5,11,7,18,5,0
chr1,103600001,103700000,3,6,5,8,3,1
chr1,103700001,103800000,1,3,4,7,1,0
chr1,103800001,103900000,0,0,0,0,0,0
chr1,103900001,104000000,2,1,0,0,0,0
chr1,104000001,104100000,4,4,2,9,7,1
chr1,104100001,104200000,2,3,3,2,1,0
chr1,104200001,104300000,0,2,1,0,0,0
chr1,104300001,104400000,2,7,8,12,6,1
chr1,104400001,104500000,3,5,5,20,5,7
chr1,104500001,104600000,1,12,9,10,5,5
chr1,104600001,104700000,5,12,4,14,3,0
chr1,104700001,104800000,1,7,6,4,3,0
chr1,104800001,104900000,7,11,7,12,7,1
chr1,104900001,105000000,8,10,5,12,4,2
chr1,105000001,105100000,6,14,4,15,7,0
chr1,105100001,105200000,3,12,5,8,2,1
chr1,105200001,105300000,7,12,10,16,5,1
chr1,105300001,105400000,4,3,3,3,3,0
chr1,105400001,105500000,2,7,10,10,4,2
chr1,105500001,105600000,8,9,4,13,2,0
chr1,105600001,105700000,5,6,7,6,2,3
chr1,105700001,105800000,6,9,5,14,0,2
chr1,105800001,105900000,2,11,3,8,5,1
chr1,105900001,106000000,6,9,6,12,1,0
chr1,106000001,106100000,2,9,1,5,2,1
chr1,106100001,106200000,4,4,8,9,4,3
chr1,106200001,106300000,1,9,7,8,2,2
chr1,106300001,106400000,5,6,5,12,6,2
chr1,106400001,106500000,5,13,6,6,5,3
chr1,106500001,106600000,4,8,3,8,1,1
chr1,106600001,106700000,6,3,2,12,4,5
chr1,106700001,106800000,3,10,8,6,3,0
chr1,106800001,106900000,3,17,4,6,1,0
chr1,106900001,107000000,7,4,6,8,4,1
chr1,107000001,107100000,1,9,4,10,4,3
chr1,107100001,107200000,6,6,6,16,1,3
chr1,107200001,107300000,1,3,5,17,4,3
chr1,107300001,107400000,2,8,6,14,4,1
chr1,107400001,107500000,1,5,6,15,2,3
chr1,107500001,107600000,5,4,8,10,6,2
chr1,107600001,107700000,4,3,2,12,2,3
chr1,107700001,107800000,2,2,3,2,4,0
chr1,107800001,107900000,1,7,5,9,5,1
chr1,107900001,108000000,1,3,1,10,0,2
chr1,108000001,108100000,1,4,1,7,3,1
chr1,108100001,108200000,5,7,4,4,3,0
chr1,108200001,108300000,2,3,4,8,2,1
chr1,108300001,108400000,3,2,2,7,2,0
chr1,108400001,108500000,3,2,1,7,2,0
chr1,108500001,108600000,0,2,2,7,0,0
chr1,108600001,108700000,0,2,0,3,2,0
chr1,108700001,108800000,1,1,1,2,2,1
chr1,108800001,108900000,2,4,2,1,0,0
chr1,108900001,109000000,0,0,0,0,0,0
chr1,109000001,109100000,0,2,1,2,0,0
chr1,109100001,109200000,1,2,0,1,3,1
chr1,109200001,109300000,1,1,0,1,1,3
chr1,109300001,109400000,2,1,1,5,3,0
chr1,109400001,109500000,1,0,2,2,2,1
chr1,109500001,109600000,2,2,1,1,0,0
chr1,109600001,109700000,4,1,1,0,1,1
chr1,109700001,109800000,1,1,0,2,0,0
chr1,109800001,109900000,3,1,0,1,0,2
chr1,109900001,110000000,0,2,1,2,3,1
chr1,110000001,110100000,6,5,0,2,1,0
chr1,110100001,110200000,1,4,1,3,0,0
chr1,110200001,110300000,0,0,2,0,2,1
chr1,110300001,110400000,2,2,3,1,0,2
chr1,110400001,110500000,2,1,3,2,0,0
chr1,110500001,110600000,3,1,0,2,0,0
chr1,110600001,110700000,1,0,0,2,1,0
chr1,110700001,110800000,2,3,0,4,2,0
chr1,110800001,110900000,7,1,0,4,0,1
chr1,110900001,111000000,0,2,1,5,0,1
chr1,111000001,111100000,0,2,0,1,2,1
chr1,111100001,111200000,2,2,0,2,1,0
chr1,111200001,111300000,4,4,1,7,2,0
chr1,111300001,111400000,0,6,6,8,2,0
chr1,111400001,111500000,2,2,6,6,1,0
chr1,111500001,111600000,3,4,3,5,0,4
chr1,111600001,111700000,1,2,0,5,0,0
chr1,111700001,111800000,3,3,1,4,1,1
chr1,111800001,111900000,2,1,2,4,1,0
chr1,111900001,112000000,1,3,3,8,2,1
chr1,112000001,112100000,3,0,1,3,2,1
chr1,112100001,112200000,2,2,1,3,1,0
chr1,112200001,112300000,2,0,0,4,2,0
chr1,112300001,112400000,6,0,0,5,2,0
chr1,112400001,112500000,3,3,3,1,1,1
chr1,112500001,112600000,1,3,1,2,3,1
chr1,112600001,112700000,4,2,0,2,2,2
chr1,112700001,112800000,3,2,0,10,2,1
chr1,112800001,112900000,2,2,1,3,1,2
chr1,112900001,113000000,4,3,1,2,0,1
chr1,113000001,113100000,3,0,1,0,3,0
chr1,113100001,113200000,4,1,2,1,0,0
chr1,113200001,113300000,3,2,0,1,0,1
chr1,113300001,113400000,2,3,4,5,1,0
chr1,113400001,113500000,3,1,4,0,0,1
chr1,113500001,113600000,1,2,1,3,0,0
chr1,113600001,113700000,2,1,1,0,2,2
chr1,113700001,113800000,4,1,5,1,1,0
chr1,113800001,113900000,2,0,3,1,0,0
chr1,113900001,114000000,2,0,1,1,1,1
chr1,114000001,114100000,6,2,2,4,1,0
chr1,114100001,114200000,3,5,2,5,3,0
chr1,114200001,114300000,4,3,3,0,3,1
chr1,114300001,114400000,5,2,1,4,1,1
chr1,114400001,114500000,2,0,0,1,2,1
chr1,114500001,114600000,2,4,1,6,3,0
chr1,114600001,114700000,3,6,0,0,0,1
chr1,114700001,114800000,0,1,3,4,2,2
chr1,114800001,114900000,6,3,1,4,2,0
chr1,114900001,115000000,3,2,0,3,1,1
chr1,115000001,115100000,6,3,1,4,0,1
chr1,115100001,115200000,3,2,5,9,1,0
chr1,115200001,115300000,8,0,2,5,2,0
chr1,115300001,115400000,1,0,4,4,0,2
chr1,115400001,115500000,4,2,2,4,2,0
chr1,115500001,115600000,1,2,2,2,1,0
chr1,115600001,115700000,2,0,2,9,1,2
chr1,115700001,115800000,1,2,1,3,3,2
chr1,115800001,115900000,2,2,2,3,1,1
chr1,115900001,116000000,3,2,2,0,1,1
chr1,116000001,116100000,8,2,3,3,1,1
chr1,116100001,116200000,3,4,3,2,0,1
chr1,116200001,116300000,1,2,0,5,1,1
chr1,116300001,116400000,2,0,2,3,3,4
chr1,116400001,116500000,3,2,1,0,4,0
chr1,116500001,116600000,0,2,3,2,4,0
chr1,116600001,116700000,6,3,1,0,1,0
chr1,116700001,116800000,0,3,2,0,0,0
chr1,116800001,116900000,1,0,0,2,4,0
chr1,116900001,117000000,3,4,2,0,4,0
chr1,117000001,117100000,3,1,2,2,4,2
chr1,117100001,117200000,0,5,1,2,3,1
chr1,117200001,117300000,4,0,3,3,0,2
chr1,117300001,117400000,4,0,1,8,2,0
chr1,117400001,117500000,0,1,1,3,2,0
chr1,117500001,117600000,0,0,1,1,1,0
chr1,117600001,117700000,1,1,0,3,2,0
chr1,117700001,117800000,3,1,1,4,0,1
chr1,117800001,117900000,1,2,2,3,0,4
chr1,117900001,118000000,4,1,3,2,2,0
chr1,118000001,118100000,2,3,2,3,1,0
chr1,118100001,118200000,5,0,1,4,2,0
chr1,118200001,118300000,2,2,1,3,0,1
chr1,118300001,118400000,3,2,1,4,3,0
chr1,118400001,118500000,1,2,4,0,0,0
chr1,118500001,118600000,7,3,0,1,4,2
chr1,118600001,118700000,4,0,2,4,2,0
chr1,118700001,118800000,3,4,2,5,5,1
chr1,118800001,118900000,5,3,6,3,3,1
chr1,118900001,119000000,6,5,4,6,2,3
chr1,119000001,119100000,2,7,10,9,4,2
chr1,119100001,119200000,5,8,4,8,3,2
chr1,119200001,119300000,4,2,3,6,5,0
chr1,119300001,119400000,3,3,4,6,6,2
chr1,119400001,119500000,6,4,3,7,1,1
chr1,119500001,119600000,6,0,3,4,2,2
chr1,119600001,119700000,6,0,3,3,4,0
chr1,119700001,119800000,0,1,1,5,2,1
chr1,119800001,119900000,7,1,1,10,4,1
chr1,119900001,120000000,4,3,2,4,1,0
chr1,120000001,120100000,0,1,1,3,3,0
chr1,120100001,120200000,3,0,1,1,0,3
chr1,120200001,120300000,2,1,1,3,0,1
chr1,120300001,120400000,1,0,1,4,1,0
chr1,120400001,120500000,6,3,2,1,1,1
chr1,120500001,121200000,2,0,1,4,0,0
chr1,121200001,121300000,3,6,1,5,2,2
chr1,121300001,145460000,2,5,0,5,6,1
chr1,145460001,145560000,7,2,2,4,2,0
chr1,145560001,145660000,6,0,1,7,2,0
chr1,145660001,145760000,6,2,1,5,2,0
chr1,145760001,145860000,1,1,0,1,0,0
chr1,145860001,145960000,0,0,0,0,0,0
chr1,145960001,146060000,0,0,1,0,0,0
chr1,146060001,146160000,0,0,0,0,0,0
chr1,146160001,146260000,0,0,0,0,0,0
chr1,146260001,146360000,0,0,0,1,0,0
chr1,146360001,146460000,0,0,1,0,0,0
chr1,146460001,146560000,3,4,1,4,2,1
chr1,146560001,146660000,2,5,1,5,3,2
chr1,146660001,146760000,4,4,2,0,1,3
chr1,146760001,146860000,4,4,1,4,0,0
chr1,146860001,146960000,1,3,0,11,2,3
chr1,146960001,147060000,2,4,3,2,3,0
chr1,147060001,147160000,4,2,3,1,1,0
chr1,147160001,147260000,1,5,2,3,4,2
chr1,147260001,147360000,0,1,0,2,1,0
chr1,147360001,147780000,1,1,2,1,0,1
chr1,147780001,149110000,3,8,0,7,5,4
chr1,149110001,149210000,4,5,1,5,5,2
chr1,149210001,149310000,5,7,0,3,2,3
chr1,149310001,149410000,3,5,0,3,1,2
chr1,149410001,149510000,0,0,0,0,2,0
chr1,149510001,149610000,1,0,0,2,0,1
chr1,149610001,149710000,5,3,0,1,1,2
chr1,149710001,149810000,3,3,2,3,0,1
chr1,149810001,149910000,4,1,1,1,2,0
chr1,149910001,150010000,4,2,2,0,2,1
chr1,150010001,150110000,3,2,2,4,2,1
chr1,150110001,150210000,5,1,4,2,1,1
chr1,150210001,150310000,3,5,0,2,3,0
chr1,150310001,150410000,5,1,0,4,1,0
chr1,150410001,150510000,2,0,2,3,0,0
chr1,150510001,150610000,3,4,0,3,1,1
chr1,150610001,150710000,5,1,1,4,3,0
chr1,150710001,150810000,2,3,2,3,1,2
chr1,150810001,150910000,5,3,3,4,4,0
chr1,150910001,151010000,6,3,1,2,0,1
chr1,151010001,151110000,6,0,3,5,2,0
chr1,151110001,151210000,6,4,0,2,1,1
chr1,151210001,151310000,3,2,0,1,0,0
chr1,151310001,151410000,3,2,0,3,1,3
chr1,151410001,151510000,3,2,4,2,0,0
chr1,151510001,151610000,3,1,0,1,2,0
chr1,151610001,151710000,1,1,2,1,2,2
chr1,151710001,151810000,4,0,1,0,2,0
chr1,151810001,151910000,2,2,0,4,0,4
chr1,151910001,152010000,5,2,0,4,0,0
chr1,152010001,152110000,5,4,3,3,4,0
chr1,152110001,152230000,4,4,3,4,2,0
chr1,152230001,152330000,3,4,0,4,2,0
chr1,152330001,152430000,3,3,2,9,2,1
chr1,152430001,152530000,6,4,7,3,3,0
chr1,152530001,152630000,3,6,3,7,4,3
chr1,152630001,152730000,2,3,5,5,4,2
chr1,152730001,152830000,2,3,1,3,2,0
chr1,152830001,152930000,4,3,2,4,2,1
chr1,152930001,153030000,3,7,4,9,1,1
chr1,153030001,153130000,3,2,2,9,5,1
chr1,153130001,153230000,7,1,1,4,2,0
chr1,153230001,153330000,5,2,0,3,3,1
chr1,153330001,153430000,5,4,0,3,2,1
chr1,153430001,153530000,4,1,2,3,3,1
chr1,153530001,153630000,6,3,1,2,1,1
chr1,153630001,153730000,2,2,1,6,1,0
chr1,153730001,153830000,2,1,3,3,0,1
chr1,153830001,153930000,5,2,1,5,3,0
chr1,153930001,154030000,7,0,2,2,2,1
chr1,154030001,154130000,2,4,3,3,1,0
chr1,154130001,154230000,5,3,2,1,2,0
chr1,154230001,154330000,2,2,1,1,0,0
chr1,154330001,154430000,1,2,3,1,0,2
chr1,154430001,154530000,7,4,3,1,2,2
chr1,154530001,154630000,4,2,2,1,2,1
chr1,154630001,154730000,5,3,1,4,2,1
chr1,154730001,154830000,6,4,0,0,0,0
chr1,154830001,154930000,2,2,2,0,0,0
chr1,154930001,155030000,2,0,3,6,2,3
chr1,155030001,155130000,4,2,3,1,0,1
chr1,155130001,155230000,3,1,2,2,1,0
chr1,155230001,155330000,4,3,1,4,0,1
chr1,155330001,155430000,3,0,0,1,3,1
chr1,155430001,155530000,4,4,1,3,2,0
chr1,155530001,155630000,5,1,3,1,2,0
chr1,155630001,155730000,4,1,2,5,1,0
chr1,155730001,155830000,1,0,0,1,1,1
chr1,155830001,155930000,8,4,0,5,2,1
chr1,155930001,156030000,4,1,1,4,1,0
chr1,156030001,156130000,4,1,1,4,0,0
chr1,156130001,156240000,2,0,2,1,0,0
chr1,156240001,156340000,4,1,0,3,2,0
chr1,156340001,156440000,7,1,0,0,3,1
chr1,156440001,156540000,2,0,1,2,2,1
chr1,156540001,156640000,3,4,0,2,1,0
chr1,156640001,156740000,2,5,0,1,2,3
chr1,156740001,156840000,7,1,1,2,0,1
chr1,156840001,156940000,3,3,2,1,1,2
chr1,156940001,157040000,4,3,0,4,2,1
chr1,157040001,157140000,4,3,1,1,0,1
chr1,157140001,157240000,1,1,2,2,1,1
chr1,157240001,157340000,3,0,0,3,2,0
chr1,157340001,157440000,2,2,3,6,3,0
chr1,157440001,157540000,3,8,3,8,0,1
chr1,157540001,157640000,5,4,6,5,2,1
chr1,157640001,157740000,3,4,2,7,2,1
chr1,157740001,157840000,6,4,2,8,1,1
chr1,157840001,157940000,9,2,3,10,2,1
chr1,157940001,158040000,6,6,2,5,4,0
chr1,158040001,158140000,5,2,5,2,2,0
chr1,158140001,158240000,5,3,3,2,2,0
chr1,158240001,158340000,8,7,3,11,3,2
chr1,158340001,158440000,2,7,5,7,4,2
chr1,158440001,158540000,6,3,7,14,5,2
chr1,158540001,158640000,4,5,6,10,1,1
chr1,158640001,158740000,3,8,5,9,6,1
chr1,158740001,158840000,5,3,9,13,1,0
chr1,158840001,158940000,9,9,0,7,4,0
chr1,158940001,159040000,6,2,3,8,4,1
chr1,159040001,159140000,6,8,0,6,5,3
chr1,159140001,159240000,4,6,3,8,1,2
chr1,159240001,159340000,4,9,3,9,1,2
chr1,159340001,159440000,4,7,6,9,2,0
chr1,159440001,159540000,3,6,4,11,4,3
chr1,159540001,159640000,6,6,1,4,1,2
chr1,159640001,159740000,4,3,2,4,2,2
chr1,159740001,159840000,3,2,0,5,0,1
chr1,159840001,159940000,2,3,1,0,2,0
chr1,159940001,160040000,0,3,1,1,2,0
chr1,160040001,160140000,3,8,1,5,1,2
chr1,160140001,160240000,4,2,1,1,1,0
chr1,160240001,160340000,3,2,0,3,1,2
chr1,160340001,160440000,4,0,2,4,2,1
chr1,160440001,160540000,2,4,0,4,1,0
chr1,160540001,160640000,4,2,1,3,0,0
chr1,160640001,160740000,3,1,1,3,1,1
chr1,160740001,160840000,5,3,0,2,5,2
chr1,160840001,160940000,4,0,2,5,1,0
chr1,160940001,161040000,4,2,3,1,2,2
chr1,161040001,161140000,4,0,0,1,1,1
chr1,161140001,161240000,6,0,1,3,1,0
chr1,161240001,161340000,2,1,0,2,0,0
chr1,161340001,161500000,2,1,2,5,1,1
chr1,161500001,161600000,1,4,0,3,0,0
chr1,161600001,161700000,3,3,1,3,3,1
chr1,161700001,161800000,5,1,1,2,4,2
chr1,161800001,161900000,1,2,3,3,2,1
chr1,161900001,162000000,1,2,1,0,1,0
chr1,162000001,162100000,1,1,1,3,4,1
chr1,162100001,162200000,8,3,1,1,3,2
chr1,162200001,162300000,7,0,0,4,1,2
chr1,162300001,162400000,3,3,2,6,2,0
chr1,162400001,162500000,5,3,2,7,3,0
chr1,162500001,162600000,2,2,1,3,0,0
chr1,162600001,162700000,2,4,1,3,1,2
chr1,162700001,162800000,0,1,1,7,2,0
chr1,162800001,162900000,0,1,1,6,2,2
chr1,162900001,163000000,7,2,5,1,3,1
chr1,163000001,163100000,3,5,3,10,2,4
chr1,163100001,163200000,4,3,0,1,3,2
chr1,163200001,163300000,2,5,3,6,3,1
chr1,163300001,163400000,9,6,1,5,3,1
chr1,163400001,163500000,4,7,3,7,0,0
chr1,163500001,163600000,5,5,1,6,1,3
chr1,163600001,163700000,4,4,3,2,0,2
chr1,163700001,163800000,3,9,5,5,4,0
chr1,163800001,163900000,5,11,3,7,3,1
chr1,163900001,164000000,5,9,4,3,5,3
chr1,164000001,164100000,2,8,5,4,3,2
chr1,164100001,164200000,4,4,3,9,1,1
chr1,164200001,164300000,5,4,1,8,5,5
chr1,164300001,164400000,4,4,3,3,4,1
chr1,164400001,164500000,2,5,2,2,2,1
chr1,164500001,164600000,6,3,1,3,5,0
chr1,164600001,164700000,4,2,2,5,1,2
chr1,164700001,164800000,4,2,1,4,2,0
chr1,164800001,164900000,2,2,3,5,0,1
chr1,164900001,165000000,4,6,4,8,0,2
chr1,165000001,165100000,4,5,1,9,0,4
chr1,165100001,165200000,3,6,0,1,3,1
chr1,165200001,165300000,1,3,1,7,4,0
chr1,165300001,165400000,7,3,0,5,0,0
chr1,165400001,165500000,5,5,3,2,0,0
chr1,165500001,165600000,2,2,2,5,1,0
chr1,165600001,165700000,8,3,2,3,4,1
chr1,165700001,165800000,3,3,0,4,2,1
chr1,165800001,165900000,6,3,7,4,4,1
chr1,165900001,166000000,3,3,3,6,1,1
chr1,166000001,166100000,4,2,0,3,0,0
chr1,166100001,166200000,4,3,3,7,1,0
chr1,166200001,166300000,7,5,4,9,4,1
chr1,166300001,166400000,3,8,3,8,3,0
chr1,166400001,166500000,5,2,4,12,5,2
chr1,166500001,166600000,4,3,3,1,4,0
chr1,166600001,166700000,5,3,5,8,2,0
chr1,166700001,166800000,3,11,3,7,4,2
chr1,166800001,166900000,3,4,2,4,0,2
chr1,166900001,167000000,4,5,0,5,1,3
chr1,167000001,167100000,3,3,1,1,0,0
chr1,167100001,167200000,5,1,0,3,2,1
chr1,167200001,167300000,5,5,1,3,1,2
chr1,167300001,167400000,2,4,0,2,1,1
chr1,167400001,167500000,2,0,3,4,0,0
chr1,167500001,167600000,1,4,0,0,1,1
chr1,167600001,167700000,7,4,3,2,2,0
chr1,167700001,167800000,4,4,1,2,1,1
chr1,167800001,167900000,3,2,1,3,1,1
chr1,167900001,168000000,4,1,1,2,1,1
chr1,168000001,168100000,3,3,1,0,3,0
chr1,168100001,168200000,3,4,0,3,1,2
chr1,168200001,168300000,5,3,3,2,1,0
chr1,168300001,168420000,1,3,1,4,4,0
chr1,168420001,168520000,2,6,3,6,1,1
chr1,168520001,168620000,5,3,2,4,1,0
chr1,168620001,168720000,2,3,0,4,2,0
chr1,168720001,168820000,3,3,2,1,2,0
chr1,168820001,168920000,1,1,2,5,1,1
chr1,168920001,169020000,2,1,0,0,3,1
chr1,169020001,169120000,3,4,1,5,1,1
chr1,169120001,169220000,2,2,2,1,2,0
chr1,169220001,169320000,4,1,3,5,1,0
chr1,169320001,169420000,5,0,0,0,1,0
chr1,169420001,169520000,2,4,3,1,3,0
chr1,169520001,169620000,4,3,1,2,1,0
chr1,169620001,169720000,1,5,0,2,4,1
chr1,169720001,169820000,3,1,3,1,0,0
chr1,169820001,169920000,7,0,4,1,2,0
chr1,169920001,170020000,3,1,2,3,1,0
chr1,170020001,170120000,5,2,3,6,0,0
chr1,170120001,170220000,3,5,1,7,2,1
chr1,170220001,170320000,3,7,3,9,5,2
chr1,170320001,170420000,1,4,3,6,2,1
chr1,170420001,170520000,3,1,5,5,2,1
chr1,170520001,170620000,6,5,2,8,6,0
chr1,170620001,170720000,6,2,1,11,1,0
chr1,170720001,170820000,5,4,1,7,6,2
chr1,170820001,170920000,6,3,3,3,3,1
chr1,170920001,171020000,1,2,1,9,3,2
chr1,171020001,171120000,4,1,3,4,4,1
chr1,171120001,171220000,3,4,1,6,1,1
chr1,171220001,171320000,6,3,2,7,2,0
chr1,171320001,171420000,4,0,3,2,2,2
chr1,171420001,171520000,3,2,2,3,3,1
chr1,171520001,171620000,7,2,2,4,1,1
chr1,171620001,171720000,0,1,4,4,5,0
chr1,171720001,171820000,4,0,0,3,3,1
chr1,171820001,171920000,3,3,3,8,1,1
chr1,171920001,172020000,5,1,2,3,5,2
chr1,172020001,172120000,5,1,5,6,2,2
chr1,172120001,172220000,6,1,1,5,1,2
chr1,172220001,172320000,1,0,0,3,2,2
chr1,172320001,172420000,1,2,1,2,0,2
chr1,172420001,172520000,3,3,4,3,2,2
chr1,172520001,172620000,5,4,1,5,1,0
chr1,172620001,172720000,3,1,1,5,0,1
chr1,172720001,172820000,3,4,1,3,1,1
chr1,172820001,172920000,5,2,3,1,2,0
chr1,172920001,173020000,5,2,2,2,3,0
chr1,173020001,173120000,4,5,4,5,4,0
chr1,173120001,173220000,9,1,5,2,5,3
chr1,173220001,173320000,4,3,1,6,2,2
chr1,173320001,173420000,2,2,2,4,2,2
chr1,173420001,173520000,2,1,4,2,5,1
chr1,173520001,173620000,3,6,6,4,2,3
chr1,173620001,173720000,4,0,1,4,1,1
chr1,173720001,173820000,3,1,0,1,1,0
chr1,173820001,173920000,7,4,0,0,1,1
chr1,173920001,174020000,6,0,0,3,2,0
chr1,174020001,174120000,11,6,3,3,1,1
chr1,174120001,174220000,1,1,4,2,1,0
chr1,174220001,174320000,3,5,0,4,1,2
chr1,174320001,174420000,5,1,2,1,1,1
chr1,174420001,174520000,7,8,1,5,4,0
chr1,174520001,174620000,4,3,5,5,1,1
chr1,174620001,174720000,5,1,9,1,3,1
chr1,174720001,174820000,4,5,0,5,2,1
chr1,174820001,174920000,7,1,3,2,1,0
chr1,174920001,175020000,6,1,2,8,1,1
chr1,175020001,175120000,4,6,4,6,2,0
chr1,175120001,175220000,2,1,3,2,1,3
chr1,175220001,175320000,5,3,3,4,4,1
chr1,175320001,175420000,2,8,1,6,2,2
chr1,175420001,175520000,8,3,3,2,1,1
chr1,175520001,175620000,5,9,3,8,3,2
chr1,175620001,175720000,3,10,1,4,2,0
chr1,175720001,175820000,3,4,2,7,2,0
chr1,175820001,175920000,2,3,2,3,0,0
chr1,175920001,176020000,7,3,1,1,1,6
chr1,176020001,176120000,2,3,2,3,3,0
chr1,176120001,176220000,6,2,4,2,3,2
chr1,176220001,176320000,8,7,4,18,3,1
chr1,176320001,176420000,5,9,6,13,2,2
chr1,176420001,176520000,8,5,4,7,1,0
chr1,176520001,176620000,6,6,5,10,2,1
chr1,176620001,176720000,7,5,2,7,3,3
chr1,176720001,176820000,4,3,3,8,1,2
chr1,176820001,176920000,1,11,1,6,2,1
chr1,176920001,177020000,6,10,1,7,1,1
chr1,177020001,177120000,4,6,4,14,1,2
chr1,177120001,177220000,5,8,7,7,3,0
chr1,177220001,177320000,7,6,2,6,0,1
chr1,177320001,177420000,3,7,2,2,0,3
chr1,177420001,177520000,5,3,1,7,2,4
chr1,177520001,177620000,2,4,2,9,1,1
chr1,177620001,177720000,2,5,7,9,2,1
chr1,177720001,177820000,5,4,0,4,3,1
chr1,177820001,177920000,4,4,2,2,4,0
chr1,177920001,178020000,1,3,1,3,2,2
chr1,178020001,178120000,0,0,4,2,1,0
chr1,178120001,178220000,9,2,2,1,3,0
chr1,178220001,178320000,5,1,4,4,3,2
chr1,178320001,178420000,5,2,4,2,3,1
chr1,178420001,178520000,2,1,1,1,1,0
chr1,178520001,178620000,5,1,4,0,0,1
chr1,178620001,178720000,8,2,0,1,0,0
chr1,178720001,178820000,2,3,3,5,1,0
chr1,178820001,178920000,1,4,1,1,2,1
chr1,178920001,179020000,0,0,2,2,1,1
chr1,179020001,179120000,4,1,2,1,0,0
chr1,179120001,179220000,6,2,1,1,1,1
chr1,179220001,179320000,2,2,2,6,3,1
chr1,179320001,179420000,3,4,1,5,2,2
chr1,179420001,179520000,6,6,1,0,3,2
chr1,179520001,179620000,6,5,3,3,2,4
chr1,179620001,179720000,7,10,1,2,1,1
chr1,179720001,179820000,1,2,1,4,2,0
chr1,179820001,179920000,6,2,3,3,1,0
chr1,179920001,180020000,4,1,3,1,1,1
chr1,180020001,180120000,4,1,0,3,0,0
chr1,180120001,180220000,3,0,1,2,0,2
chr1,180220001,180320000,2,1,2,1,2,1
chr1,180320001,180420000,3,1,2,3,1,0
chr1,180420001,180520000,3,1,4,1,1,1
chr1,180520001,180620000,6,1,0,1,1,0
chr1,180620001,180720000,3,1,4,3,3,1
chr1,180720001,180820000,2,2,1,5,2,1
chr1,180820001,180920000,4,1,3,7,2,1
chr1,180920001,181020000,1,5,1,1,2,1
chr1,181020001,181120000,4,1,1,2,0,0
chr1,181120001,181220000,3,2,0,2,1,1
chr1,181220001,181320000,4,4,2,3,1,2
chr1,181320001,181420000,3,4,1,5,4,0
chr1,181420001,181520000,5,3,4,5,1,1
chr1,181520001,181620000,4,5,2,3,3,0
chr1,181620001,181720000,4,3,0,3,3,0
chr1,181720001,181820000,2,1,2,4,3,3
chr1,181820001,181920000,5,9,4,9,2,2
chr1,181920001,182020000,5,2,2,5,1,2
chr1,182020001,182120000,1,5,4,2,1,3
chr1,182120001,182220000,3,2,3,0,3,1
chr1,182220001,182320000,5,3,1,3,0,0
chr1,182320001,182420000,4,0,0,2,2,0
chr1,182420001,182520000,7,2,2,1,5,2
chr1,182520001,182620000,3,0,0,1,1,1
chr1,182620001,182720000,4,2,1,0,0,1
chr1,182720001,182820000,0,1,3,2,4,1
chr1,182820001,182920000,2,2,7,1,2,0
chr1,182920001,183020000,5,0,4,2,2,2
chr1,183020001,183120000,2,2,1,2,2,0
chr1,183120001,183220000,2,1,2,1,3,2
chr1,183220001,183320000,1,6,1,3,2,0
chr1,183320001,183420000,3,7,1,1,2,2
chr1,183420001,183520000,4,1,1,0,3,0
chr1,183520001,183620000,5,4,2,4,0,1
chr1,183620001,183720000,4,5,0,1,2,0
chr1,183720001,183820000,5,3,2,4,1,1
chr1,183820001,183920000,3,2,1,4,2,0
chr1,183920001,184020000,4,2,4,3,2,2
chr1,184020001,184120000,4,2,2,8,3,1
chr1,184120001,184220000,6,2,1,2,1,0
chr1,184220001,184320000,4,3,3,2,4,1
chr1,184320001,184420000,8,0,4,4,2,1
chr1,184420001,184520000,3,0,1,1,2,1
chr1,184520001,184620000,3,1,1,6,2,1
chr1,184620001,184720000,5,6,1,6,3,1
chr1,184720001,184820000,3,2,1,1,5,0
chr1,184820001,184920000,2,1,1,4,2,1
chr1,184920001,185020000,3,2,1,7,2,0
chr1,185020001,185120000,2,2,2,3,1,1
chr1,185120001,185220000,5,2,2,4,2,2
chr1,185220001,185320000,4,1,3,4,1,1
chr1,185320001,185420000,6,2,2,4,0,1
chr1,185420001,185520000,5,4,1,1,2,0
chr1,185520001,185620000,2,3,2,2,2,0
chr1,185620001,185720000,6,5,6,5,3,2
chr1,185720001,185820000,3,4,5,9,2,0
chr1,185820001,185920000,3,7,3,13,3,1
chr1,185920001,186020000,5,3,2,3,5,2
chr1,186020001,186120000,4,0,1,4,5,1
chr1,186120001,186220000,7,2,4,6,1,1
chr1,186220001,186320000,4,3,4,2,1,0
chr1,186320001,186420000,0,1,2,2,1,1
chr1,186420001,186520000,1,5,1,3,1,0
chr1,186520001,186620000,5,3,5,4,3,0
chr1,186620001,186720000,6,3,2,6,2,1
chr1,186720001,186820000,7,4,2,3,3,0
chr1,186820001,186920000,6,4,2,3,2,0
chr1,186920001,187020000,3,5,3,6,2,0
chr1,187020001,187120000,4,10,7,10,2,1
chr1,187120001,187220000,4,9,3,12,5,2
chr1,187220001,187320000,4,4,5,7,1,2
chr1,187320001,187420000,8,6,5,10,2,1
chr1,187420001,187520000,5,12,4,12,0,1
chr1,187520001,187620000,4,5,9,19,1,2
chr1,187620001,187720000,7,8,7,12,1,4
chr1,187720001,187820000,3,4,9,11,1,1
chr1,187820001,187920000,10,6,5,8,0,0
chr1,187920001,188020000,4,7,2,11,2,0
chr1,188020001,188120000,5,9,8,16,3,1
chr1,188120001,188220000,11,7,9,15,0,0
chr1,188220001,188320000,10,9,9,15,1,2
chr1,188320001,188420000,7,7,7,12,0,2
chr1,188420001,188520000,6,7,7,16,1,1
chr1,188520001,188620000,7,8,5,14,7,2
chr1,188620001,188720000,4,10,11,21,0,3
chr1,188720001,188820000,5,5,7,13,2,0
chr1,188820001,188920000,3,9,4,17,5,3
chr1,188920001,189020000,5,15,8,21,4,1
chr1,189020001,189120000,3,9,6,11,5,1
chr1,189120001,189220000,10,14,9,10,3,0
chr1,189220001,189320000,2,6,14,13,4,1
chr1,189320001,189420000,11,9,5,16,7,1
chr1,189420001,189520000,16,10,10,9,3,1
chr1,189520001,189620000,6,6,7,19,3,1
chr1,189620001,189720000,9,11,10,13,3,0
chr1,189720001,189820000,5,9,5,13,3,1
chr1,189820001,189920000,1,10,7,13,3,3
chr1,189920001,190020000,8,16,6,6,3,0
chr1,190020001,190120000,8,17,8,9,2,2
chr1,190120001,190220000,11,10,7,18,3,1
chr1,190220001,190320000,2,13,7,14,3,3
chr1,190320001,190420000,4,11,4,12,3,4
chr1,190420001,190520000,8,9,3,19,4,4
chr1,190520001,190620000,7,10,5,13,2,6
chr1,190620001,190720000,1,15,3,9,6,1
chr1,190720001,190820000,7,4,5,17,3,0
chr1,190820001,190920000,3,7,9,10,4,4
chr1,190920001,191020000,5,14,10,15,2,5
chr1,191020001,191120000,3,11,10,9,3,3
chr1,191120001,191220000,4,13,5,7,4,4
chr1,191220001,191320000,5,7,4,10,4,3
chr1,191320001,191420000,2,11,3,9,3,2
chr1,191420001,191520000,3,11,4,9,7,0
chr1,191520001,191620000,5,15,3,15,2,1
chr1,191620001,191720000,5,9,8,13,8,2
chr1,191720001,191820000,5,10,8,12,8,2
chr1,191820001,191920000,1,7,7,5,6,1
chr1,191920001,192020000,3,13,5,6,7,1
chr1,192020001,192120000,6,6,9,13,3,1
chr1,192120001,192220000,2,9,12,7,5,1
chr1,192220001,192320000,6,10,3,13,2,0
chr1,192320001,192420000,6,10,4,8,4,2
chr1,192420001,192520000,3,4,2,1,2,1
chr1,192520001,192620000,1,2,4,4,4,0
chr1,192620001,192720000,4,5,3,4,1,1
chr1,192720001,192820000,3,6,3,5,2,2
chr1,192820001,192920000,5,5,1,3,2,0
chr1,192920001,193020000,2,1,0,6,3,0
chr1,193020001,193120000,4,2,3,2,2,0
chr1,193120001,193220000,7,5,1,6,4,4
chr1,193220001,193320000,12,3,1,4,1,0
chr1,193320001,193420000,4,5,0,3,1,2
chr1,193420001,193520000,6,4,0,1,2,0
chr1,193520001,193620000,3,1,1,2,1,2
chr1,193620001,193720000,7,3,0,8,1,3
chr1,193720001,193820000,6,4,2,2,1,1
chr1,193820001,193920000,0,6,0,10,4,2
chr1,193920001,194020000,5,5,0,6,3,2
chr1,194020001,194120000,5,3,3,6,3,4
chr1,194120001,194220000,9,3,2,8,4,4
chr1,194220001,194320000,6,7,0,11,3,2
chr1,194320001,194420000,4,5,0,11,2,1
chr1,194420001,194520000,3,10,3,6,4,1
chr1,194520001,194620000,11,8,4,11,6,2
chr1,194620001,194720000,7,6,9,14,5,0
chr1,194720001,194820000,1,5,2,12,6,1
chr1,194820001,194920000,6,13,4,16,3,0
chr1,194920001,195020000,5,7,7,16,6,1
chr1,195020001,195120000,4,8,3,16,11,1
chr1,195120001,195220000,6,17,5,14,5,4
chr1,195220001,195320000,5,8,4,14,7,2
chr1,195320001,195420000,1,15,3,11,8,5
chr1,195420001,195520000,7,7,3,18,6,1
chr1,195520001,195620000,7,6,1,15,7,3
chr1,195620001,195720000,2,6,7,17,3,2
chr1,195720001,195820000,6,9,1,12,4,2
chr1,195820001,195920000,3,7,2,9,4,1
chr1,195920001,196020000,4,6,1,16,5,0
chr1,196020001,196120000,2,7,2,10,2,1
chr1,196120001,196220000,6,6,4,8,7,3
chr1,196220001,196320000,10,5,2,10,5,1
chr1,196320001,196420000,9,5,7,14,3,1
chr1,196420001,196520000,9,3,10,19,8,1
chr1,196520001,196620000,3,9,4,18,5,4
chr1,196620001,196720000,8,3,3,13,5,1
chr1,196720001,196820000,5,1,2,7,3,1
chr1,196820001,196920000,3,9,1,9,5,0
chr1,196920001,197020000,2,6,4,11,3,1
chr1,197020001,197120000,4,4,1,5,3,1
chr1,197120001,197220000,3,5,2,2,3,0
chr1,197220001,197320000,3,3,4,8,3,2
chr1,197320001,197420000,5,9,2,5,1,1
chr1,197420001,197520000,5,0,2,4,5,2
chr1,197520001,197620000,7,0,0,3,2,2
chr1,197620001,197720000,3,5,3,2,2,0
chr1,197720001,197820000,2,5,2,0,6,0
chr1,197820001,197920000,6,1,3,3,3,1
chr1,197920001,198020000,3,5,2,5,0,1
chr1,198020001,198120000,10,2,5,6,3,1
chr1,198120001,198220000,1,0,1,4,1,2
chr1,198220001,198320000,1,2,1,7,2,3
chr1,198320001,198420000,3,1,4,4,3,2
chr1,198420001,198520000,3,1,2,4,3,1
chr1,198520001,198620000,3,9,0,5,2,1
chr1,198620001,198720000,9,3,10,6,0,4
chr1,198720001,198820000,4,6,1,8,3,0
chr1,198820001,198920000,7,7,3,10,3,1
chr1,198920001,199020000,4,9,3,9,2,1
chr1,199020001,199120000,3,3,2,12,4,0
chr1,199120001,199220000,5,5,3,10,5,0
chr1,199220001,199320000,3,2,3,10,2,3
chr1,199320001,199420000,3,4,2,13,2,1
chr1,199420001,199520000,3,4,2,7,4,2
chr1,199520001,199620000,4,4,5,6,2,2
chr1,199620001,199720000,6,4,4,13,2,1
chr1,199720001,199820000,7,4,4,6,8,2
chr1,199820001,199920000,8,4,7,7,3,0
chr1,199920001,200020000,4,6,1,2,3,0
chr1,200020001,200120000,8,4,0,2,1,3
chr1,200120001,200220000,2,2,1,6,1,1
chr1,200220001,200320000,1,1,1,2,1,2
chr1,200320001,200420000,6,3,1,1,4,1
chr1,200420001,200520000,3,1,2,2,4,0
chr1,200520001,200620000,1,1,2,2,5,0
chr1,200620001,200720000,4,1,3,4,3,1
chr1,200720001,200820000,7,2,2,5,1,0
chr1,200820001,200920000,7,3,2,0,0,0
chr1,200920001,201020000,4,1,0,0,1,1
chr1,201020001,201120000,2,1,0,5,0,0
chr1,201120001,201220000,1,1,0,1,1,0
chr1,201220001,201320000,0,5,4,1,3,0
chr1,201320001,201420000,4,1,0,1,2,0
chr1,201420001,201520000,4,2,3,0,2,0
chr1,201520001,201620000,0,5,2,0,2,0
chr1,201620001,201720000,2,1,1,2,0,4
chr1,201720001,201820000,2,1,2,2,0,0
chr1,201820001,201920000,2,3,3,3,3,0
chr1,201920001,202020000,6,6,0,1,3,0
chr1,202020001,202120000,4,1,0,4,1,1
chr1,202120001,202220000,3,0,0,2,1,0
chr1,202220001,202320000,1,1,1,3,2,0
chr1,202320001,202420000,5,2,0,1,2,1
chr1,202420001,202520000,2,1,0,3,1,0
chr1,202520001,202620000,5,0,1,2,1,1
chr1,202620001,202720000,2,3,0,2,2,1
chr1,202720001,202820000,1,1,4,0,1,2
chr1,202820001,202920000,5,1,0,2,1,0
chr1,202920001,203020000,8,1,2,1,4,1
chr1,203020001,203120000,3,3,1,4,2,1
chr1,203120001,203220000,5,3,3,1,2,0
chr1,203220001,203320000,5,3,1,4,1,0
chr1,203320001,203420000,2,1,2,0,2,0
chr1,203420001,203520000,4,3,0,4,1,1
chr1,203520001,203620000,2,2,1,1,0,1
chr1,203620001,203720000,2,2,0,2,0,1
chr1,203720001,203820000,6,1,1,2,3,0
chr1,203820001,203940000,2,2,1,4,1,4
chr1,203940001,204040000,8,5,1,1,2,0
chr1,204040001,204140000,8,1,0,0,2,1
chr1,204140001,204240000,7,0,3,1,0,0
chr1,204240001,204340000,3,4,1,1,1,0
chr1,204340001,204440000,2,3,1,5,2,1
chr1,204440001,204540000,3,2,1,2,2,2
chr1,204540001,204640000,6,5,4,2,0,0
chr1,204640001,204740000,2,2,1,5,1,1
chr1,204740001,204840000,5,5,0,5,1,1
chr1,204840001,204940000,1,2,0,3,1,1
chr1,204940001,205040000,6,3,0,2,2,1
chr1,205040001,205140000,3,1,0,2,2,0
chr1,205140001,205240000,5,1,3,1,5,1
chr1,205240001,205340000,2,2,0,3,0,0
chr1,205340001,205440000,2,2,1,1,0,0
chr1,205440001,205540000,5,1,2,4,1,2
chr1,205540001,205640000,5,1,0,2,23,1
chr1,205640001,205740000,6,4,0,5,6,1
chr1,205740001,205840000,3,0,2,1,1,1
chr1,205840001,205940000,2,3,1,1,1,0
chr1,205940001,206040000,0,0,0,0,0,0
chr1,206040001,206140000,1,1,0,2,0,0
chr1,206140001,206240000,3,5,0,2,1,0
chr1,206240001,206340000,3,3,1,1,0,0
chr1,206340001,206440000,0,0,0,0,0,0
chr1,206440001,206540000,0,1,0,1,0,0
chr1,206540001,206640000,3,0,5,4,3,1
chr1,206640001,206740000,2,2,1,3,2,1
chr1,206740001,206840000,5,4,1,5,3,1
chr1,206840001,206940000,6,1,1,2,1,0
chr1,206940001,207040000,2,2,2,3,1,1
chr1,207040001,207140000,2,1,2,3,2,1
chr1,207140001,207240000,1,4,2,1,1,2
chr1,207240001,207340000,4,3,1,2,1,1
chr1,207340001,207440000,4,0,2,4,3,0
chr1,207440001,207540000,3,1,1,3,1,0
chr1,207540001,207640000,1,2,1,2,0,0
chr1,207640001,207740000,3,2,2,4,0,0
chr1,207740001,207840000,5,4,3,5,0,0
chr1,207840001,207940000,0,2,3,1,3,0
chr1,207940001,208040000,4,1,1,2,3,0
chr1,208040001,208140000,4,5,3,1,4,0
chr1,208140001,208240000,5,1,1,3,3,0
chr1,208240001,208340000,2,1,1,6,1,0
chr1,208340001,208440000,3,1,1,5,6,0
chr1,208440001,208540000,2,4,3,3,1,0
chr1,208540001,208640000,5,3,1,8,4,1
chr1,208640001,208740000,4,1,3,4,4,2
chr1,208740001,208840000,1,4,5,9,7,0
chr1,208840001,208940000,11,2,1,7,7,1
chr1,208940001,209040000,5,3,1,5,1,2
chr1,209040001,209140000,5,1,3,9,1,3
chr1,209140001,209240000,5,2,2,6,2,5
chr1,209240001,209340000,4,3,6,7,1,1
chr1,209340001,209440000,2,1,1,11,3,4
chr1,209440001,209540000,7,3,3,9,1,2
chr1,209540001,209640000,4,2,4,2,1,2
chr1,209640001,209740000,3,3,3,4,3,0
chr1,209740001,209840000,6,3,2,1,0,0
chr1,209840001,209940000,5,3,2,4,2,1
chr1,209940001,210040000,3,2,2,1,2,0
chr1,210040001,210140000,2,3,3,8,2,0
chr1,210140001,210240000,8,2,3,4,2,1
chr1,210240001,210340000,2,3,6,8,1,3
chr1,210340001,210440000,3,6,2,4,2,1
chr1,210440001,210540000,1,2,2,3,3,2
chr1,210540001,210640000,0,4,0,4,0,0
chr1,210640001,210740000,3,1,0,10,1,0
chr1,210740001,210840000,5,0,3,4,1,0
chr1,210840001,210940000,6,2,2,1,1,1
chr1,210940001,211040000,0,5,2,4,1,0
chr1,211040001,211140000,4,2,4,8,4,2
chr1,211140001,211240000,6,7,8,8,2,0
chr1,211240001,211340000,3,3,4,9,1,1
chr1,211340001,211440000,2,6,7,7,2,0
chr1,211440001,211540000,4,2,1,1,1,1
chr1,211540001,211640000,7,2,2,3,1,2
chr1,211640001,211740000,4,2,0,1,0,2
chr1,211740001,211840000,2,2,3,0,1,0
chr1,211840001,211940000,4,4,1,3,0,1
chr1,211940001,212040000,3,2,0,3,2,0
chr1,212040001,212140000,3,4,1,2,2,0
chr1,212140001,212240000,3,2,1,3,1,0
chr1,212240001,212340000,6,3,0,3,1,2
chr1,212340001,212440000,1,2,1,0,1,0
chr1,212440001,212540000,2,1,1,4,2,4
chr1,212540001,212640000,0,2,3,2,2,3
chr1,212640001,212740000,1,1,1,2,4,0
chr1,212740001,212840000,3,0,1,4,2,1
chr1,212840001,212940000,3,3,0,2,1,2
chr1,212940001,213040000,3,2,1,1,0,0
chr1,213040001,213140000,4,0,3,2,1,0
chr1,213140001,213240000,8,4,0,1,1,1
chr1,213240001,213340000,4,2,2,5,5,4
chr1,213340001,213440000,0,1,1,4,1,1
chr1,213440001,213540000,3,7,0,2,4,1
chr1,213540001,213640000,3,7,3,6,1,0
chr1,213640001,213740000,3,3,0,3,2,1
chr1,213740001,213840000,4,1,1,3,0,2
chr1,213840001,213940000,1,7,3,5,2,0
chr1,213940001,214040000,1,4,4,3,1,0
chr1,214040001,214140000,4,3,1,5,2,2
chr1,214140001,214240000,5,6,1,7,1,1
chr1,214240001,214340000,4,4,3,2,3,2
chr1,214340001,214440000,4,8,3,5,1,3
chr1,214440001,214540000,8,1,0,1,1,0
chr1,214540001,214640000,5,1,2,4,0,0
chr1,214640001,214740000,2,1,2,4,1,0
chr1,214740001,214840000,5,0,0,2,3,1
chr1,214840001,214940000,6,2,2,8,2,2
chr1,214940001,215040000,4,0,6,8,2,2
chr1,215040001,215140000,9,4,6,13,2,0
chr1,215140001,215240000,2,5,4,10,5,0
chr1,215240001,215340000,5,1,4,6,0,0
chr1,215340001,215440000,6,7,1,11,4,1
chr1,215440001,215540000,1,4,7,7,3,0
chr1,215540001,215640000,2,7,7,9,1,0
chr1,215640001,215740000,6,1,2,8,2,0
chr1,215740001,215840000,2,5,2,8,1,2
chr1,215840001,215940000,6,4,3,9,3,1
chr1,215940001,216040000,7,11,5,12,2,3
chr1,216040001,216140000,1,6,5,7,1,1
chr1,216140001,216240000,3,3,2,6,4,0
chr1,216240001,216340000,6,5,7,9,2,1
chr1,216340001,216440000,7,6,4,14,3,2
chr1,216440001,216540000,6,5,0,10,4,0
chr1,216540001,216640000,6,8,3,12,4,1
chr1,216640001,216740000,1,5,3,8,3,1
chr1,216740001,216840000,4,7,3,8,3,0
chr1,216840001,216940000,5,6,2,5,1,2
chr1,216940001,217040000,3,2,2,6,0,1
chr1,217040001,217140000,5,5,0,5,0,2
chr1,217140001,217240000,2,1,2,6,1,0
chr1,217240001,217340000,6,4,1,4,3,1
chr1,217340001,217440000,1,8,2,6,2,2
chr1,217440001,217540000,2,7,5,7,1,0
chr1,217540001,217640000,5,5,1,6,3,0
chr1,217640001,217740000,6,4,2,4,3,2
chr1,217740001,217840000,2,5,1,4,3,3
chr1,217840001,217940000,3,3,3,6,0,2
chr1,217940001,218040000,1,2,5,9,1,0
chr1,218040001,218140000,9,10,5,4,2,0
chr1,218140001,218240000,5,11,4,7,3,1
chr1,218240001,218340000,2,8,5,8,1,0
chr1,218340001,218440000,6,10,5,10,1,2
chr1,218440001,218540000,9,1,3,2,2,1
chr1,218540001,218640000,2,9,6,2,3,0
chr1,218640001,218740000,2,1,3,1,2,0
chr1,218740001,218840000,4,5,4,5,0,2
chr1,218840001,218940000,1,2,6,5,2,0
chr1,218940001,219040000,7,5,6,4,3,0
chr1,219040001,219140000,5,1,4,5,2,1
chr1,219140001,219240000,7,5,6,6,2,0
chr1,219240001,219340000,4,0,7,10,0,1
chr1,219340001,219440000,5,4,3,5,0,1
chr1,219440001,219540000,3,6,6,6,1,1
chr1,219540001,219640000,6,6,2,8,1,0
chr1,219640001,219740000,6,4,0,14,0,0
chr1,219740001,219840000,4,4,4,5,3,0
chr1,219840001,219940000,1,4,1,10,1,3
chr1,219940001,220040000,2,4,2,5,1,1
chr1,220040001,220140000,5,2,5,2,3,0
chr1,220140001,220240000,7,2,2,1,0,0
chr1,220240001,220340000,2,2,0,0,2,0
chr1,220340001,220440000,4,3,1,3,2,0
chr1,220440001,220540000,4,2,0,9,2,2
chr1,220540001,220640000,7,7,1,2,1,0
chr1,220640001,220740000,3,3,1,8,2,0
chr1,220740001,220840000,5,0,4,6,1,2
chr1,220840001,220940000,5,3,5,7,3,0
chr1,220940001,221040000,3,5,1,5,2,0
chr1,221040001,221140000,4,12,1,5,2,0
chr1,221140001,221240000,4,13,3,12,2,3
chr1,221240001,221340000,7,4,7,9,3,1
chr1,221340001,221440000,8,6,5,5,2,2
chr1,221440001,221540000,8,3,4,6,1,0
chr1,221540001,221640000,3,3,2,8,5,1
chr1,221640001,221740000,2,4,5,4,1,2
chr1,221740001,221840000,3,4,3,4,2,1
chr1,221840001,221940000,3,2,1,2,2,2
chr1,221940001,222040000,6,4,0,5,2,1
chr1,222040001,222140000,3,4,2,6,1,0
chr1,222140001,222240000,9,5,1,4,0,2
chr1,222240001,222340000,4,6,3,4,2,0
chr1,222340001,222440000,2,0,4,5,1,0
chr1,222440001,222540000,5,3,3,3,1,0
chr1,222540001,222640000,5,2,1,7,3,0
chr1,222640001,222740000,0,3,1,3,3,0
chr1,222740001,222840000,2,5,1,3,0,0
chr1,222840001,222940000,7,2,2,1,2,1
chr1,222940001,223040000,7,2,1,2,2,0
chr1,223040001,223140000,3,1,1,3,0,0
chr1,223140001,223240000,2,2,1,3,1,4
chr1,223240001,223340000,5,0,3,3,1,2
chr1,223340001,223440000,4,3,1,1,1,0
chr1,223440001,223540000,1,0,0,1,0,0
chr1,223540001,223640000,1,0,1,6,3,0
chr1,223640001,223740000,0,2,1,1,2,0
chr1,223740001,223840000,1,1,0,0,0,0
chr1,223840001,223940000,2,2,1,1,1,3
chr1,223940001,224040000,1,4,0,3,4,1
chr1,224040001,224140000,0,1,0,4,0,1
chr1,224140001,224290000,0,0,4,1,0,0
chr1,224290001,224390000,3,2,1,2,2,0
chr1,224390001,224490000,2,0,1,1,0,0
chr1,224490001,224590000,1,4,0,1,3,2
chr1,224590001,224690000,6,2,3,1,2,0
chr1,224690001,224790000,1,1,1,6,3,0
chr1,224790001,224890000,5,1,2,2,1,2
chr1,224890001,224990000,3,4,4,5,1,0
chr1,224990001,225090000,1,4,2,8,0,0
chr1,225090001,225190000,5,0,2,8,0,2
chr1,225190001,225290000,1,1,0,4,7,1
chr1,225290001,225390000,1,5,1,4,2,2
chr1,225390001,225490000,3,5,2,3,0,3
chr1,225490001,225590000,2,2,0,2,1,1
chr1,225590001,225690000,3,0,4,0,0,0
chr1,225690001,225790000,6,2,1,3,0,2
chr1,225790001,225890000,0,1,2,4,0,2
chr1,225890001,225990000,5,3,2,1,3,0
chr1,225990001,226090000,7,5,1,3,2,1
chr1,226090001,226190000,4,2,3,3,1,1
chr1,226190001,226290000,3,2,2,0,2,1
chr1,226290001,226390000,2,2,3,5,1,1
chr1,226390001,226490000,4,3,0,0,0,1
chr1,226490001,226590000,4,4,1,2,1,1
chr1,226590001,226690000,4,4,5,3,2,0
chr1,226690001,226790000,4,0,1,3,0,1
chr1,226790001,226890000,3,2,3,0,2,0
chr1,226890001,226990000,4,1,1,0,0,2
chr1,226990001,227090000,3,0,0,1,0,0
chr1,227090001,227190000,4,0,0,2,1,0
chr1,227190001,227290000,3,2,2,5,1,3
chr1,227290001,227390000,7,2,1,6,0,2
chr1,227390001,227490000,3,1,1,4,0,0
chr1,227490001,227590000,5,3,1,2,3,0
chr1,227590001,227690000,5,0,3,0,1,1
chr1,227690001,227790000,1,1,3,1,2,0
chr1,227790001,227890000,4,6,2,4,0,2
chr1,227890001,227990000,3,2,0,7,4,2
chr1,227990001,228090000,5,1,4,6,1,0
chr1,228090001,228190000,4,0,1,4,1,1
chr1,228190001,228290000,3,4,0,4,1,0
chr1,228290001,228390000,2,6,2,7,1,1
chr1,228390001,228490000,3,1,0,1,1,1
chr1,228490001,228590000,3,4,4,3,1,0
chr1,228590001,228690000,3,1,1,3,2,2
chr1,228690001,228840000,4,1,4,3,2,2
chr1,228840001,228940000,2,1,1,4,2,1
chr1,228940001,229040000,9,2,2,3,2,1
chr1,229040001,229140000,3,2,0,2,1,0
chr1,229140001,229240000,7,0,1,4,1,1
chr1,229240001,229340000,4,2,3,1,0,0
chr1,229340001,229440000,2,4,0,2,2,0
chr1,229440001,229540000,5,2,3,2,4,2
chr1,229540001,229640000,5,3,6,2,2,1
chr1,229640001,229740000,4,2,2,2,3,0
chr1,229740001,229840000,3,1,3,3,0,0
chr1,229840001,229940000,2,4,1,2,2,1
chr1,229940001,230040000,4,2,2,4,0,0
chr1,230040001,230140000,6,3,2,3,0,0
chr1,230140001,230240000,0,1,4,2,5,1
chr1,230240001,230340000,4,3,1,2,1,3
chr1,230340001,230440000,6,0,1,1,0,0
chr1,230440001,230540000,2,4,0,3,3,1
chr1,230540001,230640000,4,2,3,3,2,0
chr1,230640001,230740000,1,0,2,4,1,0
chr1,230740001,230840000,3,5,0,5,0,0
chr1,230840001,230940000,1,1,1,1,1,0
chr1,230940001,231040000,2,1,2,2,0,0
chr1,231040001,231140000,5,3,2,2,1,1
chr1,231140001,231240000,5,0,1,0,1,1
chr1,231240001,231340000,2,4,5,4,0,1
chr1,231340001,231440000,5,2,0,3,4,1
chr1,231440001,231540000,7,1,1,1,2,0
chr1,231540001,231640000,5,2,3,5,3,0
chr1,231640001,231740000,2,1,3,2,1,2
chr1,231740001,231840000,6,1,3,8,3,0
chr1,231840001,231940000,4,1,3,3,1,1
chr1,231940001,232040000,4,5,3,6,1,0
chr1,232040001,232140000,6,5,3,6,1,1
chr1,232140001,232240000,5,6,2,6,1,1
chr1,232240001,232340000,4,2,3,8,2,0
chr1,232340001,232440000,7,5,1,3,1,2
chr1,232440001,232540000,2,2,5,2,1,1
chr1,232540001,232640000,3,3,0,0,3,0
chr1,232640001,232740000,3,4,1,2,1,1
chr1,232740001,232840000,4,4,0,3,1,2
chr1,232840001,232940000,2,2,1,2,1,1
chr1,232940001,233040000,0,3,1,5,2,0
chr1,233040001,233140000,3,1,1,2,3,1
chr1,233140001,233240000,4,1,3,3,1,1
chr1,233240001,233340000,5,2,0,2,1,0
chr1,233340001,233440000,2,3,1,5,1,2
chr1,233440001,233540000,4,7,0,3,3,2
chr1,233540001,233640000,5,6,2,1,1,2
chr1,233640001,233740000,1,4,5,0,0,1
chr1,233740001,233840000,8,1,1,3,1,0
chr1,233840001,233940000,2,2,0,2,3,1
chr1,233940001,234040000,5,3,2,7,0,3
chr1,234040001,234140000,6,2,2,4,2,1
chr1,234140001,234240000,6,4,3,6,3,1
chr1,234240001,234340000,2,0,3,11,1,1
chr1,234340001,234440000,4,3,1,5,4,0
chr1,234440001,234540000,2,0,0,2,1,2
chr1,234540001,234640000,3,2,0,1,0,0
chr1,234640001,234740000,4,2,0,4,1,0
chr1,234740001,234840000,4,2,3,3,2,1
chr1,234840001,234940000,5,3,1,3,1,0
chr1,234940001,235040000,2,6,2,3,2,0
chr1,235040001,235140000,3,3,1,4,0,1
chr1,235140001,235240000,3,2,1,1,1,0
chr1,235240001,235340000,8,2,3,1,5,0
chr1,235340001,235440000,5,2,0,1,1,1
chr1,235440001,235540000,4,2,2,2,3,1
chr1,235540001,235640000,3,2,1,1,0,0
chr1,235640001,235740000,4,0,1,2,2,2
chr1,235740001,235840000,1,0,1,2,0,0
chr1,235840001,235940000,4,1,0,2,0,1
chr1,235940001,236040000,3,3,0,3,2,3
chr1,236040001,236140000,6,1,1,3,3,2
chr1,236140001,236240000,3,1,1,4,1,1
chr1,236240001,236340000,6,6,3,3,1,0
chr1,236340001,236440000,6,2,0,3,0,1
chr1,236440001,236540000,4,4,1,6,1,0
chr1,236540001,236640000,5,0,2,6,2,0
chr1,236640001,236740000,6,3,1,3,3,2
chr1,236740001,236840000,1,7,2,4,2,1
chr1,236840001,236950000,8,2,1,5,3,4
chr1,236950001,237050000,6,4,2,3,0,1
chr1,237050001,237150000,3,6,2,3,0,2
chr1,237150001,237250000,3,8,0,7,2,0
chr1,237250001,237350000,3,11,4,7,2,0
chr1,237350001,237450000,2,4,3,4,3,1
chr1,237450001,237550000,2,7,3,7,6,1
chr1,237550001,237650000,9,12,2,7,3,3
chr1,237650001,237750000,5,4,2,5,1,1
chr1,237750001,237860000,3,7,2,10,3,0
chr1,237860001,237960000,6,8,7,5,4,1
chr1,237960001,238060000,5,6,1,4,5,4
chr1,238060001,238160000,4,5,4,6,2,0
chr1,238160001,238260000,7,5,6,9,1,0
chr1,238260001,238360000,4,7,2,8,5,0
chr1,238360001,238460000,3,9,5,5,4,1
chr1,238460001,238560000,5,13,4,3,4,0
chr1,238560001,238660000,5,5,2,8,5,1
chr1,238660001,238760000,2,9,3,8,3,3
chr1,238760001,238860000,4,8,3,8,6,1
chr1,238860001,238960000,4,8,6,9,6,2
chr1,238960001,239060000,6,8,8,6,4,1
chr1,239060001,239160000,6,4,4,6,0,3
chr1,239160001,239260000,10,7,2,3,3,4
chr1,239260001,239360000,8,7,2,3,1,1
chr1,239360001,239460000,10,7,4,8,2,0
chr1,239460001,239560000,6,7,0,2,3,2
chr1,239560001,239660000,2,7,2,4,2,1
chr1,239660001,239760000,5,3,1,7,4,0
chr1,239760001,239860000,3,8,1,3,0,2
chr1,239860001,239960000,3,1,0,9,4,0
chr1,239960001,240060000,4,4,0,6,3,3
chr1,240060001,240160000,7,3,3,4,2,2
chr1,240160001,240260000,3,5,4,4,1,2
chr1,240260001,240360000,8,8,0,10,4,2
chr1,240360001,240460000,6,10,1,5,2,0
chr1,240460001,240560000,7,6,0,11,3,2
chr1,240560001,240660000,6,5,4,5,1,2
chr1,240660001,240760000,6,9,2,11,2,3
chr1,240760001,240860000,3,5,2,11,6,1
chr1,240860001,240960000,6,11,2,7,2,2
chr1,240960001,241060000,7,17,4,6,2,2
chr1,241060001,241160000,4,9,5,7,2,1
chr1,241160001,241260000,8,6,0,3,4,1
chr1,241260001,241360000,7,10,3,5,4,4
chr1,241360001,241460000,1,2,0,2,6,1
chr1,241460001,241560000,12,6,2,10,5,0
chr1,241560001,241660000,7,7,2,5,5,0
chr1,241660001,241760000,10,3,1,5,3,0
chr1,241760001,241860000,5,4,2,4,5,0
chr1,241860001,241960000,3,3,3,7,2,2
chr1,241960001,242060000,4,1,2,3,5,0
chr1,242060001,242160000,3,4,0,3,0,1
chr1,242160001,242260000,5,5,5,13,2,2
chr1,242260001,242360000,5,5,7,13,4,0
chr1,242360001,242460000,4,4,4,7,3,1
chr1,242460001,242560000,2,6,3,7,1,1
chr1,242560001,242660000,6,8,5,4,2,0
chr1,242660001,242760000,5,7,3,8,4,3
chr1,242760001,242860000,7,12,1,11,6,0
chr1,242860001,242960000,4,8,3,6,3,2
chr1,242960001,243060000,7,9,6,5,4,2
chr1,243060001,243160000,1,11,2,3,1,0
chr1,243160001,243260000,3,7,1,6,2,1
chr1,243260001,243360000,3,3,1,2,4,0
chr1,243360001,243460000,1,2,4,5,1,0
chr1,243460001,243560000,4,0,2,3,3,0
chr1,243560001,243660000,1,5,1,2,5,0
chr1,243660001,243760000,4,3,9,8,1,1
chr1,243760001,243860000,5,1,3,6,0,2
chr1,243860001,243960000,4,3,7,6,0,2
chr1,243960001,244060000,1,5,2,11,1,2
chr1,244060001,244160000,3,6,1,11,1,2
chr1,244160001,244260000,7,1,1,2,2,0
chr1,244260001,244360000,2,5,1,7,1,0
chr1,244360001,244460000,4,4,1,3,1,1
chr1,244460001,244560000,4,0,0,1,0,2
chr1,244560001,244660000,6,4,2,2,1,1
chr1,244660001,244760000,0,2,3,7,4,0
chr1,244760001,244860000,6,1,2,4,2,1
chr1,244860001,244960000,3,5,1,3,4,0
chr1,244960001,245060000,7,2,1,3,3,1
chr1,245060001,245160000,3,3,1,2,1,2
chr1,245160001,245260000,2,1,1,3,1,2
chr1,245260001,245360000,2,1,2,3,0,0
chr1,245360001,245460000,4,4,2,4,0,0
chr1,245460001,245560000,2,3,2,5,0,4
chr1,245560001,245660000,5,2,1,0,3,0
chr1,245660001,245760000,6,1,0,7,0,1
chr1,245760001,245860000,5,8,3,1,2,0
chr1,245860001,245960000,8,3,2,3,3,0
chr1,245960001,246060000,4,3,0,7,0,0
chr1,246060001,246160000,3,2,2,1,1,2
chr1,246160001,246260000,5,1,2,8,0,0
chr1,246260001,246360000,4,2,3,3,0,3
chr1,246360001,246460000,3,4,1,1,2,1
chr1,246460001,246560000,3,1,2,5,0,0
chr1,246560001,246660000,4,2,2,3,0,1
chr1,246660001,246760000,3,1,1,2,4,0
chr1,246760001,246860000,2,3,2,3,1,0
chr1,246860001,246960000,1,3,1,1,1,2
chr1,246960001,247070000,3,1,1,1,0,1
chr1,247070001,247170000,8,4,3,3,3,1
chr1,247170001,247270000,3,6,3,5,1,2
chr1,247270001,247370000,6,2,1,2,1,1
chr1,247370001,247470000,5,7,4,5,2,1
chr1,247470001,247570000,2,2,1,0,1,0
chr1,247570001,247670000,3,4,2,5,0,1
chr1,247670001,247770000,4,13,1,6,0,1
chr1,247770001,247870000,5,7,0,11,1,2
chr1,247870001,247970000,4,10,3,7,3,0
chr1,247970001,248070000,4,12,2,7,2,0
chr1,248070001,248170000,4,9,5,9,3,5
chr1,248170001,248270000,3,7,4,14,3,0
chr1,248270001,248370000,4,14,6,17,2,1
chr1,248370001,248470000,5,14,5,16,1,0
chr1,248470001,248570000,9,7,1,10,1,1
chr1,248570001,248670000,4,5,0,6,0,2
chr1,248670001,248770000,5,5,0,3,0,1
chr1,248770001,248870000,1,7,4,0,3,1
chr1,248870001,248970000,3,3,0,3,1,0
chr1,248970001,249070000,1,2,1,0,0,0
chr1,249070001,249170000,6,4,0,3,6,1
chr10,1,100000,0,1,2,1,0,0
chr10,100001,200000,0,1,2,4,2,1
chr10,200001,300000,4,1,0,1,0,1
chr10,300001,400000,2,2,1,0,1,3
chr10,400001,500000,1,2,0,1,2,1
chr10,500001,600000,2,2,1,4,1,3
chr10,600001,700000,3,2,3,1,1,2
chr10,700001,800000,1,2,0,1,2,0
chr10,800001,900000,3,1,1,0,2,0
chr10,900001,1000000,2,2,0,2,3,0
chr10,1000001,1100000,5,0,1,1,2,0
chr10,1100001,1200000,3,1,1,3,2,1
chr10,1200001,1300000,2,4,2,2,0,0
chr10,1300001,1400000,3,1,3,3,1,0
chr10,1400001,1500000,4,2,1,1,1,0
chr10,1500001,1600000,3,3,1,3,1,0
chr10,1600001,1700000,4,0,1,4,0,1
chr10,1700001,1800000,4,2,3,3,3,0
chr10,1800001,1900000,5,8,2,7,1,0
chr10,1900001,2000000,5,2,3,10,2,1
chr10,2000001,2100000,5,1,3,6,1,1
chr10,2100001,2200000,2,5,7,11,1,0
chr10,2200001,2300000,5,5,4,4,3,2
chr10,2300001,2400000,2,8,1,5,3,0
chr10,2400001,2500000,6,5,1,6,1,2
chr10,2500001,2600000,2,7,5,4,3,0
chr10,2600001,2700000,6,4,2,12,6,2
chr10,2700001,2800000,7,9,4,8,8,2
chr10,2800001,2900000,4,9,2,4,0,0
chr10,2900001,3000000,4,2,0,3,5,0
chr10,3000001,3100000,2,2,1,1,0,3
chr10,3100001,3200000,2,1,2,0,2,0
chr10,3200001,3300000,2,4,0,3,1,0
chr10,3300001,3400000,1,5,3,4,1,0
chr10,3400001,3500000,5,3,1,5,4,1
chr10,3500001,3600000,2,1,2,2,2,0
chr10,3600001,3700000,3,2,0,2,1,0
chr10,3700001,3800000,5,1,2,2,0,1
chr10,3800001,3900000,4,2,2,1,2,1
chr10,3900001,4000000,4,3,1,4,1,0
chr10,4000001,4100000,1,3,1,4,1,2
chr10,4100001,4200000,1,5,1,3,1,1
chr10,4200001,4300000,1,3,0,2,1,1
chr10,4300001,4400000,1,4,2,3,4,0
chr10,4400001,4500000,5,0,3,6,5,0
chr10,4500001,4600000,4,4,2,4,2,0
chr10,4600001,4700000,3,0,4,1,1,0
chr10,4700001,4800000,5,1,1,3,2,0
chr10,4800001,4900000,7,3,1,4,3,0
chr10,4900001,5000000,0,4,1,0,2,0
chr10,5000001,5100000,3,3,2,0,1,0
chr10,5100001,5200000,2,1,1,0,2,0
chr10,5200001,5300000,1,1,1,2,0,2
chr10,5300001,5400000,4,0,1,1,1,0
chr10,5400001,5500000,1,1,0,2,2,0
chr10,5500001,5600000,3,1,3,0,1,0
chr10,5600001,5700000,2,0,1,1,1,1
chr10,5700001,5800000,4,0,1,5,0,1
chr10,5800001,5900000,2,1,1,2,4,1
chr10,5900001,6000000,5,0,0,1,1,1
chr10,6000001,6100000,1,0,0,2,2,1
chr10,6100001,6200000,5,0,0,4,2,0
chr10,6200001,6300000,5,1,2,4,1,0
chr10,6300001,6400000,4,0,3,2,0,0
chr10,6400001,6500000,3,5,1,4,1,0
chr10,6500001,6600000,3,1,1,2,3,0
chr10,6600001,6700000,4,6,0,4,1,0
chr10,6700001,6800000,3,4,2,5,2,1
chr10,6800001,6900000,3,2,2,1,2,2
chr10,6900001,7000000,7,2,3,5,3,1
chr10,7000001,7100000,3,6,2,6,0,2
chr10,7100001,7200000,4,4,3,7,2,2
chr10,7200001,7300000,2,5,4,8,1,1
chr10,7300001,7400000,6,4,2,13,3,1
chr10,7400001,7500000,3,4,7,9,3,0
chr10,7500001,7600000,1,6,2,3,2,0
chr10,7600001,7700000,9,4,0,6,1,3
chr10,7700001,7800000,9,7,0,8,5,2
chr10,7800001,7900000,1,4,0,2,1,0
chr10,7900001,8000000,6,1,2,2,1,0
chr10,8000001,8100000,6,3,0,4,2,2
chr10,8100001,8200000,27,4,3,11,1,1
chr10,8200001,8300000,10,4,6,6,5,0
chr10,8300001,8400000,4,1,2,7,0,0
chr10,8400001,8500000,2,2,3,3,2,3
chr10,8500001,8600000,5,7,3,8,6,3
chr10,8600001,8700000,3,2,1,7,0,0
chr10,8700001,8800000,6,3,3,10,3,1
chr10,8800001,8900000,5,7,4,12,4,3
chr10,8900001,9000000,6,5,3,10,6,0
chr10,9000001,9100000,4,6,3,11,1,1
chr10,9100001,9200000,8,3,6,9,1,1
chr10,9200001,9300000,4,9,5,6,3,1
chr10,9300001,9400000,7,7,3,10,3,0
chr10,9400001,9500000,3,9,4,7,4,1
chr10,9500001,9600000,2,5,7,9,6,1
chr10,9600001,9700000,8,7,1,10,0,0
chr10,9700001,9800000,11,4,4,8,7,0
chr10,9800001,9900000,1,3,3,6,4,0
chr10,9900001,10000000,4,4,4,6,1,0
chr10,10000001,10100000,3,5,6,6,5,1
chr10,10100001,10200000,3,4,3,2,4,1
chr10,10200001,10300000,4,6,3,13,1,1
chr10,10300001,10400000,3,5,4,22,3,0
chr10,10400001,10500000,5,3,1,7,6,2
chr10,10500001,10600000,4,5,0,9,1,0
chr10,10600001,10700000,3,6,3,5,2,0
chr10,10700001,10800000,4,1,0,8,6,0
chr10,10800001,10900000,5,3,4,7,5,0
chr10,10900001,11000000,2,3,2,11,2,0
chr10,11000001,11100000,2,1,0,6,0,0
chr10,11100001,11200000,4,1,1,3,4,2
chr10,11200001,11300000,1,1,1,10,4,1
chr10,11300001,11400000,6,2,3,4,2,1
chr10,11400001,11500000,1,1,0,4,2,0
chr10,11500001,11600000,3,2,0,3,2,0
chr10,11600001,11700000,9,0,0,4,3,0
chr10,11700001,11800000,5,4,0,2,1,0
chr10,11800001,11900000,5,1,2,2,3,1
chr10,11900001,12000000,1,1,0,1,0,0
chr10,12000001,12100000,3,0,2,0,2,1
chr10,12100001,12200000,2,2,3,3,2,0
chr10,12200001,12300000,4,2,0,4,2,0
chr10,12300001,12400000,5,0,2,6,2,1
chr10,12400001,12500000,3,3,0,5,0,0
chr10,12500001,12600000,4,1,1,1,0,0
chr10,12600001,12700000,4,1,1,11,1,0
chr10,12700001,12800000,4,2,1,2,2,2
chr10,12800001,12900000,3,4,0,2,2,1
chr10,12900001,13000000,4,2,1,4,3,2
chr10,13000001,13100000,5,2,3,2,1,0
chr10,13100001,13200000,1,1,2,1,1,0
chr10,13200001,13300000,0,5,2,1,2,0
chr10,13300001,13400000,2,1,2,4,1,0
chr10,13400001,13500000,4,1,0,4,1,0
chr10,13500001,13600000,4,2,0,1,0,0
chr10,13600001,13700000,3,1,1,2,3,0
chr10,13700001,13800000,4,0,1,0,1,0
chr10,13800001,13900000,6,1,3,9,1,1
chr10,13900001,14000000,2,0,1,3,0,2
chr10,14000001,14100000,4,2,1,3,3,2
chr10,14100001,14200000,4,2,1,4,3,0
chr10,14200001,14300000,1,2,1,6,3,1
chr10,14300001,14400000,3,1,1,10,0,1
chr10,14400001,14500000,5,1,1,1,1,0
chr10,14500001,14600000,3,5,1,2,2,2
chr10,14600001,14700000,4,3,0,1,1,0
chr10,14700001,14800000,4,5,1,4,0,1
chr10,14800001,14900000,2,2,2,1,1,0
chr10,14900001,15000000,1,4,2,0,3,1
chr10,15000001,15100000,3,2,0,2,0,0
chr10,15100001,15200000,3,1,2,2,3,1
chr10,15200001,15300000,3,7,1,1,1,1
chr10,15300001,15400000,4,1,2,0,1,1
chr10,15400001,15500000,1,2,1,4,3,0
chr10,15500001,15600000,2,7,1,2,2,1
chr10,15600001,15700000,2,9,6,5,3,1
chr10,15700001,15800000,3,4,3,14,1,2
chr10,15800001,15900000,1,2,0,2,4,0
chr10,15900001,16000000,2,4,3,6,1,2
chr10,16000001,16100000,5,11,4,5,2,1
chr10,16100001,16200000,5,6,7,4,2,0
chr10,16200001,16300000,4,9,3,6,5,0
chr10,16300001,16400000,4,5,5,6,1,0
chr10,16400001,16500000,7,9,2,2,0,1
chr10,16500001,16600000,6,2,2,1,0,0
chr10,16600001,16700000,2,4,3,4,4,0
chr10,16700001,16800000,6,3,5,3,2,0
chr10,16800001,16900000,4,2,2,4,0,1
chr10,16900001,17000000,3,6,5,11,4,0
chr10,17000001,17100000,4,0,2,9,1,0
chr10,17100001,17200000,5,1,0,7,2,3
chr10,17200001,17300000,2,8,3,3,0,2
chr10,17300001,17400000,3,2,1,5,1,0
chr10,17400001,17500000,5,4,1,5,1,0
chr10,17500001,17600000,9,2,4,6,0,0
chr10,17600001,17700000,1,4,0,6,2,0
chr10,17700001,17800000,5,2,2,0,4,0
chr10,17800001,17900000,1,0,0,4,0,1
chr10,17900001,18000000,1,1,0,2,0,0
chr10,18000001,18100000,1,1,0,0,0,0
chr10,18100001,18200000,0,0,0,1,0,0
chr10,18200001,18300000,3,8,4,2,1,0
chr10,18300001,18400000,3,7,2,10,2,0
chr10,18400001,18500000,3,6,1,10,4,2
chr10,18500001,18600000,4,7,2,8,4,0
chr10,18600001,18700000,0,2,0,7,1,0
chr10,18700001,18800000,0,7,2,11,1,0
chr10,18800001,18900000,1,1,1,5,3,0
chr10,18900001,19000000,1,4,1,4,2,0
chr10,19000001,19100000,3,3,5,4,5,1
chr10,19100001,19200000,3,7,3,13,2,2
chr10,19200001,19300000,6,7,4,6,2,2
chr10,19300001,19400000,5,9,2,9,2,2
chr10,19400001,19500000,5,5,5,21,1,1
chr10,19500001,19600000,6,5,2,11,5,1
chr10,19600001,19700000,6,4,0,9,0,2
chr10,19700001,19800000,4,5,3,10,1,2
chr10,19800001,19900000,5,5,7,8,1,2
chr10,19900001,20000000,4,3,4,7,1,1
chr10,20000001,20100000,5,3,7,15,1,3
chr10,20100001,20200000,4,2,0,17,2,0
chr10,20200001,20300000,4,5,1,12,0,3
chr10,20300001,20400000,1,3,1,18,2,2
chr10,20400001,20500000,5,3,3,16,2,0
chr10,20500001,20600000,6,2,3,12,2,0
chr10,20600001,20700000,4,5,5,12,2,2
chr10,20700001,20800000,1,3,2,9,1,2
chr10,20800001,20900000,1,7,1,7,2,1
chr10,20900001,21000000,3,0,0,10,1,0
chr10,21000001,21100000,2,5,1,5,0,1
chr10,21100001,21200000,3,3,2,3,3,2
chr10,21200001,21300000,0,4,1,1,3,0
chr10,21300001,21400000,4,1,1,2,1,1
chr10,21400001,21500000,1,1,1,1,1,1
chr10,21500001,21600000,3,3,5,6,2,0
chr10,21600001,21700000,1,1,3,6,0,0
chr10,21700001,21800000,3,7,3,5,2,0
chr10,21800001,21900000,6,0,3,5,1,0
chr10,21900001,22000000,2,3,0,1,5,1
chr10,22000001,22100000,2,0,1,4,3,0
chr10,22100001,22200000,1,3,2,3,1,1
chr10,22200001,22300000,0,1,3,4,3,0
chr10,22300001,22400000,3,9,3,8,3,0
chr10,22400001,22500000,5,2,2,5,1,0
chr10,22500001,22600000,5,5,4,2,5,2
chr10,22600001,22700000,11,5,1,8,0,0
chr10,22700001,22800000,2,3,2,3,0,1
chr10,22800001,22900000,1,3,4,3,2,1
chr10,22900001,23000000,6,2,4,0,1,1
chr10,23000001,23100000,4,3,4,3,2,1
chr10,23100001,23200000,4,2,3,0,1,0
chr10,23200001,23300000,4,4,3,2,1,0
chr10,23300001,23400000,3,4,3,1,1,0
chr10,23400001,23500000,2,4,1,3,2,1
chr10,23500001,23600000,4,4,1,11,1,0
chr10,23600001,23700000,8,0,0,2,3,2
chr10,23700001,23800000,4,2,1,4,3,0
chr10,23800001,23900000,0,1,4,4,1,1
chr10,23900001,24000000,2,2,4,9,1,1
chr10,24000001,24100000,6,7,5,2,1,2
chr10,24100001,24200000,4,4,4,6,3,2
chr10,24200001,24300000,4,4,4,4,1,0
chr10,24300001,24400000,4,0,1,7,3,1
chr10,24400001,24500000,5,5,1,5,0,2
chr10,24500001,24600000,4,4,1,2,1,0
chr10,24600001,24700000,0,2,1,4,0,0
chr10,24700001,24800000,7,2,1,4,2,2
chr10,24800001,24900000,3,3,1,1,1,0
chr10,24900001,25000000,2,0,1,2,3,1
chr10,25000001,25100000,5,1,0,4,0,0
chr10,25100001,25200000,2,2,1,0,4,1
chr10,25200001,25300000,2,2,1,3,1,0
chr10,25300001,25400000,2,2,3,1,3,0
chr10,25400001,25500000,4,2,4,4,3,1
chr10,25500001,25600000,3,2,7,8,4,0
chr10,25600001,25700000,4,4,4,2,4,0
chr10,25700001,25800000,2,3,6,5,1,1
chr10,25800001,25900000,3,3,4,4,6,1
chr10,25900001,26000000,5,2,2,5,2,0
chr10,26000001,26100000,6,11,1,6,2,0
chr10,26100001,26200000,4,3,3,9,2,0
chr10,26200001,26300000,3,2,4,5,2,0
chr10,26300001,26400000,3,1,3,8,2,0
chr10,26400001,26500000,5,4,3,8,3,0
chr10,26500001,26600000,2,3,4,10,2,1
chr10,26600001,26700000,9,4,4,3,3,1
chr10,26700001,26800000,6,4,4,2,2,0
chr10,26800001,26900000,5,4,3,4,6,0
chr10,26900001,27000000,5,6,0,6,1,0
chr10,27000001,27100000,2,1,1,2,0,2
chr10,27100001,27200000,5,2,0,4,3,0
chr10,27200001,27300000,5,5,0,5,1,0
chr10,27300001,27400000,2,2,5,3,4,0
chr10,27400001,27500000,6,1,1,2,0,0
chr10,27500001,27600000,3,1,1,2,1,1
chr10,27600001,27700000,5,4,3,4,3,0
chr10,27700001,27800000,3,1,1,3,2,1
chr10,27800001,27900000,3,0,3,6,1,0
chr10,27900001,28000000,4,5,2,3,1,0
chr10,28000001,28100000,4,0,1,10,2,1
chr10,28100001,28200000,0,6,4,11,2,0
chr10,28200001,28300000,7,4,3,16,1,0
chr10,28300001,28400000,6,0,4,5,2,1
chr10,28400001,28500000,4,4,2,1,3,1
chr10,28500001,28600000,3,2,2,3,1,0
chr10,28600001,28700000,1,1,1,5,1,0
chr10,28700001,28800000,3,7,0,4,1,1
chr10,28800001,28900000,1,3,1,3,5,1
chr10,28900001,29000000,5,1,4,3,1,0
chr10,29000001,29100000,3,3,2,9,3,0
chr10,29100001,29200000,2,4,2,2,1,0
chr10,29200001,29300000,1,1,1,3,1,0
chr10,29300001,29400000,4,1,2,5,1,0
chr10,29400001,29500000,3,4,1,9,2,0
chr10,29500001,29600000,0,2,0,7,0,2
chr10,29600001,29700000,3,6,1,7,1,1
chr10,29700001,29800000,2,1,0,0,1,0
chr10,29800001,29900000,0,2,1,1,3,0
chr10,29900001,30000000,3,6,1,1,1,2
chr10,30000001,30100000,3,2,1,2,1,2
chr10,30100001,30200000,0,0,3,3,1,0
chr10,30200001,30300000,6,3,2,3,0,0
chr10,30300001,30400000,2,3,2,3,0,0
chr10,30400001,30500000,2,4,2,3,2,0
chr10,30500001,30600000,6,0,3,1,0,1
chr10,30600001,30700000,2,4,5,0,5,0
chr10,30700001,30800000,4,3,2,1,2,0
chr10,30800001,30900000,3,2,2,4,3,1
chr10,30900001,31000000,2,3,4,2,0,1
chr10,31000001,31100000,5,8,2,2,2,0
chr10,31100001,31200000,5,2,1,5,2,0
chr10,31200001,31300000,0,2,1,1,3,0
chr10,31300001,31400000,2,2,3,4,3,1
chr10,31400001,31500000,2,3,1,0,1,0
chr10,31500001,31600000,3,5,5,12,1,0
chr10,31600001,31700000,1,1,3,10,2,1
chr10,31700001,31800000,4,4,4,0,2,0
chr10,31800001,31900000,2,2,4,3,5,0
chr10,31900001,32000000,3,5,4,2,5,2
chr10,32000001,32100000,5,0,2,7,2,0
chr10,32100001,32200000,4,2,4,2,2,0
chr10,32200001,32300000,2,0,1,1,3,0
chr10,32300001,32400000,3,2,3,4,2,0
chr10,32400001,32500000,4,4,1,3,3,0
chr10,32500001,32600000,2,3,2,3,5,1
chr10,32600001,32700000,3,0,0,5,0,1
chr10,32700001,32800000,5,2,1,2,2,0
chr10,32800001,32900000,2,4,0,2,0,1
chr10,32900001,33000000,3,1,1,5,2,0
chr10,33000001,33100000,0,1,1,0,1,0
chr10,33100001,33200000,2,1,1,4,6,1
chr10,33200001,33300000,2,0,4,4,2,0
chr10,33300001,33400000,3,2,2,2,3,2
chr10,33400001,33500000,3,3,3,3,3,0
chr10,33500001,33600000,1,1,4,2,0,0
chr10,33600001,33700000,2,1,0,3,3,0
chr10,33700001,33800000,6,2,0,6,1,1
chr10,33800001,33900000,1,1,2,6,1,0
chr10,33900001,34000000,4,1,1,2,1,1
chr10,34000001,34100000,4,2,4,2,1,1
chr10,34100001,34200000,3,1,3,6,0,1
chr10,34200001,34300000,4,0,2,2,1,1
chr10,34300001,34400000,2,3,5,2,1,1
chr10,34400001,34500000,2,1,0,3,2,1
chr10,34500001,34600000,1,3,0,0,0,1
chr10,34600001,34700000,4,2,1,3,4,1
chr10,34700001,34800000,2,0,1,2,4,0
chr10,34800001,34900000,3,0,2,4,3,2
chr10,34900001,35000000,2,2,1,3,4,0
chr10,35000001,35100000,5,1,1,5,0,0
chr10,35100001,35200000,4,4,2,3,1,2
chr10,35200001,35300000,3,1,3,3,3,0
chr10,35300001,35400000,3,2,0,1,2,1
chr10,35400001,35500000,4,1,4,2,0,1
chr10,35500001,35600000,4,3,0,0,0,0
chr10,35600001,35700000,2,0,3,3,3,0
chr10,35700001,35800000,3,3,2,4,2,1
chr10,35800001,35900000,2,1,0,1,1,0
chr10,35900001,36000000,1,1,3,4,1,1
chr10,36000001,36100000,1,1,2,1,1,0
chr10,36100001,36200000,8,2,5,11,0,0
chr10,36200001,36300000,4,7,3,4,4,0
chr10,36300001,36400000,5,3,5,5,0,0
chr10,36400001,36500000,6,3,5,12,2,0
chr10,36500001,36600000,4,5,6,13,2,2
chr10,36600001,36700000,8,3,4,9,3,2
chr10,36700001,36800000,5,4,1,10,2,2
chr10,36800001,36900000,5,6,5,12,3,1
chr10,36900001,37000000,4,3,2,14,1,0
chr10,37000001,37100000,0,2,3,10,1,1
chr10,37100001,37200000,5,4,4,10,5,0
chr10,37200001,37300000,1,8,2,4,2,1
chr10,37300001,37400000,3,9,4,9,4,3
chr10,37400001,37500000,16,5,0,6,5,1
chr10,37500001,37600000,18,12,3,7,5,0
chr10,37600001,37700000,18,14,3,17,6,4
chr10,37700001,37800000,26,6,2,8,4,1
chr10,37800001,37900000,7,6,2,8,2,0
chr10,37900001,38000000,2,10,0,6,0,1
chr10,38000001,38100000,4,3,2,5,4,0
chr10,38100001,38200000,3,8,4,3,2,0
chr10,38200001,38300000,4,0,3,7,3,1
chr10,38300001,38400000,4,6,2,5,1,2
chr10,38400001,38500000,4,1,5,3,4,2
chr10,38500001,38600000,1,11,3,9,7,0
chr10,38600001,38700000,6,7,0,2,3,0
chr10,38700001,42870000,4,5,7,11,4,2
chr10,42870001,42970000,2,5,2,8,2,0
chr10,42970001,43070000,3,3,0,6,1,0
chr10,43070001,43170000,1,1,1,2,4,2
chr10,43170001,43270000,3,3,3,1,0,0
chr10,43270001,43370000,6,1,0,4,0,0
chr10,43370001,43470000,1,5,3,8,0,0
chr10,43470001,43570000,1,4,1,1,1,1
chr10,43570001,43670000,3,2,2,3,1,0
chr10,43670001,43770000,2,1,0,2,3,0
chr10,43770001,43870000,2,2,1,1,2,2
chr10,43870001,43970000,2,4,1,4,4,1
chr10,43970001,44070000,4,3,2,7,1,2
chr10,44070001,44170000,2,2,4,4,2,0
chr10,44170001,44270000,3,3,2,1,2,3
chr10,44270001,44370000,2,7,2,2,1,0
chr10,44370001,44470000,3,3,2,2,2,0
chr10,44470001,44570000,2,5,0,1,2,1
chr10,44570001,44670000,2,7,4,5,1,2
chr10,44670001,44770000,3,6,3,5,3,0
chr10,44770001,44870000,3,7,1,3,0,1
chr10,44870001,44970000,4,8,3,2,3,1
chr10,44970001,45070000,2,6,1,5,1,2
chr10,45070001,45170000,1,2,2,7,1,1
chr10,45170001,45270000,3,3,0,5,1,2
chr10,45270001,45370000,2,1,0,3,1,1
chr10,45370001,45470000,3,4,3,3,2,1
chr10,45470001,45570000,3,2,4,9,3,0
chr10,45570001,45670000,3,4,2,5,1,1
chr10,45670001,45770000,2,7,2,7,1,2
chr10,45770001,45870000,7,4,4,6,1,0
chr10,45870001,45970000,4,1,1,5,2,0
chr10,45970001,46070000,3,3,2,3,3,1
chr10,46070001,46170000,2,3,2,3,2,0
chr10,46170001,46270000,1,1,0,3,1,0
chr10,46270001,46370000,1,0,0,0,0,0
chr10,46370001,46470000,0,0,0,0,0,0
chr10,46470001,46570000,0,1,0,0,0,0
chr10,46570001,46670000,0,0,0,0,0,0
chr10,46670001,46770000,0,0,0,0,0,0
chr10,46770001,46870000,0,0,0,0,0,0
chr10,46870001,46970000,2,2,1,2,2,1
chr10,46970001,47070000,7,3,2,2,2,5
chr10,47070001,47170000,1,1,3,2,3,1
chr10,47170001,47270000,1,0,0,0,0,0
chr10,47270001,47370000,0,1,0,2,3,0
chr10,47370001,47470000,0,0,0,1,1,0
chr10,47470001,47570000,2,2,1,2,0,0
chr10,47570001,47670000,1,0,1,2,0,0
chr10,47670001,47770000,3,1,0,4,0,1
chr10,47770001,47870000,0,0,0,0,0,0
chr10,47870001,47970000,2,2,0,0,0,0
chr10,47970001,48070000,0,2,0,0,0,0
chr10,48070001,48170000,1,0,0,1,0,0
chr10,48170001,48270000,0,0,0,0,0,0
chr10,48270001,48370000,1,0,0,1,1,0
chr10,48370001,48470000,3,4,2,2,3,0
chr10,48470001,48570000,6,5,2,3,5,0
chr10,48570001,48670000,3,2,3,3,3,1
chr10,48670001,48770000,2,0,0,0,0,0
chr10,48770001,48870000,0,0,1,1,1,0
chr10,48870001,48970000,1,0,1,1,0,0
chr10,48970001,49070000,1,0,2,0,0,0
chr10,49070001,49170000,0,0,0,0,0,0
chr10,49170001,49270000,5,1,0,0,1,0
chr10,49270001,49370000,0,2,1,1,0,0
chr10,49370001,49470000,3,3,2,3,2,0
chr10,49470001,49570000,3,3,1,0,0,1
chr10,49570001,49670000,1,0,3,1,0,1
chr10,49670001,49770000,1,3,0,7,2,0
chr10,49770001,49870000,3,3,1,5,2,0
chr10,49870001,49970000,4,3,3,11,2,0
chr10,49970001,50070000,2,7,2,7,1,0
chr10,50070001,50170000,0,2,2,3,1,2
chr10,50170001,50270000,8,5,2,8,4,1
chr10,50270001,50370000,2,4,0,6,1,1
chr10,50370001,50470000,1,6,2,6,0,1
chr10,50470001,50570000,6,8,0,2,2,1
chr10,50570001,50670000,5,1,0,5,1,0
chr10,50670001,50770000,0,1,1,1,2,2
chr10,50770001,50870000,7,5,1,4,2,0
chr10,50870001,50970000,5,4,3,6,2,1
chr10,50970001,51070000,2,3,2,1,1,1
chr10,51070001,51170000,0,0,1,3,1,0
chr10,51170001,51270000,0,0,1,0,1,0
chr10,51270001,51370000,0,0,0,0,0,0
chr10,51370001,51470000,0,1,0,0,0,0
chr10,51470001,51570000,2,1,0,4,3,1
chr10,51570001,51670000,0,0,1,2,0,1
chr10,51670001,51770000,0,0,0,0,0,0
chr10,51770001,51870000,3,2,0,2,2,0
chr10,51870001,51970000,0,0,0,0,0,0
chr10,51970001,52070000,3,0,0,5,0,0
chr10,52070001,52170000,5,5,1,1,1,0
chr10,52170001,52270000,6,1,4,1,1,1
chr10,52270001,52370000,4,3,1,4,0,0
chr10,52370001,52470000,2,1,2,3,0,0
chr10,52470001,52570000,4,0,1,6,1,0
chr10,52570001,52670000,3,5,4,10,1,1
chr10,52670001,52770000,3,2,0,5,1,0
chr10,52770001,52870000,3,4,2,5,7,0
chr10,52870001,52970000,7,4,2,6,2,0
chr10,52970001,53070000,1,2,4,3,3,2
chr10,53070001,53170000,1,5,2,10,1,0
chr10,53170001,53270000,3,5,1,4,5,1
chr10,53270001,53370000,8,3,0,9,2,5
chr10,53370001,53470000,7,2,1,15,3,0
chr10,53470001,53570000,2,3,2,5,5,2
chr10,53570001,53670000,6,3,6,14,5,2
chr10,53670001,53770000,6,0,2,10,2,2
chr10,53770001,53870000,6,6,0,9,7,2
chr10,53870001,53970000,1,9,1,7,3,0
chr10,53970001,54070000,5,2,3,3,4,2
chr10,54070001,54170000,3,4,3,8,4,0
chr10,54170001,54270000,4,6,8,5,4,0
chr10,54270001,54370000,5,8,5,8,5,1
chr10,54370001,54470000,1,8,1,7,5,1
chr10,54470001,54570000,3,6,1,4,1,2
chr10,54570001,54670000,5,4,3,4,5,1
chr10,54670001,54770000,4,7,4,2,1,2
chr10,54770001,54870000,6,3,2,3,2,1
chr10,54870001,54970000,1,6,6,9,0,2
chr10,54970001,55070000,3,3,3,1,2,1
chr10,55070001,55170000,3,2,1,1,1,1
chr10,55170001,55270000,3,5,1,4,2,3
chr10,55270001,55370000,6,4,6,8,5,4
chr10,55370001,55470000,4,5,1,9,3,3
chr10,55470001,55570000,5,4,5,7,4,4
chr10,55570001,55670000,2,6,4,10,4,3
chr10,55670001,55770000,4,10,2,17,3,3
chr10,55770001,55870000,6,9,3,8,2,1
chr10,55870001,55970000,3,12,8,15,2,1
chr10,55970001,56070000,4,6,4,8,6,0
chr10,56070001,56170000,7,7,3,14,2,0
chr10,56170001,56270000,7,8,3,9,0,0
chr10,56270001,56370000,5,4,4,16,5,1
chr10,56370001,56470000,9,7,3,13,5,1
chr10,56470001,56570000,8,7,6,9,4,0
chr10,56570001,56670000,3,4,7,19,4,1
chr10,56670001,56770000,4,9,3,7,1,2
chr10,56770001,56870000,5,10,5,9,5,1
chr10,56870001,56970000,5,8,8,16,1,3
chr10,56970001,57070000,6,2,6,11,3,2
chr10,57070001,57170000,2,6,7,16,6,3
chr10,57170001,57270000,5,6,5,16,4,1
chr10,57270001,57370000,6,10,5,15,8,1
chr10,57370001,57470000,4,7,5,14,5,2
chr10,57470001,57570000,5,5,7,14,5,1
chr10,57570001,57670000,5,13,6,12,2,0
chr10,57670001,57770000,1,8,5,4,3,0
chr10,57770001,57870000,3,12,4,16,2,1
chr10,57870001,57970000,5,12,6,14,3,0
chr10,57970001,58070000,3,10,4,17,2,1
chr10,58070001,58170000,5,7,8,11,7,0
chr10,58170001,58270000,2,13,8,7,3,0
chr10,58270001,58370000,10,5,5,21,3,1
chr10,58370001,58470000,4,13,6,13,2,1
chr10,58470001,58570000,4,11,3,9,1,1
chr10,58570001,58670000,1,6,4,16,2,1
chr10,58670001,58770000,3,6,5,14,5,2
chr10,58770001,58870000,6,6,6,15,7,0
chr10,58870001,58970000,1,6,5,11,5,0
chr10,58970001,59070000,1,11,4,13,4,1
chr10,59070001,59170000,5,12,3,10,1,2
chr10,59170001,59270000,3,3,5,12,1,1
chr10,59270001,59370000,5,5,8,6,4,1
chr10,59370001,59470000,3,5,4,6,0,0
chr10,59470001,59570000,7,3,5,3,2,1
chr10,59570001,59670000,5,8,1,3,3,1
chr10,59670001,59770000,3,9,3,2,1,1
chr10,59770001,59870000,4,3,0,3,4,0
chr10,59870001,59970000,2,2,4,4,1,0
chr10,59970001,60070000,0,3,3,6,1,0
chr10,60070001,60170000,7,1,2,4,1,0
chr10,60170001,60270000,3,5,2,6,3,1
chr10,60270001,60370000,2,2,3,9,2,1
chr10,60370001,60470000,1,3,1,13,3,4
chr10,60470001,60570000,5,3,5,12,1,0
chr10,60570001,60670000,4,3,1,7,2,1
chr10,60670001,60770000,2,3,3,3,5,0
chr10,60770001,60870000,5,3,3,3,2,0
chr10,60870001,60970000,3,2,2,4,3,0
chr10,60970001,61070000,3,2,0,10,3,1
chr10,61070001,61170000,4,3,1,10,3,0
chr10,61170001,61270000,3,3,7,4,1,2
chr10,61270001,61370000,1,4,2,5,2,0
chr10,61370001,61470000,2,1,1,4,0,2
chr10,61470001,61570000,4,1,2,5,2,0
chr10,61570001,61670000,3,1,5,3,3,0
chr10,61670001,61770000,0,3,0,1,3,0
chr10,61770001,61870000,3,4,1,1,1,0
chr10,61870001,61970000,2,1,1,2,1,0
chr10,61970001,62070000,4,1,0,2,2,0
chr10,62070001,62170000,1,4,0,2,3,1
chr10,62170001,62270000,1,1,0,3,3,2
chr10,62270001,62370000,3,2,2,1,1,3
chr10,62370001,62470000,1,1,2,4,2,1
chr10,62470001,62570000,4,3,1,2,1,0
chr10,62570001,62670000,2,0,2,6,1,0
chr10,62670001,62770000,2,1,3,7,1,0
chr10,62770001,62870000,2,4,3,1,1,0
chr10,62870001,62970000,3,3,2,4,5,1
chr10,62970001,63070000,3,1,4,8,1,0
chr10,63070001,63170000,2,1,2,6,1,2
chr10,63170001,63270000,2,0,3,6,2,0
chr10,63270001,63370000,7,2,0,3,1,0
chr10,63370001,63470000,3,0,1,5,0,2
chr10,63470001,63570000,4,0,1,1,2,0
chr10,63570001,63670000,3,6,1,2,0,1
chr10,63670001,63770000,4,2,0,2,4,0
chr10,63770001,63870000,3,1,2,9,1,0
chr10,63870001,63970000,2,3,3,6,1,1
chr10,63970001,64070000,4,0,1,4,1,0
chr10,64070001,64170000,6,1,2,7,1,1
chr10,64170001,64270000,3,4,4,3,1,0
chr10,64270001,64370000,3,2,1,4,1,1
chr10,64370001,64470000,5,2,1,4,0,0
chr10,64470001,64570000,4,4,3,8,1,0
chr10,64570001,64670000,5,3,0,2,1,1
chr10,64670001,64770000,1,6,2,5,3,0
chr10,64770001,64870000,5,4,5,11,3,1
chr10,64870001,64970000,1,1,5,5,3,1
chr10,64970001,65070000,4,2,2,3,7,0
chr10,65070001,65170000,5,1,3,4,2,0
chr10,65170001,65270000,5,1,3,3,1,1
chr10,65270001,65370000,5,0,1,1,6,0
chr10,65370001,65470000,2,5,0,1,0,1
chr10,65470001,65570000,2,3,3,6,1,1
chr10,65570001,65670000,3,4,2,7,0,0
chr10,65670001,65770000,1,2,4,6,1,0
chr10,65770001,65870000,1,6,3,6,2,0
chr10,65870001,65970000,5,6,4,7,2,0
chr10,65970001,66070000,1,7,2,3,4,0
chr10,66070001,66170000,7,6,1,7,4,1
chr10,66170001,66270000,1,14,5,5,4,2
chr10,66270001,66370000,3,6,2,4,1,2
chr10,66370001,66470000,7,2,3,9,5,2
chr10,66470001,66570000,4,7,3,10,5,0
chr10,66570001,66670000,2,3,2,4,1,3
chr10,66670001,66770000,4,6,9,7,0,0
chr10,66770001,66870000,3,6,3,7,2,0
chr10,66870001,66970000,2,5,1,12,2,0
chr10,66970001,67070000,2,7,5,7,2,1
chr10,67070001,67170000,4,3,1,6,2,0
chr10,67170001,67270000,1,11,2,8,5,0
chr10,67270001,67370000,6,2,1,4,6,1
chr10,67370001,67470000,2,4,2,5,2,0
chr10,67470001,67570000,3,1,3,6,3,2
chr10,67570001,67670000,1,3,5,7,2,2
chr10,67670001,67770000,5,9,5,10,4,0
chr10,67770001,67870000,5,8,3,12,5,0
chr10,67870001,67970000,4,11,3,4,3,1
chr10,67970001,68070000,5,12,1,15,3,1
chr10,68070001,68170000,3,4,4,6,4,1
chr10,68170001,68270000,1,3,2,7,3,0
chr10,68270001,68370000,8,7,1,6,3,1
chr10,68370001,68470000,3,12,3,11,2,0
chr10,68470001,68570000,2,6,2,4,2,1
chr10,68570001,68670000,3,8,2,6,2,1
chr10,68670001,68770000,3,1,4,7,1,1
chr10,68770001,68870000,2,4,4,13,2,1
chr10,68870001,68970000,1,4,7,5,2,0
chr10,68970001,69070000,3,3,6,7,4,0
chr10,69070001,69170000,1,8,3,5,2,2
chr10,69170001,69270000,3,3,6,5,2,2
chr10,69270001,69370000,5,7,1,8,1,0
chr10,69370001,69470000,1,1,4,8,3,1
chr10,69470001,69570000,2,4,0,6,2,1
chr10,69570001,69670000,1,0,5,1,2,0
chr10,69670001,69770000,4,1,0,4,0,1
chr10,69770001,69870000,3,2,2,9,3,0
chr10,69870001,69970000,4,3,1,3,0,0
chr10,69970001,70070000,6,1,2,3,4,0
chr10,70070001,70170000,6,5,0,2,0,0
chr10,70170001,70270000,2,1,0,2,1,1
chr10,70270001,70370000,2,0,2,5,3,0
chr10,70370001,70470000,1,3,6,4,0,1
chr10,70470001,70570000,5,1,2,2,1,0
chr10,70570001,70670000,2,3,1,0,0,0
chr10,70670001,70770000,0,1,0,1,2,3
chr10,70770001,70870000,3,1,1,5,3,0
chr10,70870001,70970000,2,0,2,3,1,0
chr10,70970001,71070000,2,2,1,2,2,0
chr10,71070001,71170000,2,3,2,1,0,0
chr10,71170001,71270000,2,0,1,0,3,0
chr10,71270001,71370000,2,4,0,4,0,0
chr10,71370001,71470000,4,1,1,4,0,0
chr10,71470001,71570000,0,3,1,4,3,1
chr10,71570001,71670000,0,2,0,0,2,0
chr10,71670001,71770000,1,3,6,4,2,1
chr10,71770001,71870000,1,2,4,4,0,0
chr10,71870001,71970000,5,1,0,5,1,0
chr10,71970001,72070000,3,6,0,4,1,1
chr10,72070001,72170000,2,0,1,2,2,0
chr10,72170001,72270000,3,0,0,1,1,1
chr10,72270001,72370000,2,1,1,0,1,0
chr10,72370001,72470000,2,1,1,3,0,0
chr10,72470001,72570000,0,3,0,3,0,0
chr10,72570001,72670000,4,0,2,2,0,0
chr10,72670001,72770000,2,3,0,0,2,0
chr10,72770001,72870000,1,1,2,1,2,0
chr10,72870001,72970000,1,3,3,2,0,1
chr10,72970001,73070000,2,2,0,2,3,1
chr10,73070001,73170000,2,0,0,1,1,0
chr10,73170001,73270000,3,1,1,1,0,2
chr10,73270001,73370000,1,2,0,1,3,0
chr10,73370001,73470000,1,2,2,0,3,1
chr10,73470001,73570000,3,1,0,0,1,1
chr10,73570001,73670000,1,3,4,2,1,1
chr10,73670001,73770000,3,0,3,1,3,0
chr10,73770001,73870000,4,2,0,1,1,0
chr10,73870001,73970000,3,2,1,1,3,0
chr10,73970001,74070000,5,2,0,1,1,0
chr10,74070001,74170000,2,3,2,2,1,0
chr10,74170001,74270000,1,1,0,1,0,1
chr10,74270001,74370000,3,3,2,3,0,1
chr10,74370001,74470000,1,2,0,2,1,1
chr10,74470001,74570000,3,4,0,4,3,0
chr10,74570001,74670000,1,0,1,3,1,2
chr10,74670001,74770000,2,0,2,3,0,0
chr10,74770001,74870000,2,1,0,5,0,0
chr10,74870001,74970000,3,0,1,3,3,1
chr10,74970001,75070000,3,2,2,2,0,0
chr10,75070001,75170000,3,1,1,3,0,3
chr10,75170001,75270000,4,1,0,2,5,0
chr10,75270001,75370000,2,2,3,3,0,1
chr10,75370001,75470000,2,0,0,2,2,1
chr10,75470001,75570000,3,3,2,1,2,1
chr10,75570001,75670000,1,2,0,0,1,0
chr10,75670001,75770000,3,1,1,2,1,0
chr10,75770001,75870000,3,0,0,4,1,0
chr10,75870001,75970000,2,0,0,4,2,2
chr10,75970001,76070000,4,2,3,3,4,0
chr10,76070001,76170000,2,1,2,4,3,0
chr10,76170001,76270000,3,1,1,3,1,1
chr10,76270001,76370000,1,2,3,3,2,2
chr10,76370001,76470000,4,1,1,4,3,0
chr10,76470001,76570000,4,0,2,4,2,0
chr10,76570001,76670000,1,1,3,3,2,0
chr10,76670001,76770000,2,4,1,5,4,0
chr10,76770001,76870000,6,1,1,5,1,1
chr10,76870001,76970000,2,3,1,0,2,0
chr10,76970001,77070000,4,6,1,1,4,0
chr10,77070001,77170000,1,2,2,3,4,0
chr10,77170001,77270000,0,1,0,1,0,1
chr10,77270001,77370000,4,2,1,5,1,0
chr10,77370001,77470000,3,2,0,4,1,0
chr10,77470001,77570000,2,1,2,2,2,1
chr10,77570001,77670000,4,0,1,1,4,0
chr10,77670001,77770000,1,0,3,5,3,0
chr10,77770001,77870000,6,0,0,2,4,0
chr10,77870001,77970000,4,0,5,3,0,1
chr10,77970001,78070000,2,2,5,6,3,0
chr10,78070001,78170000,2,1,2,8,0,1
chr10,78170001,78270000,1,1,2,5,0,1
chr10,78270001,78370000,4,2,3,4,2,1
chr10,78370001,78470000,2,2,3,9,0,0
chr10,78470001,78570000,6,3,3,10,5,3
chr10,78570001,78670000,3,3,3,5,1,0
chr10,78670001,78770000,1,5,1,3,2,0
chr10,78770001,78870000,5,2,1,8,2,0
chr10,78870001,78970000,4,2,1,4,0,0
chr10,78970001,79070000,3,1,3,5,1,0
chr10,79070001,79170000,3,4,4,5,2,0
chr10,79170001,79270000,3,2,0,9,1,1
chr10,79270001,79370000,2,3,0,2,1,0
chr10,79370001,79470000,3,2,5,2,0,0
chr10,79470001,79570000,2,0,5,2,2,1
chr10,79570001,79670000,5,3,1,2,1,1
chr10,79670001,79770000,4,0,1,4,3,0
chr10,79770001,79870000,4,3,1,2,1,1
chr10,79870001,79970000,4,0,3,2,1,0
chr10,79970001,80070000,1,5,3,1,1,1
chr10,80070001,80170000,2,1,1,1,0,0
chr10,80170001,80270000,2,0,2,3,2,1
chr10,80270001,80370000,3,3,1,1,3,0
chr10,80370001,80470000,2,0,2,1,0,1
chr10,80470001,80570000,3,3,0,0,1,0
chr10,80570001,80670000,1,2,1,2,0,3
chr10,80670001,80770000,1,2,1,2,0,1
chr10,80770001,80870000,1,1,2,2,2,0
chr10,80870001,80970000,3,2,2,1,1,0
chr10,80970001,81070000,3,2,0,1,2,0
chr10,81070001,81170000,1,2,0,2,3,0
chr10,81170001,81270000,3,2,2,3,1,0
chr10,81270001,81370000,2,4,5,4,2,2
chr10,81370001,81470000,0,1,2,1,2,0
chr10,81470001,81570000,2,1,1,1,1,0
chr10,81570001,81670000,4,1,1,5,3,0
chr10,81670001,81770000,1,2,3,7,0,0
chr10,81770001,81870000,6,2,2,3,1,0
chr10,81870001,81970000,5,1,1,3,1,0
chr10,81970001,82070000,1,3,1,2,4,0
chr10,82070001,82170000,5,5,2,4,3,1
chr10,82170001,82270000,2,2,1,0,1,0
chr10,82270001,82370000,0,0,5,2,1,0
chr10,82370001,82470000,2,5,1,5,4,0
chr10,82470001,82570000,4,6,3,5,1,0
chr10,82570001,82670000,4,6,3,4,0,3
chr10,82670001,82770000,2,7,1,12,2,2
chr10,82770001,82870000,2,8,3,8,1,2
chr10,82870001,82970000,5,4,7,11,0,1
chr10,82970001,83070000,4,5,6,12,7,1
chr10,83070001,83170000,4,7,7,21,1,1
chr10,83170001,83270000,7,14,3,10,6,1
chr10,83270001,83370000,4,10,3,13,1,0
chr10,83370001,83470000,6,7,6,13,4,1
chr10,83470001,83570000,4,14,4,13,3,2
chr10,83570001,83670000,5,6,6,6,4,1
chr10,83670001,83770000,3,10,7,17,6,0
chr10,83770001,83870000,5,7,1,17,1,0
chr10,83870001,83970000,5,7,7,15,7,0
chr10,83970001,84070000,2,4,11,6,3,2
chr10,84070001,84170000,5,5,2,13,0,2
chr10,84170001,84270000,1,3,6,10,2,1
chr10,84270001,84370000,2,6,10,17,1,1
chr10,84370001,84470000,2,8,6,10,0,1
chr10,84470001,84570000,4,5,1,9,2,1
chr10,84570001,84670000,2,3,11,6,2,0
chr10,84670001,84770000,1,8,12,10,1,1
chr10,84770001,84870000,1,6,4,12,3,1
chr10,84870001,84970000,3,6,6,13,2,2
chr10,84970001,85070000,1,4,3,12,6,1
chr10,85070001,85170000,1,6,4,16,1,1
chr10,85170001,85270000,3,4,8,14,3,4
chr10,85270001,85370000,2,6,7,18,1,2
chr10,85370001,85470000,4,2,3,12,3,0
chr10,85470001,85570000,2,4,9,13,3,1
chr10,85570001,85670000,3,1,0,6,1,2
chr10,85670001,85770000,1,6,1,3,1,1
chr10,85770001,85870000,4,2,3,4,1,0
chr10,85870001,85970000,2,3,0,3,2,0
chr10,85970001,86070000,2,5,1,3,1,0
chr10,86070001,86170000,1,2,1,0,1,0
chr10,86170001,86270000,4,4,3,4,4,3
chr10,86270001,86370000,3,1,2,2,0,2
chr10,86370001,86470000,5,3,2,1,5,4
chr10,86470001,86570000,3,3,3,2,1,0
chr10,86570001,86670000,5,7,4,9,1,2
chr10,86670001,86770000,1,5,3,11,2,0
chr10,86770001,86870000,1,5,3,7,5,2
chr10,86870001,86970000,2,1,2,9,3,2
chr10,86970001,87070000,5,3,2,8,3,5
chr10,87070001,87170000,2,1,3,7,1,2
chr10,87170001,87270000,2,3,3,5,2,1
chr10,87270001,87370000,4,5,2,10,3,0
chr10,87370001,87470000,4,5,1,5,3,0
chr10,87470001,87570000,2,7,4,6,1,1
chr10,87570001,87670000,3,3,2,5,3,0
chr10,87670001,87770000,2,2,3,6,0,0
chr10,87770001,87870000,3,5,8,3,2,1
chr10,87870001,87970000,3,0,1,3,3,0
chr10,87970001,88070000,3,3,1,2,2,2
chr10,88070001,88170000,1,0,1,1,2,2
chr10,88170001,88270000,3,2,2,2,2,0
chr10,88270001,88370000,4,0,0,3,0,0
chr10,88370001,88470000,4,1,1,0,0,0
chr10,88470001,88570000,1,2,0,1,1,0
chr10,88570001,88670000,3,0,1,1,1,1
chr10,88670001,88770000,2,0,0,2,3,0
chr10,88770001,88870000,2,3,2,2,3,0
chr10,88870001,88970000,1,3,1,3,4,1
chr10,88970001,89070000,1,1,0,2,1,0
chr10,89070001,89170000,0,1,0,3,1,0
chr10,89170001,89270000,1,0,2,3,1,1
chr10,89270001,89370000,5,4,0,3,1,0
chr10,89370001,89470000,0,0,1,1,3,1
chr10,89470001,89570000,2,0,4,3,1,1
chr10,89570001,89670000,3,1,0,2,8,0
chr10,89670001,89770000,5,1,2,6,4,3
chr10,89770001,89870000,4,0,2,1,1,0
chr10,89870001,89970000,3,2,3,5,0,0
chr10,89970001,90070000,4,0,1,2,3,1
chr10,90070001,90170000,4,5,1,3,0,0
chr10,90170001,90270000,2,2,2,2,2,1
chr10,90270001,90370000,1,0,3,4,2,0
chr10,90370001,90470000,5,1,1,14,1,0
chr10,90470001,90570000,4,3,2,3,2,1
chr10,90570001,90670000,0,2,2,7,0,0
chr10,90670001,90770000,2,0,1,3,2,0
chr10,90770001,90870000,7,2,1,2,0,0
chr10,90870001,90970000,2,5,3,2,4,1
chr10,90970001,91070000,2,4,2,1,1,0
chr10,91070001,91170000,2,0,1,3,2,2
chr10,91170001,91270000,2,1,2,4,0,0
chr10,91270001,91370000,4,2,1,4,2,0
chr10,91370001,91470000,2,3,2,1,4,1
chr10,91470001,91570000,4,4,3,5,1,0
chr10,91570001,91670000,3,2,1,4,8,2
chr10,91670001,91770000,4,3,6,7,2,4
chr10,91770001,91870000,2,3,4,4,3,0
chr10,91870001,91970000,3,2,0,8,1,1
chr10,91970001,92070000,4,2,6,10,1,1
chr10,92070001,92170000,7,7,3,5,5,1
chr10,92170001,92270000,3,3,4,9,3,2
chr10,92270001,92370000,5,5,3,13,3,0
chr10,92370001,92470000,3,1,3,7,4,1
chr10,92470001,92570000,1,2,6,9,1,1
chr10,92570001,92670000,2,2,0,8,0,0
chr10,92670001,92770000,1,2,4,6,2,0
chr10,92770001,92870000,2,0,2,9,1,0
chr10,92870001,92970000,1,1,5,1,1,1
chr10,92970001,93070000,1,2,0,4,0,0
chr10,93070001,93170000,1,2,2,3,2,0
chr10,93170001,93270000,3,2,3,6,2,0
chr10,93270001,93370000,2,2,3,5,2,0
chr10,93370001,93470000,5,1,3,4,1,0
chr10,93470001,93570000,1,1,2,5,0,1
chr10,93570001,93670000,2,0,0,1,2,1
chr10,93670001,93770000,4,1,1,3,2,1
chr10,93770001,93870000,6,0,2,5,1,0
chr10,93870001,93970000,3,4,2,1,3,2
chr10,93970001,94070000,2,2,1,1,3,0
chr10,94070001,94170000,3,4,3,2,5,0
chr10,94170001,94270000,2,1,1,3,3,3
chr10,94270001,94370000,1,2,1,5,2,1
chr10,94370001,94470000,3,1,2,2,0,0
chr10,94470001,94570000,0,0,3,4,1,0
chr10,94570001,94670000,3,3,0,0,3,2
chr10,94670001,94770000,1,1,2,1,1,0
chr10,94770001,94870000,3,1,0,2,0,0
chr10,94870001,94970000,2,1,3,1,0,2
chr10,94970001,95070000,1,4,2,1,3,1
chr10,95070001,95170000,2,0,0,1,1,1
chr10,95170001,95270000,3,2,2,1,2,0
chr10,95270001,95370000,4,0,2,3,1,0
chr10,95370001,95470000,1,5,1,5,1,2
chr10,95470001,95570000,1,2,3,2,1,0
chr10,95570001,95670000,2,2,1,1,3,1
chr10,95670001,95770000,1,1,1,3,1,0
chr10,95770001,95870000,2,2,2,2,1,1
chr10,95870001,95970000,2,2,1,1,0,1
chr10,95970001,96070000,3,1,2,2,0,1
chr10,96070001,96170000,1,2,1,2,1,0
chr10,96170001,96270000,0,3,2,2,1,0
chr10,96270001,96370000,0,2,0,2,2,0
chr10,96370001,96470000,2,6,0,3,2,1
chr10,96470001,96570000,2,4,4,1,1,3
chr10,96570001,96670000,3,2,1,1,3,0
chr10,96670001,96770000,6,2,2,2,1,0
chr10,96770001,96870000,4,3,4,0,2,3
chr10,96870001,96970000,5,1,1,1,2,0
chr10,96970001,97070000,2,0,0,3,0,2
chr10,97070001,97170000,0,1,0,3,1,1
chr10,97170001,97270000,1,2,0,4,2,1
chr10,97270001,97370000,1,4,0,1,3,0
chr10,97370001,97470000,2,0,2,5,0,0
chr10,97470001,97570000,2,1,0,4,1,0
chr10,97570001,97670000,4,3,2,0,1,0
chr10,97670001,97770000,2,4,1,5,1,0
chr10,97770001,97870000,1,2,0,3,0,0
chr10,97870001,97970000,2,3,3,2,3,0
chr10,97970001,98070000,3,4,2,0,2,2
chr10,98070001,98170000,2,3,1,2,2,0
chr10,98170001,98270000,1,2,1,3,1,0
chr10,98270001,98370000,1,2,3,5,3,1
chr10,98370001,98470000,2,1,0,1,1,0
chr10,98470001,98580000,4,4,3,3,0,0
chr10,98580001,98680000,2,2,1,7,3,0
chr10,98680001,98780000,2,2,2,1,2,0
chr10,98780001,98880000,4,1,0,3,2,0
chr10,98880001,98980000,0,5,1,4,0,0
chr10,98980001,99080000,3,2,3,5,2,2
chr10,99080001,99180000,4,2,2,0,2,0
chr10,99180001,99280000,6,0,1,0,2,0
chr10,99280001,99380000,5,0,1,4,2,0
chr10,99380001,99480000,2,2,2,1,2,0
chr10,99480001,99580000,1,2,2,1,0,0
chr10,99580001,99680000,1,0,1,3,1,0
chr10,99680001,99780000,2,4,4,7,2,0
chr10,99780001,99880000,5,0,2,5,2,0
chr10,99880001,99980000,2,1,2,3,2,0
chr10,99980001,100080000,4,0,1,1,0,1
chr10,100080001,100180000,2,1,3,0,1,0
chr10,100180001,100280000,4,5,3,2,0,0
chr10,100280001,100380000,2,0,1,2,1,1
chr10,100380001,100480000,4,4,5,4,1,1
chr10,100480001,100580000,1,1,5,10,2,1
chr10,100580001,100680000,3,6,3,7,1,0
chr10,100680001,100780000,4,3,4,9,0,1
chr10,100780001,100880000,5,3,3,11,0,3
chr10,100880001,100980000,2,2,5,8,6,1
chr10,100980001,101080000,2,3,0,7,0,0
chr10,101080001,101180000,6,1,2,2,0,0
chr10,101180001,101280000,3,1,3,4,2,0
chr10,101280001,101380000,3,3,3,3,0,0
chr10,101380001,101480000,1,1,1,3,1,1
chr10,101480001,101580000,2,2,1,4,0,0
chr10,101580001,101680000,3,5,0,4,1,1
chr10,101680001,101780000,2,1,1,1,1,0
chr10,101780001,101880000,1,1,4,1,2,1
chr10,101880001,101980000,1,1,1,4,4,0
chr10,101980001,102080000,4,3,0,1,1,0
chr10,102080001,102180000,2,1,1,3,1,0
chr10,102180001,102280000,3,1,1,3,4,0
chr10,102280001,102380000,1,2,0,4,0,0
chr10,102380001,102480000,3,1,1,3,0,1
chr10,102480001,102580000,4,8,4,3,2,1
chr10,102580001,102680000,3,0,1,2,2,1
chr10,102680001,102780000,1,1,2,5,2,0
chr10,102780001,102880000,1,5,2,1,2,0
chr10,102880001,102980000,0,5,4,3,3,1
chr10,102980001,103080000,4,2,0,3,1,2
chr10,103080001,103180000,2,1,1,3,4,0
chr10,103180001,103280000,4,0,3,3,1,1
chr10,103280001,103380000,0,2,0,2,4,1
chr10,103380001,103480000,4,0,1,2,2,1
chr10,103480001,103580000,5,0,2,2,1,0
chr10,103580001,103680000,1,0,1,2,1,0
chr10,103680001,103780000,1,3,1,1,3,0
chr10,103780001,103880000,2,2,1,3,2,0
chr10,103880001,103980000,0,2,1,2,0,1
chr10,103980001,104080000,6,1,0,5,1,0
chr10,104080001,104180000,4,2,1,2,0,0
chr10,104180001,104280000,0,0,2,0,0,1
chr10,104280001,104380000,2,0,1,2,2,0
chr10,104380001,104480000,3,3,1,2,1,0
chr10,104480001,104580000,4,2,0,2,0,2
chr10,104580001,104680000,1,1,2,1,1,0
chr10,104680001,104780000,1,0,0,2,0,1
chr10,104780001,104880000,2,0,0,3,1,0
chr10,104880001,104980000,4,1,0,0,2,1
chr10,104980001,105080000,4,1,2,2,5,0
chr10,105080001,105180000,2,3,2,1,1,0
chr10,105180001,105280000,2,1,1,2,0,1
chr10,105280001,105380000,1,2,0,1,1,0
chr10,105380001,105480000,0,2,0,3,0,2
chr10,105480001,105580000,3,2,0,1,2,0
chr10,105580001,105680000,1,0,1,2,0,0
chr10,105680001,105780000,1,4,4,0,0,0
chr10,105780001,105880000,5,1,0,1,2,0
chr10,105880001,105980000,3,4,2,4,0,0
chr10,105980001,106080000,1,0,1,4,2,0
chr10,106080001,106180000,2,1,5,7,3,1
chr10,106180001,106280000,2,1,3,7,1,1
chr10,106280001,106380000,2,5,2,7,1,2
chr10,106380001,106480000,3,7,6,13,3,4
chr10,106480001,106580000,6,5,5,6,3,2
chr10,106580001,106680000,5,6,1,5,1,1
chr10,106680001,106780000,3,5,4,10,3,0
chr10,106780001,106880000,4,5,1,9,2,1
chr10,106880001,106980000,1,5,5,5,2,1
chr10,106980001,107080000,8,5,6,8,3,2
chr10,107080001,107180000,0,3,4,15,2,0
chr10,107180001,107280000,4,6,1,7,1,2
chr10,107280001,107380000,2,2,2,9,7,0
chr10,107380001,107480000,1,6,1,7,2,1
chr10,107480001,107580000,3,3,4,6,2,1
chr10,107580001,107680000,5,10,4,10,6,1
chr10,107680001,107780000,8,6,3,8,2,1
chr10,107780001,107880000,1,8,4,8,3,0
chr10,107880001,107980000,1,4,3,5,6,3
chr10,107980001,108080000,1,12,4,12,7,1
chr10,108080001,108180000,1,7,4,10,2,1
chr10,108180001,108280000,7,8,2,10,9,0
chr10,108280001,108380000,6,6,7,9,0,1
chr10,108380001,108480000,1,5,1,7,3,0
chr10,108480001,108580000,2,8,2,3,4,0
chr10,108580001,108680000,1,11,2,12,2,2
chr10,108680001,108780000,2,7,7,11,7,1
chr10,108780001,108880000,11,6,1,20,2,0
chr10,108880001,108980000,2,2,4,13,7,0
chr10,108980001,109080000,3,10,3,9,5,1
chr10,109080001,109180000,2,5,1,12,6,2
chr10,109180001,109280000,10,7,3,16,5,0
chr10,109280001,109380000,1,1,4,15,6,1
chr10,109380001,109480000,2,4,3,7,3,2
chr10,109480001,109580000,5,5,0,11,6,1
chr10,109580001,109680000,3,6,2,9,3,1
chr10,109680001,109780000,3,11,5,9,2,1
chr10,109780001,109880000,1,8,5,7,6,1
chr10,109880001,109980000,3,7,3,10,8,1
chr10,109980001,110080000,4,11,3,8,4,0
chr10,110080001,110180000,2,6,4,17,2,1
chr10,110180001,110280000,4,7,1,12,4,2
chr10,110280001,110380000,1,8,4,6,3,0
chr10,110380001,110480000,2,4,4,13,5,0
chr10,110480001,110580000,2,10,2,11,4,2
chr10,110580001,110680000,5,4,3,12,5,1
chr10,110680001,110780000,4,8,2,8,3,1
chr10,110780001,110880000,1,6,5,11,3,1
chr10,110880001,110980000,5,4,2,4,8,1
chr10,110980001,111080000,1,4,2,10,4,0
chr10,111080001,111180000,1,5,2,10,3,1
chr10,111180001,111280000,1,9,3,12,1,1
chr10,111280001,111380000,5,7,2,4,3,0
chr10,111380001,111480000,1,5,0,8,2,0
chr10,111480001,111580000,2,1,2,8,1,1
chr10,111580001,111680000,2,3,1,5,2,2
chr10,111680001,111780000,1,3,1,3,1,0
chr10,111780001,111880000,0,1,2,1,1,0
chr10,111880001,111980000,3,3,2,2,1,0
chr10,111980001,112080000,1,1,0,1,0,1
chr10,112080001,112180000,3,2,1,1,1,0
chr10,112180001,112280000,2,4,1,2,1,0
chr10,112280001,112380000,3,2,2,3,2,0
chr10,112380001,112480000,5,5,3,0,4,0
chr10,112480001,112580000,3,0,1,4,1,1
chr10,112580001,112680000,1,1,2,1,1,0
chr10,112680001,112780000,2,1,3,4,3,1
chr10,112780001,112880000,0,2,4,5,1,1
chr10,112880001,112980000,0,4,0,2,2,0
chr10,112980001,113080000,3,6,0,7,2,2
chr10,113080001,113180000,3,4,2,4,3,1
chr10,113180001,113280000,3,4,2,3,0,0
chr10,113280001,113380000,2,3,2,6,1,2
chr10,113380001,113480000,3,6,1,5,2,0
chr10,113480001,113580000,2,8,5,5,2,0
chr10,113580001,113680000,2,4,1,10,2,0
chr10,113680001,113780000,4,5,2,3,2,0
chr10,113780001,113880000,0,6,2,4,1,1
chr10,113880001,113980000,2,1,3,1,3,0
chr10,113980001,114080000,4,2,4,2,4,1
chr10,114080001,114180000,2,3,0,1,1,1
chr10,114180001,114280000,4,5,0,1,0,1
chr10,114280001,114380000,4,1,0,4,5,0
chr10,114380001,114480000,1,1,2,1,0,0
chr10,114480001,114580000,7,0,1,3,1,0
chr10,114580001,114680000,2,1,1,1,4,0
chr10,114680001,114780000,2,2,3,6,2,1
chr10,114780001,114880000,4,4,0,4,0,2
chr10,114880001,114980000,1,3,3,3,2,1
chr10,114980001,115080000,3,3,1,6,0,0
chr10,115080001,115180000,4,2,6,5,1,0
chr10,115180001,115280000,2,0,0,2,1,0
chr10,115280001,115380000,1,1,1,4,0,0
chr10,115380001,115480000,0,2,0,2,2,0
chr10,115480001,115580000,5,1,3,2,1,1
chr10,115580001,115680000,0,2,0,3,2,2
chr10,115680001,115780000,2,3,1,1,0,0
chr10,115780001,115880000,5,0,3,3,3,0
chr10,115880001,115980000,0,4,0,1,1,1
chr10,115980001,116080000,0,1,1,0,2,0
chr10,116080001,116180000,3,1,0,2,2,1
chr10,116180001,116280000,1,1,2,1,4,0
chr10,116280001,116380000,2,3,1,2,1,2
chr10,116380001,116480000,1,2,2,1,2,0
chr10,116480001,116580000,3,0,3,2,6,0
chr10,116580001,116680000,4,5,3,3,1,0
chr10,116680001,116780000,5,2,1,4,2,1
chr10,116780001,116880000,2,4,0,10,0,2
chr10,116880001,116980000,8,5,5,11,2,1
chr10,116980001,117080000,4,5,4,5,1,0
chr10,117080001,117180000,5,2,3,9,5,0
chr10,117180001,117280000,3,2,4,12,1,1
chr10,117280001,117380000,3,1,6,5,2,0
chr10,117380001,117480000,3,2,6,14,0,1
chr10,117480001,117580000,1,2,7,4,1,0
chr10,117580001,117680000,4,8,4,6,2,0
chr10,117680001,117780000,4,5,3,4,2,2
chr10,117780001,117880000,3,5,3,7,2,0
chr10,117880001,117980000,4,4,2,5,3,0
chr10,117980001,118080000,1,4,2,4,2,0
chr10,118080001,118180000,4,3,2,5,0,2
chr10,118180001,118280000,6,4,3,5,3,2
chr10,118280001,118380000,11,4,0,3,4,1
chr10,118380001,118480000,3,4,1,1,2,0
chr10,118480001,118580000,1,4,1,1,3,0
chr10,118580001,118680000,2,1,1,5,2,0
chr10,118680001,118780000,3,1,5,7,3,0
chr10,118780001,118880000,1,6,4,5,2,0
chr10,118880001,118980000,3,2,0,4,2,2
chr10,118980001,119080000,2,7,2,4,1,0
chr10,119080001,119180000,2,4,2,5,4,1
chr10,119180001,119280000,0,2,4,2,2,0
chr10,119280001,119380000,3,1,2,8,3,1
chr10,119380001,119480000,3,3,1,5,4,2
chr10,119480001,119580000,2,5,1,3,1,0
chr10,119580001,119680000,2,7,6,7,0,0
chr10,119680001,119780000,2,1,2,3,1,3
chr10,119780001,119880000,0,2,5,3,1,2
chr10,119880001,119980000,1,4,0,5,3,1
chr10,119980001,120080000,0,3,1,3,3,0
chr10,120080001,120180000,1,4,0,3,0,0
chr10,120180001,120280000,1,2,3,4,2,0
chr10,120280001,120380000,3,5,3,1,3,1
chr10,120380001,120480000,0,6,2,2,1,0
chr10,120480001,120580000,3,4,1,3,0,0
chr10,120580001,120680000,3,3,4,2,1,2
chr10,120680001,120780000,1,1,3,2,1,0
chr10,120780001,120880000,5,1,1,2,2,0
chr10,120880001,120980000,0,1,0,1,0,1
chr10,120980001,121080000,3,1,2,2,2,1
chr10,121080001,121180000,1,1,0,3,0,0
chr10,121180001,121280000,0,2,2,1,1,0
chr10,121280001,121380000,3,4,3,2,1,3
chr10,121380001,121480000,2,3,1,3,0,1
chr10,121480001,121580000,3,1,1,0,0,5
chr10,121580001,121680000,0,2,1,2,2,1
chr10,121680001,121780000,2,1,2,4,1,0
chr10,121780001,121880000,1,4,4,6,2,0
chr10,121880001,121980000,0,3,2,16,3,1
chr10,121980001,122080000,5,1,4,3,1,1
chr10,122080001,122180000,5,1,2,8,2,0
chr10,122180001,122280000,2,2,1,11,1,0
chr10,122280001,122380000,1,4,3,6,4,0
chr10,122380001,122480000,4,1,1,1,4,0
chr10,122480001,122580000,4,2,3,5,3,1
chr10,122580001,122680000,3,0,4,5,2,1
chr10,122680001,122780000,3,1,0,2,1,0
chr10,122780001,122880000,1,1,2,0,2,1
chr10,122880001,122980000,1,0,2,3,4,0
chr10,122980001,123080000,2,0,0,4,1,0
chr10,123080001,123180000,0,1,0,2,3,0
chr10,123180001,123280000,3,4,0,1,0,2
chr10,123280001,123380000,1,1,0,2,3,0
chr10,123380001,123480000,0,0,4,2,3,0
chr10,123480001,123580000,3,3,1,0,2,2
chr10,123580001,123680000,0,1,3,1,0,1
chr10,123680001,123780000,1,2,0,4,1,1
chr10,123780001,123880000,0,1,1,3,4,1
chr10,123880001,123980000,0,1,0,1,1,0
chr10,123980001,124080000,6,2,0,1,2,1
chr10,124080001,124180000,0,3,1,3,2,0
chr10,124180001,124280000,4,1,1,1,1,1
chr10,124280001,124380000,3,0,1,4,1,0
chr10,124380001,124480000,2,3,2,1,2,1
chr10,124480001,124580000,2,6,4,2,3,3
chr10,124580001,124680000,3,2,1,5,1,1
chr10,124680001,124780000,3,2,3,3,2,0
chr10,124780001,124880000,4,3,2,3,3,3
chr10,124880001,124980000,3,1,1,2,0,0
chr10,124980001,125080000,3,2,3,5,0,0
chr10,125080001,125180000,5,3,2,6,0,0
chr10,125180001,125280000,1,1,3,3,0,1
chr10,125280001,125380000,2,3,1,2,5,0
chr10,125380001,125480000,5,1,1,3,0,0
chr10,125480001,125580000,1,4,1,11,4,1
chr10,125580001,125680000,4,3,2,5,2,1
chr10,125680001,125780000,2,3,3,2,1,2
chr10,125780001,125880000,9,0,1,2,1,0
chr10,125880001,125980000,1,0,0,5,0,0
chr10,125980001,126080000,1,0,0,4,0,0
chr10,126080001,126180000,1,3,0,1,3,0
chr10,126180001,126280000,2,4,0,4,1,0
chr10,126280001,126380000,0,1,0,0,1,1
chr10,126380001,126480000,2,3,0,2,0,0
chr10,126480001,126580000,1,2,1,3,0,1
chr10,126580001,126680000,5,0,2,2,4,1
chr10,126680001,126780000,4,5,4,2,1,1
chr10,126780001,126880000,3,1,2,3,1,0
chr10,126880001,126980000,4,8,4,6,1,2
chr10,126980001,127080000,1,3,1,2,2,0
chr10,127080001,127180000,1,3,4,3,1,1
chr10,127180001,127280000,5,3,2,1,2,1
chr10,127280001,127380000,2,0,2,2,0,1
chr10,127380001,127480000,3,2,2,6,1,0
chr10,127480001,127580000,6,0,1,0,2,0
chr10,127580001,127680000,2,3,1,5,1,0
chr10,127680001,127780000,6,3,3,1,1,1
chr10,127780001,127880000,0,7,1,4,2,1
chr10,127880001,127980000,3,3,1,6,0,0
chr10,127980001,128080000,2,3,1,9,2,0
chr10,128080001,128180000,4,5,2,2,1,1
chr10,128180001,128280000,3,1,1,6,1,2
chr10,128280001,128380000,2,4,4,3,0,1
chr10,128380001,128480000,5,2,2,5,2,1
chr10,128480001,128580000,0,3,1,4,2,0
chr10,128580001,128680000,0,2,0,1,1,0
chr10,128680001,128780000,0,1,0,0,0,0
chr10,128780001,128880000,1,6,1,6,0,0
chr10,128880001,128980000,1,2,1,2,2,0
chr10,128980001,129080000,5,2,5,4,5,0
chr10,129080001,129180000,1,1,1,4,1,2
chr10,129180001,129280000,2,5,0,4,1,0
chr10,129280001,129380000,0,2,2,3,4,1
chr10,129380001,129480000,5,2,3,9,6,0
chr10,129480001,129580000,3,0,0,8,2,0
chr10,129580001,129680000,2,0,1,2,1,2
chr10,129680001,129780000,5,3,0,3,1,1
chr10,129780001,129880000,1,2,1,2,2,0
chr10,129880001,129980000,2,2,0,5,3,2
chr10,129980001,130080000,1,5,4,5,0,1
chr10,130080001,130180000,2,3,4,7,2,0
chr10,130180001,130280000,4,3,3,7,0,1
chr10,130280001,130380000,4,3,1,5,1,1
chr10,130380001,130480000,0,4,1,7,0,0
chr10,130480001,130580000,6,9,3,7,2,0
chr10,130580001,130680000,6,6,3,4,2,2
chr10,130680001,130780000,3,5,1,6,3,1
chr10,130780001,130880000,3,9,2,4,3,3
chr10,130880001,130980000,5,5,5,15,2,3
chr10,130980001,131080000,2,2,4,7,2,3
chr10,131080001,131180000,3,8,1,4,1,1
chr10,131180001,131280000,5,6,2,4,1,0
chr10,131280001,131380000,1,2,0,1,0,1
chr10,131380001,131480000,4,0,1,8,0,0
chr10,131480001,131580000,2,2,1,2,0,0
chr10,131580001,131680000,0,4,2,7,2,0
chr10,131680001,131780000,5,1,2,2,4,1
chr10,131780001,131880000,1,2,3,2,1,1
chr10,131880001,131980000,2,1,2,4,2,0
chr10,131980001,132080000,2,2,2,4,5,2
chr10,132080001,132180000,2,4,1,8,2,1
chr10,132180001,132280000,2,1,0,1,1,2
chr10,132280001,132380000,1,6,2,4,1,0
chr10,132380001,132480000,10,5,3,10,2,0
chr10,132480001,132580000,3,2,6,7,3,0
chr10,132580001,132680000,0,4,4,5,0,0
chr10,132680001,132780000,1,3,3,4,0,0
chr10,132780001,132880000,2,3,2,4,1,0
chr10,132880001,132980000,4,8,3,4,1,1
chr10,132980001,133080000,4,4,2,5,1,3
chr10,133080001,133180000,0,3,4,9,4,0
chr10,133180001,133280000,2,4,2,6,0,2
chr10,133280001,133380000,6,3,1,12,4,1
chr10,133380001,133480000,4,3,0,2,1,0
chr10,133480001,133580000,2,3,2,2,1,0
chr10,133580001,133680000,2,4,1,4,2,0
chr10,133680001,133780000,0,2,0,2,1,0
chr10,133780001,133880000,1,1,2,6,1,0
chr10,133880001,133980000,1,0,0,4,0,0
chr10,133980001,134080000,1,4,0,3,0,0
chr10,134080001,134180000,1,1,1,0,0,1
chr10,134180001,134280000,1,2,3,3,1,0
chr10,134280001,134380000,4,1,1,1,0,0
chr10,134380001,134480000,2,0,0,1,1,0
chr10,134480001,134580000,0,2,0,0,1,1
chr10,134580001,134680000,0,2,2,0,1,0
chr10,134680001,134780000,4,2,0,2,3,0
chr10,134780001,134880000,4,3,1,2,0,0
chr10,134880001,134980000,0,1,0,2,1,2
chr10,134980001,135080000,2,2,1,3,0,0
chr10,135080001,135180000,1,2,0,2,0,1
chr10,135180001,135280000,3,1,3,2,0,0
chr10,135280001,135380000,3,5,0,0,2,1
chr11,200001,300000,4,1,3,4,1,0
chr11,300001,400000,0,1,1,2,1,1
chr11,400001,500000,5,2,0,1,1,0
chr11,500001,610000,1,1,1,0,1,0
chr11,610001,710000,1,1,1,1,1,4
chr11,710001,810000,3,2,0,2,0,2
chr11,810001,910000,1,2,0,0,0,0
chr11,910001,1030000,3,3,0,6,2,0
chr11,1030001,1230000,1,5,0,7,1,1
chr11,1230001,1330000,3,6,1,2,1,0
chr11,1330001,1430000,2,0,1,4,0,1
chr11,1430001,1530000,5,3,0,2,1,0
chr11,1530001,1630000,1,1,1,1,0,2
chr11,1630001,1730000,3,4,0,0,2,0
chr11,1730001,1830000,0,5,2,1,2,0
chr11,1830001,1930000,1,4,0,3,0,0
chr11,1930001,2030000,0,2,0,2,1,0
chr11,2030001,2130000,2,2,2,3,2,0
chr11,2130001,2230000,3,5,0,1,1,0
chr11,2230001,2330000,4,3,1,2,0,2
chr11,2330001,2430000,4,2,0,2,2,1
chr11,2430001,2530000,2,3,2,1,2,0
chr11,2530001,2630000,1,0,1,1,0,1
chr11,2630001,2730000,4,1,0,3,2,3
chr11,2730001,2830000,3,2,0,1,1,1
chr11,2830001,2930000,2,0,1,7,0,1
chr11,2930001,3030000,5,2,1,1,1,3
chr11,3030001,3130000,0,2,0,3,0,1
chr11,3130001,3230000,4,0,0,4,1,2
chr11,3230001,3330000,1,0,1,1,2,0
chr11,3330001,3430000,3,3,1,0,0,0
chr11,3430001,3530000,0,2,1,0,0,1
chr11,3530001,3630000,0,0,1,2,5,1
chr11,3630001,3740000,1,2,3,0,3,0
chr11,3740001,3840000,4,1,1,0,2,0
chr11,3840001,3940000,1,2,1,2,0,0
chr11,3940001,4040000,1,2,1,6,2,1
chr11,4040001,4140000,5,4,5,3,0,0
chr11,4140001,4240000,0,0,0,3,1,0
chr11,4240001,4340000,2,3,0,3,0,0
chr11,4340001,4440000,3,4,3,5,1,1
chr11,4440001,4540000,5,5,2,4,3,1
chr11,4540001,4640000,2,5,0,3,2,2
chr11,4640001,4740000,2,1,1,5,4,0
chr11,4740001,4840000,4,2,2,5,2,4
chr11,4840001,4940000,4,4,3,7,0,0
chr11,4940001,5040000,1,4,0,3,3,2
chr11,5040001,5140000,2,7,4,8,5,2
chr11,5140001,5240000,4,6,4,4,3,2
chr11,5240001,5340000,5,2,1,11,3,0
chr11,5340001,5440000,3,6,2,6,2,4
chr11,5440001,5540000,2,4,2,5,2,1
chr11,5540001,5640000,2,1,1,5,0,0
chr11,5640001,5740000,3,2,4,5,0,0
chr11,5740001,5840000,3,5,4,6,2,2
chr11,5840001,5940000,5,5,4,5,2,3
chr11,5940001,6040000,5,4,1,8,4,1
chr11,6040001,6140000,3,8,1,5,3,1
chr11,6140001,6240000,1,2,3,7,3,0
chr11,6240001,6340000,2,5,1,4,0,0
chr11,6340001,6440000,2,2,1,3,0,0
chr11,6440001,6540000,0,0,1,4,2,1
chr11,6540001,6640000,4,0,2,1,2,2
chr11,6640001,6740000,3,4,3,2,1,2
chr11,6740001,6850000,0,4,3,6,0,1
chr11,6850001,6950000,5,4,1,4,4,0
chr11,6950001,7050000,2,5,1,3,2,0
chr11,7050001,7150000,2,5,5,8,1,0
chr11,7150001,7250000,0,1,3,5,1,2
chr11,7250001,7350000,1,1,3,5,3,0
chr11,7350001,7450000,0,3,6,6,7,0
chr11,7450001,7550000,2,1,2,2,2,1
chr11,7550001,7650000,1,0,0,1,1,0
chr11,7650001,7750000,3,3,1,1,1,2
chr11,7750001,7850000,5,0,3,5,3,2
chr11,7850001,7950000,3,5,1,2,4,3
chr11,7950001,8050000,2,3,1,6,3,2
chr11,8050001,8150000,8,1,1,4,1,1
chr11,8150001,8250000,3,1,4,7,3,2
chr11,8250001,8350000,1,0,4,2,2,1
chr11,8350001,8450000,7,3,1,1,3,1
chr11,8450001,8550000,6,2,1,4,3,2
chr11,8550001,8650000,3,0,3,3,2,0
chr11,8650001,8750000,2,2,1,1,2,0
chr11,8750001,8850000,4,2,0,3,0,0
chr11,8850001,8950000,3,4,2,0,1,0
chr11,8950001,9050000,2,1,0,2,1,0
chr11,9050001,9150000,0,0,0,4,0,0
chr11,9150001,9250000,3,0,0,3,1,1
chr11,9250001,9350000,3,1,2,1,1,2
chr11,9350001,9450000,1,2,1,3,0,1
chr11,9450001,9550000,4,1,1,1,1,1
chr11,9550001,9650000,1,3,3,2,1,2
chr11,9650001,9750000,0,2,1,4,3,0
chr11,9750001,9850000,2,1,0,1,2,0
chr11,9850001,9950000,2,3,3,1,2,1
chr11,9950001,10050000,1,1,2,1,2,1
chr11,10050001,10150000,3,1,1,5,4,0
chr11,10150001,10250000,0,3,0,5,2,0
chr11,10250001,10350000,1,2,0,1,2,1
chr11,10350001,10450000,1,4,0,6,1,2
chr11,10450001,10570000,2,0,2,2,1,1
chr11,10570001,10670000,3,2,3,1,2,0
chr11,10670001,10770000,6,2,2,7,1,0
chr11,10770001,10870000,1,2,0,6,2,2
chr11,10870001,10970000,2,1,0,3,2,3
chr11,10970001,11070000,1,2,2,5,2,0
chr11,11070001,11170000,5,1,7,5,0,0
chr11,11170001,11280000,1,5,0,6,1,1
chr11,11280001,11380000,2,1,1,2,1,0
chr11,11380001,11480000,2,3,1,2,0,1
chr11,11480001,11580000,2,1,1,2,1,0
chr11,11580001,11680000,0,3,2,3,1,0
chr11,11680001,11780000,0,4,0,4,1,0
chr11,11780001,11880000,1,1,0,4,1,1
chr11,11880001,11980000,1,0,2,2,2,3
chr11,11980001,12080000,1,1,1,0,5,0
chr11,12080001,12180000,1,2,4,2,1,1
chr11,12180001,12280000,2,3,1,2,0,0
chr11,12280001,12380000,3,2,1,0,0,1
chr11,12380001,12480000,0,1,0,2,1,0
chr11,12480001,12580000,3,0,3,1,1,1
chr11,12580001,12680000,2,4,3,6,0,1
chr11,12680001,12780000,1,0,0,2,3,0
chr11,12780001,12880000,3,0,1,2,2,2
chr11,12880001,12980000,1,0,2,3,2,2
chr11,12980001,13080000,3,1,4,5,1,0
chr11,13080001,13180000,5,2,3,2,2,1
chr11,13180001,13280000,7,1,3,6,0,1
chr11,13280001,13380000,3,0,2,1,1,1
chr11,13380001,13480000,1,1,1,4,3,0
chr11,13480001,13580000,3,0,2,7,0,2
chr11,13580001,13680000,1,4,3,3,3,0
chr11,13680001,13780000,3,3,1,4,0,1
chr11,13780001,13880000,0,2,1,2,1,0
chr11,13880001,13980000,4,3,6,3,2,2
chr11,13980001,14080000,2,3,2,2,1,0
chr11,14080001,14180000,3,4,0,6,3,0
chr11,14180001,14280000,2,2,2,3,1,0
chr11,14280001,14380000,3,2,2,2,1,1
chr11,14380001,14480000,3,4,1,5,1,0
chr11,14480001,14580000,6,1,1,4,2,0
chr11,14580001,14680000,1,4,3,8,1,2
chr11,14680001,14780000,3,5,1,5,2,0
chr11,14780001,14880000,0,4,1,4,2,0
chr11,14880001,14980000,4,6,0,1,1,1
chr11,14980001,15080000,2,7,3,3,3,0
chr11,15080001,15180000,3,5,3,2,1,1
chr11,15180001,15280000,1,7,3,1,0,0
chr11,15280001,15380000,2,4,4,8,0,0
chr11,15380001,15480000,2,6,4,5,2,0
chr11,15480001,15580000,0,3,2,4,0,3
chr11,15580001,15680000,3,3,1,5,2,1
chr11,15680001,15780000,1,7,2,1,0,0
chr11,15780001,15880000,4,0,0,3,0,2
chr11,15880001,15980000,5,2,1,2,4,2
chr11,15980001,16080000,1,2,1,3,0,2
chr11,16080001,16180000,4,2,2,8,2,2
chr11,16180001,16280000,0,4,4,2,2,1
chr11,16280001,16380000,3,3,2,3,5,2
chr11,16380001,16480000,6,1,5,3,2,0
chr11,16480001,16580000,1,0,2,7,3,2
chr11,16580001,16680000,1,1,7,2,2,0
chr11,16680001,16780000,3,2,1,2,2,1
chr11,16780001,16880000,3,1,1,2,3,0
chr11,16880001,16980000,3,2,3,3,1,0
chr11,16980001,17080000,3,1,0,4,2,1
chr11,17080001,17180000,1,0,1,0,2,1
chr11,17180001,17280000,2,1,1,2,0,0
chr11,17280001,17380000,3,3,3,2,2,1
chr11,17380001,17480000,7,1,2,0,1,1
chr11,17480001,17580000,3,1,0,1,1,1
chr11,17580001,17680000,1,3,2,7,1,1
chr11,17680001,17780000,3,6,0,3,0,1
chr11,17780001,17880000,0,0,1,2,3,2
chr11,17880001,17980000,3,0,2,2,2,1
chr11,17980001,18080000,1,1,1,4,1,0
chr11,18080001,18180000,3,3,1,0,3,0
chr11,18180001,18280000,2,4,3,2,0,1
chr11,18280001,18380000,1,0,1,3,1,0
chr11,18380001,18480000,6,1,2,3,1,0
chr11,18480001,18580000,0,1,1,2,4,0
chr11,18580001,18680000,1,2,1,5,2,2
chr11,18680001,18780000,2,6,2,2,7,1
chr11,18780001,18880000,4,5,4,4,0,3
chr11,18880001,18980000,0,4,1,4,1,0
chr11,18980001,19080000,4,4,8,5,3,0
chr11,19080001,19180000,1,0,0,2,1,0
chr11,19180001,19280000,4,1,2,0,0,0
chr11,19280001,19380000,3,4,0,4,2,0
chr11,19380001,19480000,3,0,1,4,2,2
chr11,19480001,19580000,1,2,0,3,1,0
chr11,19580001,19680000,1,2,5,8,0,1
chr11,19680001,19780000,3,2,1,4,2,2
chr11,19780001,19880000,1,0,1,3,0,1
chr11,19880001,19980000,2,0,2,0,0,1
chr11,19980001,20080000,2,1,0,1,1,1
chr11,20080001,20180000,5,1,2,1,2,3
chr11,20180001,20280000,2,2,5,6,3,2
chr11,20280001,20380000,8,5,2,3,6,4
chr11,20380001,20480000,2,3,1,5,0,0
chr11,20480001,20580000,4,3,2,5,0,1
chr11,20580001,20680000,0,3,1,3,1,1
chr11,20680001,20780000,3,4,0,6,0,4
chr11,20780001,20880000,2,3,7,7,5,1
chr11,20880001,20980000,3,9,5,11,4,1
chr11,20980001,21080000,0,3,6,9,3,0
chr11,21080001,21180000,4,10,1,14,6,2
chr11,21180001,21280000,3,5,3,9,6,1
chr11,21280001,21380000,2,6,5,8,2,1
chr11,21380001,21480000,6,6,7,9,6,1
chr11,21480001,21580000,6,10,1,12,4,0
chr11,21580001,21680000,2,10,10,9,4,1
chr11,21680001,21780000,5,8,5,13,5,1
chr11,21780001,21880000,3,10,2,8,3,1
chr11,21880001,21980000,4,14,5,5,6,1
chr11,21980001,22080000,0,7,3,6,5,1
chr11,22080001,22180000,4,12,2,5,2,2
chr11,22180001,22280000,5,11,2,5,5,3
chr11,22280001,22380000,4,5,3,6,1,1
chr11,22380001,22480000,3,8,0,7,0,0
chr11,22480001,22580000,1,9,5,4,3,2
chr11,22580001,22680000,5,2,1,3,3,0
chr11,22680001,22780000,2,4,3,5,5,2
chr11,22780001,22880000,3,4,2,2,2,0
chr11,22880001,22980000,4,4,2,5,2,2
chr11,22980001,23080000,2,8,0,6,0,1
chr11,23080001,23180000,4,4,3,2,2,1
chr11,23180001,23280000,2,2,1,5,1,1
chr11,23280001,23380000,5,0,2,4,1,0
chr11,23380001,23480000,2,6,4,7,2,2
chr11,23480001,23580000,3,4,5,6,1,0
chr11,23580001,23680000,3,5,3,9,2,0
chr11,23680001,23780000,4,7,3,12,2,0
chr11,23780001,23880000,4,12,0,4,4,1
chr11,23880001,23980000,4,4,1,3,2,0
chr11,23980001,24080000,3,7,2,4,1,1
chr11,24080001,24180000,9,3,4,6,2,1
chr11,24180001,24280000,7,10,3,2,1,0
chr11,24280001,24380000,6,5,5,7,3,1
chr11,24380001,24480000,5,5,2,5,2,1
chr11,24480001,24580000,0,5,3,8,3,1
chr11,24580001,24680000,2,3,8,8,4,0
chr11,24680001,24780000,5,4,8,1,4,1
chr11,24780001,24880000,3,9,3,3,1,1
chr11,24880001,24980000,1,5,2,9,3,4
chr11,24980001,25080000,1,7,7,6,3,4
chr11,25080001,25180000,8,7,3,7,4,2
chr11,25180001,25280000,6,9,8,9,2,2
chr11,25280001,25380000,5,4,11,10,3,0
chr11,25380001,25480000,3,8,10,10,5,3
chr11,25480001,25580000,2,7,7,7,0,0
chr11,25580001,25680000,4,9,9,10,1,0
chr11,25680001,25780000,3,4,5,8,3,3
chr11,25780001,25880000,4,9,5,8,0,2
chr11,25880001,25980000,3,7,6,10,2,1
chr11,25980001,26080000,3,2,0,11,2,0
chr11,26080001,26180000,4,7,6,3,3,0
chr11,26180001,26280000,2,3,2,9,0,0
chr11,26280001,26380000,8,3,2,2,6,1
chr11,26380001,26480000,4,4,1,9,1,2
chr11,26480001,26580000,5,2,1,7,5,3
chr11,26580001,26680000,0,4,2,3,2,1
chr11,26680001,26780000,2,3,1,5,1,1
chr11,26780001,26880000,9,2,8,6,3,1
chr11,26880001,26980000,4,4,2,5,2,2
chr11,26980001,27080000,3,4,2,5,1,0
chr11,27080001,27180000,4,5,3,2,0,1
chr11,27180001,27280000,3,3,0,3,0,0
chr11,27280001,27380000,6,0,5,4,1,0
chr11,27380001,27480000,0,0,1,2,2,0
chr11,27480001,27580000,4,0,1,2,3,5
chr11,27580001,27680000,6,2,2,4,2,1
chr11,27680001,27780000,0,2,1,3,0,1
chr11,27780001,27880000,3,1,3,1,1,2
chr11,27880001,27980000,1,3,0,7,1,0
chr11,27980001,28080000,5,2,1,4,1,1
chr11,28080001,28180000,0,7,4,4,1,0
chr11,28180001,28280000,4,3,1,2,4,0
chr11,28280001,28380000,2,2,4,3,0,0
chr11,28380001,28480000,5,6,4,2,2,3
chr11,28480001,28580000,3,3,1,4,3,0
chr11,28580001,28680000,1,0,3,3,1,0
chr11,28680001,28780000,5,5,4,4,3,1
chr11,28780001,28880000,5,3,4,9,3,4
chr11,28880001,28980000,5,4,3,11,1,3
chr11,28980001,29080000,5,2,11,10,1,0
chr11,29080001,29180000,4,5,4,11,5,1
chr11,29180001,29280000,3,9,5,9,5,1
chr11,29280001,29380000,10,3,5,2,3,1
chr11,29380001,29480000,4,6,4,7,3,1
chr11,29480001,29580000,7,2,3,3,3,0
chr11,29580001,29680000,6,7,7,10,3,0
chr11,29680001,29780000,2,8,6,10,4,0
chr11,29780001,29880000,4,2,11,12,1,0
chr11,29880001,29980000,8,10,3,8,1,0
chr11,29980001,30080000,10,7,4,7,3,0
chr11,30080001,30180000,5,5,3,7,4,0
chr11,30180001,30280000,3,4,1,6,1,0
chr11,30280001,30380000,3,4,2,9,1,2
chr11,30380001,30480000,5,4,2,4,1,2
chr11,30480001,30580000,3,3,1,8,5,1
chr11,30580001,30680000,5,1,3,9,1,0
chr11,30680001,30780000,3,4,10,12,4,1
chr11,30780001,30880000,6,3,3,9,2,0
chr11,30880001,30980000,5,5,1,7,4,2
chr11,30980001,31080000,7,8,2,12,1,1
chr11,31080001,31180000,7,12,3,15,3,0
chr11,31180001,31280000,5,7,7,5,4,2
chr11,31280001,31380000,2,2,3,13,0,1
chr11,31380001,31480000,2,5,6,6,0,2
chr11,31480001,31580000,2,0,0,2,2,2
chr11,31580001,31680000,2,0,2,4,1,1
chr11,31680001,31780000,2,2,0,5,3,1
chr11,31780001,31880000,4,2,1,2,6,2
chr11,31880001,31980000,0,7,3,5,6,1
chr11,31980001,32080000,3,5,1,5,0,1
chr11,32080001,32180000,5,7,5,7,3,0
chr11,32180001,32280000,8,10,1,8,1,0
chr11,32280001,32380000,3,4,3,8,1,2
chr11,32380001,32480000,3,9,1,6,3,0
chr11,32480001,32580000,5,5,1,2,1,0
chr11,32580001,32680000,2,3,1,5,0,1
chr11,32680001,32780000,2,2,1,9,1,2
chr11,32780001,32880000,2,2,1,3,3,2
chr11,32880001,32980000,3,1,1,2,2,1
chr11,32980001,33080000,3,3,2,3,2,1
chr11,33080001,33180000,5,0,2,3,3,0
chr11,33180001,33280000,3,2,1,0,4,0
chr11,33280001,33380000,6,1,3,6,0,1
chr11,33380001,33480000,1,5,2,3,4,2
chr11,33480001,33580000,2,5,2,8,1,0
chr11,33580001,33680000,3,3,0,2,3,1
chr11,33680001,33780000,1,1,2,3,2,2
chr11,33780001,33880000,2,0,2,4,3,0
chr11,33880001,33980000,2,3,4,1,0,1
chr11,33980001,34080000,0,2,1,7,1,1
chr11,34080001,34180000,5,2,5,2,3,0
chr11,34180001,34280000,2,2,2,5,1,0
chr11,34280001,34380000,2,0,2,1,1,0
chr11,34380001,34480000,4,2,1,2,2,0
chr11,34480001,34580000,10,3,1,1,2,0
chr11,34580001,34680000,10,1,0,3,3,1
chr11,34680001,34780000,6,1,2,0,0,0
chr11,34780001,34880000,3,1,1,2,4,1
chr11,34880001,34980000,6,1,2,5,3,0
chr11,34980001,35080000,5,1,0,3,1,0
chr11,35080001,35180000,4,1,2,4,2,0
chr11,35180001,35280000,2,0,1,2,2,1
chr11,35280001,35380000,4,1,2,2,1,0
chr11,35380001,35480000,1,2,3,0,1,0
chr11,35480001,35580000,4,0,1,6,3,0
chr11,35580001,35680000,1,8,5,7,4,0
chr11,35680001,35780000,4,1,1,3,1,2
chr11,35780001,35880000,4,2,0,1,1,0
chr11,35880001,35980000,2,6,2,1,1,0
chr11,35980001,36080000,2,2,0,3,2,1
chr11,36080001,36180000,0,0,2,6,1,1
chr11,36180001,36280000,2,0,2,3,2,0
chr11,36280001,36380000,1,2,1,3,1,2
chr11,36380001,36480000,3,1,0,3,0,1
chr11,36480001,36580000,1,3,3,5,3,1
chr11,36580001,36680000,5,2,5,4,0,1
chr11,36680001,36780000,3,1,3,7,0,0
chr11,36780001,36880000,1,6,3,15,2,0
chr11,36880001,36980000,4,8,3,10,4,2
chr11,36980001,37080000,3,6,6,7,2,2
chr11,37080001,37180000,4,6,6,9,3,4
chr11,37180001,37280000,4,6,4,6,0,4
chr11,37280001,37380000,6,6,7,16,1,2
chr11,37380001,37480000,3,8,8,9,3,2
chr11,37480001,37580000,2,4,2,5,5,1
chr11,37580001,37680000,6,8,8,9,2,0
chr11,37680001,37780000,4,10,10,12,4,2
chr11,37780001,37880000,4,5,5,10,1,4
chr11,37880001,37980000,4,3,6,13,1,0
chr11,37980001,38080000,3,2,8,9,5,0
chr11,38080001,38180000,6,9,6,9,1,2
chr11,38180001,38280000,1,7,10,4,4,3
chr11,38280001,38380000,5,8,6,9,3,3
chr11,38380001,38480000,2,7,6,9,6,1
chr11,38480001,38580000,4,11,3,7,7,0
chr11,38580001,38680000,2,5,6,11,8,1
chr11,38680001,38780000,5,12,8,9,4,3
chr11,38780001,38880000,5,8,2,11,7,5
chr11,38880001,38980000,8,8,3,8,4,4
chr11,38980001,39080000,3,12,4,9,2,4
chr11,39080001,39180000,5,11,6,5,5,1
chr11,39180001,39280000,6,11,3,8,6,2
chr11,39280001,39380000,8,9,6,5,4,4
chr11,39380001,39480000,6,7,4,8,0,1
chr11,39480001,39580000,6,13,5,9,4,2
chr11,39580001,39680000,5,14,10,4,5,0
chr11,39680001,39780000,3,11,2,5,5,3
chr11,39780001,39880000,7,8,7,9,6,1
chr11,39880001,39980000,6,13,4,9,2,3
chr11,39980001,40080000,7,7,0,10,4,3
chr11,40080001,40180000,5,13,7,11,5,3
chr11,40180001,40280000,3,8,9,8,9,1
chr11,40280001,40380000,2,7,7,12,2,1
chr11,40380001,40480000,4,14,8,12,7,1
chr11,40480001,40580000,6,12,7,9,4,2
chr11,40580001,40680000,7,8,2,15,3,2
chr11,40680001,40780000,2,9,3,11,7,2
chr11,40780001,40880000,3,9,6,16,5,3
chr11,40880001,40980000,6,9,6,9,5,1
chr11,40980001,41080000,4,7,5,11,6,2
chr11,41080001,41180000,6,7,6,12,5,3
chr11,41180001,41280000,6,9,8,10,3,4
chr11,41280001,41380000,3,7,7,11,2,1
chr11,41380001,41480000,3,5,9,7,1,1
chr11,41480001,41580000,3,13,4,11,5,0
chr11,41580001,41680000,2,12,4,11,1,1
chr11,41680001,41780000,6,9,6,9,3,2
chr11,41780001,41880000,3,1,6,12,1,2
chr11,41880001,41980000,3,15,6,12,1,1
chr11,41980001,42080000,6,7,10,10,3,3
chr11,42080001,42180000,2,6,8,14,1,1
chr11,42180001,42280000,4,4,6,12,1,1
chr11,42280001,42380000,3,5,7,15,0,1
chr11,42380001,42480000,6,6,3,17,0,2
chr11,42480001,42580000,6,6,3,16,1,2
chr11,42580001,42680000,3,4,4,15,3,3
chr11,42680001,42780000,4,9,2,12,4,3
chr11,42780001,42880000,4,8,3,7,1,1
chr11,42880001,42980000,2,10,2,8,1,0
chr11,42980001,43080000,7,11,5,8,1,0
chr11,43080001,43180000,3,7,2,9,1,1
chr11,43180001,43280000,3,10,4,10,1,3
chr11,43280001,43380000,1,3,2,5,1,2
chr11,43380001,43480000,3,3,1,1,1,0
chr11,43480001,43580000,1,4,2,5,3,1
chr11,43580001,43680000,3,1,0,6,2,0
chr11,43680001,43780000,1,2,1,6,3,0
chr11,43780001,43880000,6,3,2,2,2,2
chr11,43880001,43980000,0,2,2,4,4,1
chr11,43980001,44080000,5,4,1,6,1,2
chr11,44080001,44180000,1,2,1,2,2,0
chr11,44180001,44280000,3,1,1,1,4,0
chr11,44280001,44380000,1,0,0,3,2,1
chr11,44380001,44480000,2,3,2,3,5,0
chr11,44480001,44580000,5,1,1,7,3,0
chr11,44580001,44680000,4,0,2,4,0,0
chr11,44680001,44780000,5,2,1,4,2,0
chr11,44780001,44880000,1,4,1,0,1,0
chr11,44880001,44980000,2,2,1,3,1,0
chr11,44980001,45080000,3,6,0,1,2,0
chr11,45080001,45180000,3,1,1,3,0,0
chr11,45180001,45280000,2,1,3,1,2,0
chr11,45280001,45380000,3,2,6,3,1,0
chr11,45380001,45480000,4,2,1,3,1,2
chr11,45480001,45580000,1,2,3,3,1,2
chr11,45580001,45680000,4,3,4,9,1,0
chr11,45680001,45780000,3,4,1,1,1,0
chr11,45780001,45880000,4,3,2,3,3,0
chr11,45880001,45980000,2,0,0,2,2,1
chr11,45980001,46080000,7,0,0,3,1,0
chr11,46080001,46180000,0,2,3,5,0,0
chr11,46180001,46280000,2,4,0,3,1,0
chr11,46280001,46380000,5,1,1,4,1,0
chr11,46380001,46480000,4,3,2,6,3,1
chr11,46480001,46580000,2,1,2,3,1,1
chr11,46580001,46680000,3,0,4,1,1,0
chr11,46680001,46780000,5,3,2,0,1,2
chr11,46780001,46880000,3,2,4,2,2,0
chr11,46880001,46980000,0,1,1,2,1,0
chr11,46980001,47080000,2,3,1,1,2,0
chr11,47080001,47180000,3,2,2,1,1,0
chr11,47180001,47280000,3,1,2,4,2,3
chr11,47280001,47380000,2,1,0,6,2,0
chr11,47380001,47480000,2,4,0,3,0,0
chr11,47480001,47580000,0,3,2,5,1,1
chr11,47580001,47680000,1,3,2,2,3,0
chr11,47680001,47780000,5,0,1,4,3,2
chr11,47780001,47880000,2,4,2,4,0,0
chr11,47880001,47980000,2,2,3,5,0,1
chr11,47980001,48080000,2,2,1,1,1,0
chr11,48080001,48180000,0,0,2,4,0,2
chr11,48180001,48280000,4,2,3,4,4,2
chr11,48280001,48380000,4,4,3,4,4,3
chr11,48380001,48480000,4,5,4,10,2,4
chr11,48480001,48580000,4,8,4,10,3,2
chr11,48580001,48680000,4,4,2,10,4,0
chr11,48680001,49050000,5,6,6,9,1,2
chr11,49050001,49150000,4,6,5,8,2,2
chr11,49150001,49250000,3,4,4,5,3,2
chr11,49250001,49350000,2,8,2,12,3,1
chr11,49350001,49450000,6,4,4,11,2,0
chr11,49450001,49550000,6,9,5,14,3,3
chr11,49550001,49650000,0,10,4,16,5,3
chr11,49650001,49750000,8,3,7,19,5,3
chr11,49750001,49850000,3,12,2,11,1,2
chr11,49850001,49950000,2,11,6,15,6,0
chr11,49950001,50050000,4,13,5,9,2,2
chr11,50050001,50150000,2,6,1,6,1,1
chr11,50150001,50250000,5,11,4,8,4,4
chr11,50250001,50350000,5,11,5,12,1,0
chr11,50350001,50450000,2,12,0,8,3,2
chr11,50450001,50580000,5,7,9,7,1,6
chr11,50580001,51310000,6,10,4,11,2,2
chr11,51310001,51410000,3,11,5,7,2,2
chr11,51410001,51510000,8,11,8,7,3,1
chr11,51510001,55050000,6,17,3,15,4,0
chr11,55050001,55150000,9,9,2,8,1,3
chr11,55150001,55250000,6,14,10,10,5,3
chr11,55250001,55350000,3,13,2,4,4,1
chr11,55350001,55450000,3,11,1,14,4,3
chr11,55450001,55550000,2,9,5,7,2,2
chr11,55550001,55650000,6,16,3,4,5,1
chr11,55650001,55750000,2,11,9,8,1,2
chr11,55750001,55850000,12,13,3,7,3,3
chr11,55850001,55950000,6,9,2,7,8,3
chr11,55950001,56050000,7,7,10,12,4,2
chr11,56050001,56150000,3,6,3,16,6,3
chr11,56150001,56250000,6,7,3,11,11,2
chr11,56250001,56350000,3,7,4,5,0,0
chr11,56350001,56450000,0,9,2,7,1,0
chr11,56450001,56550000,5,9,2,11,2,3
chr11,56550001,56650000,0,6,0,0,0,2
chr11,56650001,56750000,2,3,3,8,2,2
chr11,56750001,56850000,2,5,3,5,2,2
chr11,56850001,56950000,3,4,3,2,3,0
chr11,56950001,57050000,1,2,1,2,2,1
chr11,57050001,57150000,3,3,1,4,1,0
chr11,57150001,57250000,3,3,0,1,2,1
chr11,57250001,57350000,2,4,1,2,3,1
chr11,57350001,57450000,0,3,2,7,3,0
chr11,57450001,57550000,0,4,1,1,0,0
chr11,57550001,57650000,7,5,0,5,1,1
chr11,57650001,57750000,3,7,3,3,2,0
chr11,57750001,57850000,4,9,0,4,1,0
chr11,57850001,57950000,2,4,2,4,3,1
chr11,57950001,58050000,2,9,2,11,10,0
chr11,58050001,58150000,6,8,4,6,0,0
chr11,58150001,58250000,4,3,0,4,1,0
chr11,58250001,58350000,4,6,2,3,0,1
chr11,58350001,58450000,8,3,4,0,1,1
chr11,58450001,58550000,5,5,4,6,2,2
chr11,58550001,58650000,1,10,6,9,3,1
chr11,58650001,58750000,2,7,3,5,1,0
chr11,58750001,58850000,2,3,4,6,3,0
chr11,58850001,58950000,3,0,2,6,5,2
chr11,58950001,59050000,4,4,2,2,0,0
chr11,59050001,59150000,3,6,3,6,3,0
chr11,59150001,59250000,2,3,4,6,5,2
chr11,59250001,59350000,2,3,1,2,3,0
chr11,59350001,59450000,5,0,5,1,1,0
chr11,59450001,59550000,8,1,1,5,0,1
chr11,59550001,59650000,1,2,4,2,2,0
chr11,59650001,59750000,2,6,1,4,6,0
chr11,59750001,59850000,3,1,4,2,3,1
chr11,59850001,59950000,5,5,3,3,6,1
chr11,59950001,60050000,3,4,0,7,1,0
chr11,60050001,60150000,2,5,2,4,3,1
chr11,60150001,60250000,4,9,5,5,3,1
chr11,60250001,60350000,3,3,1,3,3,0
chr11,60350001,60450000,3,6,2,3,1,0
chr11,60450001,60550000,4,3,1,2,1,1
chr11,60550001,60650000,3,7,0,6,1,0
chr11,60650001,60750000,5,2,2,3,1,0
chr11,60750001,60850000,1,2,0,3,2,0
chr11,60850001,60950000,1,4,0,2,2,0
chr11,60950001,61050000,0,2,0,3,2,1
chr11,61050001,61150000,2,1,0,4,2,0
chr11,61150001,61250000,0,1,2,3,0,0
chr11,61250001,61350000,4,2,2,1,2,1
chr11,61350001,61450000,1,4,0,3,0,1
chr11,61450001,61550000,3,0,0,3,1,0
chr11,61550001,61650000,5,2,1,3,1,0
chr11,61650001,61750000,3,1,0,4,2,0
chr11,61750001,61850000,1,0,1,2,1,1
chr11,61850001,61950000,4,3,7,7,1,0
chr11,61950001,62050000,8,1,2,4,1,0
chr11,62050001,62150000,5,2,1,3,1,0
chr11,62150001,62250000,4,0,0,3,1,1
chr11,62250001,62350000,3,3,0,0,4,3
chr11,62350001,62450000,1,3,0,2,4,0
chr11,62450001,62550000,3,3,0,1,1,1
chr11,62550001,62710000,2,5,0,1,1,1
chr11,62710001,62810000,4,1,4,4,4,0
chr11,62810001,62910000,3,3,0,9,1,1
chr11,62910001,63010000,5,6,4,3,2,0
chr11,63010001,63110000,5,2,2,3,4,0
chr11,63110001,63210000,3,4,3,3,3,2
chr11,63210001,63310000,2,1,1,5,1,0
chr11,63310001,63410000,0,5,2,2,1,2
chr11,63410001,63510000,1,3,1,1,2,2
chr11,63510001,63610000,4,4,2,6,2,0
chr11,63610001,63710000,4,2,0,4,0,0
chr11,63710001,63810000,2,2,2,2,1,0
chr11,63810001,63910000,4,1,0,0,0,1
chr11,63910001,64010000,2,2,0,4,2,0
chr11,64010001,64110000,2,2,2,1,2,2
chr11,64110001,64210000,0,1,1,1,3,0
chr11,64210001,64310000,4,1,1,4,2,0
chr11,64310001,64410000,2,1,0,2,0,0
chr11,64410001,64510000,3,1,1,1,1,1
chr11,64510001,64610000,5,0,0,2,2,0
chr11,64610001,64710000,1,3,2,4,1,1
chr11,64710001,64810000,1,4,1,5,0,1
chr11,64810001,64910000,4,1,1,1,3,0
chr11,64910001,65010000,1,1,1,4,1,0
chr11,65010001,65110000,3,2,1,3,4,0
chr11,65110001,65210000,11,3,0,12,12,6
chr11,65210001,65310000,10,4,1,3,4,5
chr11,65310001,65410000,1,2,1,1,2,1
chr11,65410001,65510000,1,2,2,1,3,0
chr11,65510001,65610000,0,3,0,4,2,0
chr11,65610001,65710000,0,3,1,2,0,2
chr11,65710001,65810000,0,2,1,0,0,0
chr11,65810001,65910000,2,1,1,2,1,0
chr11,65910001,66010000,1,2,0,1,1,0
chr11,66010001,66110000,0,2,2,5,1,1
chr11,66110001,66210000,0,2,2,3,3,0
chr11,66210001,66310000,1,4,0,0,1,0
chr11,66310001,66410000,6,1,3,2,0,0
chr11,66410001,66510000,3,2,0,4,1,0
chr11,66510001,66610000,2,3,1,2,3,0
chr11,66610001,66710000,1,2,1,2,2,1
chr11,66710001,66810000,5,3,3,2,3,1
chr11,66810001,66910000,5,0,1,2,3,1
chr11,66910001,67010000,3,1,1,2,2,0
chr11,67010001,67110000,5,5,0,2,2,1
chr11,67110001,67210000,3,0,0,2,3,0
chr11,67210001,67310000,1,2,3,3,0,2
chr11,67310001,67410000,3,1,0,6,2,1
chr11,67410001,67510000,4,2,0,2,0,1
chr11,67510001,67610000,1,2,1,0,0,1
chr11,67610001,67710000,4,0,1,1,0,1
chr11,67710001,67810000,3,0,1,4,1,0
chr11,67810001,67910000,5,4,0,1,5,0
chr11,67910001,68010000,3,3,1,3,3,1
chr11,68010001,68110000,3,1,3,2,3,0
chr11,68110001,68210000,2,1,0,8,0,0
chr11,68210001,68310000,5,1,0,2,1,3
chr11,68310001,68410000,3,2,4,3,0,0
chr11,68410001,68510000,2,2,3,5,1,0
chr11,68510001,68610000,2,0,1,4,0,0
chr11,68610001,68710000,1,1,1,1,4,2
chr11,68710001,68810000,3,2,0,5,3,0
chr11,68810001,68910000,1,2,1,4,3,1
chr11,68910001,69010000,4,3,2,7,0,0
chr11,69010001,69110000,2,1,0,3,0,1
chr11,69110001,69210000,2,4,0,4,0,0
chr11,69210001,69310000,2,3,0,1,3,1
chr11,69310001,69410000,1,3,2,2,0,4
chr11,69410001,69510000,5,4,3,3,2,2
chr11,69510001,69610000,0,2,2,3,1,2
chr11,69610001,69710000,3,8,0,4,3,1
chr11,69710001,69810000,2,1,0,1,1,1
chr11,69810001,69910000,3,7,0,4,0,0
chr11,69910001,70010000,7,3,1,3,2,3
chr11,70010001,70110000,0,2,0,2,0,2
chr11,70110001,70210000,1,4,0,2,0,2
chr11,70210001,70310000,3,1,1,4,1,1
chr11,70310001,70410000,4,1,2,3,1,0
chr11,70410001,70510000,0,0,0,1,0,2
chr11,70510001,70610000,5,4,1,4,2,1
chr11,70610001,70710000,2,2,2,2,2,0
chr11,70710001,70810000,3,3,0,1,0,1
chr11,70810001,70910000,4,3,0,1,2,1
chr11,70910001,71010000,2,0,0,1,2,1
chr11,71010001,71110000,6,1,0,3,1,2
chr11,71110001,71210000,0,6,1,3,4,1
chr11,71210001,71310000,1,3,0,0,0,3
chr11,71310001,71410000,1,1,0,4,1,1
chr11,71410001,71510000,2,5,2,0,2,2
chr11,71510001,71610000,1,1,2,6,1,0
chr11,71610001,71710000,4,2,3,0,3,0
chr11,71710001,71810000,2,1,3,1,1,1
chr11,71810001,71910000,2,4,0,1,2,0
chr11,71910001,72010000,1,0,2,2,2,0
chr11,72010001,72110000,0,5,1,1,0,1
chr11,72110001,72210000,0,2,2,3,2,0
chr11,72210001,72310000,4,0,2,8,0,1
chr11,72310001,72410000,1,5,0,1,1,1
chr11,72410001,72510000,0,1,1,1,1,2
chr11,72510001,72610000,4,4,0,5,2,0
chr11,72610001,72710000,5,2,2,6,4,0
chr11,72710001,72810000,2,2,3,4,1,0
chr11,72810001,72910000,3,3,1,0,3,2
chr11,72910001,73010000,3,2,1,3,3,0
chr11,73010001,73110000,2,2,1,3,1,0
chr11,73110001,73210000,3,1,0,6,4,0
chr11,73210001,73310000,1,1,2,4,1,1
chr11,73310001,73410000,3,2,1,2,1,0
chr11,73410001,73510000,1,0,3,1,0,1
chr11,73510001,73610000,2,3,0,0,0,1
chr11,73610001,73710000,4,0,3,0,5,0
chr11,73710001,73810000,1,0,1,0,3,0
chr11,73810001,73910000,4,0,1,3,2,0
chr11,73910001,74010000,5,1,0,1,1,0
chr11,74010001,74110000,3,2,3,3,4,0
chr11,74110001,74210000,5,3,1,3,3,2
chr11,74210001,74310000,4,0,3,5,2,1
chr11,74310001,74410000,1,4,2,0,2,1
chr11,74410001,74510000,5,1,1,1,1,1
chr11,74510001,74610000,5,1,0,1,1,1
chr11,74610001,74710000,2,2,1,1,0,0
chr11,74710001,74810000,1,1,2,1,0,0
chr11,74810001,74910000,3,3,0,5,2,2
chr11,74910001,75010000,3,3,3,3,1,0
chr11,75010001,75110000,4,5,4,2,3,1
chr11,75110001,75210000,1,0,0,5,2,1
chr11,75210001,75310000,5,1,1,2,1,0
chr11,75310001,75410000,3,1,1,3,2,2
chr11,75410001,75510000,2,5,2,2,2,0
chr11,75510001,75610000,3,0,1,4,2,6
chr11,75610001,75710000,3,1,0,2,2,0
chr11,75710001,75810000,4,3,1,5,1,1
chr11,75810001,75910000,2,1,0,2,2,2
chr11,75910001,76010000,1,2,4,0,1,0
chr11,76010001,76110000,2,3,2,3,2,3
chr11,76110001,76210000,4,2,0,4,1,2
chr11,76210001,76310000,4,3,2,0,2,0
chr11,76310001,76410000,2,1,0,2,0,1
chr11,76410001,76510000,0,4,2,3,3,1
chr11,76510001,76610000,7,3,2,2,3,1
chr11,76610001,76710000,2,1,2,1,0,0
chr11,76710001,76810000,2,3,0,2,3,0
chr11,76810001,76910000,3,1,1,1,1,1
chr11,76910001,77010000,2,3,1,1,3,2
chr11,77010001,77110000,3,1,2,0,4,1
chr11,77110001,77210000,2,0,1,2,3,2
chr11,77210001,77310000,4,0,1,5,2,0
chr11,77310001,77410000,5,2,3,2,0,2
chr11,77410001,77510000,3,3,2,1,1,1
chr11,77510001,77630000,1,1,1,3,3,1
chr11,77630001,77730000,4,0,1,3,2,1
chr11,77730001,77830000,0,1,1,4,0,1
chr11,77830001,77930000,4,4,0,0,1,1
chr11,77930001,78030000,3,3,0,4,1,0
chr11,78030001,78130000,2,4,0,3,2,1
chr11,78130001,78230000,2,2,0,1,1,0
chr11,78230001,78330000,5,1,4,2,1,1
chr11,78330001,78430000,2,3,1,5,6,1
chr11,78430001,78530000,2,0,3,2,3,1
chr11,78530001,78630000,4,0,3,7,2,2
chr11,78630001,78730000,2,0,3,8,3,1
chr11,78730001,78830000,4,0,2,0,1,0
chr11,78830001,78930000,6,3,1,2,3,1
chr11,78930001,79030000,3,3,6,5,1,1
chr11,79030001,79130000,6,4,2,4,0,3
chr11,79130001,79230000,2,4,2,3,0,1
chr11,79230001,79330000,3,4,1,4,6,1
chr11,79330001,79430000,4,5,2,7,0,2
chr11,79430001,79530000,4,1,3,9,1,2
chr11,79530001,79630000,5,4,5,4,6,1
chr11,79630001,79730000,3,1,1,6,3,2
chr11,79730001,79830000,1,2,0,7,1,2
chr11,79830001,79930000,7,4,3,7,3,1
chr11,79930001,80030000,3,2,5,6,5,1
chr11,80030001,80130000,6,5,0,6,1,1
chr11,80130001,80230000,5,2,5,9,2,2
chr11,80230001,80330000,4,7,5,7,1,2
chr11,80330001,80430000,3,7,3,9,1,2
chr11,80430001,80530000,2,4,0,3,1,1
chr11,80530001,80630000,6,4,1,3,3,2
chr11,80630001,80730000,3,6,2,7,1,5
chr11,80730001,80830000,6,6,3,7,2,3
chr11,80830001,80930000,2,10,0,5,3,1
chr11,80930001,81030000,5,6,1,11,1,2
chr11,81030001,81130000,5,7,3,5,2,0
chr11,81130001,81230000,5,10,2,11,1,2
chr11,81230001,81330000,6,3,8,14,1,1
chr11,81330001,81430000,3,10,6,16,1,0
chr11,81430001,81530000,4,10,5,8,1,2
chr11,81530001,81630000,2,8,6,12,2,3
chr11,81630001,81730000,3,7,7,11,5,1
chr11,81730001,81830000,1,6,5,7,0,2
chr11,81830001,81930000,2,4,5,9,1,5
chr11,81930001,82030000,4,7,3,8,0,0
chr11,82030001,82130000,3,9,4,7,2,5
chr11,82130001,82230000,5,4,4,12,1,1
chr11,82230001,82330000,2,1,3,7,1,2
chr11,82330001,82430000,3,7,3,7,2,0
chr11,82430001,82530000,3,2,1,2,0,1
chr11,82530001,82630000,3,0,1,5,0,0
chr11,82630001,82730000,5,1,1,6,1,2
chr11,82730001,82830000,1,5,5,4,1,0
chr11,82830001,82930000,4,1,3,6,3,1
chr11,82930001,83030000,3,2,2,7,0,0
chr11,83030001,83130000,3,1,4,6,2,1
chr11,83130001,83230000,1,1,1,7,1,2
chr11,83230001,83330000,2,1,3,2,0,1
chr11,83330001,83430000,1,2,5,5,0,0
chr11,83430001,83530000,1,4,6,6,5,0
chr11,83530001,83630000,2,5,4,10,1,0
chr11,83630001,83730000,1,1,2,10,2,0
chr11,83730001,83830000,4,7,4,13,2,2
chr11,83830001,83930000,2,4,2,10,3,1
chr11,83930001,84030000,2,3,11,10,2,0
chr11,84030001,84130000,2,4,3,10,0,2
chr11,84130001,84230000,4,2,4,12,2,1
chr11,84230001,84330000,5,1,0,11,3,1
chr11,84330001,84430000,3,2,1,9,2,1
chr11,84430001,84530000,5,5,4,8,3,0
chr11,84530001,84630000,3,4,2,16,2,2
chr11,84630001,84730000,5,7,1,13,2,0
chr11,84730001,84830000,2,4,3,14,4,2
chr11,84830001,84930000,3,2,3,5,2,4
chr11,84930001,85030000,6,3,4,9,1,0
chr11,85030001,85130000,1,2,1,12,2,0
chr11,85130001,85260000,0,5,9,6,0,0
chr11,85260001,85360000,1,6,3,3,3,0
chr11,85360001,85460000,1,5,0,1,2,0
chr11,85460001,85560000,2,6,1,4,0,0
chr11,85560001,85660000,2,1,2,3,0,2
chr11,85660001,85760000,7,2,1,4,6,2
chr11,85760001,85860000,4,2,2,3,0,0
chr11,85860001,85960000,7,4,3,2,3,0
chr11,85960001,86060000,5,3,0,6,3,1
chr11,86060001,86160000,0,0,1,3,2,1
chr11,86160001,86260000,3,1,1,1,1,1
chr11,86260001,86360000,1,1,2,3,1,1
chr11,86360001,86460000,1,3,3,1,3,2
chr11,86460001,86560000,1,2,0,3,2,1
chr11,86560001,86660000,0,4,4,3,0,1
chr11,86660001,86760000,1,0,1,2,0,0
chr11,86760001,86860000,1,1,1,2,2,1
chr11,86860001,86960000,3,1,2,3,1,1
chr11,86960001,87060000,2,2,1,1,1,0
chr11,87060001,87160000,2,2,3,7,2,1
chr11,87160001,87260000,5,7,4,5,2,0
chr11,87260001,87360000,4,6,4,3,6,1
chr11,87360001,87460000,2,7,4,10,4,1
chr11,87460001,87560000,3,4,3,8,4,0
chr11,87560001,87660000,7,3,6,3,6,0
chr11,87660001,87760000,0,1,4,3,0,0
chr11,87760001,87860000,2,7,2,7,2,2
chr11,87860001,87960000,4,2,4,2,4,1
chr11,87960001,88060000,1,4,2,4,1,0
chr11,88060001,88160000,2,2,1,3,5,0
chr11,88160001,88260000,1,2,1,7,6,0
chr11,88260001,88360000,8,4,1,10,4,0
chr11,88360001,88460000,5,4,1,6,1,1
chr11,88460001,88560000,4,6,2,11,5,1
chr11,88560001,88660000,3,4,3,12,1,0
chr11,88660001,88760000,2,5,7,10,2,1
chr11,88760001,88860000,1,3,1,8,1,1
chr11,88860001,88960000,4,2,3,11,3,2
chr11,88960001,89060000,2,5,3,13,7,2
chr11,89060001,89160000,2,6,3,10,5,0
chr11,89160001,89260000,2,2,4,13,1,1
chr11,89260001,89360000,4,4,8,12,1,0
chr11,89360001,89460000,10,2,4,9,6,0
chr11,89460001,89560000,2,5,2,7,2,0
chr11,89560001,89660000,2,2,0,4,0,0
chr11,89660001,89760000,0,0,2,5,0,1
chr11,89760001,89860000,3,5,2,3,4,1
chr11,89860001,89960000,3,5,7,3,2,0
chr11,89960001,90060000,3,1,4,10,4,1
chr11,90060001,90160000,0,7,9,9,0,0
chr11,90160001,90260000,2,4,6,10,1,1
chr11,90260001,90360000,5,10,5,13,8,2
chr11,90360001,90460000,1,11,4,6,3,0
chr11,90460001,90560000,4,5,2,11,4,3
chr11,90560001,90660000,5,7,8,9,5,2
chr11,90660001,90760000,9,9,7,10,3,1
chr11,90760001,90860000,7,5,2,1,2,2
chr11,90860001,90960000,3,6,3,5,1,2
chr11,90960001,91060000,4,4,4,7,3,0
chr11,91060001,91160000,5,2,3,3,4,3
chr11,91160001,91260000,4,3,4,6,4,2
chr11,91260001,91360000,4,5,8,6,3,1
chr11,91360001,91460000,6,9,3,4,3,2
chr11,91460001,91560000,3,5,6,2,4,2
chr11,91560001,91660000,4,4,2,6,5,0
chr11,91660001,91760000,2,11,1,4,2,1
chr11,91760001,91860000,2,7,1,9,1,1
chr11,91860001,91960000,4,3,4,7,5,0
chr11,91960001,92060000,3,3,1,3,2,0
chr11,92060001,92160000,8,8,2,8,5,1
chr11,92160001,92260000,3,4,1,10,1,1
chr11,92260001,92360000,3,10,5,8,2,1
chr11,92360001,92460000,6,3,3,7,1,1
chr11,92460001,92560000,4,2,1,5,0,1
chr11,92560001,92660000,3,3,4,4,3,0
chr11,92660001,92760000,5,3,2,8,1,1
chr11,92760001,92860000,2,5,3,3,1,0
chr11,92860001,92960000,2,2,1,2,0,0
chr11,92960001,93060000,1,7,1,1,4,0
chr11,93060001,93160000,1,1,4,5,0,2
chr11,93160001,93260000,3,1,2,3,1,0
chr11,93260001,93360000,6,5,3,0,2,1
chr11,93360001,93460000,6,1,1,5,0,1
chr11,93460001,93560000,4,2,1,1,1,0
chr11,93560001,93660000,2,4,1,3,0,5
chr11,93660001,93760000,0,3,4,2,0,0
chr11,93760001,93860000,1,5,4,2,3,0
chr11,93860001,93960000,0,1,0,1,3,2
chr11,93990001,94090000,3,3,3,4,5,0
chr11,94090001,94190000,1,3,1,1,4,3
chr11,94190001,94290000,4,0,1,0,1,0
chr11,94290001,94390000,4,2,1,3,1,0
chr11,94390001,94490000,5,0,1,5,1,1
chr11,94490001,94590000,2,3,1,4,1,1
chr11,94590001,94690000,7,2,6,1,3,0
chr11,94690001,94790000,2,1,1,3,4,0
chr11,94790001,94890000,2,2,1,1,1,0
chr11,94890001,94990000,3,0,5,5,1,2
chr11,94990001,95090000,2,0,1,6,4,1
chr11,95090001,95190000,2,1,0,5,1,2
chr11,95190001,95290000,1,3,2,4,3,0
chr11,95290001,95390000,1,2,3,5,1,0
chr11,95390001,95490000,2,5,1,4,2,1
chr11,95490001,95590000,0,0,5,4,2,0
chr11,95590001,95690000,2,3,0,2,0,0
chr11,95690001,95790000,5,0,1,1,4,1
chr11,95790001,95890000,4,2,1,3,1,1
chr11,95890001,95990000,7,1,1,2,2,0
chr11,95990001,96090000,7,3,1,1,2,0
chr11,96090001,96190000,2,1,3,3,3,0
chr11,96190001,96290000,3,3,2,4,2,0
chr11,96290001,96390000,0,0,0,0,0,0
chr11,96390001,96490000,1,2,2,5,2,0
chr11,96490001,96590000,0,4,5,6,1,1
chr11,96590001,96690000,4,3,5,9,1,0
chr11,96690001,96790000,3,2,3,8,3,2
chr11,96790001,96890000,6,8,6,14,3,2
chr11,96890001,96990000,3,7,5,18,3,2
chr11,96990001,97090000,5,11,8,17,6,1
chr11,97090001,97190000,5,8,5,5,4,1
chr11,97190001,97290000,4,5,6,17,3,2
chr11,97290001,97390000,3,2,6,17,3,2
chr11,97390001,97490000,1,2,0,11,8,0
chr11,97490001,97590000,6,12,10,22,6,2
chr11,97590001,97690000,4,9,10,26,3,2
chr11,97690001,97790000,3,10,2,8,6,1
chr11,97790001,97890000,3,2,8,13,5,2
chr11,97890001,97990000,7,4,9,11,6,0
chr11,97990001,98090000,3,11,7,12,6,2
chr11,98090001,98190000,3,2,6,11,1,1
chr11,98190001,98290000,5,11,2,14,5,3
chr11,98290001,98390000,3,7,6,6,3,3
chr11,98390001,98490000,9,8,6,18,5,3
chr11,98490001,98590000,0,6,7,12,4,0
chr11,98590001,98690000,2,7,7,15,4,6
chr11,98690001,98790000,8,8,5,9,2,0
chr11,98790001,98890000,3,13,6,12,3,2
chr11,98890001,98990000,2,5,12,8,6,1
chr11,98990001,99090000,5,10,8,12,8,2
chr11,99090001,99190000,5,6,3,13,5,1
chr11,99190001,99290000,2,5,8,10,2,1
chr11,99290001,99390000,3,7,3,13,3,2
chr11,99390001,99490000,3,3,1,10,5,2
chr11,99490001,99590000,2,2,5,8,4,1
chr11,99590001,99690000,10,4,2,8,5,2
chr11,99690001,99790000,2,3,5,14,4,2
chr11,99790001,99890000,6,4,3,10,0,0
chr11,99890001,99990000,2,4,3,6,4,1
chr11,99990001,100090000,3,1,4,10,4,4
chr11,100090001,100210000,2,5,2,9,5,0
chr11,100210001,100310000,3,3,3,6,4,3
chr11,100310001,100410000,1,5,2,7,0,2
chr11,100410001,100510000,4,2,2,4,3,2
chr11,100510001,100610000,1,3,1,2,1,1
chr11,100610001,100710000,3,0,1,5,0,1
chr11,100710001,100810000,2,3,4,3,1,2
chr11,100810001,100910000,3,3,1,3,3,2
chr11,100910001,101010000,8,0,3,9,0,1
chr11,101010001,101110000,4,8,4,9,4,2
chr11,101110001,101210000,5,3,2,5,6,1
chr11,101210001,101310000,3,5,4,8,5,0
chr11,101310001,101410000,1,4,4,3,4,0
chr11,101410001,101510000,4,4,6,4,3,0
chr11,101510001,101610000,1,3,1,6,3,2
chr11,101610001,101710000,1,7,1,5,1,0
chr11,101710001,101810000,2,3,2,5,3,0
chr11,101810001,101910000,3,1,1,1,1,0
chr11,101910001,102010000,0,4,3,3,0,3
chr11,102010001,102110000,5,1,3,6,2,1
chr11,102110001,102210000,2,3,0,4,3,1
chr11,102210001,102330000,2,0,0,4,1,1
chr11,102330001,102430000,3,2,0,4,1,0
chr11,102430001,102530000,4,1,0,3,1,2
chr11,102530001,102630000,3,5,1,1,1,0
chr11,102630001,102730000,4,4,2,6,2,1
chr11,102730001,102830000,2,3,1,3,3,1
chr11,102830001,102930000,1,0,2,1,1,2
chr11,102930001,103030000,7,0,1,9,1,0
chr11,103030001,103130000,3,2,2,7,1,1
chr11,103130001,103230000,2,3,1,6,3,0
chr11,103230001,103330000,6,2,4,3,0,0
chr11,103330001,103430000,2,1,1,13,1,1
chr11,103430001,103530000,2,3,3,13,3,2
chr11,103530001,103630000,2,10,4,2,1,0
chr11,103630001,103730000,2,2,2,10,5,0
chr11,103730001,103830000,1,5,2,11,2,1
chr11,103830001,103930000,2,5,2,13,0,1
chr11,103930001,104030000,5,1,2,12,4,0
chr11,104030001,104130000,1,7,7,11,2,0
chr11,104130001,104230000,4,6,6,20,2,1
chr11,104230001,104330000,3,6,1,14,4,1
chr11,104330001,104430000,1,3,2,9,4,0
chr11,104430001,104530000,1,5,2,12,4,1
chr11,104530001,104630000,4,5,3,11,4,3
chr11,104630001,104730000,5,6,4,9,3,0
chr11,104730001,104830000,2,0,4,1,3,0
chr11,104830001,104930000,2,3,1,4,2,0
chr11,104930001,105030000,2,4,4,9,5,0
chr11,105030001,105130000,4,7,1,4,3,1
chr11,105130001,105230000,0,5,3,3,5,2
chr11,105230001,105330000,3,2,2,4,6,2
chr11,105330001,105430000,7,4,1,8,3,0
chr11,105430001,105530000,3,7,4,6,1,2
chr11,105530001,105630000,3,5,5,5,2,0
chr11,105630001,105730000,7,7,2,15,0,0
chr11,105730001,105830000,3,2,5,12,4,1
chr11,105830001,105930000,5,5,6,5,2,0
chr11,105930001,106030000,4,5,6,8,2,0
chr11,106030001,106130000,2,5,4,5,4,1
chr11,106130001,106230000,3,6,3,5,1,2
chr11,106230001,106330000,3,9,9,8,6,2
chr11,106330001,106430000,4,4,5,8,3,2
chr11,106430001,106530000,1,7,4,8,2,1
chr11,106530001,106630000,1,4,4,6,6,2
chr11,106630001,106730000,2,7,6,13,2,2
chr11,106730001,106830000,4,2,5,10,3,0
chr11,106830001,106930000,5,5,1,5,1,2
chr11,106930001,107030000,2,5,1,7,0,0
chr11,107030001,107130000,6,5,2,6,3,1
chr11,107130001,107230000,2,2,2,3,1,1
chr11,107230001,107330000,3,2,1,4,3,1
chr11,107330001,107430000,0,1,2,1,3,0
chr11,107430001,107530000,7,6,1,8,3,0
chr11,107530001,107630000,3,4,4,4,2,0
chr11,107630001,107730000,3,0,0,2,2,0
chr11,107730001,107830000,3,1,2,3,2,2
chr11,107830001,107930000,2,3,0,4,1,1
chr11,107930001,108030000,1,2,2,5,7,0
chr11,108030001,108130000,2,1,0,1,3,1
chr11,108130001,108230000,1,0,2,2,2,0
chr11,108230001,108330000,1,5,6,5,3,2
chr11,108330001,108430000,5,2,1,1,1,0
chr11,108430001,108530000,1,0,1,2,4,0
chr11,108530001,108630000,0,1,1,0,2,3
chr11,108630001,108730000,2,0,2,4,1,1
chr11,108730001,108830000,4,0,1,0,5,1
chr11,108830001,108930000,5,3,2,3,0,0
chr11,108930001,109030000,3,1,6,8,6,0
chr11,109030001,109130000,7,4,1,8,3,0
chr11,109130001,109230000,3,2,2,7,2,0
chr11,109230001,109330000,0,1,3,10,1,0
chr11,109330001,109430000,1,0,2,5,3,0
chr11,109430001,109530000,4,1,3,12,6,1
chr11,109530001,109630000,4,6,4,8,3,2
chr11,109630001,109730000,5,2,8,8,0,0
chr11,109730001,109830000,2,3,5,7,1,1
chr11,109830001,109930000,3,1,0,9,3,0
chr11,109930001,110030000,7,0,2,6,1,1
chr11,110030001,110130000,2,2,0,7,0,1
chr11,110130001,110230000,3,1,3,7,2,1
chr11,110230001,110330000,2,3,2,4,0,0
chr11,110330001,110430000,1,3,0,4,5,0
chr11,110430001,110530000,0,1,8,5,4,0
chr11,110530001,110630000,3,0,4,6,4,1
chr11,110630001,110730000,4,2,1,5,3,1
chr11,110730001,110830000,1,3,2,6,2,1
chr11,110830001,110930000,0,4,4,2,4,0
chr11,110930001,111030000,3,3,3,4,3,1
chr11,111030001,111130000,1,2,3,1,2,0
chr11,111130001,111230000,4,0,2,2,3,1
chr11,111230001,111330000,2,1,1,0,2,1
chr11,111330001,111430000,1,0,2,9,2,2
chr11,111430001,111530000,5,1,2,4,2,0
chr11,111530001,111630000,0,1,1,1,2,1
chr11,111630001,111730000,1,1,0,1,1,1
chr11,111730001,111830000,0,1,1,3,5,0
chr11,111830001,111930000,1,1,0,5,0,1
chr11,111930001,112030000,2,0,2,3,2,0
chr11,112030001,112130000,1,1,1,2,2,0
chr11,112130001,112230000,3,3,1,4,1,2
chr11,112230001,112330000,2,1,3,6,3,0
chr11,112330001,112430000,2,3,3,0,2,0
chr11,112430001,112530000,4,1,3,3,0,0
chr11,112530001,112630000,3,4,1,5,2,1
chr11,112630001,112730000,2,4,4,5,1,0
chr11,112730001,112830000,4,3,1,9,2,0
chr11,112830001,112930000,4,3,0,6,3,0
chr11,112930001,113030000,1,2,2,5,2,0
chr11,113030001,113130000,2,4,3,3,1,1
chr11,113130001,113230000,2,4,4,6,0,0
chr11,113230001,113330000,1,0,1,2,1,1
chr11,113330001,113430000,1,4,1,3,2,0
chr11,113430001,113530000,2,3,3,3,1,1
chr11,113530001,113630000,2,3,1,2,1,0
chr11,113630001,113730000,2,4,4,3,1,0
chr11,113730001,113830000,1,4,1,5,1,2
chr11,113830001,113930000,2,1,3,5,1,2
chr11,113930001,114030000,3,2,1,3,2,0
chr11,114030001,114130000,3,2,1,2,2,0
chr11,114130001,114230000,3,2,2,4,5,3
chr11,114230001,114330000,2,1,1,4,1,0
chr11,114330001,114430000,3,5,1,10,2,0
chr11,114430001,114530000,3,4,0,3,2,0
chr11,114530001,114630000,1,4,1,8,2,0
chr11,114630001,114730000,0,4,4,4,4,1
chr11,114730001,114830000,7,4,1,8,3,0
chr11,114830001,114930000,2,3,5,15,3,1
chr11,114930001,115030000,3,5,1,2,3,0
chr11,115030001,115130000,3,6,1,9,2,6
chr11,115130001,115230000,0,2,2,8,1,0
chr11,115230001,115330000,1,3,2,8,2,2
chr11,115330001,115430000,2,4,2,5,3,0
chr11,115430001,115530000,3,4,2,3,1,3
chr11,115530001,115630000,1,2,0,5,2,1
chr11,115630001,115730000,3,1,3,3,2,0
chr11,115730001,115830000,2,2,2,6,1,1
chr11,115830001,115930000,4,3,6,10,1,1
chr11,115930001,116030000,2,3,1,4,1,1
chr11,116030001,116130000,1,7,2,4,3,1
chr11,116130001,116230000,2,6,0,5,1,2
chr11,116230001,116330000,1,4,6,5,0,2
chr11,116330001,116430000,1,2,0,7,6,1
chr11,116430001,116530000,1,3,0,3,0,0
chr11,116530001,116630000,1,3,0,2,1,0
chr11,116630001,116730000,2,2,1,1,1,0
chr11,116730001,116830000,1,1,0,6,1,1
chr11,116830001,116930000,3,1,6,2,2,0
chr11,116930001,117030000,1,3,1,3,1,1
chr11,117030001,117130000,3,2,0,0,3,0
chr11,117130001,117230000,2,3,3,3,1,1
chr11,117230001,117330000,4,1,2,1,0,0
chr11,117330001,117430000,1,2,2,2,1,0
chr11,117430001,117530000,0,2,2,4,2,0
chr11,117530001,117630000,4,2,0,4,0,0
chr11,117630001,117730000,3,1,0,1,2,0
chr11,117730001,117830000,1,1,1,5,1,0
chr11,117830001,117930000,2,6,2,7,0,0
chr11,117930001,118030000,2,1,0,2,0,3
chr11,118030001,118130000,1,1,2,1,1,0
chr11,118130001,118230000,2,1,1,1,1,0
chr11,118230001,118330000,8,1,2,1,1,0
chr11,118330001,118430000,2,2,0,7,2,1
chr11,118430001,118530000,1,1,1,2,2,1
chr11,118530001,118630000,5,0,1,5,1,0
chr11,118630001,118730000,4,0,6,1,0,0
chr11,118730001,118830000,1,2,3,1,1,0
chr11,118830001,118930000,2,3,0,3,1,1
chr11,118930001,119030000,1,1,0,3,0,1
chr11,119030001,119130000,3,0,1,3,0,0
chr11,119130001,119230000,3,1,4,0,2,1
chr11,119230001,119330000,0,2,3,5,4,0
chr11,119330001,119430000,1,5,0,4,2,0
chr11,119430001,119530000,4,6,1,1,1,0
chr11,119530001,119630000,2,4,0,2,0,1
chr11,119630001,119730000,1,1,1,5,0,0
chr11,119730001,119830000,3,2,0,2,1,2
chr11,119830001,119930000,4,2,1,1,1,0
chr11,119930001,120030000,4,2,1,5,1,1
chr11,120030001,120130000,1,3,1,3,3,0
chr11,120130001,120230000,1,1,1,2,0,1
chr11,120230001,120330000,2,1,0,1,2,1
chr11,120330001,120430000,5,0,2,1,2,0
chr11,120430001,120530000,5,1,1,1,4,0
chr11,120530001,120630000,1,1,1,3,2,0
chr11,120630001,120730000,3,1,1,6,1,0
chr11,120730001,120830000,0,2,0,3,0,0
chr11,120830001,120930000,0,0,2,3,0,0
chr11,120930001,121030000,2,2,1,4,0,2
chr11,121030001,121130000,0,2,3,9,1,1
chr11,121130001,121230000,0,1,4,6,2,0
chr11,121230001,121330000,0,1,1,7,2,1
chr11,121330001,121430000,2,0,0,2,1,1
chr11,121430001,121530000,3,0,1,2,0,1
chr11,121530001,121630000,7,1,1,8,3,1
chr11,121630001,121730000,1,5,3,5,0,1
chr11,121730001,121830000,0,3,4,9,0,0
chr11,121830001,121930000,4,2,9,10,0,1
chr11,121930001,122030000,4,4,2,12,1,1
chr11,122030001,122130000,2,2,5,6,4,1
chr11,122130001,122230000,0,4,6,9,3,0
chr11,122230001,122330000,1,2,5,4,2,1
chr11,122330001,122430000,4,2,3,8,4,1
chr11,122430001,122530000,2,3,0,6,0,0
chr11,122530001,122630000,1,1,0,0,1,1
chr11,122630001,122730000,3,2,6,2,2,0
chr11,122730001,122830000,4,3,6,10,0,2
chr11,122830001,122930000,10,3,0,3,2,1
chr11,122930001,123030000,2,5,1,5,1,1
chr11,123030001,123130000,3,8,0,4,2,1
chr11,123130001,123230000,2,3,1,4,3,0
chr11,123230001,123330000,3,3,1,4,3,0
chr11,123330001,123430000,3,9,1,2,3,1
chr11,123430001,123530000,2,3,0,2,1,0
chr11,123530001,123630000,5,1,3,5,2,0
chr11,123630001,123730000,6,6,5,6,3,0
chr11,123730001,123830000,3,6,3,9,4,2
chr11,123830001,123930000,4,2,4,7,3,1
chr11,123930001,124030000,4,4,1,5,4,2
chr11,124030001,124130000,5,7,4,10,3,2
chr11,124130001,124230000,5,10,2,10,1,0
chr11,124230001,124330000,2,5,0,2,4,1
chr11,124330001,124430000,0,4,2,13,3,1
chr11,124430001,124530000,2,2,0,3,3,0
chr11,124530001,124630000,3,4,3,1,3,0
chr11,124630001,124730000,4,1,0,1,1,1
chr11,124730001,124830000,1,3,3,5,0,0
chr11,124830001,124930000,3,3,2,3,1,0
chr11,124930001,125030000,1,2,2,0,1,1
chr11,125030001,125130000,6,4,1,2,1,2
chr11,125130001,125230000,2,2,3,4,1,2
chr11,125230001,125330000,3,2,2,6,3,1
chr11,125330001,125430000,2,6,0,6,5,0
chr11,125430001,125530000,2,2,3,3,1,0
chr11,125530001,125630000,6,4,1,5,1,0
chr11,125630001,125730000,1,5,1,11,3,0
chr11,125730001,125830000,1,1,3,0,1,1
chr11,125830001,125930000,1,2,2,5,2,1
chr11,125930001,126030000,3,3,0,3,2,0
chr11,126030001,126130000,1,3,1,1,1,1
chr11,126130001,126230000,0,2,2,3,2,0
chr11,126230001,126330000,1,1,0,3,2,3
chr11,126330001,126430000,3,4,2,6,2,0
chr11,126430001,126530000,1,6,1,1,1,0
chr11,126530001,126630000,1,2,2,8,3,0
chr11,126630001,126730000,2,5,5,7,1,0
chr11,126730001,126830000,2,6,1,7,2,1
chr11,126830001,126930000,2,6,2,5,1,1
chr11,126930001,127030000,3,2,1,8,1,1
chr11,127030001,127130000,1,2,3,6,3,2
chr11,127130001,127230000,3,2,5,12,4,0
chr11,127230001,127330000,4,6,2,6,5,1
chr11,127330001,127430000,3,7,3,16,0,3
chr11,127430001,127530000,4,8,3,5,1,1
chr11,127530001,127630000,9,7,4,10,1,2
chr11,127630001,127730000,2,4,3,11,2,2
chr11,127730001,127830000,1,9,4,10,5,0
chr11,127830001,127930000,3,5,4,7,3,3
chr11,127930001,128030000,2,5,3,8,1,2
chr11,128030001,128130000,4,2,0,1,2,0
chr11,128130001,128230000,0,5,2,1,5,1
chr11,128230001,128330000,3,1,1,3,3,2
chr11,128330001,128430000,2,4,1,2,1,0
chr11,128430001,128530000,1,3,1,3,1,0
chr11,128530001,128630000,1,5,4,5,1,0
chr11,128630001,128730000,2,5,1,2,2,1
chr11,128730001,128830000,0,1,1,3,2,1
chr11,128830001,128930000,3,1,2,2,1,0
chr11,128930001,129030000,3,1,2,1,2,0
chr11,129030001,129130000,4,0,0,1,0,0
chr11,129130001,129270000,2,3,0,3,5,1
chr11,129270001,129370000,1,1,0,5,0,1
chr11,129370001,129470000,2,0,0,0,0,2
chr11,129470001,129570000,3,2,3,2,5,1
chr11,129570001,129670000,0,4,1,2,2,2
chr11,129670001,129770000,0,2,0,3,1,0
chr11,129770001,129870000,2,0,0,2,1,0
chr11,129870001,129970000,2,1,2,5,1,0
chr11,129970001,130070000,4,0,3,2,2,0
chr11,130070001,130170000,3,1,1,2,1,1
chr11,130170001,130270000,2,1,2,4,0,2
chr11,130270001,130370000,2,2,1,2,3,0
chr11,130370001,130470000,4,3,0,2,2,1
chr11,130470001,130570000,4,2,0,3,2,1
chr11,130570001,130670000,3,4,3,1,0,1
chr11,130670001,130770000,3,0,0,4,2,1
chr11,130770001,130870000,4,2,6,5,1,1
chr11,130870001,130970000,5,2,3,5,2,0
chr11,130970001,131070000,1,3,2,8,2,1
chr11,131070001,131170000,2,5,2,9,0,1
chr11,131170001,131270000,4,3,6,8,1,0
chr11,131270001,131370000,6,7,5,8,1,0
chr11,131370001,131470000,3,2,1,6,3,2
chr11,131470001,131570000,5,13,3,10,1,0
chr11,131570001,131670000,4,6,5,11,1,3
chr11,131670001,131770000,1,6,3,7,1,1
chr11,131770001,131870000,1,5,2,8,3,0
chr11,131870001,131970000,6,5,9,10,1,1
chr11,131970001,132070000,3,5,8,13,2,0
chr11,132070001,132170000,1,11,1,11,3,0
chr11,132170001,132270000,3,7,3,7,7,1
chr11,132270001,132370000,4,5,3,6,5,2
chr11,132370001,132470000,6,5,6,12,9,1
chr11,132470001,132570000,3,7,6,14,5,1
chr11,132570001,132670000,1,6,3,9,2,0
chr11,132670001,132770000,6,8,1,4,5,0
chr11,132770001,132870000,5,7,2,4,3,1
chr11,132870001,132970000,7,2,7,9,3,1
chr11,132970001,133070000,6,2,2,11,0,1
chr11,133070001,133170000,6,7,6,14,4,1
chr11,133170001,133270000,4,5,1,11,4,1
chr11,133270001,133370000,11,6,5,13,3,1
chr11,133370001,133470000,3,7,3,7,4,0
chr11,133470001,133570000,3,4,3,5,1,1
chr11,133570001,133670000,2,5,3,5,2,1
chr11,133670001,133770000,2,2,2,1,1,0
chr11,133770001,133870000,3,0,0,1,1,0
chr11,133870001,133970000,4,2,4,3,0,0
chr11,133970001,134070000,0,6,1,4,6,0
chr11,134070001,134170000,2,3,0,1,1,0
chr11,134170001,134270000,2,2,2,2,0,0
chr11,134270001,134370000,2,6,0,3,2,0
chr11,134370001,134470000,2,5,2,7,4,0
chr11,134470001,134570000,2,2,3,6,4,1
chr11,134570001,134670000,2,4,2,4,2,0
chr11,134670001,134770000,3,5,1,6,3,0
chr11,134770001,134870000,2,5,1,5,2,0
chr11,134870001,134970000,4,4,2,3,0,0
chr12,190001,290000,3,5,1,1,2,0
chr12,290001,390000,2,2,0,2,2,0
chr12,390001,560000,0,1,1,1,1,0
chr12,560001,660000,2,2,0,0,2,1
chr12,660001,760000,3,0,0,5,0,0
chr12,760001,860000,3,1,2,3,1,0
chr12,860001,960000,8,2,0,3,1,0
chr12,960001,1060000,1,2,2,2,1,0
chr12,1060001,1160000,2,1,2,6,1,0
chr12,1160001,1260000,2,1,0,2,1,1
chr12,1260001,1360000,2,1,3,2,0,1
chr12,1360001,1460000,5,0,1,5,3,0
chr12,1460001,1560000,4,3,1,0,1,1
chr12,1560001,1660000,9,2,0,4,0,2
chr12,1660001,1760000,4,2,1,1,1,1
chr12,1760001,1860000,1,3,3,1,0,0
chr12,1860001,1960000,4,2,0,0,3,0
chr12,1960001,2060000,2,3,1,2,3,0
chr12,2060001,2160000,1,4,1,2,0,1
chr12,2160001,2260000,4,6,1,4,0,0
chr12,2260001,2360000,3,6,0,1,0,0
chr12,2370001,2470000,3,6,1,2,1,0
chr12,2470001,2570000,5,4,1,1,1,1
chr12,2570001,2700000,1,3,1,6,0,1
chr12,2700001,2800000,2,2,3,2,1,0
chr12,2800001,2900000,1,4,1,4,1,0
chr12,2900001,3000000,2,2,2,1,0,1
chr12,3000001,3100000,2,2,0,2,4,1
chr12,3100001,3200000,0,1,2,2,0,0
chr12,3200001,3300000,2,3,0,1,2,0
chr12,3300001,3400000,4,3,0,0,0,0
chr12,3400001,3500000,1,0,1,4,0,2
chr12,3500001,3600000,2,2,2,3,0,1
chr12,3600001,3700000,3,2,0,1,4,0
chr12,3700001,3800000,3,3,0,1,1,0
chr12,3800001,3900000,1,3,1,3,0,0
chr12,3900001,4000000,2,2,1,3,1,1
chr12,4000001,4100000,5,3,3,4,0,2
chr12,4100001,4200000,6,2,2,1,1,0
chr12,4200001,4300000,4,2,3,2,0,0
chr12,4300001,4400000,1,3,1,7,0,3
chr12,4400001,4500000,3,1,1,3,1,2
chr12,4500001,4600000,3,5,2,9,3,2
chr12,4600001,4720000,0,5,2,0,0,0
chr12,4720001,4820000,2,1,1,2,1,0
chr12,4820001,4920000,1,3,1,4,1,0
chr12,4920001,5020000,3,3,2,4,2,0
chr12,5020001,5120000,4,2,1,8,4,2
chr12,5120001,5220000,1,4,2,4,1,0
chr12,5220001,5320000,1,3,3,1,1,1
chr12,5320001,5420000,1,4,3,1,2,3
chr12,5420001,5520000,1,2,1,3,1,1
chr12,5520001,5620000,2,2,2,1,0,0
chr12,5620001,5720000,5,4,2,2,0,0
chr12,5720001,5820000,3,1,1,1,3,1
chr12,5820001,5920000,3,1,2,0,1,1
chr12,5920001,6020000,5,3,2,1,3,1
chr12,6020001,6140000,1,1,1,1,1,0
chr12,6140001,6240000,1,3,0,2,1,0
chr12,6240001,6340000,2,2,2,3,1,0
chr12,6340001,6440000,7,5,0,0,2,1
chr12,6440001,6540000,2,2,1,0,0,1
chr12,6540001,6640000,1,5,1,1,1,0
chr12,6640001,6740000,4,1,3,1,1,1
chr12,6740001,6840000,4,3,1,2,4,1
chr12,6840001,6940000,7,0,1,2,2,0
chr12,6940001,7040000,3,2,1,1,1,2
chr12,7040001,7140000,5,2,3,3,3,0
chr12,7140001,7240000,0,1,0,0,1,0
chr12,7240001,7340000,5,1,1,2,1,1
chr12,7340001,7440000,8,1,2,4,3,0
chr12,7440001,7540000,3,3,5,9,2,2
chr12,7540001,7640000,3,2,3,5,3,0
chr12,7640001,7760000,4,2,2,9,2,0
chr12,7760001,7860000,4,3,5,6,0,1
chr12,7860001,7960000,4,4,3,5,0,2
chr12,7960001,8060000,2,6,2,10,2,1
chr12,8060001,8160000,2,4,3,3,1,0
chr12,8160001,8260000,6,1,2,2,0,1
chr12,8260001,8360000,3,3,4,7,1,1
chr12,8360001,8460000,1,1,0,3,0,1
chr12,8460001,8560000,3,2,2,3,0,1
chr12,8560001,8660000,3,1,0,4,0,1
chr12,8660001,8760000,6,5,3,11,3,1
chr12,8760001,8860000,4,3,2,6,1,0
chr12,8860001,8960000,1,3,2,4,3,2
chr12,8960001,9060000,3,0,4,4,1,0
chr12,9060001,9160000,6,3,7,10,3,1
chr12,9160001,9260000,6,4,4,7,2,1
chr12,9260001,9360000,6,2,6,6,1,0
chr12,9360001,9460000,6,3,3,12,1,1
chr12,9460001,9560000,2,4,2,4,0,0
chr12,9560001,9660000,2,3,0,1,0,1
chr12,9660001,9760000,1,1,3,3,1,0
chr12,9760001,9860000,6,1,1,3,1,4
chr12,9860001,9960000,2,1,3,8,2,1
chr12,9960001,10060000,3,2,8,7,3,0
chr12,10060001,10160000,5,3,1,2,1,1
chr12,10160001,10260000,5,2,4,5,1,1
chr12,10260001,10360000,2,2,0,4,2,3
chr12,10360001,10460000,3,3,2,3,3,0
chr12,10460001,10560000,3,3,1,9,2,0
chr12,10560001,10660000,2,0,3,4,1,3
chr12,10660001,10760000,4,4,3,6,1,0
chr12,10760001,10860000,2,2,0,5,1,0
chr12,10860001,10960000,3,2,5,3,1,3
chr12,10960001,11060000,1,4,3,5,4,1
chr12,11060001,11160000,3,2,2,3,0,1
chr12,11160001,11260000,0,2,3,2,1,1
chr12,11260001,11360000,5,3,3,7,2,0
chr12,11360001,11460000,4,2,4,5,0,0
chr12,11460001,11560000,9,4,0,3,1,0
chr12,11560001,11660000,5,5,1,3,2,0
chr12,11660001,11760000,4,1,2,1,2,2
chr12,11760001,11860000,1,1,2,5,1,2
chr12,11860001,11960000,5,3,0,3,1,1
chr12,11960001,12060000,6,0,0,1,1,3
chr12,12060001,12160000,8,0,2,0,3,0
chr12,12160001,12260000,2,0,3,2,2,1
chr12,12260001,12360000,1,1,1,4,1,1
chr12,12360001,12460000,6,0,3,0,1,2
chr12,12460001,12560000,2,3,0,2,1,1
chr12,12560001,12660000,4,1,3,4,1,2
chr12,12660001,12760000,7,2,1,0,0,0
chr12,12760001,12860000,4,4,1,3,0,1
chr12,12860001,12960000,7,2,0,7,0,2
chr12,12960001,13060000,2,2,2,1,0,0
chr12,13060001,13160000,2,1,1,3,1,1
chr12,13160001,13260000,3,2,4,0,0,0
chr12,13260001,13360000,4,3,1,4,3,1
chr12,13360001,13460000,2,5,0,4,0,0
chr12,13460001,13560000,3,3,0,3,1,1
chr12,13560001,13660000,3,5,1,2,5,1
chr12,13660001,13760000,3,0,1,2,0,1
chr12,13760001,13860000,1,3,0,1,0,0
chr12,13860001,13960000,1,7,0,3,2,2
chr12,13960001,14060000,0,7,1,3,2,2
chr12,14060001,14160000,5,5,2,1,1,1
chr12,14160001,14260000,0,6,0,1,3,0
chr12,14260001,14360000,3,3,3,2,4,2
chr12,14360001,14460000,3,6,1,3,6,1
chr12,14460001,14560000,4,3,2,1,2,2
chr12,14560001,14660000,9,3,3,2,2,0
chr12,14660001,14760000,5,0,1,4,2,1
chr12,14760001,14860000,2,1,0,2,1,1
chr12,14860001,14960000,3,1,2,3,0,1
chr12,14960001,15060000,7,2,1,4,6,1
chr12,15060001,15160000,2,4,0,5,2,2
chr12,15160001,15260000,4,1,3,8,3,0
chr12,15260001,15360000,2,3,4,1,1,2
chr12,15360001,15460000,4,6,2,1,6,2
chr12,15460001,15560000,4,3,6,8,6,1
chr12,15560001,15660000,3,1,4,4,1,1
chr12,15660001,15760000,3,2,1,0,2,1
chr12,15760001,15860000,2,1,2,5,1,0
chr12,15860001,15960000,3,3,4,3,3,1
chr12,15960001,16060000,0,2,1,2,2,1
chr12,16060001,16160000,4,2,1,4,0,2
chr12,16160001,16260000,1,0,0,1,1,1
chr12,16260001,16360000,4,1,0,2,0,0
chr12,16360001,16460000,2,3,1,2,1,1
chr12,16460001,16560000,6,2,0,6,2,1
chr12,16560001,16660000,2,0,1,4,2,1
chr12,16660001,16760000,2,0,4,4,2,1
chr12,16760001,16860000,3,6,1,6,2,4
chr12,16860001,16960000,4,5,3,6,0,0
chr12,16960001,17060000,3,1,4,10,4,0
chr12,17060001,17160000,3,5,5,7,5,1
chr12,17160001,17260000,1,3,2,7,3,5
chr12,17260001,17360000,5,6,4,8,2,0
chr12,17360001,17460000,2,1,5,9,3,1
chr12,17460001,17560000,5,6,3,12,4,0
chr12,17560001,17660000,3,7,4,13,3,5
chr12,17660001,17760000,3,6,4,11,1,1
chr12,17760001,17860000,3,9,4,12,2,1
chr12,17860001,17960000,6,5,2,8,3,4
chr12,17960001,18060000,5,7,4,6,3,1
chr12,18060001,18160000,0,2,8,11,4,3
chr12,18160001,18260000,5,2,5,3,3,1
chr12,18260001,18360000,1,3,3,2,4,1
chr12,18360001,18460000,2,3,3,3,4,0
chr12,18460001,18560000,3,0,3,6,4,2
chr12,18560001,18660000,3,4,3,2,4,3
chr12,18660001,18760000,3,4,3,2,1,1
chr12,18760001,18860000,4,3,3,2,1,3
chr12,18860001,18960000,4,2,4,3,2,1
chr12,18960001,19060000,4,1,4,3,4,0
chr12,19060001,19160000,4,2,0,1,3,0
chr12,19160001,19260000,5,2,0,0,1,3
chr12,19260001,19360000,1,2,0,3,1,0
chr12,19360001,19460000,6,2,2,3,2,3
chr12,19460001,19560000,1,0,0,2,3,0
chr12,19560001,19660000,5,2,3,2,1,1
chr12,19660001,19760000,4,4,2,6,1,0
chr12,19760001,19860000,3,5,0,3,2,4
chr12,19860001,19970000,5,4,2,5,0,2
chr12,19970001,20070000,5,3,0,4,2,3
chr12,20070001,20170000,5,4,4,6,1,2
chr12,20170001,20270000,3,4,2,6,2,2
chr12,20270001,20370000,8,5,3,8,1,1
chr12,20370001,20470000,4,4,2,9,0,1
chr12,20470001,20570000,7,5,1,7,3,1
chr12,20570001,20670000,10,5,2,8,1,1
chr12,20670001,20780000,1,6,3,8,0,0
chr12,20780001,20880000,4,6,1,6,3,1
chr12,20880001,20990000,8,14,0,2,2,1
chr12,20990001,21090000,5,12,2,5,2,2
chr12,21090001,21190000,7,5,4,8,2,3
chr12,21190001,21290000,3,6,5,14,1,1
chr12,21290001,21390000,4,6,6,5,4,0
chr12,21390001,21490000,1,5,6,11,2,0
chr12,21490001,21590000,3,4,2,7,1,3
chr12,21590001,21690000,4,2,2,5,0,0
chr12,21690001,21790000,2,0,2,7,2,0
chr12,21790001,21890000,3,4,3,4,0,2
chr12,21890001,21990000,2,2,5,9,1,1
chr12,21990001,22090000,3,2,1,7,2,0
chr12,22090001,22190000,1,0,3,5,1,0
chr12,22190001,22290000,7,1,0,2,1,1
chr12,22290001,22390000,3,2,2,8,1,0
chr12,22390001,22490000,3,0,3,5,1,0
chr12,22490001,22590000,3,2,3,5,1,1
chr12,22590001,22690000,1,1,3,4,2,3
chr12,22690001,22790000,3,0,0,2,3,1
chr12,22790001,22890000,5,2,0,3,2,0
chr12,22890001,22990000,2,0,3,6,2,0
chr12,22990001,23090000,3,4,5,4,4,0
chr12,23090001,23190000,4,6,2,10,2,0
chr12,23190001,23290000,4,2,7,10,1,2
chr12,23290001,23390000,7,3,0,6,2,1
chr12,23390001,23490000,2,5,8,9,5,1
chr12,23490001,23590000,4,1,6,12,4,0
chr12,23590001,23690000,2,4,5,5,5,1
chr12,23690001,23790000,3,2,1,4,1,2
chr12,23790001,23890000,3,1,2,4,2,2
chr12,23890001,23990000,3,4,5,10,6,1
chr12,23990001,24090000,4,5,4,8,2,1
chr12,24090001,24190000,3,4,5,10,3,0
chr12,24190001,24290000,1,1,9,8,4,1
chr12,24290001,24390000,2,6,7,6,4,2
chr12,24390001,24490000,3,1,6,13,3,0
chr12,24490001,24590000,3,0,1,12,2,1
chr12,24590001,24690000,5,4,5,14,1,2
chr12,24690001,24790000,3,2,4,8,2,2
chr12,24790001,24890000,5,2,2,11,2,1
chr12,24890001,24990000,2,1,4,8,2,3
chr12,24990001,25090000,1,1,3,7,1,0
chr12,25090001,25190000,6,5,4,3,1,1
chr12,25190001,25290000,3,0,5,2,1,0
chr12,25290001,25390000,8,0,3,7,1,3
chr12,25390001,25490000,1,0,2,4,3,1
chr12,25490001,25590000,5,1,1,4,2,0
chr12,25590001,25690000,1,3,7,5,2,1
chr12,25690001,25790000,0,4,5,7,1,1
chr12,25790001,25890000,2,1,2,6,3,1
chr12,25890001,25990000,3,1,5,8,2,0
chr12,25990001,26090000,4,2,3,7,2,0
chr12,26090001,26190000,3,0,5,10,1,0
chr12,26190001,26290000,0,2,2,6,2,1
chr12,26290001,26390000,3,2,4,2,4,0
chr12,26390001,26490000,1,0,2,2,8,0
chr12,26490001,26590000,4,1,2,1,2,1
chr12,26590001,26690000,5,2,0,0,4,0
chr12,26690001,26790000,1,5,5,0,1,1
chr12,26790001,26890000,2,2,3,2,1,0
chr12,26890001,26990000,2,0,1,1,1,1
chr12,26990001,27090000,4,2,4,1,2,0
chr12,27090001,27190000,1,1,2,1,1,0
chr12,27190001,27290000,4,2,1,1,3,0
chr12,27290001,27390000,3,0,0,6,0,1
chr12,27390001,27490000,4,0,1,2,2,5
chr12,27490001,27590000,4,2,1,3,1,1
chr12,27590001,27690000,7,2,2,0,3,1
chr12,27690001,27790000,1,3,0,3,4,1
chr12,27790001,27890000,5,1,2,1,1,2
chr12,27890001,27990000,8,3,1,1,1,1
chr12,27990001,28090000,6,3,1,6,3,1
chr12,28090001,28190000,4,2,3,1,3,1
chr12,28190001,28290000,4,1,4,8,2,0
chr12,28290001,28390000,0,0,3,4,3,0
chr12,28390001,28490000,2,4,3,1,2,0
chr12,28490001,28590000,1,3,4,2,0,0
chr12,28590001,28690000,3,0,0,6,0,3
chr12,28690001,28790000,4,5,2,3,2,0
chr12,28790001,28890000,4,4,6,5,5,0
chr12,28890001,28990000,4,4,6,3,1,0
chr12,28990001,29090000,5,3,1,5,1,0
chr12,29090001,29190000,3,2,2,2,2,1
chr12,29190001,29290000,0,5,3,3,2,0
chr12,29290001,29390000,1,9,0,2,1,0
chr12,29390001,29490000,2,4,1,3,3,1
chr12,29490001,29590000,0,1,1,4,2,2
chr12,29590001,29690000,2,2,5,1,1,1
chr12,29690001,29790000,4,4,1,5,1,0
chr12,29790001,29890000,4,1,2,11,2,0
chr12,29890001,29990000,0,5,5,9,4,1
chr12,29990001,30090000,0,4,8,6,0,1
chr12,30090001,30190000,4,6,5,7,3,2
chr12,30190001,30290000,5,7,5,13,2,0
chr12,30290001,30390000,3,3,4,9,2,0
chr12,30390001,30490000,6,3,5,6,1,0
chr12,30490001,30590000,4,4,3,7,1,1
chr12,30590001,30690000,3,3,2,9,1,0
chr12,30690001,30790000,1,1,6,6,3,2
chr12,30790001,30890000,1,0,3,3,1,4
chr12,30890001,30990000,4,1,5,2,1,0
chr12,30990001,31090000,3,4,4,2,1,1
chr12,31090001,31190000,2,3,2,0,1,0
chr12,31190001,31290000,1,0,0,1,3,1
chr12,31290001,31390000,3,5,0,0,1,3
chr12,31390001,31490000,3,6,1,0,4,1
chr12,31490001,31590000,6,5,2,3,0,0
chr12,31590001,31690000,2,1,2,2,1,2
chr12,31690001,31790000,7,3,3,5,2,0
chr12,31790001,31890000,2,2,0,2,4,0
chr12,31890001,31990000,3,5,3,2,1,0
chr12,31990001,32090000,2,6,1,2,2,0
chr12,32090001,32190000,3,2,1,2,0,4
chr12,32190001,32290000,4,1,2,2,3,1
chr12,32290001,32390000,4,3,1,1,2,1
chr12,32390001,32490000,2,0,1,4,2,1
chr12,32490001,32590000,1,3,2,4,1,0
chr12,32590001,32690000,1,1,1,5,3,0
chr12,32690001,32790000,1,1,0,2,0,0
chr12,32790001,32890000,2,3,1,4,3,1
chr12,32890001,32990000,8,2,1,2,0,3
chr12,32990001,33090000,2,1,0,6,5,4
chr12,33090001,33190000,2,5,2,5,4,1
chr12,33190001,33290000,4,3,3,3,6,1
chr12,33290001,33390000,5,8,6,8,5,3
chr12,33390001,33490000,4,3,2,3,2,1
chr12,33490001,33590000,5,7,2,4,3,2
chr12,33590001,33690000,3,6,3,9,2,0
chr12,33690001,33790000,2,7,0,7,4,3
chr12,33790001,33890000,5,6,6,5,7,2
chr12,33890001,33990000,4,6,5,13,4,3
chr12,33990001,34090000,2,10,5,16,3,3
chr12,34090001,34190000,1,6,2,7,1,2
chr12,34190001,34290000,5,14,4,2,2,0
chr12,34290001,34420000,2,12,6,6,3,1
chr12,34420001,34520000,2,25,1,12,2,2
chr12,34520001,34630000,2,12,4,7,0,2
chr12,34630001,34730000,5,11,4,3,1,2
chr12,34730001,37960000,2,21,4,10,2,3
chr12,37960001,38390000,5,9,8,6,3,2
chr12,38390001,38570000,2,4,7,9,1,1
chr12,38570001,38670000,1,11,4,4,8,1
chr12,38670001,38770000,4,11,5,5,2,1
chr12,38770001,38870000,7,4,6,12,5,2
chr12,38870001,38970000,6,3,3,10,0,1
chr12,38970001,39070000,1,1,3,7,2,1
chr12,39070001,39170000,2,6,7,1,3,3
chr12,39170001,39270000,1,3,5,9,4,3
chr12,39270001,39370000,4,2,3,10,5,0
chr12,39370001,39470000,1,5,3,6,4,1
chr12,39470001,39570000,3,1,1,8,5,0
chr12,39570001,39670000,1,4,0,6,7,1
chr12,39670001,39770000,4,2,4,3,5,1
chr12,39770001,39870000,4,4,3,2,2,0
chr12,39870001,39970000,2,4,1,8,1,1
chr12,39970001,40070000,5,5,2,4,2,1
chr12,40070001,40170000,4,7,3,5,2,0
chr12,40170001,40270000,6,1,2,3,1,2
chr12,40270001,40370000,5,7,1,7,4,3
chr12,40370001,40470000,4,2,2,5,2,0
chr12,40470001,40570000,5,2,0,5,0,0
chr12,40570001,40670000,3,4,5,10,4,1
chr12,40670001,40770000,2,10,4,9,4,1
chr12,40770001,40870000,5,9,3,11,2,1
chr12,40870001,40970000,1,7,2,8,3,1
chr12,40970001,41070000,2,6,7,8,4,0
chr12,41070001,41170000,3,4,4,21,4,0
chr12,41170001,41270000,6,2,3,12,2,3
chr12,41270001,41370000,1,9,4,6,3,1
chr12,41370001,41470000,3,5,3,4,5,3
chr12,41470001,41570000,3,6,8,7,1,0
chr12,41570001,41670000,1,11,7,9,4,1
chr12,41670001,41780000,2,3,3,6,2,0
chr12,41780001,41880000,1,4,5,11,0,2
chr12,41880001,41980000,4,6,7,11,2,2
chr12,41980001,42080000,4,6,1,6,4,1
chr12,42080001,42180000,2,4,6,10,9,0
chr12,42180001,42280000,5,9,2,5,1,3
chr12,42280001,42380000,3,7,4,5,1,1
chr12,42380001,42480000,1,7,2,3,1,1
chr12,42480001,42580000,3,0,2,5,1,1
chr12,42580001,42680000,6,1,1,6,2,1
chr12,42680001,42780000,1,1,1,1,4,4
chr12,42780001,42880000,5,6,3,1,0,1
chr12,42880001,42980000,8,3,2,5,2,0
chr12,42980001,43080000,1,2,5,2,2,1
chr12,43080001,43180000,4,2,5,5,2,0
chr12,43180001,43280000,3,4,4,6,5,3
chr12,43280001,43380000,8,6,4,5,4,2
chr12,43380001,43480000,3,3,6,4,0,1
chr12,43480001,43580000,1,6,5,8,2,1
chr12,43580001,43680000,1,5,3,6,2,2
chr12,43680001,43780000,2,2,3,6,4,1
chr12,43780001,43880000,6,8,3,5,8,3
chr12,43880001,43980000,1,7,6,3,2,2
chr12,43980001,44080000,0,8,2,5,0,2
chr12,44080001,44180000,5,2,0,2,2,2
chr12,44180001,44280000,1,1,4,2,3,1
chr12,44280001,44380000,4,3,0,0,1,0
chr12,44380001,44480000,2,0,1,1,2,3
chr12,44480001,44580000,4,3,3,1,3,0
chr12,44580001,44680000,1,3,1,6,2,0
chr12,44680001,44780000,2,2,3,2,1,0
chr12,44780001,44880000,1,2,3,3,2,0
chr12,44880001,44980000,2,5,4,3,1,0
chr12,44980001,45080000,0,4,2,8,2,0
chr12,45080001,45180000,1,4,4,6,0,1
chr12,45180001,45280000,2,5,4,4,2,0
chr12,45280001,45380000,4,4,2,10,2,1
chr12,45380001,45480000,5,5,2,3,1,0
chr12,45480001,45580000,2,4,0,6,3,1
chr12,45580001,45680000,4,1,2,3,0,1
chr12,45680001,45780000,3,2,3,4,2,2
chr12,45780001,45880000,2,4,1,3,2,1
chr12,45880001,45980000,1,2,5,1,1,3
chr12,45980001,46080000,1,1,1,2,2,1
chr12,46080001,46180000,0,2,5,2,1,1
chr12,46180001,46280000,3,6,2,2,5,3
chr12,46280001,46380000,3,1,1,2,6,2
chr12,46380001,46480000,3,2,2,3,1,0
chr12,46480001,46580000,4,4,4,8,0,0
chr12,46580001,46680000,4,5,1,1,3,0
chr12,46680001,46780000,2,5,4,1,1,0
chr12,46780001,46880000,1,0,2,1,0,0
chr12,46880001,46980000,2,1,5,5,2,0
chr12,46980001,47080000,2,1,1,3,3,1
chr12,47080001,47180000,1,2,2,3,1,2
chr12,47180001,47280000,1,5,0,10,1,3
chr12,47280001,47380000,4,3,1,7,1,0
chr12,47380001,47480000,3,4,4,3,1,0
chr12,47480001,47580000,5,1,4,4,0,2
chr12,47580001,47680000,2,3,4,3,1,3
chr12,47680001,47780000,1,1,4,1,0,2
chr12,47780001,47880000,2,1,1,3,1,3
chr12,47880001,47980000,7,1,3,5,2,1
chr12,47980001,48080000,2,3,2,0,1,0
chr12,48080001,48180000,2,0,0,1,0,0
chr12,48180001,48280000,0,1,1,2,1,0
chr12,48280001,48380000,2,3,0,1,1,0
chr12,48380001,48480000,1,1,0,1,1,2
chr12,48480001,48580000,4,0,3,2,2,0
chr12,48580001,48680000,3,2,4,5,4,1
chr12,48680001,48780000,1,6,3,4,5,1
chr12,48780001,48880000,3,1,3,1,4,3
chr12,48880001,48980000,0,1,2,2,1,1
chr12,48980001,49080000,6,3,0,4,3,0
chr12,49080001,49180000,1,1,3,2,2,0
chr12,49180001,49280000,4,2,3,1,2,2
chr12,49280001,49380000,2,4,1,5,1,0
chr12,49380001,49480000,4,7,3,5,4,4
chr12,49480001,49580000,3,0,3,1,1,0
chr12,49580001,49680000,3,1,2,2,0,0
chr12,49680001,49780000,5,4,2,1,1,1
chr12,49780001,49880000,4,1,3,3,0,3
chr12,49880001,49980000,0,1,2,0,5,1
chr12,49980001,50080000,1,1,0,3,0,0
chr12,50080001,50180000,6,2,2,5,1,0
chr12,50180001,50280000,1,1,2,3,2,1
chr12,50280001,50380000,3,6,1,1,1,0
chr12,50380001,50480000,2,3,3,2,1,0
chr12,50480001,50580000,1,2,0,1,0,0
chr12,50580001,50680000,2,1,1,3,5,0
chr12,50680001,50780000,3,1,4,5,0,0
chr12,50780001,50880000,0,0,2,3,2,0
chr12,50880001,50980000,1,2,7,4,3,1
chr12,50980001,51080000,6,1,3,5,5,1
chr12,51080001,51180000,2,2,0,3,2,1
chr12,51180001,51280000,4,1,1,4,2,0
chr12,51280001,51380000,3,6,0,4,1,1
chr12,51380001,51480000,1,1,1,1,1,0
chr12,51480001,51580000,2,2,1,2,1,0
chr12,51580001,51680000,2,0,1,2,2,0
chr12,51680001,51780000,1,4,0,0,1,1
chr12,51780001,51880000,5,3,3,3,0,0
chr12,51880001,51980000,2,4,0,4,1,1
chr12,51980001,52080000,2,4,2,2,2,0
chr12,52080001,52180000,3,3,2,1,1,0
chr12,52180001,52280000,0,2,1,1,0,1
chr12,52280001,52380000,4,2,0,0,0,1
chr12,52380001,52480000,4,1,2,3,3,1
chr12,52480001,52580000,1,3,2,1,2,0
chr12,52580001,52680000,9,1,1,2,2,1
chr12,52680001,52780000,1,3,0,1,1,2
chr12,52780001,52880000,1,0,1,3,2,0
chr12,52880001,52980000,2,1,2,2,3,0
chr12,52980001,53080000,2,1,0,3,3,3
chr12,53080001,53180000,0,1,1,0,0,0
chr12,53180001,53280000,5,2,2,2,1,1
chr12,53280001,53380000,2,2,3,2,2,1
chr12,53380001,53480000,0,3,0,3,1,1
chr12,53480001,53580000,2,0,7,1,1,0
chr12,53580001,53680000,0,1,1,1,0,0
chr12,53680001,53780000,3,3,0,2,0,0
chr12,53780001,53880000,1,2,0,4,2,0
chr12,53880001,53980000,2,0,2,4,1,3
chr12,53980001,54080000,2,2,0,0,1,0
chr12,54080001,54180000,3,1,2,2,1,1
chr12,54180001,54290000,0,1,4,2,1,1
chr12,54290001,54390000,2,3,1,6,0,1
chr12,54390001,54490000,4,5,0,0,1,1
chr12,54490001,54590000,2,1,1,0,1,0
chr12,54590001,54690000,8,0,1,5,2,1
chr12,54690001,54790000,4,1,0,2,1,1
chr12,54790001,54890000,2,3,3,1,1,0
chr12,54890001,54990000,6,2,2,2,1,1
chr12,54990001,55090000,3,0,1,2,3,1
chr12,55090001,55190000,4,6,4,2,1,0
chr12,55190001,55290000,0,5,3,4,2,1
chr12,55290001,55390000,3,1,4,4,1,0
chr12,55390001,55490000,4,3,2,4,3,3
chr12,55490001,55590000,2,3,4,5,2,3
chr12,55590001,55690000,2,6,5,9,2,2
chr12,55690001,55790000,4,2,4,4,3,0
chr12,55790001,55890000,1,6,4,7,2,2
chr12,55890001,55990000,4,4,2,4,6,0
chr12,55990001,56090000,3,1,2,2,3,0
chr12,56090001,56190000,1,2,0,0,1,1
chr12,56190001,56290000,2,0,1,2,2,1
chr12,56290001,56390000,1,2,0,2,1,3
chr12,56390001,56490000,1,1,0,0,0,1
chr12,56490001,56590000,2,3,1,0,3,0
chr12,56590001,56690000,3,1,0,4,3,0
chr12,56690001,56790000,3,1,1,2,1,0
chr12,56790001,56890000,2,0,2,1,0,0
chr12,56890001,56990000,2,3,7,1,7,1
chr12,56990001,57090000,2,3,3,3,0,1
chr12,57090001,57190000,0,1,1,2,1,1
chr12,57190001,57290000,2,3,1,5,2,0
chr12,57290001,57390000,1,0,1,3,0,0
chr12,57390001,57490000,2,1,4,0,1,1
chr12,57490001,57590000,2,2,1,3,0,0
chr12,57590001,57690000,0,3,1,3,0,0
chr12,57690001,57790000,6,0,1,2,0,1
chr12,57790001,57890000,0,2,2,2,1,0
chr12,57890001,57990000,2,0,3,5,0,0
chr12,57990001,58090000,2,3,5,3,2,2
chr12,58090001,58190000,2,1,0,0,1,1
chr12,58190001,58290000,4,3,1,0,3,0
chr12,58290001,58390000,1,1,1,1,0,0
chr12,58390001,58490000,1,2,2,4,0,0
chr12,58490001,58590000,2,6,0,8,6,0
chr12,58590001,58690000,3,3,2,4,2,0
chr12,58690001,58790000,4,3,1,4,1,1
chr12,58790001,58890000,0,3,4,3,0,0
chr12,58890001,58990000,1,3,2,5,1,3
chr12,58990001,59090000,1,3,4,6,2,0
chr12,59090001,59190000,3,7,3,5,5,1
chr12,59190001,59290000,6,2,1,3,1,2
chr12,59290001,59390000,3,7,2,4,1,0
chr12,59390001,59490000,1,0,1,3,1,1
chr12,59490001,59590000,3,3,3,7,3,1
chr12,59590001,59690000,1,1,3,4,3,2
chr12,59690001,59790000,2,2,1,7,4,0
chr12,59790001,59890000,2,2,1,8,2,0
chr12,59890001,59990000,4,8,2,6,3,1
chr12,59990001,60090000,7,2,4,3,3,2
chr12,60090001,60190000,2,1,2,4,5,1
chr12,60190001,60290000,3,4,4,4,5,1
chr12,60290001,60390000,2,4,1,1,2,2
chr12,60390001,60490000,0,9,2,4,3,0
chr12,60490001,60590000,4,6,9,6,1,1
chr12,60590001,60690000,1,8,5,3,1,2
chr12,60690001,60790000,4,6,8,2,5,2
chr12,60790001,60890000,1,10,3,8,2,0
chr12,60890001,60990000,2,6,12,12,4,4
chr12,60990001,61090000,4,11,6,11,2,1
chr12,61090001,61190000,4,9,5,23,1,1
chr12,61190001,61290000,2,9,7,14,6,4
chr12,61290001,61390000,4,10,9,16,3,5
chr12,61390001,61490000,5,6,5,9,2,1
chr12,61490001,61590000,7,11,4,9,3,3
chr12,61590001,61690000,1,7,4,7,7,3
chr12,61690001,61790000,3,7,9,8,6,2
chr12,61790001,61890000,2,10,7,7,2,0
chr12,61890001,61990000,4,4,2,9,4,0
chr12,61990001,62090000,4,11,6,11,1,6
chr12,62090001,62190000,5,6,5,6,4,1
chr12,62190001,62290000,3,6,1,7,3,1
chr12,62290001,62390000,1,7,2,5,1,1
chr12,62390001,62490000,3,2,3,4,0,1
chr12,62490001,62590000,4,11,5,2,5,1
chr12,62590001,62690000,1,3,1,5,1,0
chr12,62690001,62790000,2,3,1,2,3,1
chr12,62790001,62890000,5,5,1,5,2,0
chr12,62890001,62990000,3,2,4,3,1,1
chr12,62990001,63090000,3,2,1,5,1,1
chr12,63090001,63190000,2,2,0,3,1,0
chr12,63190001,63290000,2,1,1,3,3,0
chr12,63290001,63390000,3,2,2,5,2,0
chr12,63390001,63490000,2,4,1,4,2,0
chr12,63490001,63590000,2,7,2,8,0,2
chr12,63590001,63690000,3,3,2,6,1,0
chr12,63690001,63790000,2,5,2,3,2,1
chr12,63790001,63890000,4,7,2,6,3,3
chr12,63890001,63990000,2,5,4,3,2,0
chr12,63990001,64090000,2,4,6,4,1,0
chr12,64090001,64190000,5,4,2,6,4,1
chr12,64190001,64290000,3,2,1,0,2,2
chr12,64290001,64390000,4,4,1,2,7,0
chr12,64390001,64490000,1,1,2,5,1,1
chr12,64490001,64590000,1,0,4,3,1,2
chr12,64590001,64690000,2,0,5,3,2,1
chr12,64690001,64790000,1,2,3,7,1,1
chr12,64790001,64890000,4,0,0,5,2,0
chr12,64890001,64990000,3,0,2,2,0,0
chr12,64990001,65090000,1,4,1,1,0,1
chr12,65090001,65190000,5,4,1,1,3,1
chr12,65190001,65290000,2,2,1,2,1,1
chr12,65290001,65390000,3,6,2,4,2,1
chr12,65390001,65490000,8,4,4,4,3,1
chr12,65490001,65590000,1,3,5,3,3,1
chr12,65590001,65690000,4,3,1,7,1,0
chr12,65690001,65790000,3,2,0,3,2,0
chr12,65790001,65890000,3,4,1,6,2,1
chr12,65890001,65990000,4,4,2,3,1,1
chr12,65990001,66090000,2,3,3,4,1,3
chr12,66090001,66190000,4,3,1,4,4,0
chr12,66190001,66290000,6,5,0,6,2,0
chr12,66290001,66390000,3,6,2,3,4,2
chr12,66390001,66490000,3,1,3,6,2,2
chr12,66490001,66590000,2,1,2,4,4,2
chr12,66590001,66690000,1,3,3,3,1,2
chr12,66690001,66790000,4,3,2,2,2,1
chr12,66790001,66910000,6,2,1,3,2,0
chr12,66910001,67010000,2,4,1,5,0,3
chr12,67010001,67110000,2,4,1,1,1,0
chr12,67110001,67210000,3,4,3,6,1,0
chr12,67210001,67310000,1,3,0,7,1,1
chr12,67310001,67410000,4,5,2,5,2,4
chr12,67410001,67510000,2,6,3,7,1,2
chr12,67510001,67610000,4,2,3,4,4,0
chr12,67610001,67710000,1,4,3,7,4,1
chr12,67710001,67810000,5,4,4,7,5,1
chr12,67810001,67910000,2,1,1,2,2,1
chr12,67910001,68010000,6,7,1,0,2,1
chr12,68010001,68110000,4,2,1,1,1,2
chr12,68110001,68210000,2,2,4,2,4,2
chr12,68210001,68310000,2,5,2,1,2,1
chr12,68310001,68410000,2,8,2,0,3,1
chr12,68410001,68510000,4,7,5,4,4,0
chr12,68510001,68610000,0,5,2,9,4,0
chr12,68610001,68710000,3,0,4,2,0,1
chr12,68710001,68810000,1,2,4,3,2,0
chr12,68810001,68910000,6,3,0,2,1,0
chr12,68910001,69010000,1,2,1,7,1,1
chr12,69010001,69110000,3,5,0,4,4,0
chr12,69110001,69210000,1,2,2,7,2,0
chr12,69210001,69310000,3,6,1,7,1,0
chr12,69310001,69430000,0,2,3,5,1,1
chr12,69430001,69530000,1,2,2,6,1,0
chr12,69530001,69630000,5,3,1,2,1,0
chr12,69630001,69730000,4,5,2,2,2,1
chr12,69730001,69830000,3,2,1,3,2,0
chr12,69830001,69930000,1,5,1,1,0,0
chr12,69930001,70030000,4,2,0,5,4,1
chr12,70030001,70130000,2,3,2,2,2,1
chr12,70130001,70280000,2,1,0,4,3,1
chr12,70280001,70380000,4,2,2,4,0,2
chr12,70380001,70480000,3,9,4,1,2,1
chr12,70480001,70580000,1,3,1,3,0,2
chr12,70580001,70680000,3,3,4,3,5,2
chr12,70680001,70780000,2,2,2,3,5,1
chr12,70780001,70880000,4,2,1,4,1,2
chr12,70880001,70980000,0,2,4,1,2,2
chr12,70980001,71080000,4,6,3,4,2,1
chr12,71080001,71180000,7,3,3,1,5,0
chr12,71180001,71280000,0,4,1,3,0,1
chr12,71280001,71380000,5,2,3,3,1,1
chr12,71380001,71480000,3,3,2,2,1,0
chr12,71480001,71580000,3,5,2,1,1,3
chr12,71580001,71680000,3,3,1,3,2,0
chr12,71680001,71780000,5,1,2,6,1,0
chr12,71780001,71880000,4,7,2,4,2,2
chr12,71880001,71980000,4,4,2,3,1,2
chr12,71980001,72080000,3,1,0,5,0,0
chr12,72080001,72180000,4,2,0,3,3,1
chr12,72180001,72280000,9,5,3,2,3,0
chr12,72280001,72380000,2,4,1,5,1,1
chr12,72380001,72480000,4,7,3,3,5,3
chr12,72480001,72580000,4,2,4,8,6,0
chr12,72580001,72680000,5,5,4,8,2,2
chr12,72680001,72780000,5,11,3,7,5,2
chr12,72780001,72880000,7,12,3,5,1,1
chr12,72880001,72980000,2,10,3,11,3,1
chr12,72980001,73080000,4,8,5,12,3,0
chr12,73080001,73180000,3,9,1,13,2,7
chr12,73180001,73280000,2,14,5,6,2,2
chr12,73280001,73380000,1,10,6,15,2,4
chr12,73380001,73480000,4,11,5,8,1,4
chr12,73480001,73580000,7,10,5,18,1,2
chr12,73580001,73680000,4,6,10,8,1,3
chr12,73680001,73780000,3,4,6,10,2,0
chr12,73780001,73880000,4,6,4,6,3,3
chr12,73880001,73980000,4,9,5,11,6,2
chr12,73980001,74080000,3,7,8,10,2,1
chr12,74080001,74180000,4,12,5,9,2,2
chr12,74180001,74280000,3,9,7,14,4,2
chr12,74280001,74380000,6,11,6,13,5,1
chr12,74380001,74480000,5,17,6,9,3,1
chr12,74480001,74580000,4,8,4,9,3,0
chr12,74580001,74680000,4,9,3,4,3,2
chr12,74680001,74780000,4,3,6,3,1,2
chr12,74780001,74880000,0,10,0,4,0,0
chr12,74880001,74980000,3,4,4,3,3,1
chr12,74980001,75080000,5,5,4,4,1,0
chr12,75080001,75180000,5,2,5,10,1,2
chr12,75180001,75280000,4,9,2,4,4,2
chr12,75280001,75380000,4,6,4,5,0,2
chr12,75380001,75480000,2,7,3,5,4,3
chr12,75480001,75580000,4,9,2,5,4,1
chr12,75580001,75680000,9,7,0,7,1,3
chr12,75680001,75780000,8,3,6,4,3,0
chr12,75780001,75880000,1,2,6,4,2,0
chr12,75880001,76000000,3,2,1,1,0,1
chr12,76000001,76100000,2,3,4,4,3,1
chr12,76100001,76200000,3,0,0,1,0,0
chr12,76200001,76300000,3,1,4,0,1,0
chr12,76300001,76400000,0,4,2,2,2,0
chr12,76400001,76500000,4,2,6,6,1,1
chr12,76500001,76600000,2,3,3,5,2,1
chr12,76600001,76700000,1,1,6,5,4,1
chr12,76700001,76800000,3,3,4,3,1,0
chr12,76800001,76900000,4,1,2,3,3,1
chr12,76900001,77000000,2,4,2,7,5,1
chr12,77000001,77100000,3,4,2,2,0,0
chr12,77100001,77200000,5,5,3,5,1,0
chr12,77200001,77300000,0,0,4,3,4,1
chr12,77300001,77400000,5,2,5,4,2,2
chr12,77400001,77500000,2,4,6,7,1,2
chr12,77500001,77600000,1,3,7,5,1,0
chr12,77600001,77700000,1,3,3,4,3,2
chr12,77700001,77800000,2,6,5,2,0,2
chr12,77800001,77900000,0,6,3,7,1,1
chr12,77900001,78000000,2,7,0,7,3,0
chr12,78000001,78100000,5,8,5,4,2,1
chr12,78100001,78200000,3,10,2,4,1,1
chr12,78200001,78300000,5,12,1,6,0,2
chr12,78300001,78400000,3,4,4,11,1,1
chr12,78400001,78500000,6,15,4,8,3,0
chr12,78500001,78600000,1,5,4,7,1,2
chr12,78600001,78700000,5,4,3,6,5,2
chr12,78700001,78800000,5,11,3,11,2,2
chr12,78800001,78900000,3,9,4,9,10,1
chr12,78900001,79000000,5,6,3,9,4,1
chr12,79000001,79100000,3,9,2,8,2,0
chr12,79100001,79200000,5,8,7,10,5,2
chr12,79200001,79300000,6,7,5,8,3,3
chr12,79300001,79400000,6,5,2,16,1,0
chr12,79400001,79500000,6,2,2,5,2,3
chr12,79500001,79600000,4,2,2,3,3,1
chr12,79600001,79700000,6,1,4,4,1,1
chr12,79700001,79800000,5,3,1,6,0,2
chr12,79800001,79900000,1,4,0,1,3,0
chr12,79900001,80000000,2,3,4,5,1,0
chr12,80000001,80100000,4,3,0,5,3,1
chr12,80100001,80200000,1,1,3,4,2,1
chr12,80200001,80300000,3,3,0,2,6,0
chr12,80300001,80400000,1,2,2,2,1,0
chr12,80400001,80500000,4,3,6,6,2,2
chr12,80500001,80600000,5,3,5,7,1,1
chr12,80600001,80700000,4,3,2,3,3,2
chr12,80700001,80800000,2,1,4,9,2,0
chr12,80800001,80900000,4,1,0,7,2,0
chr12,80900001,81000000,2,3,4,5,3,0
chr12,81000001,81100000,3,5,4,11,3,1
chr12,81100001,81200000,5,3,2,10,1,2
chr12,81200001,81300000,9,6,5,12,1,2
chr12,81300001,81400000,3,6,7,10,1,2
chr12,81400001,81500000,2,5,4,12,1,2
chr12,81500001,81600000,3,5,4,10,8,5
chr12,81600001,81700000,4,6,3,12,1,0
chr12,81700001,81800000,1,7,4,11,1,1
chr12,81800001,81900000,6,9,4,12,8,2
chr12,81900001,82000000,3,7,3,9,1,0
chr12,82000001,82100000,2,5,2,3,4,0
chr12,82100001,82200000,8,6,12,8,4,1
chr12,82200001,82300000,8,10,2,9,3,3
chr12,82300001,82400000,6,5,3,4,4,1
chr12,82400001,82500000,5,3,2,3,3,3
chr12,82500001,82600000,1,7,6,7,6,2
chr12,82600001,82700000,5,7,4,3,3,0
chr12,82700001,82800000,2,3,2,6,1,1
chr12,82800001,82900000,4,2,1,1,0,2
chr12,82900001,83000000,3,2,2,4,2,3
chr12,83000001,83100000,1,2,1,1,1,1
chr12,83100001,83200000,0,5,1,3,4,0
chr12,83200001,83300000,4,3,2,4,0,0
chr12,83300001,83400000,5,3,2,5,2,4
chr12,83400001,83500000,5,3,1,1,5,0
chr12,83500001,83600000,0,2,4,1,2,1
chr12,83600001,83700000,4,8,1,8,2,1
chr12,83700001,83800000,1,3,3,7,5,1
chr12,83800001,83900000,6,3,2,6,0,0
chr12,83900001,84000000,1,7,2,4,7,1
chr12,84000001,84100000,4,9,6,11,4,1
chr12,84100001,84200000,5,3,5,6,2,3
chr12,84200001,84300000,2,8,0,7,1,1
chr12,84300001,84400000,4,5,5,9,4,1
chr12,84400001,84500000,5,9,6,7,4,1
chr12,84500001,84600000,5,5,9,11,5,0
chr12,84600001,84700000,3,6,2,12,5,1
chr12,84700001,84800000,2,6,9,16,0,1
chr12,84800001,84900000,3,1,6,13,1,1
chr12,84900001,85000000,2,5,2,8,6,2
chr12,85000001,85100000,4,4,4,8,1,1
chr12,85100001,85200000,4,5,3,6,2,2
chr12,85200001,85300000,5,9,5,20,4,2
chr12,85300001,85400000,5,6,3,7,4,0
chr12,85400001,85500000,4,5,6,8,4,0
chr12,85500001,85600000,3,4,2,10,3,1
chr12,85600001,85700000,1,3,4,12,6,3
chr12,85700001,85800000,2,2,6,14,1,0
chr12,85800001,85900000,5,2,3,9,3,2
chr12,85900001,86000000,5,1,3,7,5,1
chr12,86000001,86100000,4,2,5,5,1,1
chr12,86100001,86200000,5,4,1,3,1,2
chr12,86200001,86300000,4,10,3,2,3,0
chr12,86300001,86400000,4,2,6,6,2,3
chr12,86400001,86500000,4,5,14,10,5,3
chr12,86500001,86600000,1,4,11,11,3,1
chr12,86600001,86700000,1,1,5,8,0,1
chr12,86700001,86800000,4,4,2,13,1,1
chr12,86800001,86900000,2,2,4,8,8,5
chr12,86900001,87000000,3,8,8,14,3,1
chr12,87000001,87100000,7,3,7,13,2,0
chr12,87100001,87200000,2,7,8,12,3,3
chr12,87200001,87300000,4,6,3,7,5,2
chr12,87300001,87400000,2,4,12,10,6,5
chr12,87400001,87500000,4,12,2,7,6,0
chr12,87500001,87600000,5,7,6,11,2,2
chr12,87600001,87700000,2,7,6,5,2,1
chr12,87700001,87800000,1,2,5,5,2,6
chr12,87800001,87900000,4,6,0,1,6,4
chr12,87900001,88000000,6,3,2,9,2,1
chr12,88000001,88100000,5,6,0,6,3,2
chr12,88100001,88200000,3,2,3,5,3,1
chr12,88200001,88300000,1,5,6,5,6,4
chr12,88300001,88400000,7,2,4,6,5,2
chr12,88400001,88500000,3,1,0,1,2,2
chr12,88500001,88600000,1,1,2,3,4,1
chr12,88600001,88700000,0,7,2,5,2,0
chr12,88700001,88800000,3,3,3,4,2,3
chr12,88800001,88900000,0,3,0,3,3,0
chr12,88900001,89000000,3,2,0,5,0,0
chr12,89000001,89100000,1,4,3,4,1,3
chr12,89100001,89200000,0,1,1,3,1,2
chr12,89200001,89300000,2,2,2,6,4,1
chr12,89300001,89400000,4,4,1,0,1,2
chr12,89400001,89500000,1,4,3,4,3,1
chr12,89500001,89600000,3,2,2,4,0,0
chr12,89600001,89700000,4,4,0,2,1,3
chr12,89700001,89800000,6,2,1,2,0,2
chr12,89800001,89900000,1,1,2,1,1,0
chr12,89900001,90000000,6,3,1,1,3,1
chr12,90000001,90100000,1,2,2,5,0,0
chr12,90100001,90200000,3,5,2,1,1,1
chr12,90200001,90300000,3,4,3,4,2,0
chr12,90300001,90400000,3,5,3,2,0,1
chr12,90400001,90500000,3,2,2,3,1,0
chr12,90500001,90600000,6,1,1,5,3,0
chr12,90600001,90700000,0,5,0,5,1,1
chr12,90700001,90800000,4,8,5,7,3,0
chr12,90800001,90900000,2,11,5,4,4,3
chr12,90900001,91000000,3,1,3,12,0,3
chr12,91000001,91100000,3,8,6,6,3,2
chr12,91100001,91200000,2,7,2,10,3,0
chr12,91200001,91300000,3,0,3,4,0,2
chr12,91300001,91400000,6,1,2,4,1,1
chr12,91400001,91500000,5,4,2,6,3,0
chr12,91500001,91600000,2,3,6,3,0,1
chr12,91600001,91700000,4,1,6,2,1,3
chr12,91700001,91800000,4,2,4,2,3,0
chr12,91800001,91900000,7,4,5,7,0,1
chr12,91900001,92000000,2,4,3,3,1,0
chr12,92000001,92100000,3,4,3,6,0,1
chr12,92100001,92200000,1,4,3,2,3,2
chr12,92200001,92300000,5,0,3,0,3,1
chr12,92300001,92400000,1,3,1,3,0,0
chr12,92400001,92500000,4,2,1,2,3,1
chr12,92500001,92600000,1,0,3,4,3,1
chr12,92600001,92700000,2,3,1,4,1,1
chr12,92700001,92800000,2,4,1,2,0,0
chr12,92800001,92900000,2,2,1,3,1,1
chr12,92900001,93000000,5,2,1,2,4,1
chr12,93000001,93100000,2,3,2,4,3,1
chr12,93100001,93200000,1,1,2,5,2,0
chr12,93200001,93300000,3,1,1,4,3,3
chr12,93300001,93400000,0,7,0,4,0,0
chr12,93400001,93500000,2,2,2,2,3,1
chr12,93500001,93600000,4,1,1,2,1,1
chr12,93600001,93700000,1,1,4,2,2,1
chr12,93700001,93840000,3,4,0,0,3,0
chr12,93840001,93940000,2,0,1,2,1,1
chr12,93940001,94040000,1,3,1,2,2,0
chr12,94040001,94140000,1,1,1,3,1,0
chr12,94140001,94240000,3,1,1,1,1,0
chr12,94240001,94340000,1,0,3,1,1,0
chr12,94340001,94440000,4,4,0,1,0,2
chr12,94440001,94540000,1,2,0,2,0,1
chr12,94540001,94640000,1,3,1,2,2,2
chr12,94640001,94740000,5,1,1,3,3,2
chr12,94740001,94840000,1,1,1,4,4,0
chr12,94840001,94940000,4,3,1,1,0,1
chr12,94940001,95040000,2,3,1,6,1,0
chr12,95040001,95140000,1,2,2,3,0,0
chr12,95140001,95240000,1,3,3,1,2,1
chr12,95240001,95340000,1,3,3,2,2,0
chr12,95340001,95440000,2,1,2,1,1,0
chr12,95440001,95540000,2,0,3,4,2,0
chr12,95540001,95640000,1,5,1,3,1,0
chr12,95640001,95740000,3,1,2,3,0,0
chr12,95740001,95840000,2,1,5,3,1,0
chr12,95840001,95940000,3,0,0,3,3,0
chr12,95940001,96040000,1,0,0,1,0,0
chr12,96040001,96140000,5,3,0,3,3,0
chr12,96140001,96240000,1,1,1,2,1,2
chr12,96240001,96340000,1,1,4,3,1,2
chr12,96340001,96440000,1,1,1,1,1,0
chr12,96440001,96540000,1,1,1,4,4,0
chr12,96540001,96640000,4,3,1,6,0,1
chr12,96640001,96740000,3,0,2,1,2,1
chr12,96740001,96840000,3,1,2,5,0,0
chr12,96840001,96940000,2,1,1,4,3,0
chr12,96940001,97040000,6,2,4,11,3,0
chr12,97040001,97160000,5,4,1,6,2,0
chr12,97160001,97260000,4,1,0,6,1,0
chr12,97260001,97360000,6,2,2,6,2,0
chr12,97360001,97460000,2,3,0,5,5,2
chr12,97460001,97560000,1,5,5,6,0,1
chr12,97560001,97660000,1,4,4,7,4,0
chr12,97660001,97760000,4,6,4,9,0,2
chr12,97760001,97860000,3,3,1,6,1,3
chr12,97860001,97960000,4,6,1,2,1,5
chr12,97960001,98060000,1,2,1,2,1,3
chr12,98060001,98160000,3,1,5,3,1,2
chr12,98160001,98260000,1,3,6,1,4,2
chr12,98260001,98360000,1,2,3,6,2,2
chr12,98360001,98460000,5,6,4,5,2,1
chr12,98460001,98560000,2,5,4,4,0,0
chr12,98560001,98660000,3,2,3,7,2,1
chr12,98660001,98760000,2,3,3,4,4,3
chr12,98760001,98860000,3,1,2,5,2,3
chr12,98860001,98960000,5,2,2,2,6,0
chr12,98960001,99060000,8,4,0,2,0,0
chr12,99060001,99160000,4,1,2,3,3,1
chr12,99160001,99260000,1,6,4,11,3,0
chr12,99260001,99360000,2,4,6,5,3,2
chr12,99360001,99460000,1,3,1,6,0,1
chr12,99460001,99560000,1,10,2,5,2,0
chr12,99560001,99660000,1,5,2,5,2,1
chr12,99660001,99760000,7,11,8,4,1,2
chr12,99760001,99860000,3,2,5,7,2,1
chr12,99860001,99960000,1,15,8,10,5,1
chr12,99960001,100060000,1,4,3,22,2,3
chr12,100060001,100160000,1,7,4,6,4,3
chr12,100160001,100260000,4,5,9,9,2,5
chr12,100260001,100360000,7,1,3,5,0,1
chr12,100360001,100460000,2,2,4,3,2,0
chr12,100460001,100560000,2,2,1,3,0,0
chr12,100560001,100660000,2,1,1,0,2,0
chr12,100660001,100760000,1,3,2,5,2,0
chr12,100760001,100860000,1,2,2,2,0,2
chr12,100860001,100960000,4,5,1,6,1,3
chr12,100960001,101060000,4,1,3,1,1,2
chr12,101060001,101160000,4,4,2,5,2,3
chr12,101160001,101260000,2,6,2,6,0,1
chr12,101260001,101360000,2,7,3,5,1,1
chr12,101360001,101460000,1,6,2,4,2,0
chr12,101460001,101570000,3,6,3,3,1,1
chr12,101570001,101670000,2,5,3,4,0,1
chr12,101670001,101770000,3,3,1,2,1,2
chr12,101770001,101870000,4,0,3,3,1,2
chr12,101870001,101970000,2,2,1,3,0,1
chr12,101970001,102070000,2,0,0,2,2,1
chr12,102070001,102170000,5,0,0,7,1,1
chr12,102170001,102270000,1,1,0,3,3,3
chr12,102270001,102370000,2,3,1,0,0,0
chr12,102370001,102470000,3,1,4,2,0,1
chr12,102470001,102570000,0,3,2,2,2,1
chr12,102570001,102670000,2,1,1,4,2,0
chr12,102670001,102770000,3,3,2,4,1,0
chr12,102770001,102870000,3,2,2,6,2,0
chr12,102870001,102970000,1,2,1,4,3,0
chr12,102970001,103070000,2,8,3,7,4,1
chr12,103070001,103170000,1,3,3,6,2,2
chr12,103170001,103270000,5,6,2,5,1,0
chr12,103270001,103370000,3,2,5,5,2,0
chr12,103370001,103470000,1,9,1,6,1,1
chr12,103470001,103570000,7,8,5,3,1,1
chr12,103570001,103670000,4,7,4,3,3,1
chr12,103670001,103770000,5,0,2,10,2,2
chr12,103770001,103870000,3,4,3,4,0,0
chr12,103870001,103970000,5,0,7,1,3,1
chr12,103970001,104070000,6,3,1,1,2,2
chr12,104070001,104170000,1,2,1,2,2,0
chr12,104170001,104270000,2,1,0,1,0,1
chr12,104270001,104370000,3,2,0,4,1,0
chr12,104370001,104470000,0,4,3,1,0,2
chr12,104470001,104570000,4,0,4,3,1,1
chr12,104570001,104670000,4,3,5,2,0,0
chr12,104670001,104770000,4,2,1,1,2,0
chr12,104770001,104870000,0,1,0,5,1,1
chr12,104870001,104970000,4,1,0,2,3,1
chr12,104970001,105070000,3,0,0,3,1,0
chr12,105070001,105170000,5,0,2,1,0,2
chr12,105170001,105270000,3,1,4,4,0,0
chr12,105270001,105370000,3,5,1,2,1,2
chr12,105370001,105470000,0,0,0,2,3,0
chr12,105470001,105570000,3,1,3,3,2,1
chr12,105570001,105670000,1,3,1,1,1,0
chr12,105670001,105770000,4,3,3,1,1,0
chr12,105770001,105870000,4,2,4,3,1,0
chr12,105870001,105970000,7,3,8,4,0,3
chr12,105970001,106070000,1,3,2,5,2,2
chr12,106070001,106170000,4,3,3,3,3,0
chr12,106170001,106270000,2,3,4,2,1,2
chr12,106270001,106370000,0,0,4,2,2,1
chr12,106370001,106470000,4,0,2,4,2,0
chr12,106470001,106570000,0,0,0,0,0,0
chr12,106570001,106670000,3,4,2,3,2,0
chr12,106670001,106770000,2,3,2,1,1,0
chr12,106770001,106870000,3,3,2,1,0,1
chr12,106870001,106970000,1,2,3,6,2,0
chr12,106970001,107070000,2,3,1,0,1,1
chr12,107070001,107170000,0,1,0,3,0,1
chr12,107170001,107270000,3,1,0,4,2,0
chr12,107270001,107370000,1,3,0,2,4,0
chr12,107370001,107470000,3,0,2,3,3,1
chr12,107470001,107570000,3,1,2,4,0,0
chr12,107570001,107670000,0,3,3,6,2,0
chr12,107670001,107770000,10,4,2,2,2,1
chr12,107770001,107870000,2,3,0,4,1,2
chr12,107870001,107970000,2,3,0,1,3,0
chr12,107970001,108070000,4,1,4,3,0,3
chr12,108070001,108170000,2,4,2,2,2,1
chr12,108170001,108270000,1,1,4,6,0,2
chr12,108270001,108370000,2,3,4,2,2,0
chr12,108370001,108470000,2,6,2,5,3,2
chr12,108470001,108570000,2,3,0,3,1,1
chr12,108570001,108670000,1,3,1,3,1,0
chr12,108670001,108770000,4,3,0,2,2,1
chr12,108770001,108870000,5,7,1,2,2,1
chr12,108870001,108970000,3,3,3,4,3,2
chr12,108970001,109070000,2,0,0,1,1,0
chr12,109070001,109170000,1,1,0,0,2,0
chr12,109170001,109270000,3,0,0,5,2,2
chr12,109270001,109370000,0,1,2,3,0,0
chr12,109370001,109470000,2,0,1,3,0,0
chr12,109470001,109570000,5,1,3,2,1,0
chr12,109570001,109670000,4,1,0,0,3,2
chr12,109670001,109770000,3,1,1,3,0,1
chr12,109770001,109870000,2,1,3,6,3,0
chr12,109870001,109970000,2,0,1,1,0,0
chr12,109970001,110070000,0,3,1,4,1,1
chr12,110070001,110170000,2,2,0,0,0,0
chr12,110170001,110270000,2,1,0,1,1,0
chr12,110270001,110370000,4,0,0,2,1,0
chr12,110370001,110470000,3,2,1,0,0,1
chr12,110470001,110570000,3,1,1,2,3,1
chr12,110570001,110670000,0,1,1,1,0,0
chr12,110670001,110770000,2,4,1,0,2,0
chr12,110770001,110870000,4,1,2,2,0,1
chr12,110870001,110970000,0,1,1,2,3,1
chr12,110970001,111070000,2,2,2,4,0,1
chr12,111070001,111170000,1,1,0,0,2,1
chr12,111170001,111270000,3,4,2,4,1,2
chr12,111270001,111370000,1,3,2,6,1,1
chr12,111370001,111470000,6,1,2,3,3,0
chr12,111470001,111570000,3,3,1,2,3,0
chr12,111570001,111670000,2,2,2,7,2,0
chr12,111670001,111770000,3,2,2,1,2,0
chr12,111770001,111870000,6,4,2,1,4,0
chr12,111870001,111970000,2,1,0,5,0,0
chr12,111970001,112070000,3,1,1,2,2,0
chr12,112070001,112170000,4,0,0,2,2,1
chr12,112170001,112270000,5,0,2,3,1,0
chr12,112270001,112370000,1,3,1,2,0,0
chr12,112370001,112470000,2,3,1,2,2,1
chr12,112470001,112570000,2,4,1,1,5,2
chr12,112570001,112670000,2,3,1,2,0,1
chr12,112670001,112770000,2,0,3,2,0,2
chr12,112770001,112870000,4,3,1,2,3,0
chr12,112870001,112970000,3,0,2,2,2,0
chr12,112970001,113070000,1,1,0,2,2,0
chr12,113070001,113170000,2,3,3,6,0,0
chr12,113170001,113270000,3,4,3,8,2,0
chr12,113270001,113370000,1,4,1,1,3,0
chr12,113370001,113470000,0,3,1,1,4,0
chr12,113470001,113580000,0,4,1,1,1,0
chr12,113580001,113680000,2,2,1,2,3,1
chr12,113680001,113780000,0,4,0,3,1,0
chr12,113780001,113880000,1,1,2,0,2,1
chr12,113880001,113980000,2,4,2,4,1,0
chr12,113980001,114080000,2,5,3,3,0,2
chr12,114080001,114180000,4,3,1,3,1,1
chr12,114180001,114280000,1,4,1,2,0,1
chr12,114280001,114380000,0,3,0,2,1,0
chr12,114380001,114480000,1,5,2,2,0,0
chr12,114480001,114580000,5,6,3,9,1,1
chr12,114580001,114680000,7,6,3,4,1,2
chr12,114680001,114780000,4,7,1,1,0,1
chr12,114780001,114880000,3,3,1,4,0,0
chr12,114880001,114980000,4,3,2,7,2,0
chr12,114980001,115080000,2,4,0,6,1,1
chr12,115080001,115180000,5,6,1,2,7,2
chr12,115180001,115280000,3,3,2,5,0,2
chr12,115280001,115380000,0,0,1,7,2,0
chr12,115380001,115480000,1,4,2,3,2,1
chr12,115480001,115580000,3,6,2,5,1,0
chr12,115580001,115680000,2,2,0,0,0,1
chr12,115680001,115780000,1,4,1,3,0,2
chr12,115780001,115880000,1,2,1,2,2,1
chr12,115880001,115980000,0,5,1,5,2,0
chr12,115980001,116080000,2,5,1,3,0,0
chr12,116080001,116180000,6,7,1,3,3,1
chr12,116180001,116280000,3,2,0,4,4,1
chr12,116280001,116380000,2,4,2,3,4,1
chr12,116380001,116480000,2,1,1,3,1,2
chr12,116480001,116580000,3,2,3,1,5,1
chr12,116580001,116680000,6,1,2,2,2,0
chr12,116680001,116780000,4,2,1,2,2,1
chr12,116780001,116880000,3,3,3,4,2,0
chr12,116880001,116980000,1,5,1,4,1,0
chr12,116980001,117080000,4,3,1,2,4,1
chr12,117080001,117180000,1,1,0,4,1,0
chr12,117180001,117280000,3,1,0,2,2,1
chr12,117280001,117380000,0,2,2,3,2,0
chr12,117380001,117480000,1,3,0,4,2,0
chr12,117480001,117580000,1,4,1,1,0,0
chr12,117580001,117680000,0,1,1,4,0,0
chr12,117680001,117780000,3,0,3,4,1,1
chr12,117780001,117880000,1,4,2,4,0,0
chr12,117880001,117980000,2,5,1,3,0,1
chr12,117980001,118080000,1,2,2,4,0,0
chr12,118080001,118180000,5,0,0,5,2,1
chr12,118180001,118280000,3,0,3,6,0,2
chr12,118280001,118380000,1,4,1,4,1,0
chr12,118380001,118480000,2,2,1,2,1,0
chr12,118480001,118580000,1,1,0,7,1,0
chr12,118580001,118680000,0,2,0,3,0,2
chr12,118680001,118780000,10,4,0,0,5,0
chr12,118780001,118880000,3,2,1,1,1,1
chr12,118880001,118980000,2,3,3,4,3,1
chr12,118980001,119080000,3,4,1,4,1,1
chr12,119080001,119180000,1,4,5,7,3,2
chr12,119180001,119280000,4,7,2,7,4,2
chr12,119280001,119380000,1,6,3,8,3,1
chr12,119380001,119480000,2,12,6,6,0,2
chr12,119480001,119580000,1,3,1,3,2,1
chr12,119580001,119680000,1,3,1,14,2,0
chr12,119680001,119780000,3,2,1,9,2,0
chr12,119780001,119880000,4,3,0,4,0,0
chr12,119880001,119980000,5,4,3,2,3,2
chr12,119980001,120080000,4,1,4,9,0,1
chr12,120080001,120180000,3,3,2,0,2,0
chr12,120180001,120280000,2,3,1,1,0,0
chr12,120280001,120380000,2,2,3,2,0,1
chr12,120380001,120480000,3,5,0,0,0,2
chr12,120480001,120580000,3,2,0,0,1,1
chr12,120580001,120680000,2,2,0,0,2,2
chr12,120680001,120780000,0,5,2,4,0,1
chr12,120780001,120880000,5,2,0,4,1,1
chr12,120880001,120980000,3,2,0,2,2,3
chr12,120980001,121080000,2,1,2,5,2,0
chr12,121080001,121180000,1,0,1,1,0,0
chr12,121180001,121280000,4,0,2,3,2,0
chr12,121280001,121380000,4,3,5,4,3,0
chr12,121380001,121480000,2,2,0,1,0,1
chr12,121480001,121580000,1,1,1,3,1,3
chr12,121580001,121680000,1,0,0,0,1,0
chr12,121680001,121780000,1,3,0,2,1,1
chr12,121780001,121880000,2,2,0,2,0,2
chr12,121880001,121980000,0,3,0,0,1,1
chr12,121980001,122080000,2,1,0,1,0,0
chr12,122080001,122180000,2,2,2,3,4,1
chr12,122180001,122280000,8,1,3,4,1,0
chr12,122280001,122380000,0,2,1,1,4,1
chr12,122380001,122480000,4,3,4,1,3,0
chr12,122480001,122580000,0,0,0,1,1,0
chr12,122580001,122680000,2,2,1,1,0,0
chr12,122680001,122780000,1,2,0,1,1,0
chr12,122780001,122880000,3,1,0,2,1,0
chr12,122880001,122980000,0,2,2,2,2,0
chr12,122980001,123080000,4,0,1,2,3,0
chr12,123080001,123180000,1,3,2,4,3,1
chr12,123180001,123280000,2,1,1,0,2,0
chr12,123280001,123380000,5,1,0,2,1,1
chr12,123380001,123480000,1,0,1,2,3,1
chr12,123480001,123580000,5,0,0,3,0,0
chr12,123580001,123680000,0,1,0,0,0,0
chr12,123680001,123780000,3,5,4,1,0,0
chr12,123780001,123880000,2,0,3,3,2,2
chr12,123880001,123980000,4,1,3,1,2,1
chr12,123980001,124080000,0,1,1,4,0,0
chr12,124080001,124180000,3,2,0,2,3,1
chr12,124180001,124280000,2,2,1,5,5,1
chr12,124280001,124380000,2,2,1,7,1,0
chr12,124380001,124480000,5,1,3,2,4,0
chr12,124480001,124580000,5,1,3,2,3,1
chr12,124580001,124680000,0,2,3,3,2,0
chr12,124680001,124780000,2,1,0,1,2,0
chr12,124780001,124880000,2,1,0,0,1,3
chr12,124880001,124980000,3,4,2,1,1,1
chr12,124980001,125080000,4,2,0,1,0,2
chr12,125080001,125180000,2,4,3,1,0,0
chr12,125180001,125280000,2,1,0,1,0,0
chr12,125280001,125380000,3,0,0,4,0,1
chr12,125380001,125520000,4,0,1,1,2,0
chr12,125520001,125620000,3,3,1,1,2,0
chr12,125620001,125720000,1,3,1,1,2,1
chr12,125720001,125820000,1,3,2,4,2,1
chr12,125820001,125920000,3,1,1,6,3,0
chr12,125920001,126020000,3,4,5,13,8,1
chr12,126020001,126130000,2,3,4,5,1,2
chr12,126130001,126230000,2,4,3,3,0,1
chr12,126230001,126330000,6,3,6,8,4,2
chr12,126330001,126430000,5,6,3,5,2,1
chr12,126430001,126530000,5,3,3,4,1,1
chr12,126530001,126630000,4,2,4,3,4,0
chr12,126630001,126730000,8,6,4,2,1,1
chr12,126730001,126830000,4,9,6,8,3,0
chr12,126830001,126930000,3,9,3,7,4,0
chr12,126930001,127030000,6,4,5,7,1,2
chr12,127030001,127130000,7,7,3,6,6,1
chr12,127130001,127230000,6,2,3,5,2,1
chr12,127230001,127330000,3,13,1,6,0,0
chr12,127330001,127430000,5,14,2,6,5,1
chr12,127430001,127530000,3,2,1,8,2,3
chr12,127530001,127630000,5,8,2,10,1,2
chr12,127630001,127750000,7,11,4,4,8,2
chr12,127750001,127850000,4,4,4,3,2,1
chr12,127850001,127950000,6,6,6,10,5,1
chr12,127950001,128050000,7,7,2,2,0,2
chr12,128050001,128150000,6,6,3,7,3,1
chr12,128150001,128250000,0,4,1,4,2,1
chr12,128250001,128350000,4,6,3,11,1,2
chr12,128350001,128450000,8,9,3,6,4,4
chr12,128450001,128550000,7,7,1,7,2,0
chr12,128550001,128650000,4,9,3,7,2,3
chr12,128650001,128750000,1,8,0,3,2,2
chr12,128750001,128850000,3,13,2,10,5,3
chr12,128850001,128950000,3,14,2,6,2,2
chr12,128950001,129050000,4,8,0,7,2,1
chr12,129050001,129150000,2,12,2,8,3,1
chr12,129150001,129250000,8,8,1,7,2,0
chr12,129250001,129350000,0,6,1,3,0,0
chr12,129350001,129450000,5,1,4,3,0,2
chr12,129450001,129550000,4,5,3,3,2,0
chr12,129550001,129650000,4,5,4,7,1,1
chr12,129650001,129750000,0,12,2,2,1,0
chr12,129750001,129850000,5,7,0,8,1,1
chr12,129850001,129950000,2,7,1,4,4,1
chr12,129950001,130050000,3,7,2,4,2,2
chr12,130050001,130150000,2,8,3,4,1,0
chr12,130150001,130250000,7,7,1,8,0,0
chr12,130250001,130350000,2,6,0,6,0,1
chr12,130350001,130450000,1,8,0,3,2,2
chr12,130450001,130550000,2,2,1,7,1,1
chr12,130550001,130650000,4,4,2,3,2,0
chr12,130650001,130750000,2,5,2,4,3,0
chr12,130750001,130850000,3,5,3,2,2,0
chr12,130850001,130970000,6,2,0,3,1,1
chr12,130970001,131070000,1,8,2,5,3,1
chr12,131070001,131170000,3,7,1,3,1,1
chr12,131170001,131270000,3,0,4,4,0,0
chr12,131270001,131370000,1,6,1,3,1,0
chr12,131370001,131470000,5,4,0,7,2,1
chr12,131470001,131570000,2,0,3,4,2,0
chr12,131570001,131670000,1,4,2,2,3,0
chr12,131670001,131770000,1,1,0,2,3,1
chr12,131770001,131870000,0,7,2,0,1,1
chr12,131870001,131970000,0,5,0,4,0,1
chr12,131970001,132090000,1,3,3,6,3,0
chr12,132090001,132190000,1,5,1,2,1,0
chr12,132190001,132290000,3,1,1,1,2,0
chr12,132290001,132390000,2,3,1,3,0,0
chr12,132390001,132490000,3,0,0,4,1,2
chr12,132490001,132590000,1,1,2,1,1,0
chr12,132590001,132690000,0,4,0,5,2,2
chr12,132690001,132790000,0,0,0,0,0,0
chr12,132790001,132890000,0,4,0,1,1,0
chr12,132890001,132990000,1,2,4,1,1,1
chr12,132990001,133090000,1,2,2,2,1,0
chr12,133090001,133190000,1,2,0,4,1,1
chr12,133190001,133290000,4,1,0,1,1,0
chr12,133290001,133400000,3,4,5,2,2,1
chr12,133400001,133500000,0,2,1,1,2,0
chr12,133500001,133600000,0,0,0,0,0,0
chr12,133600001,133700000,2,0,0,1,1,1
chr12,133700001,133800000,2,1,3,7,2,1
chr13,19200001,19300000,3,4,3,5,2,0
chr13,19300001,19510000,5,6,4,4,4,2
chr13,19510001,19610000,3,5,2,6,1,3
chr13,19610001,19760000,2,6,1,2,1,0
chr13,19760001,19860000,3,4,1,6,1,2
chr13,19860001,19960000,8,5,4,7,3,3
chr13,19960001,20090000,3,3,8,2,4,1
chr13,20090001,20270000,1,0,4,5,2,0
chr13,20270001,20400000,5,1,1,2,0,0
chr13,20400001,20500000,0,2,0,1,1,0
chr13,20500001,20600000,1,3,1,3,4,0
chr13,20600001,20700000,2,2,0,4,3,1
chr13,20700001,20800000,3,3,4,1,1,1
chr13,20800001,20900000,1,1,1,5,0,1
chr13,20900001,21030000,1,2,1,4,1,1
chr13,21030001,21150000,1,0,2,1,1,0
chr13,21150001,21250000,7,1,0,2,1,0
chr13,21250001,21350000,2,2,1,2,1,0
chr13,21350001,21450000,2,4,1,3,2,0
chr13,21450001,21550000,2,3,3,3,2,1
chr13,21550001,21650000,2,0,3,0,3,0
chr13,21650001,21750000,4,4,2,2,0,2
chr13,21750001,21870000,3,1,2,3,1,0
chr13,21870001,21980000,1,1,1,3,0,3
chr13,21980001,22080000,0,1,3,3,2,0
chr13,22080001,22190000,2,2,2,4,1,0
chr13,22190001,22290000,2,1,4,2,2,0
chr13,22290001,22390000,4,1,2,3,5,0
chr13,22390001,22510000,2,2,0,2,0,1
chr13,22510001,22610000,2,3,1,8,0,2
chr13,22610001,22710000,3,3,1,3,0,2
chr13,22710001,22810000,0,5,4,6,3,0
chr13,22810001,22910000,3,2,3,10,1,1
chr13,22910001,23010000,6,3,2,15,3,1
chr13,23010001,23130000,3,2,3,5,7,2
chr13,23130001,23230000,5,2,3,3,5,0
chr13,23230001,23330000,2,2,7,4,6,3
chr13,23330001,23430000,2,3,2,7,3,4
chr13,23430001,23530000,4,2,4,2,3,0
chr13,23530001,23630000,2,3,6,6,1,1
chr13,23630001,23730000,2,4,3,5,1,1
chr13,23730001,23830000,1,4,2,4,3,0
chr13,23830001,23930000,2,2,6,2,4,2
chr13,23930001,24030000,1,2,2,7,0,0
chr13,24030001,24130000,1,1,4,5,2,0
chr13,24130001,24230000,4,2,3,3,5,2
chr13,24230001,24330000,1,0,3,3,8,3
chr13,24330001,24430000,1,1,1,3,4,1
chr13,24430001,24530000,4,2,1,2,0,0
chr13,24530001,24630000,0,5,1,2,1,0
chr13,24630001,24730000,2,0,2,4,3,0
chr13,24730001,24830000,1,3,3,4,3,0
chr13,24830001,24970000,0,1,1,3,1,1
chr13,24970001,25070000,3,0,3,3,2,0
chr13,25070001,25180000,1,3,1,4,1,1
chr13,25180001,25280000,2,3,4,3,1,1
chr13,25280001,25380000,2,1,3,5,0,1
chr13,25380001,25480000,3,3,5,6,2,0
chr13,25480001,25580000,3,2,2,3,1,2
chr13,25580001,25680000,2,6,0,3,2,0
chr13,25680001,25780000,2,2,11,5,2,0
chr13,25780001,25880000,3,2,2,1,3,2
chr13,25880001,25980000,1,4,4,5,4,1
chr13,25980001,26080000,6,6,3,6,1,1
chr13,26080001,26180000,3,5,3,8,4,0
chr13,26180001,26280000,1,3,4,4,4,1
chr13,26280001,26380000,3,1,3,6,2,0
chr13,26380001,26500000,3,1,3,4,1,1
chr13,26500001,26600000,3,3,3,6,1,2
chr13,26600001,26700000,4,2,7,4,0,0
chr13,26700001,26800000,3,0,1,7,2,1
chr13,26800001,26900000,2,2,3,3,3,2
chr13,26900001,27000000,3,1,1,2,2,2
chr13,27000001,27100000,1,2,3,4,1,0
chr13,27100001,27200000,0,2,0,8,5,0
chr13,27200001,27300000,0,3,4,6,0,1
chr13,27300001,27400000,1,3,3,8,0,0
chr13,27400001,27500000,2,1,2,5,1,2
chr13,27500001,27600000,2,0,2,4,3,4
chr13,27600001,27700000,2,1,2,2,0,1
chr13,27700001,27800000,1,2,1,4,1,1
chr13,27800001,27900000,2,1,2,6,1,1
chr13,27900001,28070000,1,3,0,2,3,2
chr13,28070001,28170000,1,1,0,2,2,1
chr13,28170001,28270000,1,4,3,2,2,0
chr13,28270001,28370000,5,4,4,6,2,0
chr13,28370001,28470000,2,3,1,1,2,2
chr13,28470001,28570000,1,2,2,3,2,2
chr13,28570001,28670000,1,1,4,4,4,0
chr13,28670001,28800000,2,1,3,3,2,2
chr13,28800001,28900000,4,5,2,7,2,0
chr13,28900001,29000000,0,2,4,8,2,2
chr13,29000001,29100000,2,2,1,2,1,0
chr13,29100001,29200000,6,2,1,5,1,0
chr13,29200001,29300000,3,3,1,3,1,2
chr13,29300001,29400000,3,7,2,5,5,2
chr13,29400001,29500000,5,9,4,5,2,1
chr13,29500001,29600000,1,7,2,9,1,1
chr13,29600001,29700000,4,4,2,4,1,1
chr13,29700001,29810000,3,3,3,7,1,4
chr13,29810001,29910000,5,7,5,7,4,2
chr13,29910001,30010000,1,6,0,6,1,1
chr13,30010001,30110000,0,4,1,2,3,0
chr13,30110001,30210000,3,0,1,4,3,1
chr13,30250001,30350000,3,2,0,6,2,3
chr13,30350001,30490000,1,1,0,2,1,0
chr13,30490001,30590000,2,0,2,1,1,0
chr13,30590001,30690000,2,0,2,2,0,1
chr13,30690001,30810000,5,2,1,3,0,2
chr13,30850001,30950000,3,1,1,0,2,1
chr13,30950001,31050000,3,1,3,2,3,1
chr13,31050001,31150000,2,3,1,2,0,0
chr13,31150001,31250000,2,0,0,1,0,1
chr13,31250001,31350000,0,2,0,3,1,1
chr13,31350001,31490000,2,0,5,3,2,1
chr13,31490001,31600000,4,1,2,2,2,1
chr13,31600001,31700000,2,0,2,3,3,0
chr13,31700001,31800000,5,1,2,6,1,2
chr13,31800001,31900000,4,1,2,3,2,0
chr13,31900001,32030000,0,2,2,4,0,0
chr13,32030001,32130000,4,3,2,5,1,0
chr13,32130001,32230000,2,4,4,9,2,2
chr13,32230001,32330000,6,4,3,6,1,0
chr13,32330001,32430000,4,5,3,2,2,0
chr13,32430001,32530000,1,1,5,0,2,0
chr13,32530001,32630000,2,1,2,4,2,0
chr13,32630001,32730000,1,2,3,3,1,0
chr13,32730001,32830000,3,2,4,0,1,0
chr13,32830001,32930000,2,3,0,2,3,0
chr13,32930001,33030000,3,3,2,4,1,1
chr13,33030001,33200000,2,4,5,7,3,2
chr13,33200001,33300000,1,1,6,4,2,0
chr13,33300001,33400000,6,5,5,3,0,2
chr13,33400001,33510000,3,3,0,3,0,0
chr13,33510001,33610000,0,1,3,4,1,1
chr13,33610001,33710000,3,0,1,3,2,1
chr13,33710001,33810000,4,4,2,1,0,1
chr13,33810001,33910000,0,4,2,3,3,2
chr13,33910001,34010000,2,1,4,3,1,0
chr13,34010001,34110000,2,0,0,5,0,0
chr13,34110001,34220000,2,1,1,3,2,1
chr13,34220001,34320000,2,0,1,1,0,0
chr13,34320001,34420000,1,0,0,4,0,0
chr13,34420001,34520000,1,1,0,4,2,1
chr13,34520001,34640000,1,0,0,2,0,0
chr13,34640001,34740000,0,2,3,6,1,1
chr13,34740001,34840000,3,1,3,2,2,1
chr13,34840001,34940000,2,5,5,4,1,1
chr13,34940001,35040000,4,5,2,9,3,1
chr13,35040001,35170000,3,4,6,7,1,1
chr13,35170001,35270000,1,6,5,9,1,0
chr13,35270001,35370000,3,5,7,6,1,0
chr13,35370001,35470000,0,2,0,8,0,2
chr13,35470001,35570000,3,1,2,10,1,0
chr13,35570001,35690000,3,6,2,10,1,1
chr13,35690001,35790000,3,3,2,6,3,3
chr13,35790001,35890000,3,1,4,6,0,2
chr13,35890001,36030000,4,4,7,6,0,1
chr13,36030001,36130000,0,5,7,9,1,1
chr13,36130001,36230000,1,2,5,9,5,1
chr13,36230001,36330000,1,1,1,11,1,0
chr13,36330001,36430000,0,2,3,14,3,1
chr13,36430001,36530000,5,6,5,9,1,1
chr13,36560001,36670000,4,0,3,16,3,2
chr13,36670001,36770000,1,5,3,12,4,2
chr13,36770001,36870000,6,5,7,9,2,2
chr13,36870001,36970000,1,1,5,5,2,1
chr13,36970001,37070000,4,5,3,6,0,2
chr13,37070001,37170000,5,5,1,3,1,0
chr13,37170001,37270000,4,5,1,10,2,2
chr13,37270001,37370000,3,2,3,4,0,0
chr13,37370001,37470000,2,2,2,6,2,1
chr13,37470001,37570000,3,3,3,3,1,0
chr13,37570001,37670000,1,2,3,3,2,0
chr13,37670001,37790000,2,4,3,4,1,1
chr13,37790001,37890000,1,0,2,8,1,0
chr13,37890001,37990000,1,3,6,5,4,2
chr13,37990001,38090000,0,4,4,10,6,0
chr13,38090001,38190000,4,4,9,10,1,1
chr13,38190001,38290000,3,4,3,8,1,1
chr13,38290001,38390000,3,3,7,12,1,1
chr13,38410001,38510000,1,8,7,13,3,2
chr13,38510001,38610000,2,0,6,7,1,1
chr13,38610001,38770000,3,3,3,12,2,4
chr13,38770001,38870000,1,1,6,10,4,1
chr13,38870001,38970000,3,0,5,5,2,1
chr13,38970001,39070000,2,1,4,9,3,5
chr13,39070001,39170000,4,3,4,7,7,3
chr13,39170001,39270000,3,2,3,7,5,1
chr13,39270001,39370000,1,1,2,10,1,5
chr13,39370001,39470000,2,1,2,2,3,0
chr13,39470001,39570000,5,2,5,2,1,1
chr13,39570001,39670000,1,1,1,3,4,3
chr13,39670001,39770000,3,1,1,4,3,0
chr13,39770001,39870000,3,1,2,2,2,1
chr13,39870001,39970000,2,0,1,7,3,0
chr13,39970001,40070000,4,3,3,0,4,1
chr13,40070001,40170000,0,3,2,12,1,1
chr13,40170001,40270000,4,1,1,5,4,0
chr13,40270001,40370000,2,2,4,4,2,2
chr13,40370001,40480000,0,4,3,9,2,0
chr13,40480001,40610000,4,3,4,1,4,0
chr13,40610001,40710000,4,1,3,5,0,0
chr13,40710001,40810000,2,4,0,5,2,1
chr13,40810001,40910000,0,1,0,3,1,2
chr13,40910001,41030000,3,4,1,5,0,0
chr13,41030001,41130000,0,1,1,5,1,2
chr13,41130001,41230000,1,0,2,4,3,0
chr13,41230001,41430000,2,3,3,3,0,0
chr13,41480001,41700000,1,2,1,2,0,1
chr13,41700001,41800000,3,0,2,2,0,0
chr13,41800001,41900000,0,1,0,1,2,1
chr13,41900001,42000000,2,2,2,5,1,0
chr13,42000001,42100000,1,3,1,3,1,1
chr13,42120001,42310000,4,2,0,3,0,2
chr13,42310001,42420000,3,2,2,2,2,1
chr13,42420001,42560000,2,3,0,5,1,0
chr13,42560001,42660000,1,1,1,4,1,1
chr13,42660001,42760000,2,0,0,3,2,2
chr13,42760001,42860000,0,2,1,3,0,0
chr13,42860001,43030000,1,3,1,1,1,0
chr13,43030001,43150000,4,5,3,4,0,2
chr13,43150001,43250000,1,3,1,8,2,0
chr13,43250001,43350000,2,1,5,7,2,2
chr13,43350001,43450000,2,4,5,6,2,1
chr13,43450001,43550000,3,3,3,3,2,0
chr13,43550001,43650000,0,0,2,1,0,0
chr13,43650001,43770000,1,2,2,8,2,1
chr13,43770001,43870000,3,3,6,3,0,0
chr13,43870001,43970000,1,3,3,4,1,0
chr13,43970001,44070000,2,1,2,4,2,1
chr13,44070001,44170000,3,4,5,10,3,1
chr13,44170001,44270000,3,2,6,6,1,0
chr13,44270001,44370000,0,1,3,3,1,0
chr13,44370001,44490000,2,1,1,2,1,0
chr13,44490001,44610000,6,2,0,2,2,1
chr13,44610001,44710000,1,0,3,1,2,1
chr13,44710001,44810000,1,1,3,2,2,0
chr13,44810001,44910000,0,0,0,2,0,2
chr13,44910001,45010000,2,0,1,2,2,0
chr13,45010001,45110000,1,1,5,4,1,1
chr13,45110001,45210000,2,3,3,4,2,1
chr13,45210001,45310000,1,0,3,4,1,3
chr13,45310001,45410000,1,1,2,4,1,2
chr13,45410001,45520000,0,0,1,2,0,0
chr13,45520001,45620000,2,0,1,0,1,1
chr13,45620001,45720000,2,1,2,1,0,1
chr13,45720001,45820000,3,2,0,5,1,2
chr13,45820001,45920000,5,4,1,0,1,3
chr13,45920001,46020000,3,1,1,1,0,0
chr13,46020001,46120000,3,2,3,1,2,0
chr13,46120001,46280000,4,5,0,2,2,1
chr13,46280001,46380000,1,3,3,3,1,0
chr13,46380001,46480000,4,5,2,6,2,1
chr13,46480001,46580000,0,1,6,2,5,0
chr13,46580001,46680000,0,3,4,4,1,1
chr13,46680001,46780000,4,4,2,3,4,2
chr13,46780001,46880000,1,5,6,7,1,0
chr13,46880001,46980000,4,4,4,9,2,1
chr13,46980001,47080000,4,1,5,2,1,2
chr13,47080001,47180000,1,1,1,6,1,0
chr13,47180001,47280000,2,3,3,2,1,0
chr13,47280001,47410000,2,3,2,4,0,1
chr13,47410001,47510000,1,4,2,5,6,0
chr13,47510001,47610000,3,2,2,4,5,0
chr13,47610001,47710000,0,2,5,6,3,1
chr13,47710001,47820000,5,2,5,11,4,0
chr13,47820001,47920000,5,4,5,6,1,1
chr13,47920001,48020000,2,1,5,10,4,0
chr13,48020001,48120000,0,3,4,8,2,0
chr13,48120001,48220000,2,4,0,6,2,0
chr13,48220001,48420000,1,1,5,6,1,0
chr13,48420001,48520000,4,2,5,4,1,1
chr13,48520001,48710000,3,0,1,3,4,2
chr13,48710001,48830000,0,2,1,7,2,0
chr13,48830001,48930000,4,1,4,4,1,0
chr13,48930001,49130000,1,1,0,1,0,3
chr13,49130001,49230000,0,4,0,2,1,1
chr13,49230001,49330000,3,2,2,6,0,1
chr13,49330001,49430000,2,4,5,7,0,1
chr13,49430001,49530000,1,0,2,4,0,0
chr13,49530001,49650000,0,0,4,4,0,2
chr13,49650001,49790000,1,0,2,0,1,1
chr13,49790001,49890000,1,1,4,5,3,0
chr13,49890001,49990000,4,0,3,3,1,0
chr13,49990001,50090000,2,0,2,3,2,2
chr13,50090001,50190000,2,2,3,3,0,1
chr13,50190001,50290000,0,1,1,0,2,0
chr13,50290001,50390000,1,2,2,1,0,0
chr13,50390001,50490000,4,0,3,4,1,0
chr13,50490001,50590000,3,1,3,5,3,6
chr13,50590001,50720000,4,0,5,5,2,2
chr13,50720001,50900000,1,3,1,2,1,1
chr13,50900001,51000000,2,1,0,4,0,0
chr13,51000001,51200000,2,1,1,4,0,1
chr13,51200001,51300000,4,2,0,9,2,1
chr13,51300001,51400000,1,1,6,3,1,0
chr13,51400001,51500000,2,1,1,5,0,1
chr13,51500001,51640000,0,2,1,3,1,0
chr13,51660001,51760000,2,3,3,2,2,1
chr13,51760001,51860000,2,3,3,2,0,1
chr13,51860001,51960000,5,4,3,5,2,0
chr13,51960001,52190000,5,2,0,7,0,1
chr13,52190001,52410000,2,1,1,2,1,0
chr13,52410001,52510000,4,5,3,2,0,0
chr13,52510001,52610000,1,0,0,1,2,2
chr13,52610001,52730000,2,3,3,6,1,3
chr13,52730001,52980000,2,0,2,4,2,0
chr13,52980001,53230000,4,3,5,0,2,1
chr13,53230001,53330000,2,3,3,4,0,0
chr13,53330001,53430000,1,2,1,5,1,1
chr13,53430001,53530000,2,4,0,4,1,0
chr13,53530001,53630000,1,5,1,10,1,1
chr13,53630001,53750000,0,6,2,9,1,1
chr13,53750001,53850000,5,12,4,11,2,1
chr13,53850001,53950000,2,8,4,4,3,3
chr13,53950001,54050000,1,8,5,8,1,3
chr13,54050001,54150000,4,4,3,4,0,1
chr13,54150001,54280000,0,9,4,14,0,4
chr13,54280001,54380000,4,7,5,13,5,4
chr13,54380001,54480000,0,6,3,12,4,0
chr13,54480001,54580000,2,5,6,15,2,1
chr13,54580001,54680000,1,5,10,16,1,1
chr13,54680001,54780000,3,7,1,17,5,1
chr13,54780001,54880000,1,6,6,10,7,2
chr13,54880001,54980000,3,9,8,14,5,2
chr13,54980001,55080000,4,9,4,6,2,0
chr13,55080001,55180000,3,7,7,13,4,2
chr13,55180001,55280000,1,6,4,7,3,2
chr13,55280001,55390000,3,10,6,9,1,1
chr13,55390001,55490000,2,9,2,13,3,4
chr13,55490001,55590000,4,9,8,12,1,2
chr13,55590001,55690000,2,5,10,12,4,2
chr13,55690001,55790000,3,5,3,17,4,1
chr13,55790001,55890000,5,12,6,18,3,0
chr13,55890001,56000000,2,7,7,13,9,4
chr13,56000001,56100000,4,6,11,18,9,1
chr13,56100001,56200000,5,9,3,17,9,1
chr13,56200001,56300000,3,13,6,21,4,1
chr13,56300001,56410000,8,11,6,23,3,4
chr13,56410001,56510000,2,7,5,17,4,3
chr13,56510001,56610000,3,4,5,18,3,4
chr13,56610001,56710000,3,8,9,14,4,4
chr13,56710001,56810000,5,3,10,18,4,4
chr13,56810001,56910000,3,12,8,19,5,3
chr13,56910001,57010000,5,11,10,22,9,3
chr13,57010001,57110000,4,5,6,12,7,2
chr13,57110001,57230000,1,8,3,19,1,0
chr13,57230001,57330000,6,2,10,13,5,0
chr13,57330001,57430000,4,8,4,11,4,2
chr13,57430001,57530000,2,5,9,18,6,3
chr13,57530001,57640000,3,9,9,12,7,5
chr13,57640001,57780000,4,8,5,14,7,2
chr13,57780001,57890000,3,12,8,18,3,2
chr13,57890001,58010000,3,8,13,8,5,3
chr13,58010001,58130000,2,6,10,9,4,2
chr13,58130001,58230000,2,5,8,7,3,0
chr13,58230001,58330000,5,4,8,15,8,2
chr13,58330001,58430000,5,2,8,17,1,2
chr13,58430001,58530000,0,5,6,11,1,1
chr13,58530001,58630000,8,12,3,16,3,3
chr13,58630001,58730000,3,4,7,10,8,2
chr13,58730001,58840000,4,10,4,13,3,2
chr13,58840001,58940000,2,4,9,11,7,2
chr13,58940001,59040000,4,11,10,14,5,1
chr13,59040001,59140000,5,6,2,9,3,2
chr13,59140001,59240000,3,7,6,12,6,2
chr13,59260001,59360000,2,8,9,16,2,2
chr13,59360001,59460000,3,6,3,9,0,2
chr13,59460001,59560000,2,2,2,8,2,2
chr13,59560001,59660000,1,4,3,3,3,1
chr13,59660001,59760000,0,8,6,11,4,1
chr13,59760001,59860000,0,7,8,8,3,0
chr13,59860001,59960000,1,2,6,5,1,1
chr13,59960001,60060000,3,5,4,1,3,2
chr13,60060001,60160000,2,7,5,2,0,0
chr13,60160001,60260000,3,0,3,3,3,2
chr13,60260001,60360000,2,6,1,1,3,1
chr13,60360001,60480000,2,1,4,3,2,1
chr13,60480001,60600000,3,2,0,1,6,0
chr13,60600001,60700000,2,0,3,3,1,1
chr13,60700001,60800000,1,4,3,3,1,0
chr13,60800001,60940000,3,0,2,6,0,1
chr13,60940001,61040000,2,2,6,1,5,1
chr13,61040001,61140000,3,4,2,2,0,0
chr13,61140001,61240000,5,4,3,5,2,0
chr13,61240001,61340000,4,0,4,5,4,2
chr13,61340001,61440000,0,3,1,9,4,0
chr13,61440001,61560000,4,2,4,11,5,1
chr13,61560001,61660000,2,4,5,7,1,1
chr13,61660001,61760000,1,6,3,11,0,0
chr13,61760001,61860000,1,6,2,4,2,1
chr13,61860001,61960000,5,4,5,6,5,1
chr13,61960001,62060000,4,7,4,13,3,4
chr13,62060001,62170000,3,12,5,16,3,1
chr13,62170001,62270000,5,7,11,8,5,4
chr13,62270001,62370000,3,4,5,10,6,2
chr13,62390001,62510000,4,9,10,16,3,3
chr13,62510001,62610000,5,7,7,8,0,1
chr13,62610001,62710000,2,5,4,9,3,5
chr13,62710001,62810000,1,10,3,11,5,4
chr13,62810001,62910000,2,13,7,10,1,1
chr13,62910001,63010000,4,5,6,15,4,3
chr13,63010001,63110000,5,5,9,9,1,1
chr13,63110001,63210000,3,11,12,11,3,4
chr13,63210001,63310000,7,11,8,22,1,0
chr13,63310001,63410000,7,8,7,14,5,5
chr13,63410001,63510000,4,6,6,13,0,0
chr13,63510001,63660000,2,16,11,19,1,1
chr13,63660001,63760000,4,4,6,17,5,4
chr13,63760001,63860000,2,9,6,12,3,3
chr13,63860001,63960000,2,8,9,19,3,1
chr13,63960001,64060000,2,7,7,7,2,2
chr13,64060001,64160000,2,13,13,21,0,3
chr13,64160001,64260000,4,11,7,7,2,3
chr13,64260001,64450000,2,8,6,16,5,4
chr13,64450001,64550000,3,14,7,13,5,1
chr13,64550001,64650000,5,11,5,14,5,2
chr13,64650001,64750000,4,10,11,20,3,5
chr13,64750001,64850000,4,8,9,11,1,0
chr13,64850001,64950000,2,11,9,10,0,1
chr13,64950001,65050000,5,6,10,7,6,2
chr13,65050001,65150000,4,8,11,15,6,1
chr13,65150001,65250000,1,7,16,18,4,4
chr13,65250001,65350000,3,12,8,13,7,0
chr13,65350001,65450000,6,7,8,25,5,2
chr13,65450001,65550000,0,7,17,19,4,2
chr13,65550001,65650000,3,4,7,15,2,6
chr13,65650001,65750000,0,8,13,6,2,2
chr13,65750001,65850000,9,15,14,22,1,6
chr13,65850001,65950000,3,9,14,10,5,1
chr13,65950001,66050000,2,8,6,10,1,2
chr13,66050001,66150000,3,8,11,30,4,1
chr13,66150001,66250000,3,5,6,24,1,2
chr13,66250001,66350000,3,7,9,16,6,4
chr13,66350001,66450000,4,10,6,21,4,1
chr13,66450001,66550000,2,3,5,15,3,1
chr13,66550001,66660000,4,4,8,13,1,1
chr13,66660001,66760000,4,3,8,10,3,2
chr13,66760001,66880000,1,5,13,18,3,1
chr13,66880001,66980000,2,3,8,17,5,0
chr13,66980001,67080000,2,7,9,17,4,0
chr13,67080001,67180000,4,9,7,16,4,2
chr13,67180001,67280000,1,12,13,7,1,2
chr13,67280001,67400000,3,10,7,14,2,1
chr13,67400001,67500000,3,2,11,15,1,2
chr13,67500001,67600000,4,3,8,15,0,2
chr13,67600001,67700000,2,1,6,10,4,0
chr13,67700001,67800000,4,5,8,11,7,0
chr13,67800001,67900000,3,9,10,18,4,0
chr13,67900001,68000000,2,2,9,17,3,3
chr13,68000001,68100000,4,9,6,16,7,0
chr13,68100001,68210000,2,7,5,19,5,1
chr13,68210001,68330000,3,6,11,17,3,3
chr13,68330001,68430000,2,8,8,13,2,4
chr13,68430001,68530000,1,11,3,13,6,0
chr13,68530001,68640000,2,11,9,16,5,2
chr13,68640001,68740000,6,6,8,9,4,0
chr13,68740001,68840000,3,8,5,12,6,0
chr13,68840001,68960000,3,10,10,19,1,0
chr13,68960001,69060000,6,10,6,18,1,2
chr13,69060001,69160000,1,12,4,10,2,2
chr13,69160001,69260000,4,5,12,17,0,2
chr13,69260001,69360000,2,7,6,12,3,3
chr13,69360001,69460000,2,9,5,10,4,0
chr13,69460001,69560000,3,6,8,7,2,3
chr13,69560001,69660000,4,8,7,8,1,1
chr13,69660001,69760000,2,3,8,12,4,2
chr13,69760001,69860000,4,7,6,10,3,0
chr13,69860001,69960000,6,9,6,12,1,1
chr13,69960001,70060000,2,9,10,11,2,0
chr13,70060001,70160000,6,9,0,12,2,0
chr13,70160001,70260000,3,7,4,11,3,3
chr13,70260001,70380000,3,10,2,6,3,4
chr13,70380001,70480000,5,7,2,8,2,1
chr13,70480001,70580000,2,5,4,6,8,1
chr13,70580001,70680000,5,9,5,8,2,6
chr13,70680001,70780000,1,9,6,6,1,0
chr13,70790001,70890000,4,4,4,7,4,2
chr13,70890001,70990000,7,8,7,5,2,0
chr13,70990001,71090000,2,7,3,10,0,1
chr13,71090001,71190000,4,6,9,9,5,1
chr13,71190001,71290000,4,4,10,6,3,2
chr13,71290001,71390000,2,4,9,4,3,2
chr13,71390001,71490000,3,3,5,5,1,3
chr13,71490001,71590000,2,6,4,4,2,1
chr13,71590001,71690000,4,4,3,6,4,5
chr13,71690001,71800000,3,3,1,8,5,3
chr13,71800001,71900000,3,4,1,7,3,0
chr13,71900001,72020000,4,11,3,5,1,1
chr13,72020001,72120000,1,3,2,5,1,3
chr13,72120001,72220000,4,5,4,4,1,2
chr13,72220001,72320000,0,7,1,7,3,2
chr13,72320001,72420000,2,3,3,6,1,0
chr13,72420001,72520000,2,0,1,6,1,3
chr13,72520001,72620000,2,5,5,10,1,3
chr13,72620001,72720000,3,2,5,2,4,4
chr13,72720001,72840000,5,1,3,9,1,2
chr13,72840001,72940000,1,5,3,8,1,1
chr13,72940001,73040000,2,3,2,6,4,0
chr13,73040001,73140000,2,1,3,4,1,0
chr13,73140001,73260000,1,2,2,9,1,1
chr13,73260001,73360000,5,0,1,1,3,2
chr13,73360001,73460000,3,1,1,4,4,0
chr13,73460001,73560000,1,4,2,2,0,1
chr13,73560001,73660000,2,1,2,8,2,0
chr13,73660001,73760000,3,1,0,1,2,0
chr13,73760001,73860000,2,1,1,3,2,1
chr13,73860001,73960000,1,0,0,3,0,1
chr13,73960001,74080000,1,2,3,3,1,0
chr13,74080001,74180000,3,1,1,2,2,2
chr13,74180001,74310000,4,0,1,1,1,1
chr13,74310001,74410000,0,2,3,2,0,0
chr13,74410001,74510000,2,1,2,5,3,0
chr13,74510001,74610000,0,0,2,7,1,0
chr13,74610001,74710000,2,1,5,3,1,1
chr13,74710001,74830000,3,5,0,5,1,2
chr13,74830001,74930000,6,2,3,7,4,3
chr13,74930001,75030000,3,8,5,6,4,0
chr13,75030001,75140000,2,1,3,4,0,2
chr13,75140001,75240000,3,1,4,10,3,1
chr13,75240001,75340000,1,3,2,4,2,1
chr13,75340001,75440000,5,4,8,9,2,2
chr13,75440001,75540000,0,4,11,14,2,0
chr13,75540001,75650000,6,5,1,12,2,2
chr13,75660001,75760000,1,2,4,11,0,1
chr13,75760001,75880000,3,2,2,3,3,0
chr13,75880001,75980000,2,1,2,1,0,0
chr13,75980001,76080000,3,1,2,2,1,1
chr13,76080001,76180000,1,1,2,4,1,0
chr13,76180001,76360000,4,1,1,5,4,0
chr13,76360001,76460000,1,3,2,4,0,1
chr13,76460001,76580000,4,1,4,3,0,2
chr13,76580001,76680000,4,2,7,2,0,0
chr13,76680001,76780000,0,3,4,9,5,0
chr13,76780001,76890000,5,2,2,4,4,1
chr13,76890001,76990000,2,3,3,11,5,2
chr13,76990001,77090000,4,4,3,3,5,0
chr13,77090001,77240000,7,3,3,6,6,1
chr13,77240001,77340000,2,2,2,4,3,0
chr13,77340001,77440000,1,1,1,6,2,1
chr13,77440001,77540000,1,0,1,2,3,0
chr13,77540001,77640000,0,4,0,6,0,1
chr13,77640001,77740000,2,1,3,3,5,1
chr13,77740001,77850000,2,2,1,5,2,0
chr13,77850001,77950000,4,3,3,10,2,1
chr13,77950001,78050000,3,2,5,6,0,2
chr13,78050001,78150000,0,3,3,4,1,1
chr13,78150001,78250000,4,0,7,2,0,0
chr13,78270001,78370000,0,3,7,6,1,0
chr13,78370001,78480000,2,6,7,9,3,0
chr13,78480001,78580000,2,4,3,3,1,0
chr13,78580001,78680000,4,7,6,7,1,1
chr13,78680001,78780000,4,8,2,5,2,1
chr13,78780001,78890000,5,8,5,7,3,1
chr13,78890001,78990000,5,5,2,7,3,1
chr13,78990001,79120000,6,5,1,15,3,1
chr13,79120001,79220000,2,2,6,6,1,0
chr13,79220001,79320000,4,1,5,5,1,1
chr13,79320001,79420000,4,5,4,9,4,2
chr13,79420001,79520000,7,2,3,8,2,0
chr13,79520001,79630000,3,4,5,13,4,1
chr13,79630001,79730000,2,7,7,14,5,2
chr13,79730001,79850000,5,3,6,8,3,3
chr13,79850001,79950000,2,2,3,7,1,2
chr13,79950001,80050000,1,1,4,6,2,1
chr13,80050001,80150000,0,0,0,0,1,0
chr13,80150001,80250000,2,2,3,6,1,0
chr13,80250001,80350000,5,3,1,7,5,1
chr13,80350001,80480000,1,4,2,2,3,2
chr13,80480001,80580000,5,0,3,4,2,0
chr13,80580001,80680000,8,1,2,1,3,1
chr13,80680001,80800000,0,2,2,3,3,0
chr13,80800001,80900000,2,2,2,5,0,1
chr13,80900001,81000000,2,2,7,5,3,0
chr13,81000001,81100000,2,1,0,4,1,0
chr13,81100001,81200000,1,2,1,7,1,1
chr13,81200001,81300000,2,6,3,6,3,0
chr13,81300001,81400000,2,4,2,9,3,2
chr13,81400001,81510000,10,4,1,12,5,3
chr13,81510001,81610000,3,1,2,9,5,0
chr13,81610001,81740000,4,4,4,11,7,1
chr13,81740001,81840000,4,3,0,1,0,1
chr13,81840001,81940000,3,7,3,8,3,0
chr13,81940001,82040000,2,4,4,10,3,0
chr13,82040001,82150000,5,4,4,5,1,1
chr13,82150001,82250000,5,8,6,7,3,0
chr13,82250001,82360000,4,3,1,6,1,1
chr13,82360001,82460000,2,3,7,5,6,2
chr13,82460001,82560000,3,2,5,10,4,4
chr13,82560001,82680000,3,4,14,14,5,3
chr13,82680001,82780000,5,8,9,11,4,1
chr13,82780001,82890000,6,8,7,14,6,1
chr13,82890001,82990000,4,4,5,14,6,2
chr13,82990001,83090000,4,5,10,16,6,1
chr13,83090001,83190000,1,4,6,10,5,3
chr13,83190001,83290000,2,6,5,17,5,4
chr13,83290001,83400000,1,2,7,18,5,2
chr13,83400001,83500000,8,7,11,14,1,1
chr13,83500001,83600000,2,6,10,9,3,7
chr13,83600001,83700000,3,5,9,11,6,5
chr13,83700001,83800000,4,3,3,14,4,4
chr13,83800001,83900000,6,8,8,17,6,1
chr13,83900001,84000000,1,4,4,11,2,1
chr13,84000001,84110000,6,3,9,14,2,2
chr13,84110001,84210000,4,4,7,15,5,0
chr13,84210001,84310000,8,8,12,10,2,0
chr13,84310001,84410000,1,3,10,21,4,6
chr13,84410001,84510000,4,9,7,13,6,1
chr13,84510001,84630000,2,4,11,16,6,4
chr13,84630001,84730000,4,3,8,16,4,0
chr13,84730001,84830000,1,4,10,21,1,2
chr13,84830001,84930000,3,1,6,20,2,3
chr13,84930001,85030000,3,4,11,9,8,1
chr13,85030001,85140000,3,1,14,7,4,2
chr13,85140001,85240000,3,5,14,12,2,1
chr13,85240001,85360000,6,6,1,13,4,1
chr13,85360001,85460000,3,7,6,6,2,2
chr13,85460001,85560000,2,3,5,5,4,0
chr13,85560001,85660000,2,6,4,11,1,3
chr13,85660001,85780000,2,6,7,3,4,4
chr13,85780001,85880000,5,0,4,11,5,1
chr13,85880001,85980000,0,2,4,6,3,1
chr13,85980001,86080000,4,4,2,3,0,0
chr13,86080001,86190000,4,1,3,9,2,2
chr13,86190001,86290000,3,5,4,9,1,0
chr13,86290001,86390000,3,2,5,8,1,1
chr13,86390001,86520000,3,8,3,16,3,1
chr13,86520001,86630000,2,4,2,8,1,2
chr13,86630001,86730000,3,5,2,9,2,3
chr13,86730001,86830000,0,0,3,7,3,2
chr13,86830001,86930000,0,0,1,2,1,1
chr13,86930001,87030000,3,6,2,11,5,1
chr13,87030001,87130000,3,2,3,7,6,4
chr13,87130001,87230000,4,5,5,5,9,3
chr13,87230001,87350000,10,5,5,13,5,5
chr13,87350001,87450000,5,9,13,15,5,3
chr13,87450001,87550000,3,3,12,14,3,1
chr13,87550001,87650000,4,8,5,6,5,3
chr13,87650001,87750000,9,10,9,14,4,3
chr13,87750001,87850000,6,7,8,11,4,1
chr13,87850001,87950000,5,6,10,19,4,6
chr13,87950001,88050000,6,5,11,16,5,2
chr13,88050001,88150000,3,5,3,7,2,1
chr13,88150001,88250000,3,2,7,20,5,1
chr13,88250001,88350000,7,7,12,17,5,1
chr13,88360001,88460000,4,4,5,13,1,1
chr13,88460001,88560000,5,6,9,18,5,1
chr13,88560001,88660000,1,7,8,20,1,3
chr13,88660001,88760000,4,8,6,14,4,0
chr13,88760001,88860000,3,0,4,11,3,0
chr13,88860001,88960000,3,7,10,19,2,1
chr13,88960001,89060000,4,5,6,10,2,2
chr13,89060001,89160000,6,5,2,11,3,0
chr13,89160001,89260000,5,4,10,11,1,0
chr13,89260001,89370000,0,2,10,19,1,5
chr13,89370001,89470000,2,2,8,14,0,1
chr13,89470001,89580000,2,6,11,6,2,1
chr13,89580001,89680000,3,2,3,14,3,2
chr13,89680001,89790000,7,7,11,7,4,1
chr13,89790001,89890000,4,0,5,3,1,2
chr13,89890001,89990000,5,5,7,5,4,1
chr13,89990001,90090000,0,4,4,7,1,2
chr13,90090001,90190000,2,3,9,5,3,0
chr13,90190001,90290000,5,6,7,4,2,1
chr13,90290001,90390000,3,7,7,5,4,2
chr13,90390001,90490000,2,4,4,9,3,1
chr13,90490001,90590000,0,4,6,5,2,2
chr13,90590001,90690000,5,4,6,8,3,0
chr13,90690001,90790000,2,5,6,8,2,1
chr13,90790001,90890000,4,5,5,10,0,2
chr13,90890001,90990000,2,9,5,12,4,1
chr13,90990001,91090000,7,6,3,5,2,1
chr13,91090001,91200000,1,5,14,8,0,2
chr13,91200001,91300000,3,9,3,8,3,1
chr13,91330001,91430000,3,6,4,3,2,4
chr13,91430001,91530000,2,6,5,6,1,2
chr13,91530001,91630000,3,8,3,5,2,1
chr13,91630001,91730000,3,9,3,13,3,0
chr13,91730001,91830000,3,5,4,5,1,1
chr13,91830001,91930000,9,7,6,8,0,2
chr13,91930001,92030000,2,3,6,2,0,0
chr13,92030001,92130000,5,3,2,7,3,1
chr13,92130001,92230000,4,7,3,12,5,3
chr13,92230001,92340000,5,9,3,10,3,4
chr13,92340001,92440000,8,8,2,13,3,0
chr13,92440001,92540000,4,6,2,6,2,0
chr13,92540001,92650000,2,3,6,4,2,0
chr13,92650001,92750000,4,6,1,10,1,2
chr13,92750001,92850000,3,5,4,11,5,4
chr13,92850001,92950000,3,5,2,11,1,3
chr13,92950001,93050000,3,4,2,9,3,1
chr13,93050001,93160000,3,10,7,11,0,0
chr13,93160001,93270000,4,3,5,6,0,1
chr13,93270001,93370000,2,6,2,8,1,4
chr13,93370001,93470000,3,2,7,8,5,2
chr13,93470001,93570000,3,2,1,8,2,5
chr13,93570001,93670000,5,3,7,10,2,3
chr13,93670001,93770000,6,3,5,13,1,1
chr13,93770001,93870000,4,3,3,11,2,5
chr13,93870001,93970000,4,5,4,14,2,0
chr13,93970001,94070000,3,3,4,9,4,2
chr13,94070001,94180000,1,1,9,14,2,0
chr13,94180001,94280000,3,2,7,7,4,0
chr13,94280001,94380000,7,4,14,15,4,2
chr13,94380001,94480000,2,7,2,11,1,0
chr13,94480001,94580000,5,3,7,12,4,1
chr13,94580001,94680000,5,2,3,12,0,0
chr13,94680001,94780000,4,4,3,18,3,0
chr13,94780001,94880000,2,1,5,8,1,0
chr13,94880001,94980000,2,3,3,7,2,2
chr13,94980001,95100000,3,1,3,8,2,2
chr13,95100001,95200000,2,2,5,7,3,8
chr13,95200001,95300000,4,1,1,2,4,0
chr13,95300001,95400000,4,1,3,5,0,0
chr13,95400001,95510000,7,0,3,4,3,0
chr13,95510001,95620000,1,2,4,7,3,2
chr13,95620001,95720000,1,1,2,2,2,0
chr13,95720001,95820000,4,1,3,4,3,0
chr13,95820001,95920000,1,2,2,4,5,0
chr13,95920001,96020000,2,0,1,4,1,0
chr13,96020001,96120000,4,0,4,3,1,0
chr13,96120001,96240000,2,2,3,2,0,0
chr13,96240001,96340000,2,0,1,5,1,0
chr13,96340001,96470000,1,1,4,4,4,2
chr13,96470001,96650000,4,0,3,0,0,0
chr13,96650001,96770000,5,2,4,4,1,4
chr13,96770001,96870000,1,4,1,7,2,1
chr13,96870001,96970000,1,3,2,13,2,1
chr13,96970001,97070000,5,6,4,6,5,0
chr13,97070001,97170000,4,1,8,10,1,2
chr13,97170001,97270000,2,4,2,4,2,6
chr13,97270001,97370000,4,7,3,6,3,1
chr13,97370001,97470000,3,8,6,7,2,1
chr13,97470001,97570000,1,1,2,8,2,2
chr13,97570001,97670000,3,3,3,2,3,1
chr13,97670001,97770000,1,3,5,7,1,1
chr13,97770001,98040000,1,1,1,4,2,2
chr13,98040001,98150000,2,4,4,5,1,0
chr13,98150001,98250000,1,2,3,1,3,0
chr13,98270001,98370000,1,2,2,3,0,2
chr13,98370001,98470000,4,1,3,2,2,0
chr13,98470001,98570000,3,0,4,3,1,2
chr13,98570001,98670000,3,0,4,4,0,0
chr13,98670001,98770000,3,0,1,2,2,0
chr13,98770001,98870000,2,2,4,5,1,0
chr13,98870001,98970000,4,1,1,1,0,2
chr13,98970001,99070000,2,0,1,6,2,2
chr13,99070001,99170000,5,1,1,2,2,1
chr13,99170001,99270000,1,1,0,2,2,2
chr13,99270001,99370000,2,2,1,2,2,0
chr13,99370001,99500000,2,5,0,1,0,0
chr13,99500001,99600000,3,0,3,1,2,0
chr13,99600001,99700000,2,0,2,1,0,0
chr13,99700001,99800000,2,1,3,3,2,0
chr13,99800001,99900000,1,1,1,2,2,1
chr13,99900001,100000000,0,1,1,1,3,1
chr13,100000001,100100000,3,2,3,1,2,0
chr13,100100001,100200000,3,0,2,2,1,0
chr13,100200001,100300000,2,3,1,1,2,0
chr13,100300001,100400000,3,2,1,2,4,0
chr13,100400001,100500000,2,2,1,3,3,1
chr13,100500001,100600000,0,1,1,2,1,0
chr13,100600001,100700000,3,1,1,5,2,0
chr13,100700001,100800000,5,5,1,5,1,1
chr13,100800001,100900000,1,0,1,1,1,0
chr13,100900001,101010000,1,0,0,6,3,0
chr13,101010001,101110000,4,3,1,5,3,1
chr13,101110001,101210000,5,2,1,2,3,0
chr13,101210001,101310000,1,2,1,4,4,0
chr13,101310001,101450000,5,3,2,8,0,1
chr13,101450001,101550000,1,1,3,6,1,0
chr13,101550001,101650000,5,4,6,7,2,0
chr13,101650001,101750000,7,3,3,7,6,1
chr13,101750001,101850000,4,5,5,6,2,1
chr13,101850001,101950000,2,4,2,9,4,1
chr13,101950001,102050000,4,3,6,6,3,0
chr13,102050001,102150000,4,4,3,7,5,0
chr13,102150001,102270000,5,3,4,5,3,0
chr13,102270001,102380000,7,5,8,5,2,1
chr13,102380001,102480000,5,5,3,8,3,3
chr13,102480001,102590000,3,11,2,12,2,1
chr13,102590001,102690000,4,4,7,13,5,4
chr13,102690001,102790000,3,4,3,4,5,0
chr13,102790001,102890000,2,1,4,6,3,3
chr13,102890001,102990000,2,4,5,14,4,0
chr13,102990001,103090000,5,4,2,6,3,1
chr13,103090001,103210000,4,5,6,13,0,0
chr13,103210001,103310000,5,1,5,5,1,0
chr13,103310001,103410000,2,2,1,4,4,1
chr13,103410001,103510000,4,2,3,3,2,2
chr13,103510001,103610000,6,3,2,2,2,0
chr13,103610001,103710000,8,4,5,7,2,1
chr13,103710001,103820000,3,12,7,7,1,3
chr13,103820001,103920000,5,5,2,4,5,3
chr13,103920001,104020000,7,7,1,9,1,2
chr13,104020001,104120000,0,6,4,6,3,1
chr13,104120001,104230000,3,12,4,8,3,1
chr13,104230001,104330000,9,4,5,9,1,3
chr13,104330001,104430000,3,6,4,9,4,1
chr13,104430001,104530000,5,6,7,6,0,1
chr13,104530001,104630000,3,4,5,6,2,2
chr13,104630001,104730000,2,4,8,3,1,1
chr13,104730001,104830000,4,7,3,5,1,2
chr13,104830001,104930000,1,6,8,11,1,1
chr13,104930001,105030000,5,8,6,6,1,0
chr13,105030001,105130000,3,10,6,12,4,0
chr13,105130001,105230000,1,2,4,11,1,1
chr13,105230001,105340000,4,5,5,11,0,1
chr13,105340001,105440000,3,2,9,4,5,0
chr13,105440001,105540000,3,6,5,9,3,1
chr13,105540001,105660000,3,5,5,5,2,1
chr13,105660001,105760000,11,2,7,6,3,2
chr13,105760001,105860000,2,10,1,7,1,1
chr13,105860001,105970000,4,4,11,8,2,1
chr13,105970001,106090000,1,4,2,9,3,0
chr13,106090001,106190000,4,2,4,6,3,0
chr13,106190001,106290000,4,5,3,8,2,3
chr13,106290001,106390000,3,5,6,8,0,1
chr13,106390001,106490000,4,6,3,2,1,0
chr13,106490001,106610000,4,4,6,4,1,2
chr13,106610001,106730000,3,3,0,0,2,1
chr13,106730001,106830000,2,2,1,0,0,2
chr13,106830001,106950000,6,3,3,3,3,2
chr13,106950001,107050000,8,2,1,3,2,0
chr13,107050001,107150000,5,3,3,3,0,0
chr13,107150001,107250000,5,0,3,3,2,1
chr13,107250001,107350000,1,2,0,1,2,0
chr13,107350001,107460000,0,3,8,6,1,0
chr13,107460001,107560000,4,5,1,6,1,2
chr13,107560001,107660000,5,7,0,3,1,1
chr13,107660001,107760000,4,3,1,4,2,2
chr13,107760001,107860000,4,4,3,16,2,1
chr13,107860001,107960000,2,5,5,12,4,3
chr13,107960001,108060000,1,6,6,6,4,3
chr13,108060001,108160000,4,3,5,15,4,3
chr13,108160001,108260000,1,1,4,6,3,1
chr13,108260001,108360000,5,2,4,9,4,2
chr13,108360001,108460000,5,8,4,9,3,1
chr13,108460001,108560000,1,7,5,4,2,4
chr13,108560001,108660000,7,3,4,8,5,2
chr13,108660001,108760000,8,6,4,5,2,2
chr13,108760001,108860000,2,7,4,1,2,0
chr13,108910001,109010000,4,4,2,0,3,0
chr13,109010001,109110000,4,1,6,6,1,1
chr13,109110001,109220000,10,7,5,14,2,1
chr13,109220001,109320000,7,3,8,12,0,0
chr13,109320001,109420000,6,4,6,2,3,0
chr13,109420001,109520000,3,3,5,5,3,2
chr13,109520001,109620000,5,3,1,1,1,0
chr13,109620001,109720000,1,5,6,9,1,0
chr13,109720001,109820000,1,2,1,4,1,0
chr13,109820001,109920000,5,0,2,3,1,0
chr13,109920001,110020000,1,0,1,8,2,0
chr13,110020001,110150000,3,3,3,11,2,1
chr13,110150001,110250000,2,2,1,5,0,1
chr13,110250001,110350000,2,1,0,4,2,1
chr13,110350001,110450000,1,1,2,1,2,2
chr13,110450001,110550000,4,0,4,1,1,0
chr13,110550001,110650000,1,5,3,6,3,1
chr13,110650001,110770000,2,3,0,2,5,2
chr13,110770001,110870000,2,2,3,5,1,1
chr13,110870001,110970000,2,2,1,3,0,0
chr13,110970001,111080000,1,3,0,2,1,0
chr13,111080001,111250000,3,6,1,4,2,1
chr13,111250001,111350000,2,0,0,1,0,1
chr13,111350001,111450000,3,0,4,2,0,0
chr13,111450001,111570000,2,1,2,2,2,0
chr13,111570001,111670000,1,2,3,5,3,0
chr13,111670001,111770000,3,1,6,3,0,2
chr13,111770001,111870000,3,1,1,2,0,2
chr13,111870001,111990000,1,0,0,1,2,0
chr13,112000001,112100000,3,3,0,3,1,0
chr13,112100001,112220000,5,2,1,5,1,2
chr13,112220001,112320000,6,6,1,9,1,0
chr13,112320001,112420000,0,1,0,0,0,1
chr13,112420001,112520000,1,1,0,0,0,0
chr13,112520001,112620000,2,7,3,4,1,0
chr13,112640001,112760000,2,4,2,5,1,1
chr13,112760001,112860000,2,3,0,4,2,1
chr13,112860001,113010000,2,3,1,2,2,0
chr13,113010001,113110000,2,5,3,5,1,2
chr13,113110001,113290000,5,2,1,5,5,2
chr13,113290001,113410000,2,3,0,2,5,0
chr13,113410001,113520000,1,4,2,4,0,0
chr13,113550001,113650000,1,0,1,2,1,0
chr13,113650001,113750000,0,0,1,3,1,1
chr13,113750001,113860000,2,2,1,1,0,0
chr13,113860001,114010000,3,1,1,1,5,2
chr13,114010001,114140000,2,1,1,1,0,1
chr13,114140001,114320000,3,3,1,1,1,1
chr13,114320001,114420000,0,1,0,0,1,0
chr13,114420001,114800000,1,2,0,7,0,0
chr13,114800001,114920000,4,1,2,3,0,0
chr13,114920001,115020000,0,0,2,4,2,0
chr13,115020001,115120000,2,0,2,2,0,0
chr14,20310001,20410000,3,7,5,10,4,2
chr14,20410001,20510000,1,8,1,11,4,1
chr14,20510001,20610000,7,3,3,6,0,1
chr14,20610001,20710000,7,1,1,5,5,2
chr14,20710001,20810000,1,3,2,5,4,0
chr14,20810001,20910000,1,2,3,1,1,2
chr14,20910001,21010000,5,0,3,2,3,1
chr14,21010001,21110000,4,2,1,2,3,1
chr14,21110001,21210000,1,0,0,2,1,0
chr14,21210001,21310000,3,0,3,3,2,0
chr14,21310001,21410000,0,4,0,3,2,0
chr14,21410001,21510000,2,0,1,0,1,2
chr14,21510001,21610000,5,1,1,2,2,0
chr14,21610001,21710000,4,4,2,4,3,0
chr14,21710001,21810000,7,1,1,2,2,0
chr14,21810001,21910000,2,2,0,3,5,1
chr14,21910001,22010000,4,3,1,3,3,0
chr14,22010001,22110000,2,3,2,6,0,3
chr14,22110001,22210000,5,3,2,3,0,1
chr14,22210001,22310000,3,6,2,1,1,0
chr14,22310001,22410000,7,3,1,6,1,1
chr14,22410001,22510000,5,6,3,8,2,3
chr14,22510001,22610000,5,3,0,9,1,1
chr14,22610001,22710000,5,2,0,2,0,1
chr14,22710001,22810000,1,2,1,7,3,0
chr14,22810001,22910000,3,0,1,4,0,3
chr14,22910001,23010000,1,1,3,2,0,0
chr14,23010001,23110000,4,0,0,3,2,0
chr14,23110001,23210000,3,2,5,2,1,1
chr14,23210001,23310000,4,0,0,0,1,1
chr14,23310001,23410000,3,5,1,0,2,0
chr14,23410001,23510000,3,2,0,3,1,1
chr14,23510001,23610000,2,3,0,2,0,2
chr14,23610001,23710000,2,0,0,1,3,0
chr14,23710001,23810000,6,1,2,5,0,1
chr14,23810001,23910000,1,0,1,0,1,0
chr14,23910001,24010000,3,2,3,2,1,1
chr14,24010001,24110000,2,0,1,5,2,0
chr14,24110001,24210000,2,3,0,2,2,1
chr14,24210001,24310000,3,5,1,1,8,1
chr14,24310001,24410000,1,2,1,1,4,1
chr14,24410001,24510000,3,2,0,0,1,0
chr14,24510001,24610000,2,0,0,3,1,0
chr14,24610001,24710000,2,2,1,1,2,0
chr14,24710001,24810000,0,1,2,1,1,1
chr14,24810001,24910000,2,2,1,3,0,0
chr14,24910001,25010000,3,1,2,3,3,1
chr14,25010001,25110000,2,2,2,4,2,0
chr14,25110001,25210000,5,4,0,1,0,1
chr14,25210001,25310000,1,2,0,9,1,2
chr14,25310001,25410000,6,1,2,5,1,1
chr14,25410001,25510000,2,3,0,2,4,0
chr14,25510001,25610000,6,4,1,2,2,2
chr14,25610001,25710000,0,7,0,2,0,0
chr14,25710001,25810000,4,4,2,4,0,1
chr14,25810001,25910000,2,5,1,4,0,1
chr14,25910001,26010000,4,6,4,7,0,1
chr14,26010001,26110000,5,6,0,12,2,3
chr14,26110001,26210000,2,4,5,6,1,0
chr14,26210001,26310000,5,7,8,10,2,1
chr14,26310001,26410000,1,12,4,11,1,1
chr14,26410001,26510000,3,9,1,8,0,2
chr14,26510001,26610000,1,4,2,10,2,2
chr14,26610001,26710000,0,5,2,8,2,2
chr14,26710001,26810000,6,5,4,7,2,5
chr14,26810001,26910000,4,8,8,11,4,3
chr14,26910001,27010000,5,3,3,11,3,2
chr14,27010001,27130000,6,4,7,15,6,3
chr14,27130001,27230000,4,9,2,11,2,5
chr14,27230001,27330000,5,9,6,12,6,0
chr14,27330001,27430000,3,7,4,8,5,3
chr14,27430001,27530000,3,9,7,4,3,3
chr14,27530001,27630000,2,8,7,14,5,5
chr14,27630001,27730000,1,12,12,13,5,1
chr14,27730001,27830000,6,7,1,5,5,1
chr14,27830001,27930000,7,10,4,12,6,2
chr14,27930001,28030000,2,7,0,13,4,2
chr14,28030001,28130000,4,8,3,13,10,1
chr14,28130001,28230000,4,3,3,9,7,2
chr14,28230001,28330000,2,4,1,14,1,0
chr14,28330001,28430000,4,4,8,11,8,2
chr14,28430001,28530000,2,9,9,19,6,2
chr14,28530001,28630000,2,5,6,17,7,2
chr14,28630001,28730000,4,10,6,10,2,1
chr14,28730001,28830000,2,13,5,3,2,0
chr14,28830001,28930000,10,6,7,10,7,5
chr14,28930001,29030000,4,12,4,12,2,4
chr14,29030001,29130000,2,5,2,9,4,1
chr14,29130001,29230000,4,2,4,11,4,2
chr14,29230001,29330000,6,8,5,11,5,1
chr14,29330001,29430000,7,5,7,14,5,1
chr14,29430001,29530000,2,5,6,12,7,0
chr14,29530001,29630000,3,9,2,7,6,1
chr14,29630001,29730000,2,6,2,9,2,1
chr14,29730001,29830000,6,7,3,9,2,0
chr14,29830001,29930000,2,8,3,13,4,0
chr14,29930001,30030000,4,6,2,6,1,1
chr14,30030001,30130000,2,4,5,15,3,0
chr14,30130001,30230000,4,3,4,7,0,0
chr14,30230001,30330000,3,4,6,2,4,0
chr14,30330001,30430000,3,4,2,12,0,1
chr14,30430001,30530000,1,5,4,10,3,0
chr14,30530001,30630000,6,5,5,12,1,3
chr14,30630001,30730000,2,4,5,5,2,0
chr14,30730001,30830000,5,3,6,6,2,3
chr14,30830001,30930000,4,2,1,1,3,1
chr14,30930001,31030000,6,7,4,8,2,0
chr14,31030001,31130000,2,0,3,2,2,0
chr14,31130001,31230000,2,2,1,2,2,2
chr14,31230001,31330000,1,2,2,4,0,0
chr14,31330001,31430000,1,6,1,2,0,2
chr14,31430001,31530000,2,1,1,1,2,0
chr14,31530001,31630000,3,0,0,1,0,0
chr14,31630001,31730000,2,3,4,0,1,0
chr14,31730001,31830000,2,2,1,2,0,0
chr14,31830001,31930000,3,3,3,4,0,0
chr14,31930001,32030000,2,6,1,4,2,0
chr14,32030001,32130000,6,3,1,1,3,5
chr14,32130001,32230000,2,1,1,3,1,1
chr14,32230001,32370000,2,1,0,4,2,3
chr14,32370001,32470000,4,1,2,3,0,2
chr14,32470001,32570000,5,2,4,2,1,2
chr14,32570001,32670000,2,2,2,2,3,1
chr14,32670001,32770000,2,4,1,2,2,1
chr14,32770001,32870000,1,1,2,6,0,0
chr14,32870001,33000000,3,0,2,4,1,0
chr14,33000001,33100000,0,7,2,4,3,0
chr14,33100001,33200000,4,1,2,7,2,0
chr14,33200001,33300000,5,2,3,10,3,0
chr14,33300001,33400000,1,2,2,10,3,0
chr14,33400001,33500000,5,1,3,7,3,0
chr14,33500001,33600000,2,3,3,9,2,0
chr14,33600001,33700000,2,5,2,8,0,0
chr14,33700001,33800000,2,0,2,6,0,1
chr14,33800001,33900000,1,1,5,5,3,1
chr14,33900001,34000000,0,5,3,2,1,1
chr14,34000001,34100000,1,11,1,2,1,0
chr14,34100001,34200000,3,3,4,6,1,1
chr14,34200001,34300000,2,2,3,4,2,1
chr14,34300001,34400000,2,1,0,0,3,3
chr14,34400001,34500000,5,3,1,2,2,1
chr14,34500001,34600000,3,5,2,2,4,1
chr14,34600001,34700000,3,2,0,5,1,0
chr14,34700001,34800000,2,4,0,5,0,0
chr14,34800001,34900000,5,0,1,4,1,0
chr14,34900001,35000000,4,1,3,0,1,0
chr14,35040001,35140000,2,1,1,3,1,0
chr14,35140001,35240000,2,2,2,6,3,0
chr14,35240001,35340000,4,1,2,1,1,1
chr14,35340001,35440000,5,1,0,4,4,0
chr14,35440001,35540000,5,2,1,3,0,2
chr14,35540001,35640000,1,1,0,4,2,1
chr14,35640001,35740000,0,2,0,2,3,0
chr14,35740001,35840000,0,2,1,5,1,0
chr14,35840001,35940000,3,2,0,2,2,1
chr14,35940001,36040000,2,2,1,7,1,0
chr14,36040001,36140000,2,2,2,3,2,1
chr14,36140001,36240000,3,3,1,1,2,0
chr14,36240001,36340000,2,0,2,4,0,1
chr14,36340001,36450000,4,0,3,4,1,1
chr14,36450001,36550000,2,5,1,8,4,0
chr14,36550001,36650000,2,0,2,2,2,0
chr14,36650001,36750000,2,4,1,6,1,1
chr14,36750001,36850000,2,3,3,7,1,1
chr14,36850001,36950000,1,4,1,7,2,0
chr14,36950001,37050000,3,4,1,3,1,5
chr14,37050001,37150000,3,3,0,6,2,0
chr14,37150001,37250000,1,0,0,2,0,1
chr14,37250001,37350000,4,0,1,5,2,1
chr14,37350001,37450000,4,3,1,5,1,1
chr14,37450001,37550000,6,2,2,7,0,0
chr14,37550001,37650000,2,5,2,3,2,1
chr14,37650001,37750000,4,1,0,4,1,1
chr14,37750001,37850000,1,3,3,4,2,2
chr14,37850001,37950000,3,0,3,2,2,1
chr14,37950001,38050000,1,2,2,4,6,5
chr14,38050001,38150000,10,1,2,6,28,1
chr14,38150001,38250000,5,4,4,10,3,1
chr14,38250001,38350000,5,4,4,3,4,2
chr14,38350001,38450000,2,7,7,5,2,1
chr14,38450001,38550000,4,1,2,4,1,1
chr14,38550001,38650000,2,2,1,7,2,2
chr14,38650001,38750000,1,4,3,3,1,1
chr14,38750001,38850000,5,4,0,4,2,0
chr14,38850001,38950000,2,4,7,5,7,0
chr14,38950001,39050000,6,7,4,9,0,3
chr14,39050001,39150000,1,9,2,10,2,2
chr14,39150001,39250000,2,4,1,6,2,2
chr14,39250001,39350000,6,1,0,6,3,2
chr14,39350001,39450000,5,2,5,3,2,1
chr14,39450001,39550000,4,2,0,0,4,0
chr14,39550001,39650000,2,0,2,2,2,0
chr14,39650001,39750000,0,3,0,3,2,3
chr14,39750001,39850000,6,2,1,2,1,0
chr14,39850001,39950000,2,3,3,7,3,1
chr14,39950001,40070000,3,4,7,8,4,3
chr14,40070001,40170000,2,3,2,6,0,2
chr14,40170001,40270000,2,4,3,4,1,1
chr14,40270001,40370000,3,3,7,7,2,1
chr14,40370001,40470000,3,2,4,6,3,3
chr14,40470001,40570000,2,2,7,11,3,1
chr14,40570001,40670000,1,10,0,7,2,0
chr14,40670001,40770000,4,7,3,7,3,1
chr14,40770001,40870000,5,8,1,4,1,4
chr14,40870001,40970000,3,7,5,6,0,3
chr14,40970001,41070000,2,3,4,10,3,1
chr14,41070001,41170000,6,8,11,7,8,0
chr14,41170001,41270000,1,8,11,11,6,3
chr14,41270001,41370000,5,6,4,10,3,0
chr14,41370001,41470000,5,5,9,7,3,2
chr14,41470001,41570000,5,11,8,14,5,2
chr14,41570001,41670000,2,6,6,14,4,4
chr14,41670001,41770000,4,10,5,8,6,2
chr14,41770001,41870000,8,9,5,12,4,1
chr14,41870001,41970000,2,6,2,5,3,3
chr14,41970001,42070000,7,6,3,14,0,3
chr14,42070001,42170000,7,4,1,10,6,1
chr14,42170001,42270000,4,8,5,17,5,0
chr14,42270001,42370000,8,11,7,10,6,2
chr14,42370001,42470000,5,7,5,10,3,2
chr14,42470001,42570000,4,7,6,9,5,2
chr14,42570001,42670000,7,10,4,11,4,0
chr14,42670001,42770000,0,5,5,16,2,1
chr14,42770001,42870000,2,8,3,6,4,0
chr14,42870001,42970000,5,3,3,8,3,1
chr14,42970001,43070000,7,12,6,11,1,1
chr14,43070001,43170000,5,8,5,15,4,0
chr14,43170001,43270000,8,12,3,4,6,1
chr14,43270001,43370000,4,8,2,11,4,0
chr14,43370001,43470000,4,13,5,6,1,1
chr14,43470001,43570000,2,6,2,5,7,0
chr14,43570001,43670000,5,5,2,11,2,3
chr14,43670001,43770000,3,10,3,10,2,3
chr14,43770001,43870000,5,10,4,13,6,1
chr14,43870001,43970000,8,11,4,12,4,3
chr14,43970001,44070000,3,4,2,10,1,4
chr14,44070001,44170000,4,8,2,6,4,0
chr14,44170001,44270000,3,9,7,7,3,2
chr14,44270001,44370000,4,4,5,7,2,0
chr14,44370001,44470000,2,9,2,12,1,0
chr14,44470001,44570000,1,10,5,11,5,3
chr14,44570001,44670000,7,6,5,10,1,1
chr14,44670001,44770000,5,6,3,8,4,1
chr14,44770001,44870000,2,5,0,5,4,1
chr14,44870001,44970000,3,5,2,7,1,1
chr14,44970001,45070000,8,4,3,2,6,1
chr14,45070001,45170000,3,5,3,7,2,1
chr14,45170001,45270000,0,2,2,2,1,0
chr14,45270001,45370000,3,3,4,6,2,0
chr14,45370001,45470000,4,2,3,4,2,2
chr14,45470001,45570000,5,1,1,1,4,0
chr14,45570001,45670000,2,3,1,5,3,1
chr14,45670001,45770000,3,0,0,6,1,0
chr14,45770001,45870000,4,8,2,8,3,0
chr14,45870001,45970000,1,1,4,6,1,2
chr14,45970001,46070000,2,3,2,5,2,0
chr14,46070001,46170000,5,4,1,7,7,0
chr14,46170001,46270000,2,4,0,3,3,0
chr14,46270001,46370000,4,3,0,3,5,1
chr14,46370001,46470000,4,4,1,7,5,0
chr14,46470001,46570000,4,7,1,14,9,0
chr14,46570001,46670000,2,7,5,8,4,0
chr14,46670001,46770000,4,8,5,11,9,0
chr14,46770001,46870000,5,13,4,10,3,0
chr14,46870001,46970000,3,2,4,15,6,2
chr14,46970001,47070000,2,3,2,10,0,3
chr14,47070001,47170000,2,5,4,8,3,0
chr14,47170001,47270000,4,5,1,9,4,1
chr14,47270001,47370000,1,5,1,8,4,0
chr14,47370001,47470000,5,6,3,17,5,0
chr14,47470001,47570000,2,13,5,5,6,0
chr14,47570001,47670000,5,10,3,12,7,2
chr14,47670001,47770000,2,4,5,19,9,1
chr14,47770001,47870000,3,8,0,5,4,1
chr14,47870001,47970000,4,8,2,11,6,1
chr14,47970001,48070000,5,10,6,12,7,1
chr14,48070001,48170000,4,6,5,11,6,0
chr14,48170001,48270000,4,7,4,14,6,1
chr14,48270001,48370000,0,8,6,11,6,1
chr14,48370001,48470000,4,14,8,8,5,1
chr14,48470001,48570000,3,7,3,12,1,3
chr14,48570001,48670000,2,9,10,13,8,0
chr14,48670001,48770000,4,10,8,17,5,1
chr14,48770001,48870000,6,7,6,15,4,0
chr14,48870001,48970000,3,5,2,13,2,3
chr14,48970001,49070000,6,4,5,7,4,1
chr14,49070001,49170000,3,6,3,14,3,1
chr14,49170001,49270000,5,12,2,14,3,1
chr14,49270001,49370000,0,3,4,6,2,2
chr14,49370001,49470000,1,7,4,9,3,1
chr14,49470001,49570000,2,7,3,6,2,0
chr14,49570001,49670000,2,2,1,7,6,1
chr14,49670001,49770000,2,5,3,8,3,0
chr14,49770001,49870000,1,2,1,5,6,0
chr14,49870001,49970000,5,2,2,10,1,1
chr14,49970001,50070000,5,0,1,3,2,0
chr14,50070001,50170000,4,2,0,2,1,3
chr14,50170001,50270000,5,1,3,1,1,2
chr14,50270001,50370000,3,4,0,2,2,1
chr14,50370001,50470000,2,0,1,2,0,1
chr14,50470001,50570000,0,0,1,3,1,2
chr14,50570001,50670000,7,0,1,3,0,0
chr14,50670001,50770000,4,1,1,1,0,1
chr14,50770001,50870000,3,3,1,2,3,0
chr14,50870001,50970000,6,0,4,3,2,0
chr14,50970001,51070000,3,1,3,1,0,2
chr14,51070001,51170000,4,3,3,2,2,0
chr14,51170001,51270000,2,1,0,2,3,0
chr14,51270001,51370000,2,3,1,1,2,1
chr14,51370001,51470000,5,2,0,5,2,0
chr14,51470001,51570000,4,4,3,4,2,1
chr14,51570001,51670000,3,1,1,8,0,0
chr14,51670001,51770000,1,2,1,6,3,1
chr14,51770001,51870000,3,3,4,5,2,0
chr14,51870001,51970000,1,2,0,3,2,1
chr14,51970001,52070000,1,3,4,1,0,0
chr14,52070001,52170000,2,2,1,5,5,0
chr14,52170001,52270000,4,0,1,4,1,0
chr14,52270001,52370000,2,3,1,9,0,0
chr14,52370001,52470000,3,3,0,3,0,1
chr14,52470001,52570000,8,3,2,1,1,1
chr14,52570001,52670000,1,3,1,3,3,0
chr14,52670001,52770000,3,8,1,4,1,1
chr14,52770001,52870000,1,1,1,1,3,1
chr14,52870001,52970000,4,3,2,1,1,0
chr14,52970001,53070000,2,1,0,3,2,1
chr14,53070001,53170000,4,3,0,4,0,2
chr14,53170001,53270000,4,2,1,2,4,2
chr14,53270001,53370000,7,1,2,4,3,0
chr14,53370001,53470000,3,3,6,5,1,0
chr14,53470001,53570000,2,1,1,1,0,0
chr14,53570001,53670000,2,3,1,2,1,1
chr14,53670001,53770000,0,2,2,6,3,0
chr14,53770001,53870000,4,3,2,6,3,0
chr14,53870001,53970000,4,2,2,6,5,0
chr14,53970001,54070000,3,1,4,10,6,2
chr14,54070001,54170000,7,0,1,7,3,1
chr14,54170001,54270000,8,2,1,1,4,0
chr14,54270001,54370000,0,2,0,0,0,0
chr14,54370001,54470000,4,0,3,0,1,0
chr14,54470001,54570000,4,1,2,1,4,0
chr14,54570001,54670000,0,4,2,1,4,1
chr14,54670001,54780000,6,2,0,1,2,0
chr14,54780001,54880000,1,5,4,2,1,0
chr14,54880001,54980000,3,1,4,0,2,3
chr14,54980001,55080000,3,2,0,3,2,1
chr14,55080001,55180000,1,2,2,1,1,0
chr14,55180001,55280000,2,1,0,4,1,0
chr14,55280001,55380000,3,0,0,0,1,0
chr14,55380001,55480000,1,1,0,0,1,1
chr14,55480001,55580000,1,1,0,4,0,0
chr14,55580001,55680000,1,0,2,5,1,1
chr14,55680001,55780000,1,0,0,3,0,1
chr14,55780001,55880000,1,1,0,6,1,2
chr14,55880001,55980000,3,1,0,2,0,1
chr14,55980001,56080000,7,1,1,2,3,0
chr14,56080001,56180000,1,2,0,2,2,2
chr14,56180001,56280000,5,1,0,1,1,1
chr14,56280001,56380000,3,3,1,1,1,2
chr14,56380001,56480000,6,1,1,3,1,1
chr14,56480001,56580000,4,2,2,0,3,1
chr14,56580001,56680000,2,0,0,1,1,1
chr14,56680001,56780000,3,0,1,3,2,1
chr14,56780001,56880000,3,3,3,3,3,1
chr14,56880001,56980000,3,1,0,3,1,0
chr14,56980001,57080000,3,0,3,6,5,1
chr14,57080001,57180000,0,2,3,5,3,0
chr14,57180001,57280000,2,2,0,5,4,1
chr14,57280001,57380000,1,3,3,5,3,1
chr14,57380001,57480000,2,3,5,12,0,0
chr14,57480001,57580000,1,3,3,4,2,1
chr14,57580001,57680000,2,4,1,5,1,1
chr14,57680001,57780000,3,2,2,6,3,2
chr14,57780001,57880000,0,3,2,2,1,1
chr14,57880001,57980000,2,5,1,7,2,2
chr14,57980001,58080000,2,1,1,3,1,2
chr14,58080001,58180000,0,3,2,4,2,0
chr14,58180001,58280000,5,3,2,9,3,0
chr14,58280001,58380000,1,5,2,7,3,2
chr14,58380001,58480000,1,4,1,6,4,1
chr14,58480001,58580000,4,3,4,3,1,1
chr14,58580001,58680000,1,2,2,3,0,2
chr14,58680001,58780000,2,2,2,3,2,0
chr14,58780001,58880000,3,2,1,3,2,1
chr14,58880001,58980000,2,3,1,2,1,0
chr14,58980001,59080000,1,2,1,3,2,0
chr14,59080001,59180000,2,2,1,3,2,1
chr14,59180001,59280000,1,2,3,2,2,1
chr14,59280001,59380000,7,6,0,2,2,2
chr14,59380001,59480000,1,1,1,6,2,0
chr14,59480001,59580000,3,6,2,2,3,1
chr14,59580001,59680000,1,2,1,2,2,2
chr14,59680001,59780000,3,4,1,2,3,0
chr14,59780001,59880000,4,0,1,2,3,0
chr14,59880001,59980000,2,0,4,4,0,1
chr14,59980001,60080000,2,1,0,13,2,1
chr14,60080001,60180000,3,4,3,3,0,0
chr14,60180001,60280000,2,5,1,7,1,0
chr14,60280001,60380000,3,3,4,3,1,1
chr14,60380001,60480000,2,4,0,5,0,1
chr14,60480001,60580000,2,6,2,3,1,0
chr14,60580001,60680000,0,3,2,2,3,0
chr14,60680001,60780000,3,6,3,2,2,1
chr14,60780001,60880000,3,5,0,6,3,2
chr14,60880001,60980000,3,2,3,9,5,1
chr14,60980001,61080000,3,0,2,3,5,0
chr14,61080001,61180000,3,3,3,6,1,2
chr14,61180001,61280000,2,2,1,1,0,0
chr14,61280001,61380000,2,2,3,3,2,3
chr14,61380001,61480000,2,3,0,4,1,0
chr14,61480001,61580000,2,3,0,1,0,1
chr14,61580001,61680000,4,1,2,3,0,1
chr14,61680001,61780000,5,0,2,6,1,0
chr14,61780001,61880000,1,1,1,1,4,0
chr14,61880001,61980000,4,1,3,0,0,0
chr14,61980001,62080000,3,1,0,1,2,0
chr14,62080001,62180000,1,2,1,2,5,0
chr14,62180001,62280000,3,2,3,5,3,1
chr14,62280001,62380000,4,3,0,2,1,0
chr14,62380001,62480000,1,3,1,3,1,1
chr14,62480001,62580000,4,0,5,5,0,0
chr14,62580001,62680000,3,2,4,6,3,0
chr14,62680001,62780000,1,5,2,3,1,1
chr14,62780001,62880000,4,2,3,3,0,2
chr14,62880001,62980000,0,4,6,5,3,1
chr14,62980001,63080000,3,2,1,1,0,4
chr14,63080001,63180000,3,4,2,6,1,0
chr14,63180001,63280000,4,5,5,8,1,0
chr14,63280001,63380000,6,4,1,10,1,0
chr14,63380001,63480000,1,3,1,5,3,1
chr14,63480001,63580000,4,3,5,7,2,0
chr14,63580001,63680000,2,3,1,4,3,1
chr14,63680001,63780000,3,3,4,1,1,1
chr14,63780001,63880000,4,1,1,4,2,0
chr14,63880001,63980000,5,2,1,0,2,0
chr14,63980001,64080000,0,1,1,2,2,3
chr14,64080001,64180000,4,1,1,0,0,0
chr14,64180001,64280000,3,3,0,4,1,0
chr14,64280001,64380000,2,3,6,4,4,1
chr14,64380001,64480000,0,1,1,1,1,0
chr14,64480001,64580000,6,0,2,4,1,0
chr14,64580001,64680000,1,2,1,3,0,1
chr14,64680001,64780000,3,2,3,3,1,0
chr14,64780001,64880000,4,2,2,1,1,1
chr14,64880001,64980000,2,2,0,3,1,1
chr14,64980001,65080000,2,2,1,4,4,0
chr14,65080001,65180000,0,2,1,3,1,0
chr14,65180001,65280000,1,1,2,0,0,0
chr14,65280001,65380000,3,0,0,4,4,0
chr14,65380001,65480000,3,1,1,0,1,0
chr14,65480001,65580000,2,1,0,3,0,0
chr14,65580001,65680000,5,0,1,1,1,1
chr14,65680001,65780000,0,2,0,2,2,1
chr14,65780001,65880000,3,1,0,1,0,0
chr14,65880001,65980000,1,2,0,1,1,2
chr14,65980001,66080000,3,2,0,1,2,0
chr14,66080001,66180000,1,1,3,3,1,1
chr14,66180001,66280000,4,2,0,1,2,0
chr14,66280001,66380000,4,2,0,3,1,1
chr14,66380001,66480000,2,2,0,3,0,1
chr14,66480001,66580000,3,1,0,2,1,0
chr14,66580001,66680000,1,4,0,3,1,0
chr14,66680001,66780000,2,5,1,4,0,1
chr14,66780001,66880000,5,4,2,7,0,1
chr14,66880001,66980000,2,4,4,2,4,2
chr14,66980001,67080000,3,0,1,0,2,1
chr14,67080001,67180000,0,1,1,2,4,0
chr14,67180001,67280000,1,2,0,6,2,0
chr14,67280001,67380000,2,1,1,5,2,2
chr14,67380001,67480000,1,4,2,4,1,0
chr14,67480001,67620000,2,2,0,1,2,1
chr14,67620001,67720000,1,2,1,6,2,0
chr14,67720001,67820000,1,1,0,4,2,1
chr14,67820001,67920000,3,1,3,0,3,0
chr14,67920001,68020000,4,2,2,1,1,1
chr14,68020001,68120000,2,1,1,3,2,0
chr14,68120001,68220000,0,1,3,4,2,0
chr14,68220001,68320000,3,5,1,4,1,0
chr14,68320001,68420000,2,1,1,2,1,0
chr14,68420001,68520000,4,3,0,8,0,1
chr14,68520001,68620000,1,0,2,6,0,0
chr14,68620001,68720000,3,0,1,0,1,2
chr14,68720001,68820000,0,3,2,2,0,0
chr14,68820001,68920000,5,2,2,2,4,2
chr14,68920001,69020000,4,2,2,2,0,0
chr14,69020001,69120000,1,3,0,5,1,1
chr14,69120001,69220000,1,0,0,0,1,1
chr14,69220001,69320000,2,1,1,1,0,0
chr14,69320001,69420000,5,0,0,1,1,0
chr14,69420001,69520000,1,0,2,2,0,0
chr14,69520001,69620000,2,0,0,2,3,1
chr14,69620001,69720000,2,0,0,2,2,1
chr14,69720001,69820000,2,1,4,3,1,1
chr14,69820001,69920000,1,4,1,2,1,1
chr14,69920001,70020000,2,0,0,1,0,2
chr14,70020001,70120000,3,1,1,4,0,1
chr14,70120001,70220000,3,1,0,2,1,1
chr14,70220001,70320000,0,5,3,4,1,1
chr14,70320001,70420000,0,1,3,2,1,0
chr14,70420001,70520000,1,2,1,2,3,0
chr14,70520001,70620000,0,5,1,5,0,2
chr14,70620001,70720000,3,5,2,1,1,2
chr14,70720001,70820000,4,4,1,2,2,0
chr14,70820001,70920000,0,2,2,2,3,0
chr14,70920001,71020000,0,2,1,2,0,1
chr14,71020001,71120000,1,2,2,1,3,1
chr14,71120001,71220000,3,2,0,1,1,0
chr14,71220001,71320000,4,2,1,1,2,1
chr14,71320001,71420000,2,0,2,3,2,0
chr14,71420001,71520000,1,2,1,3,0,0
chr14,71520001,71620000,2,4,1,1,4,0
chr14,71620001,71720000,0,4,3,1,0,2
chr14,71720001,71820000,1,1,2,1,0,1
chr14,71820001,71920000,1,1,0,4,1,0
chr14,71920001,72020000,4,3,3,7,3,1
chr14,72020001,72120000,1,1,2,3,1,0
chr14,72120001,72220000,2,1,0,1,1,2
chr14,72220001,72320000,1,2,1,3,3,2
chr14,72320001,72420000,1,1,3,0,2,0
chr14,72420001,72520000,2,7,3,5,1,1
chr14,72520001,72620000,0,2,3,5,7,1
chr14,72620001,72720000,0,4,0,2,2,2
chr14,72720001,72820000,3,9,5,4,4,0
chr14,72820001,72920000,2,5,2,6,1,1
chr14,72920001,73020000,2,10,1,3,0,1
chr14,73020001,73120000,1,5,1,1,0,0
chr14,73120001,73220000,2,6,2,8,2,0
chr14,73220001,73320000,2,5,3,8,3,0
chr14,73320001,73420000,3,2,2,1,0,0
chr14,73420001,73520000,3,1,3,1,1,2
chr14,73520001,73620000,2,0,2,3,1,0
chr14,73620001,73720000,1,3,0,4,2,0
chr14,73720001,73820000,0,1,0,1,1,1
chr14,73820001,73920000,2,0,0,1,2,1
chr14,73920001,74020000,2,1,0,4,1,1
chr14,74020001,74120000,1,1,1,0,0,1
chr14,74120001,74220000,1,2,1,1,2,0
chr14,74220001,74320000,2,2,0,1,1,1
chr14,74320001,74420000,0,2,2,2,1,1
chr14,74420001,74520000,5,0,2,3,1,0
chr14,74520001,74620000,1,1,2,0,1,0
chr14,74620001,74720000,3,3,1,1,0,2
chr14,74720001,74820000,2,3,3,3,2,0
chr14,74820001,74920000,1,1,0,3,2,0
chr14,74920001,75020000,2,1,1,2,2,1
chr14,75020001,75120000,1,0,1,2,0,0
chr14,75120001,75220000,0,1,1,1,0,1
chr14,75220001,75320000,2,1,1,4,3,2
chr14,75320001,75420000,0,0,2,2,0,1
chr14,75420001,75520000,0,2,0,3,0,0
chr14,75520001,75620000,1,0,1,3,2,0
chr14,75620001,75720000,2,1,2,1,1,0
chr14,75720001,75820000,1,0,3,2,0,2
chr14,75820001,75920000,1,0,0,2,2,0
chr14,75920001,76020000,2,2,2,2,1,3
chr14,76020001,76120000,1,1,0,3,1,0
chr14,76120001,76220000,1,3,0,2,2,0
chr14,76220001,76320000,2,2,1,1,3,2
chr14,76320001,76420000,0,0,0,3,2,0
chr14,76420001,76520000,0,1,1,0,1,0
chr14,76520001,76620000,2,6,0,2,4,0
chr14,76620001,76720000,2,1,3,4,1,1
chr14,76720001,76820000,1,5,0,1,1,0
chr14,76820001,76920000,5,2,0,1,1,0
chr14,76920001,77020000,2,5,2,2,0,0
chr14,77020001,77120000,1,1,1,4,1,1
chr14,77120001,77220000,4,1,0,5,2,3
chr14,77220001,77320000,2,1,0,0,1,0
chr14,77320001,77420000,0,3,0,7,1,0
chr14,77420001,77520000,1,2,0,0,1,1
chr14,77520001,77620000,3,1,2,2,1,0
chr14,77620001,77720000,1,5,3,4,3,0
chr14,77720001,77820000,2,1,0,0,0,2
chr14,77820001,77920000,2,0,3,1,0,1
chr14,77920001,78020000,2,1,0,2,1,0
chr14,78020001,78120000,1,3,1,4,0,0
chr14,78120001,78220000,2,1,3,1,2,0
chr14,78220001,78320000,1,2,2,1,0,1
chr14,78320001,78420000,1,3,0,3,3,2
chr14,78420001,78520000,1,4,2,6,2,0
chr14,78520001,78620000,2,1,2,1,0,0
chr14,78620001,78720000,1,2,2,9,3,1
chr14,78720001,78820000,5,4,2,9,1,0
chr14,78820001,78920000,1,2,1,4,2,0
chr14,78920001,79020000,2,1,1,6,3,0
chr14,79020001,79120000,3,1,5,8,0,2
chr14,79120001,79220000,7,4,1,4,2,1
chr14,79220001,79320000,2,2,5,3,1,0
chr14,79320001,79420000,6,0,5,8,0,2
chr14,79420001,79520000,3,6,2,8,1,2
chr14,79520001,79620000,4,4,1,6,1,1
chr14,79620001,79720000,4,1,4,5,2,2
chr14,79720001,79820000,1,6,2,6,4,1
chr14,79820001,79920000,1,3,3,10,1,0
chr14,79920001,80020000,2,2,4,5,0,1
chr14,80020001,80120000,2,3,4,12,1,0
chr14,80120001,80220000,1,4,3,7,1,2
chr14,80220001,80320000,4,3,2,13,1,1
chr14,80320001,80420000,3,5,5,5,3,2
chr14,80420001,80520000,2,2,4,7,1,1
chr14,80520001,80640000,9,6,2,7,1,1
chr14,80640001,80740000,2,4,4,11,2,0
chr14,80740001,80840000,1,5,1,9,1,1
chr14,80840001,80940000,1,1,2,3,1,2
chr14,80940001,81040000,4,5,1,8,1,0
chr14,81040001,81140000,2,7,1,4,1,1
chr14,81140001,81240000,1,6,0,1,1,2
chr14,81240001,81340000,2,1,0,2,1,0
chr14,81340001,81440000,4,1,1,4,2,0
chr14,81440001,81540000,0,7,0,4,1,0
chr14,81540001,81640000,3,2,2,5,1,1
chr14,81640001,81740000,4,2,1,3,2,1
chr14,81740001,81840000,3,6,1,3,1,0
chr14,81840001,81940000,7,1,3,5,1,0
chr14,81940001,82040000,0,2,0,4,2,0
chr14,82040001,82140000,1,4,3,4,1,1
chr14,82140001,82240000,4,7,4,9,0,1
chr14,82240001,82340000,5,4,4,9,3,1
chr14,82340001,82440000,4,6,8,9,2,2
chr14,82440001,82540000,2,6,5,5,3,1
chr14,82540001,82640000,5,8,7,11,6,1
chr14,82640001,82740000,3,10,7,17,4,0
chr14,82740001,82840000,3,7,3,17,2,1
chr14,82840001,82940000,1,4,2,15,1,3
chr14,82940001,83040000,1,3,8,9,2,3
chr14,83040001,83140000,2,8,12,13,4,2
chr14,83140001,83240000,2,5,4,18,1,1
chr14,83240001,83340000,1,8,5,9,8,1
chr14,83340001,83440000,4,1,5,9,4,3
chr14,83440001,83540000,1,2,10,12,1,1
chr14,83540001,83640000,5,7,9,8,4,2
chr14,83640001,83740000,0,1,7,18,2,3
chr14,83740001,83840000,2,6,5,10,2,8
chr14,83840001,83940000,4,5,7,14,1,2
chr14,83940001,84040000,3,4,9,12,7,1
chr14,84040001,84140000,5,8,9,7,3,1
chr14,84140001,84240000,0,9,4,4,5,4
chr14,84240001,84340000,1,5,3,6,6,1
chr14,84340001,84440000,3,3,7,11,4,1
chr14,84440001,84540000,2,4,9,9,5,0
chr14,84540001,84640000,1,4,2,4,6,1
chr14,84640001,84740000,2,4,9,8,4,0
chr14,84740001,84840000,3,10,10,4,4,0
chr14,84840001,84940000,6,8,10,11,3,1
chr14,84940001,85040000,2,5,4,11,1,0
chr14,85040001,85140000,5,3,9,11,5,2
chr14,85140001,85240000,4,8,3,10,2,2
chr14,85240001,85340000,3,3,5,6,1,0
chr14,85340001,85440000,5,5,9,11,1,2
chr14,85440001,85540000,6,4,5,8,4,2
chr14,85540001,85640000,3,3,7,9,2,3
chr14,85640001,85740000,6,0,4,8,4,0
chr14,85740001,85840000,4,2,9,13,2,2
chr14,85840001,85940000,8,0,4,5,2,0
chr14,85940001,86040000,2,5,4,4,3,2
chr14,86040001,86140000,6,5,3,7,2,0
chr14,86140001,86240000,4,3,8,5,4,2
chr14,86240001,86340000,0,4,4,5,3,2
chr14,86340001,86440000,6,6,6,7,3,1
chr14,86440001,86540000,2,7,8,7,5,1
chr14,86580001,86680000,2,8,5,11,3,2
chr14,86680001,86780000,2,15,6,13,9,1
chr14,86780001,86880000,7,4,5,1,4,2
chr14,86880001,86980000,1,6,9,5,5,0
chr14,86980001,87110000,2,14,3,4,4,5
chr14,87110001,87210000,8,10,3,2,4,2
chr14,87210001,87310000,3,11,6,4,7,2
chr14,87310001,87410000,6,6,5,5,5,2
chr14,87410001,87510000,3,6,7,7,5,3
chr14,87510001,87610000,5,11,2,10,2,4
chr14,87610001,87710000,6,5,4,16,3,1
chr14,87710001,87810000,5,14,6,10,2,2
chr14,87810001,87940000,0,8,4,13,5,1
chr14,87940001,88040000,4,13,4,12,3,1
chr14,88040001,88140000,3,11,6,3,2,0
chr14,88140001,88260000,3,13,1,9,2,0
chr14,88260001,88360000,1,9,3,4,2,1
chr14,88360001,88460000,1,2,1,0,1,1
chr14,88460001,88560000,4,4,1,3,1,0
chr14,88560001,88660000,4,6,2,2,2,2
chr14,88660001,88760000,2,5,0,3,2,0
chr14,88760001,88860000,1,3,1,4,2,1
chr14,88860001,88960000,1,1,3,3,2,0
chr14,88960001,89060000,2,0,1,5,1,1
chr14,89060001,89160000,0,4,0,4,3,1
chr14,89160001,89260000,2,3,2,7,2,0
chr14,89260001,89360000,2,2,0,8,3,0
chr14,89360001,89460000,3,7,1,4,3,2
chr14,89460001,89560000,3,5,1,2,1,0
chr14,89560001,89660000,2,1,1,4,2,0
chr14,89660001,89760000,2,2,1,2,2,2
chr14,89760001,89860000,2,3,1,0,0,0
chr14,89860001,89960000,3,1,0,2,0,0
chr14,89960001,90060000,1,2,2,0,1,1
chr14,90060001,90160000,2,0,2,1,2,3
chr14,90160001,90260000,1,2,1,1,3,1
chr14,90260001,90370000,4,0,1,1,0,0
chr14,90370001,90470000,1,5,0,1,0,1
chr14,90470001,90570000,1,2,1,3,3,0
chr14,90570001,90670000,1,2,0,4,1,0
chr14,90670001,90770000,3,3,0,1,0,0
chr14,90770001,90870000,3,1,0,5,1,1
chr14,90870001,90970000,0,5,2,5,0,1
chr14,90970001,91070000,0,2,1,0,1,2
chr14,91070001,91170000,1,1,0,4,0,3
chr14,91170001,91270000,1,0,2,2,4,0
chr14,91270001,91370000,0,1,1,3,4,1
chr14,91370001,91470000,0,1,1,1,2,3
chr14,91470001,91570000,3,1,0,1,0,0
chr14,91570001,91670000,3,1,2,4,3,1
chr14,91670001,91770000,3,1,1,2,1,0
chr14,91770001,91870000,1,1,1,4,2,0
chr14,91870001,91970000,4,1,1,0,3,1
chr14,91970001,92070000,4,0,0,0,1,0
chr14,92070001,92170000,4,1,0,3,2,0
chr14,92170001,92270000,1,2,2,2,2,1
chr14,92270001,92370000,3,2,1,1,2,1
chr14,92370001,92470000,1,0,0,3,0,1
chr14,92470001,92570000,2,1,1,3,1,1
chr14,92570001,92670000,1,2,0,4,1,0
chr14,92670001,92770000,0,1,5,4,2,1
chr14,92770001,92870000,1,1,1,2,1,1
chr14,92870001,92970000,1,4,0,2,0,0
chr14,92970001,93070000,2,3,0,1,1,0
chr14,93070001,93170000,4,0,0,2,0,4
chr14,93170001,93270000,1,1,0,2,1,1
chr14,93270001,93370000,1,5,2,3,1,0
chr14,93370001,93470000,2,1,1,1,2,1
chr14,93470001,93570000,3,3,1,2,0,0
chr14,93570001,93670000,2,1,2,3,2,0
chr14,93670001,93770000,0,3,2,1,0,0
chr14,93770001,93870000,2,1,0,8,4,0
chr14,93870001,93970000,2,4,2,6,3,0
chr14,93970001,94070000,1,1,1,5,3,1
chr14,94070001,94170000,2,3,6,6,2,1
chr14,94170001,94270000,1,6,3,8,1,0
chr14,94270001,94370000,3,2,1,3,3,2
chr14,94370001,94470000,1,1,4,0,1,2
chr14,94470001,94570000,3,0,0,3,0,2
chr14,94570001,94670000,1,2,2,8,3,3
chr14,94670001,94770000,0,4,5,11,3,2
chr14,94770001,94870000,3,3,2,2,0,0
chr14,94870001,94970000,1,2,1,2,1,0
chr14,94970001,95070000,2,4,2,3,1,0
chr14,95070001,95170000,2,1,0,3,0,0
chr14,95170001,95270000,0,2,4,3,0,3
chr14,95270001,95370000,1,2,1,4,1,1
chr14,95370001,95470000,3,3,3,6,0,0
chr14,95470001,95570000,2,3,2,4,2,2
chr14,95570001,95670000,2,0,2,3,1,2
chr14,95670001,95770000,3,1,1,1,1,1
chr14,95770001,95870000,1,4,0,1,0,0
chr14,95870001,95970000,2,2,0,2,1,0
chr14,95970001,96070000,0,3,4,5,4,0
chr14,96070001,96170000,0,4,0,5,3,2
chr14,96170001,96270000,0,2,0,2,1,0
chr14,96270001,96370000,5,3,0,11,3,1
chr14,96370001,96470000,3,3,0,4,2,2
chr14,96470001,96570000,3,2,2,3,1,1
chr14,96570001,96670000,3,2,0,5,3,0
chr14,96670001,96770000,1,1,1,2,1,0
chr14,96770001,96870000,4,0,0,2,0,0
chr14,96870001,96970000,1,3,2,4,2,2
chr14,96970001,97070000,1,5,1,4,1,3
chr14,97070001,97170000,3,2,0,3,3,1
chr14,97170001,97270000,2,5,3,1,1,1
chr14,97270001,97370000,1,2,1,4,5,0
chr14,97370001,97470000,0,0,2,7,3,1
chr14,97470001,97570000,0,4,3,4,2,0
chr14,97570001,97670000,2,1,3,7,0,0
chr14,97670001,97770000,5,3,2,7,4,1
chr14,97770001,97870000,2,3,4,9,5,0
chr14,97870001,97970000,2,2,2,8,3,0
chr14,97970001,98070000,3,6,0,6,2,2
chr14,98070001,98170000,5,4,3,5,5,1
chr14,98170001,98270000,5,6,5,4,4,0
chr14,98270001,98370000,5,4,4,8,3,1
chr14,98370001,98470000,3,4,4,13,4,1
chr14,98470001,98570000,4,3,1,5,4,0
chr14,98570001,98670000,1,3,1,6,3,1
chr14,98670001,98770000,3,2,0,2,1,0
chr14,98770001,98870000,3,3,2,3,3,2
chr14,98870001,98970000,3,4,1,8,4,1
chr14,98970001,99070000,3,3,3,3,3,1
chr14,99070001,99170000,4,1,6,7,1,1
chr14,99170001,99270000,1,7,3,1,0,4
chr14,99270001,99370000,2,4,0,4,0,0
chr14,99370001,99470000,3,3,0,0,1,0
chr14,99470001,99570000,2,4,2,2,1,2
chr14,99570001,99670000,1,1,2,1,0,1
chr14,99670001,99770000,4,0,3,5,1,0
chr14,99770001,99870000,1,3,1,2,1,2
chr14,99870001,99970000,4,2,1,2,4,1
chr14,99970001,100070000,0,3,0,1,1,0
chr14,100070001,100170000,1,1,0,1,0,0
chr14,100170001,100270000,0,2,2,6,0,0
chr14,100270001,100370000,0,1,4,6,0,0
chr14,100370001,100470000,0,0,0,5,4,0
chr14,100470001,100570000,5,3,2,5,3,0
chr14,100570001,100670000,1,0,2,1,1,0
chr14,100670001,100770000,3,1,0,5,4,0
chr14,100770001,100870000,2,1,1,2,1,0
chr14,100870001,100970000,1,3,1,3,2,1
chr14,100970001,101070000,1,0,0,2,2,0
chr14,101070001,101170000,1,1,0,3,2,0
chr14,101170001,101270000,1,4,0,4,1,0
chr14,101270001,101370000,2,3,1,3,2,0
chr14,101370001,101470000,1,0,2,3,2,0
chr14,101470001,101570000,0,1,2,4,1,0
chr14,101570001,101670000,2,2,2,4,0,2
chr14,101670001,101770000,1,2,1,3,3,1
chr14,101770001,101870000,2,2,0,2,2,0
chr14,101870001,101970000,1,4,1,4,0,1
chr14,101970001,102070000,1,2,1,1,2,0
chr14,102070001,102180000,4,1,2,4,4,1
chr14,102180001,102280000,2,2,1,1,2,0
chr14,102280001,102380000,3,0,0,3,1,2
chr14,102380001,102480000,1,1,1,2,1,2
chr14,102480001,102580000,1,4,0,1,0,0
chr14,102580001,102680000,2,1,1,4,0,1
chr14,102680001,102780000,1,0,0,1,1,0
chr14,102780001,102880000,1,2,0,2,1,0
chr14,102880001,102980000,3,0,0,2,2,1
chr14,102980001,103080000,3,0,2,3,4,1
chr14,103080001,103180000,1,0,0,2,1,0
chr14,103180001,103280000,3,3,1,3,1,1
chr14,103280001,103380000,5,1,2,4,1,1
chr14,103380001,103480000,0,1,0,3,0,1
chr14,103480001,103580000,2,2,2,1,1,2
chr14,103580001,103680000,1,2,2,0,0,0
chr14,103680001,103780000,0,1,1,2,2,0
chr14,103780001,103880000,2,1,1,5,4,3
chr14,103880001,103980000,0,3,1,1,3,2
chr14,103980001,104080000,2,0,2,2,1,1
chr14,104080001,104180000,2,1,0,3,0,0
chr14,104180001,104280000,2,3,2,1,1,0
chr14,104280001,104380000,0,3,1,2,4,0
chr14,104380001,104480000,5,1,1,1,0,1
chr14,104480001,104580000,0,5,1,7,3,0
chr14,104580001,104680000,3,3,0,2,2,0
chr14,104680001,104780000,4,4,1,1,2,0
chr14,104780001,104880000,3,5,1,1,1,0
chr14,104880001,104980000,3,2,1,2,1,0
chr14,104980001,105080000,2,3,1,1,2,1
chr14,105080001,105180000,0,1,0,0,0,1
chr14,105180001,105280000,2,1,0,2,4,2
chr14,105280001,105380000,0,1,2,3,0,1
chr14,105380001,105480000,1,1,1,2,1,1
chr14,105480001,105580000,2,2,0,1,0,0
chr14,105580001,105680000,2,1,0,2,0,0
chr14,105710001,105810000,3,3,1,2,0,0
chr14,105810001,105910000,3,2,1,1,1,0
chr14,105910001,106010000,3,3,1,0,2,0
chr14,106010001,106270000,5,2,1,2,3,0
chr14,106270001,106370000,1,4,2,3,3,0
chr14,106370001,106470000,0,3,0,6,2,1
chr14,106470001,106570000,2,3,3,2,1,0
chr14,106570001,106670000,3,3,1,5,4,0
chr14,106670001,106770000,2,4,1,3,0,1
chr14,106770001,106870000,2,2,2,6,1,0
chr14,106870001,106970000,3,3,4,4,3,3
chr14,106970001,107070000,5,7,3,2,1,1
chr14,107070001,107200000,4,4,1,3,1,1
chr14,107200001,107300000,5,4,3,1,1,2
chr15,20170001,22810000,2,11,3,5,3,1
chr15,22810001,22910000,3,1,0,7,2,2
chr15,22910001,23010000,1,4,0,3,2,0
chr15,23010001,23110000,5,2,1,3,1,0
chr15,23110001,23210000,2,3,5,4,1,1
chr15,23210001,23670000,4,3,4,6,3,1
chr15,23670001,23770000,4,7,4,11,1,0
chr15,23770001,23870000,6,9,2,9,4,0
chr15,23870001,23970000,1,2,2,5,3,1
chr15,23970001,24070000,5,7,2,4,3,1
chr15,24070001,24170000,3,8,6,8,6,3
chr15,24170001,24270000,4,8,1,8,2,2
chr15,24270001,24370000,5,9,1,10,3,0
chr15,24370001,24470000,5,7,2,11,2,0
chr15,24470001,24570000,2,5,6,12,4,0
chr15,24570001,24670000,7,11,5,9,5,0
chr15,24670001,24770000,4,11,2,15,1,0
chr15,24770001,24870000,2,6,2,8,4,1
chr15,24870001,24970000,4,10,3,8,0,1
chr15,24970001,25070000,6,11,4,10,4,3
chr15,25070001,25170000,4,10,1,12,2,2
chr15,25170001,25270000,3,3,6,17,6,4
chr15,25270001,25370000,0,5,5,9,3,1
chr15,25370001,25470000,2,8,1,1,4,0
chr15,25470001,25570000,5,7,2,6,3,1
chr15,25570001,25670000,3,1,1,7,3,0
chr15,25670001,25770000,2,3,3,10,2,0
chr15,25770001,25870000,2,2,3,7,2,1
chr15,25870001,25970000,3,4,4,2,0,0
chr15,25970001,26080000,2,10,3,7,2,0
chr15,26080001,26180000,5,7,4,7,1,1
chr15,26180001,26280000,2,9,0,7,0,2
chr15,26280001,26380000,4,10,5,11,3,0
chr15,26380001,26480000,4,4,1,9,6,1
chr15,26480001,26580000,2,7,6,10,2,1
chr15,26580001,26680000,8,3,3,12,1,1
chr15,26680001,26780000,4,6,5,6,4,1
chr15,26780001,26880000,4,5,3,7,3,4
chr15,26880001,26980000,2,10,7,8,2,0
chr15,26980001,27080000,2,8,4,10,1,2
chr15,27080001,27180000,3,10,4,10,4,1
chr15,27180001,27280000,2,10,6,13,2,5
chr15,27280001,27380000,2,8,2,6,6,1
chr15,27380001,27480000,1,5,3,11,3,0
chr15,27480001,27580000,0,11,7,6,2,1
chr15,27580001,27680000,2,8,5,9,1,0
chr15,27680001,27780000,2,7,4,8,0,3
chr15,27780001,27880000,0,5,6,8,0,2
chr15,27880001,27980000,3,7,2,7,3,0
chr15,27980001,28080000,4,2,5,9,3,1
chr15,28080001,28180000,3,5,3,7,4,1
chr15,28180001,28280000,3,4,1,2,4,1
chr15,28280001,28380000,5,2,3,4,2,0
chr15,28380001,28480000,3,0,0,1,0,0
chr15,28480001,29010000,0,0,1,6,3,2
chr15,29010001,29110000,4,1,4,7,0,0
chr15,29110001,29210000,0,1,0,4,1,0
chr15,29210001,29310000,6,4,4,7,0,2
chr15,29310001,29410000,0,1,3,5,0,0
chr15,29410001,29510000,3,4,1,5,2,0
chr15,29510001,29610000,1,3,0,3,1,0
chr15,29610001,29710000,6,3,5,4,1,1
chr15,29710001,29810000,1,3,3,3,2,0
chr15,29810001,29910000,5,3,2,6,2,0
chr15,29910001,30010000,0,3,2,3,1,0
chr15,30010001,30110000,4,2,3,4,3,1
chr15,30110001,30210000,2,2,4,4,3,0
chr15,30210001,30310000,1,3,5,3,1,1
chr15,30310001,30980000,0,4,3,3,1,0
chr15,30980001,31080000,1,4,2,4,1,1
chr15,31080001,31200000,2,3,1,4,2,1
chr15,31200001,31300000,1,1,2,3,3,5
chr15,31300001,31400000,0,2,0,1,4,5
chr15,31400001,31500000,3,3,2,2,1,2
chr15,31500001,31600000,5,1,1,3,0,0
chr15,31600001,31700000,1,4,1,2,2,2
chr15,31700001,31800000,3,3,0,2,1,1
chr15,31800001,31900000,3,1,0,6,1,0
chr15,31900001,32000000,2,1,0,3,1,2
chr15,32000001,32100000,8,3,1,6,1,4
chr15,32100001,32200000,0,6,0,7,5,1
chr15,32200001,32300000,2,1,1,7,1,0
chr15,32300001,32400000,3,3,1,1,3,0
chr15,32400001,32980000,3,4,1,2,5,0
chr15,32980001,33080000,3,1,3,3,4,1
chr15,33080001,33180000,2,2,0,4,1,0
chr15,33180001,33280000,1,3,0,1,2,1
chr15,33280001,33380000,0,2,1,1,2,6
chr15,33380001,33480000,3,0,2,2,1,4
chr15,33480001,33580000,0,4,5,3,2,0
chr15,33580001,33680000,3,0,1,7,2,0
chr15,33680001,33780000,2,3,4,4,0,0
chr15,33780001,33880000,2,6,9,8,2,2
chr15,33880001,33980000,3,1,6,5,2,0
chr15,33980001,34080000,2,5,3,6,3,1
chr15,34080001,34180000,2,2,3,2,2,0
chr15,34180001,34280000,1,2,0,3,3,0
chr15,34280001,34380000,0,3,1,4,2,2
chr15,34380001,34480000,3,0,2,2,2,2
chr15,34480001,34580000,0,1,1,2,1,0
chr15,34580001,34680000,3,2,1,0,1,0
chr15,34680001,34780000,1,2,0,4,0,0
chr15,34780001,34880000,4,0,0,3,1,2
chr15,34880001,34980000,3,3,4,8,3,0
chr15,34980001,35080000,6,3,2,3,1,0
chr15,35080001,35180000,0,1,0,5,0,1
chr15,35180001,35280000,2,4,4,0,1,1
chr15,35280001,35380000,2,1,1,0,4,0
chr15,35380001,35480000,0,3,0,4,1,0
chr15,35480001,35580000,1,5,3,1,4,1
chr15,35580001,35680000,0,3,0,7,5,2
chr15,35680001,35780000,2,1,3,4,2,0
chr15,35780001,35880000,3,1,4,3,2,0
chr15,35880001,35980000,4,1,4,3,4,0
chr15,35980001,36080000,3,3,4,7,1,0
chr15,36080001,36180000,4,2,2,4,4,1
chr15,36180001,36280000,2,0,2,6,0,1
chr15,36280001,36380000,0,2,1,7,4,0
chr15,36380001,36480000,6,2,2,4,4,2
chr15,36480001,36580000,1,4,3,2,4,2
chr15,36580001,36680000,2,2,7,4,5,2
chr15,36680001,36780000,5,3,2,9,2,2
chr15,36780001,36880000,1,3,0,1,2,5
chr15,36880001,36980000,2,2,3,0,2,0
chr15,36980001,37080000,1,3,2,1,2,0
chr15,37080001,37180000,2,2,3,2,2,0
chr15,37180001,37280000,8,2,4,3,6,1
chr15,37280001,37380000,3,0,7,3,6,1
chr15,37380001,37480000,5,2,7,1,2,0
chr15,37480001,37580000,2,2,4,4,0,1
chr15,37580001,37680000,2,5,4,2,3,4
chr15,37680001,37780000,2,4,7,3,3,0
chr15,37780001,37880000,3,5,0,6,4,1
chr15,37880001,37980000,2,5,3,4,3,0
chr15,37980001,38080000,2,1,6,7,1,0
chr15,38080001,38180000,3,3,2,5,2,1
chr15,38180001,38280000,0,3,1,2,3,1
chr15,38280001,38380000,3,0,3,2,1,0
chr15,38380001,38480000,3,4,0,2,3,0
chr15,38480001,38580000,3,2,2,1,2,0
chr15,38580001,38680000,0,4,0,1,1,1
chr15,38680001,38780000,1,0,5,3,4,0
chr15,38780001,38880000,2,3,0,1,0,1
chr15,38880001,38980000,3,4,1,5,2,1
chr15,38980001,39080000,3,2,1,3,2,2
chr15,39080001,39180000,1,4,5,5,2,0
chr15,39180001,39280000,4,1,2,10,2,1
chr15,39280001,39380000,2,5,0,2,0,2
chr15,39380001,39480000,1,1,0,3,0,0
chr15,39480001,39580000,0,3,1,3,3,0
chr15,39580001,39680000,0,0,1,2,2,1
chr15,39680001,39780000,0,1,2,1,1,1
chr15,39780001,39880000,3,2,0,1,1,0
chr15,39880001,39980000,6,1,2,5,1,1
chr15,39980001,40080000,3,4,2,4,4,0
chr15,40080001,40180000,0,1,0,2,0,0
chr15,40180001,40280000,2,2,0,0,0,0
chr15,40280001,40380000,2,1,3,2,1,0
chr15,40380001,40480000,0,2,0,2,1,1
chr15,40480001,40580000,1,2,0,2,0,0
chr15,40580001,40680000,0,0,3,0,1,0
chr15,40680001,40780000,3,2,0,4,0,1
chr15,40780001,40880000,2,2,1,4,2,0
chr15,40880001,40980000,1,2,1,4,1,1
chr15,40980001,41080000,1,1,1,1,1,0
chr15,41080001,41180000,1,3,0,6,0,1
chr15,41180001,41280000,2,2,1,0,1,1
chr15,41280001,41380000,0,1,0,2,2,1
chr15,41380001,41480000,1,0,0,2,0,0
chr15,41480001,41580000,2,2,0,2,2,1
chr15,41580001,41680000,2,3,0,3,1,0
chr15,41680001,41780000,5,1,0,1,0,0
chr15,41780001,41880000,3,0,2,0,1,1
chr15,41880001,41980000,2,1,2,2,3,0
chr15,41980001,42080000,2,4,2,4,4,0
chr15,42080001,42180000,0,4,1,2,1,1
chr15,42180001,42280000,1,1,0,5,2,1
chr15,42280001,42380000,3,0,3,3,1,0
chr15,42380001,42480000,3,2,3,2,2,1
chr15,42480001,42580000,4,2,3,0,4,1
chr15,42580001,42680000,0,1,1,1,1,1
chr15,42680001,42780000,3,2,0,0,1,1
chr15,42780001,42880000,2,2,0,4,2,0
chr15,42880001,42980000,2,3,2,1,3,1
chr15,42980001,43080000,2,0,0,7,1,0
chr15,43080001,43180000,2,3,0,2,1,0
chr15,43180001,43280000,0,3,1,1,3,0
chr15,43280001,43380000,1,1,2,2,3,1
chr15,43380001,43480000,0,1,0,3,1,1
chr15,43480001,43580000,1,0,3,1,0,0
chr15,43580001,43680000,1,2,2,2,2,1
chr15,43680001,43780000,3,1,1,2,0,0
chr15,43780001,43880000,2,3,0,2,4,1
chr15,43880001,43980000,1,2,1,1,1,0
chr15,43980001,44080000,0,0,0,3,2,0
chr15,44080001,44180000,2,4,1,0,0,2
chr15,44180001,44280000,3,0,1,2,0,1
chr15,44280001,44380000,2,1,0,2,1,1
chr15,44380001,44480000,7,5,2,4,2,1
chr15,44480001,44580000,5,2,2,6,3,0
chr15,44580001,44680000,3,2,2,2,1,3
chr15,44680001,44780000,5,0,4,1,2,0
chr15,44780001,44880000,1,3,1,4,2,2
chr15,44880001,44980000,2,0,3,1,0,3
chr15,44980001,45080000,2,3,2,4,2,0
chr15,45080001,45180000,0,1,2,2,2,1
chr15,45180001,45280000,2,0,2,0,1,0
chr15,45280001,45380000,3,0,1,0,1,1
chr15,45380001,45480000,3,0,0,5,1,0
chr15,45480001,45580000,0,2,1,2,2,0
chr15,45580001,45680000,0,4,2,2,2,0
chr15,45680001,45780000,6,1,0,4,4,0
chr15,45780001,45880000,2,1,2,1,14,1
chr15,45880001,45980000,3,4,1,2,2,1
chr15,45980001,46080000,1,2,3,5,1,1
chr15,46080001,46180000,0,3,2,5,1,1
chr15,46180001,46280000,2,2,4,3,3,0
chr15,46280001,46380000,3,1,0,1,2,0
chr15,46380001,46480000,0,5,1,12,2,2
chr15,46480001,46580000,1,5,3,7,0,1
chr15,46580001,46680000,3,4,1,7,2,1
chr15,46680001,46780000,2,3,2,8,2,1
chr15,46780001,46880000,4,3,4,11,2,1
chr15,46880001,46980000,1,3,1,15,3,0
chr15,46980001,47080000,1,2,3,13,4,2
chr15,47080001,47180000,7,10,4,7,3,0
chr15,47180001,47280000,1,2,4,10,4,0
chr15,47280001,47380000,5,3,5,8,2,3
chr15,47380001,47480000,2,6,7,11,4,2
chr15,47480001,47580000,6,4,4,8,0,0
chr15,47580001,47680000,1,4,5,6,3,1
chr15,47680001,47780000,1,3,5,7,0,2
chr15,47780001,47880000,3,2,4,6,1,2
chr15,47880001,47980000,7,5,2,4,1,1
chr15,47980001,48080000,6,4,1,8,2,0
chr15,48080001,48180000,3,3,2,12,2,0
chr15,48180001,48280000,3,5,7,7,3,1
chr15,48280001,48380000,0,3,1,3,3,1
chr15,48380001,48480000,1,1,4,8,1,1
chr15,48480001,48580000,3,3,6,7,3,2
chr15,48580001,48680000,2,0,1,7,3,0
chr15,48680001,48780000,1,5,2,3,1,0
chr15,48780001,48880000,1,1,2,4,2,0
chr15,48880001,48980000,2,0,2,4,2,1
chr15,48980001,49080000,0,0,1,1,4,1
chr15,49080001,49180000,1,0,2,7,3,1
chr15,49180001,49280000,0,2,3,3,2,0
chr15,49280001,49380000,2,4,4,2,1,2
chr15,49380001,49480000,1,3,2,2,2,1
chr15,49480001,49580000,3,1,1,5,0,0
chr15,49580001,49680000,2,3,2,5,1,1
chr15,49680001,49780000,3,2,0,7,3,0
chr15,49780001,49880000,3,4,2,6,2,1
chr15,49880001,49980000,2,4,1,5,4,2
chr15,49980001,50080000,2,5,0,5,2,0
chr15,50080001,50180000,2,6,0,5,1,0
chr15,50180001,50280000,4,4,2,11,0,4
chr15,50280001,50380000,4,1,1,6,1,2
chr15,50380001,50480000,5,3,2,4,2,1
chr15,50480001,50580000,6,3,1,1,0,1
chr15,50580001,50680000,3,0,4,4,1,0
chr15,50680001,50780000,4,4,0,1,2,0
chr15,50780001,50880000,2,1,1,2,2,2
chr15,50880001,50980000,2,1,1,2,0,0
chr15,50980001,51080000,0,1,1,0,3,0
chr15,51080001,51180000,3,2,2,2,2,0
chr15,51180001,51280000,0,1,3,3,0,1
chr15,51280001,51380000,3,0,4,1,1,0
chr15,51380001,51480000,1,1,1,4,2,1
chr15,51480001,51580000,2,1,2,3,1,0
chr15,51580001,51680000,4,2,2,0,3,1
chr15,51680001,51780000,3,1,2,2,1,1
chr15,51780001,51880000,3,1,3,3,2,0
chr15,51880001,51980000,0,2,2,2,1,2
chr15,51980001,52080000,3,4,2,4,1,0
chr15,52080001,52180000,2,1,2,1,2,1
chr15,52180001,52280000,3,1,2,1,1,1
chr15,52280001,52380000,2,1,2,6,3,0
chr15,52380001,52480000,0,0,0,2,2,2
chr15,52480001,52580000,1,3,3,1,0,0
chr15,52580001,52680000,3,1,3,4,0,1
chr15,52680001,52780000,2,1,4,5,0,5
chr15,52780001,52880000,0,2,2,2,0,0
chr15,52880001,52980000,2,1,1,3,2,1
chr15,52980001,53080000,0,3,4,5,2,3
chr15,53080001,53180000,3,4,2,5,7,1
chr15,53180001,53280000,0,1,5,7,4,1
chr15,53280001,53380000,1,4,3,9,4,0
chr15,53380001,53480000,3,3,1,4,2,2
chr15,53480001,53580000,2,2,1,8,8,0
chr15,53580001,53680000,6,2,3,3,6,3
chr15,53680001,53780000,0,6,0,9,1,3
chr15,53780001,53880000,2,2,2,2,2,3
chr15,53880001,53980000,2,0,2,7,4,1
chr15,53980001,54080000,4,4,1,7,4,1
chr15,54080001,54180000,2,4,0,8,2,1
chr15,54180001,54280000,1,4,3,9,7,1
chr15,54280001,54380000,3,2,4,12,0,1
chr15,54380001,54480000,1,7,4,8,2,1
chr15,54480001,54580000,2,6,1,12,2,1
chr15,54580001,54680000,7,4,1,15,0,3
chr15,54680001,54780000,7,4,5,7,2,2
chr15,54780001,54880000,2,3,2,12,2,1
chr15,54880001,54980000,0,4,2,9,4,1
chr15,54980001,55080000,3,5,6,9,4,4
chr15,55080001,55180000,1,3,4,9,2,0
chr15,55180001,55280000,1,1,4,7,1,3
chr15,55280001,55380000,2,2,2,7,4,0
chr15,55380001,55480000,1,6,3,6,1,0
chr15,55480001,55580000,4,1,2,2,0,1
chr15,55580001,55680000,2,1,1,2,4,1
chr15,55680001,55780000,5,3,1,3,0,1
chr15,55780001,55880000,0,0,1,2,3,2
chr15,55880001,55980000,2,2,4,4,2,0
chr15,55980001,56080000,3,3,2,5,0,1
chr15,56080001,56180000,4,2,3,0,3,2
chr15,56180001,56280000,3,1,2,2,2,1
chr15,56280001,56380000,0,1,2,2,1,1
chr15,56380001,56480000,2,2,0,1,3,0
chr15,56480001,56580000,3,2,1,2,2,0
chr15,56580001,56690000,0,0,1,3,4,2
chr15,56690001,56790000,2,0,1,1,3,0
chr15,56790001,56890000,2,4,1,1,9,3
chr15,56890001,56990000,1,0,2,2,1,2
chr15,56990001,57090000,4,1,3,2,3,0
chr15,57090001,57190000,2,3,2,2,0,1
chr15,57190001,57290000,1,2,2,1,1,2
chr15,57290001,57390000,2,0,3,4,2,2
chr15,57390001,57490000,3,1,0,1,3,1
chr15,57490001,57590000,7,0,2,3,2,0
chr15,57590001,57690000,0,2,2,2,0,3
chr15,57690001,57790000,0,0,4,1,1,2
chr15,57790001,57890000,1,2,0,1,4,2
chr15,57890001,57990000,0,6,1,4,1,0
chr15,57990001,58090000,1,3,0,0,2,1
chr15,58090001,58190000,1,2,4,2,3,1
chr15,58190001,58290000,1,4,2,4,1,1
chr15,58290001,58390000,3,4,4,6,3,1
chr15,58390001,58490000,4,3,0,1,2,1
chr15,58490001,58590000,1,0,3,3,3,0
chr15,58590001,58690000,1,1,1,2,0,0
chr15,58690001,58790000,1,3,0,1,2,1
chr15,58790001,58890000,6,1,1,0,2,2
chr15,58890001,58990000,2,0,2,3,3,1
chr15,58990001,59090000,6,2,0,1,2,4
chr15,59090001,59190000,1,2,2,0,2,0
chr15,59190001,59290000,2,1,4,2,0,0
chr15,59290001,59390000,0,2,4,10,0,1
chr15,59390001,59490000,5,0,1,1,2,0
chr15,59490001,59590000,2,0,0,3,2,0
chr15,59590001,59690000,2,3,0,0,1,1
chr15,59690001,59790000,5,3,1,2,4,0
chr15,59790001,59890000,2,6,1,0,4,0
chr15,59890001,59990000,2,0,2,1,2,1
chr15,59990001,60090000,1,2,4,3,3,0
chr15,60090001,60190000,6,2,0,1,2,1
chr15,60190001,60290000,4,0,2,3,3,3
chr15,60290001,60390000,3,4,2,7,3,1
chr15,60390001,60490000,1,1,4,7,2,0
chr15,60490001,60590000,4,1,5,5,3,0
chr15,60590001,60690000,4,1,3,1,1,0
chr15,60690001,60790000,2,1,2,5,1,1
chr15,60790001,60890000,1,1,1,5,1,0
chr15,60890001,60990000,3,1,3,2,0,1
chr15,60990001,61090000,5,3,1,3,0,1
chr15,61090001,61190000,1,3,4,6,2,0
chr15,61190001,61290000,4,5,1,6,1,0
chr15,61290001,61390000,4,2,1,2,3,1
chr15,61390001,61490000,0,2,5,5,2,0
chr15,61490001,61590000,3,3,3,3,2,2
chr15,61590001,61690000,2,2,3,6,4,2
chr15,61690001,61790000,4,2,1,6,0,1
chr15,61790001,61890000,4,1,3,8,0,1
chr15,61890001,61990000,3,3,2,3,1,3
chr15,61990001,62090000,0,3,1,5,8,0
chr15,62090001,62190000,3,4,4,3,2,0
chr15,62190001,62290000,4,0,1,5,3,2
chr15,62290001,62390000,3,1,2,3,4,1
chr15,62390001,62490000,4,2,1,0,2,2
chr15,62490001,62590000,1,2,0,0,2,0
chr15,62590001,62690000,1,1,1,1,0,1
chr15,62690001,62790000,1,1,2,1,1,0
chr15,62790001,62890000,2,6,3,1,0,1
chr15,62890001,62990000,1,5,0,2,0,0
chr15,62990001,63090000,2,4,0,2,2,0
chr15,63090001,63190000,2,2,0,1,1,1
chr15,63190001,63290000,2,1,3,0,1,0
chr15,63290001,63390000,2,3,2,4,1,1
chr15,63390001,63490000,2,1,2,2,1,0
chr15,63490001,63590000,2,0,3,1,1,1
chr15,63590001,63690000,2,1,3,2,2,2
chr15,63690001,63790000,1,0,1,1,0,1
chr15,63790001,63890000,6,2,2,1,3,0
chr15,63890001,63990000,3,0,3,2,0,1
chr15,63990001,64090000,0,0,0,2,3,1
chr15,64090001,64190000,2,5,3,5,0,0
chr15,64190001,64290000,1,1,3,2,0,0
chr15,64290001,64390000,3,4,2,3,1,1
chr15,64390001,64490000,6,2,0,0,1,1
chr15,64490001,64590000,3,1,0,4,2,1
chr15,64590001,64690000,3,2,0,2,1,0
chr15,64690001,64790000,6,1,4,3,4,1
chr15,64790001,64890000,2,0,3,1,3,0
chr15,64890001,64990000,2,0,0,6,0,1
chr15,64990001,65090000,2,0,2,1,1,0
chr15,65090001,65190000,0,1,1,2,1,1
chr15,65190001,65290000,1,2,4,0,1,0
chr15,65290001,65390000,1,0,2,3,1,0
chr15,65390001,65490000,4,2,0,3,2,2
chr15,65490001,65590000,2,1,3,0,3,0
chr15,65590001,65690000,0,3,1,5,2,0
chr15,65690001,65790000,0,2,1,3,3,0
chr15,65790001,65890000,3,3,2,1,1,0
chr15,65890001,65990000,0,3,2,2,0,0
chr15,65990001,66090000,2,0,2,5,2,0
chr15,66090001,66190000,4,4,1,2,1,0
chr15,66190001,66290000,0,1,1,4,1,0
chr15,66290001,66390000,1,1,1,3,1,1
chr15,66390001,66490000,2,3,0,7,0,0
chr15,66490001,66590000,3,1,1,6,0,0
chr15,66590001,66690000,0,2,1,3,2,1
chr15,66690001,66790000,3,1,0,1,0,0
chr15,66790001,66890000,2,0,1,2,1,0
chr15,66890001,66990000,3,3,2,0,1,1
chr15,66990001,67090000,2,1,0,2,1,0
chr15,67090001,67190000,3,2,0,3,1,0
chr15,67190001,67290000,1,2,0,1,0,1
chr15,67290001,67390000,3,7,0,2,0,2
chr15,67390001,67490000,2,0,1,5,3,3
chr15,67490001,67590000,1,1,5,2,1,1
chr15,67590001,67690000,4,3,3,3,2,1
chr15,67690001,67790000,0,0,1,1,1,1
chr15,67790001,67890000,2,1,2,3,3,1
chr15,67890001,67990000,2,1,4,1,0,0
chr15,67990001,68090000,1,1,2,1,2,1
chr15,68090001,68190000,3,1,0,2,1,2
chr15,68190001,68290000,3,0,1,5,1,0
chr15,68290001,68390000,4,2,0,0,2,0
chr15,68390001,68490000,3,2,3,4,0,1
chr15,68490001,68590000,1,1,3,4,1,2
chr15,68590001,68690000,1,0,0,4,0,0
chr15,68690001,68790000,2,0,2,4,1,3
chr15,68790001,68890000,2,4,1,1,2,2
chr15,68890001,68990000,4,4,1,2,2,1
chr15,68990001,69090000,3,1,2,2,4,0
chr15,69090001,69190000,1,0,3,2,0,0
chr15,69190001,69300000,0,1,2,1,1,1
chr15,69300001,69400000,0,1,2,1,2,0
chr15,69400001,69500000,1,2,3,4,1,0
chr15,69500001,69600000,3,3,0,2,1,1
chr15,69600001,69700000,1,1,1,1,0,1
chr15,69700001,69800000,2,4,0,5,0,1
chr15,69800001,69900000,0,2,1,2,1,0
chr15,69900001,70000000,4,1,5,1,0,3
chr15,70000001,70100000,0,1,1,1,2,0
chr15,70100001,70200000,1,1,0,3,1,1
chr15,70200001,70300000,5,3,4,3,1,1
chr15,70300001,70400000,2,1,2,0,0,3
chr15,70400001,70500000,0,3,1,0,2,0
chr15,70500001,70600000,1,1,2,2,2,2
chr15,70600001,70700000,3,2,1,1,2,0
chr15,70700001,70800000,4,3,3,5,0,0
chr15,70800001,70900000,3,2,0,2,0,1
chr15,70900001,71000000,6,4,2,2,1,0
chr15,71000001,71100000,4,2,2,0,2,0
chr15,71100001,71200000,4,1,2,2,2,0
chr15,71200001,71300000,3,2,1,6,4,1
chr15,71300001,71400000,2,0,1,4,1,0
chr15,71400001,71500000,2,2,1,3,3,0
chr15,71500001,71600000,6,0,1,0,0,1
chr15,71600001,71700000,3,1,0,4,1,1
chr15,71700001,71800000,3,1,0,1,1,0
chr15,71800001,71900000,3,2,0,1,2,0
chr15,71900001,72000000,3,1,0,2,2,0
chr15,72000001,72120000,4,1,1,1,3,0
chr15,72120001,72220000,5,0,0,2,4,1
chr15,72220001,72320000,1,1,1,2,2,0
chr15,72320001,72420000,4,3,0,4,1,1
chr15,72420001,72520000,1,3,0,4,0,0
chr15,72520001,72620000,1,3,0,2,4,1
chr15,72620001,72720000,2,3,1,3,3,3
chr15,72720001,72820000,2,1,0,2,4,0
chr15,72820001,72920000,1,0,0,3,0,1
chr15,72980001,73080000,2,3,2,2,0,0
chr15,73080001,73180000,5,3,1,5,2,0
chr15,73180001,73280000,1,2,4,5,1,0
chr15,73280001,73380000,5,2,1,3,3,2
chr15,73380001,73480000,0,3,1,6,1,0
chr15,73480001,73580000,2,2,2,2,2,1
chr15,73580001,73680000,2,2,2,2,0,0
chr15,73680001,73780000,3,0,2,4,3,2
chr15,73780001,73880000,1,1,0,2,2,1
chr15,73880001,73980000,1,5,1,1,0,1
chr15,73980001,74080000,0,2,0,1,1,1
chr15,74080001,74180000,3,2,2,3,2,1
chr15,74180001,74280000,3,3,2,2,0,0
chr15,74280001,74430000,1,2,1,5,1,0
chr15,74430001,74530000,4,3,0,3,2,3
chr15,74530001,74630000,0,1,2,2,1,0
chr15,74630001,74730000,4,1,0,3,1,0
chr15,74730001,74830000,2,0,0,5,1,1
chr15,74830001,74930000,4,3,2,2,0,2
chr15,74930001,75030000,5,1,0,5,4,3
chr15,75030001,75130000,3,1,1,4,0,2
chr15,75130001,75230000,1,2,0,5,0,0
chr15,75230001,75330000,1,5,0,0,0,1
chr15,75330001,75430000,0,2,1,2,3,0
chr15,75430001,75530000,2,3,2,3,0,0
chr15,75530001,75690000,3,1,0,1,0,0
chr15,75690001,75790000,4,0,2,2,6,0
chr15,75790001,75890000,0,2,1,2,2,1
chr15,75890001,75990000,3,1,0,1,1,0
chr15,75990001,76090000,1,2,1,2,0,0
chr15,76090001,76190000,2,1,2,3,0,0
chr15,76190001,76290000,2,3,3,4,1,0
chr15,76290001,76390000,4,0,1,7,2,0
chr15,76390001,76490000,2,2,0,1,1,0
chr15,76490001,76590000,4,2,1,4,2,1
chr15,76590001,76690000,2,2,1,1,2,0
chr15,76690001,76790000,3,1,0,1,1,1
chr15,76790001,76890000,3,1,0,2,3,1
chr15,76890001,76990000,6,5,1,1,4,0
chr15,76990001,77090000,4,1,2,3,2,0
chr15,77090001,77190000,1,2,0,3,1,1
chr15,77190001,77290000,0,1,0,0,1,1
chr15,77290001,77390000,4,1,1,1,1,3
chr15,77390001,77490000,2,0,3,3,0,0
chr15,77490001,77590000,0,1,2,4,0,3
chr15,77590001,77690000,1,3,4,1,1,1
chr15,77690001,77790000,2,4,1,5,1,1
chr15,77790001,77890000,1,2,1,3,4,2
chr15,77890001,77990000,0,5,0,1,3,3
chr15,78000001,78100000,2,2,3,3,0,2
chr15,78100001,78200000,2,3,0,1,1,1
chr15,78200001,78300000,3,1,0,0,1,2
chr15,78300001,78400000,2,1,0,1,2,2
chr15,78400001,78500000,1,1,0,3,2,0
chr15,78500001,78600000,1,4,0,2,2,0
chr15,78600001,78700000,2,4,0,1,1,0
chr15,78700001,78800000,1,4,1,2,5,0
chr15,78800001,78900000,2,3,1,0,2,0
chr15,78900001,79000000,3,2,0,1,2,0
chr15,79000001,79100000,2,1,1,0,0,0
chr15,79100001,79200000,1,2,1,1,0,0
chr15,79200001,79300000,0,3,2,1,2,1
chr15,79300001,79400000,3,1,1,0,0,0
chr15,79400001,79500000,2,7,4,5,2,1
chr15,79500001,79600000,1,3,2,2,1,0
chr15,79600001,79700000,2,6,0,1,2,1
chr15,79700001,79800000,1,1,1,3,2,1
chr15,79800001,79900000,1,3,2,3,2,0
chr15,79900001,80000000,2,5,2,6,2,0
chr15,80000001,80100000,3,2,2,6,2,2
chr15,80100001,80200000,1,2,2,4,2,1
chr15,80200001,80300000,1,1,1,4,1,2
chr15,80300001,80400000,0,3,1,3,3,1
chr15,80400001,80500000,0,0,4,0,1,2
chr15,80500001,80600000,5,1,5,3,0,0
chr15,80600001,80700000,1,3,2,5,1,2
chr15,80700001,80800000,0,2,2,1,0,0
chr15,80800001,80900000,2,4,1,0,1,1
chr15,80900001,81000000,5,4,4,4,1,0
chr15,81000001,81100000,4,2,1,2,1,1
chr15,81100001,81200000,1,1,0,1,6,0
chr15,81200001,81300000,1,2,1,1,0,1
chr15,81300001,81400000,4,4,1,2,1,1
chr15,81400001,81500000,0,3,1,4,1,0
chr15,81500001,81600000,3,2,3,6,2,2
chr15,81600001,81700000,0,2,2,1,0,2
chr15,81700001,81800000,2,2,3,7,2,1
chr15,81800001,81900000,3,4,2,8,2,0
chr15,81900001,82000000,2,2,2,7,2,0
chr15,82000001,82100000,7,3,2,3,0,0
chr15,82100001,82200000,5,2,3,5,1,0
chr15,82200001,82300000,2,6,0,4,3,1
chr15,82300001,82400000,0,3,1,4,2,0
chr15,82400001,82500000,3,2,0,0,4,1
chr15,82500001,83240000,1,1,1,3,1,1
chr15,83240001,83340000,1,2,3,6,0,1
chr15,83340001,83440000,2,1,1,7,1,1
chr15,83440001,83540000,2,0,2,8,4,1
chr15,83540001,83640000,0,3,0,2,1,1
chr15,83640001,83740000,1,1,0,4,2,1
chr15,83740001,83840000,6,3,4,3,2,1
chr15,83840001,83940000,9,1,2,10,0,0
chr15,83940001,84040000,6,0,1,11,2,2
chr15,84040001,84140000,3,4,0,2,2,0
chr15,84140001,84240000,2,1,3,6,1,2
chr15,84240001,84340000,2,2,5,7,1,0
chr15,84340001,84440000,4,4,6,10,4,1
chr15,84440001,84540000,4,2,4,11,1,0
chr15,84540001,84640000,3,4,3,6,2,1
chr15,84640001,84740000,2,5,2,5,0,1
chr15,84740001,85160000,1,2,2,4,2,1
chr15,85160001,85260000,6,3,1,1,2,0
chr15,85260001,85360000,2,0,1,1,0,2
chr15,85360001,85460000,1,2,0,2,2,2
chr15,85460001,85560000,4,4,1,4,0,1
chr15,85560001,85660000,1,0,2,2,1,1
chr15,85660001,85850000,4,1,0,1,4,0
chr15,85850001,85950000,3,2,1,3,3,0
chr15,85950001,86050000,2,0,0,0,1,1
chr15,86050001,86150000,0,1,3,3,3,0
chr15,86150001,86250000,1,2,1,0,2,1
chr15,86250001,86350000,0,0,1,1,0,1
chr15,86350001,86450000,2,4,3,4,2,0
chr15,86450001,86550000,7,1,5,3,1,0
chr15,86550001,86650000,3,4,3,3,2,3
chr15,86650001,86750000,5,6,1,3,5,0
chr15,86750001,86850000,0,7,1,3,1,1
chr15,86850001,86950000,3,7,5,6,3,1
chr15,86950001,87050000,2,6,1,8,3,0
chr15,87050001,87150000,4,1,2,11,1,0
chr15,87150001,87250000,8,7,4,5,7,2
chr15,87250001,87350000,2,4,2,12,2,2
chr15,87350001,87450000,3,9,4,11,2,0
chr15,87450001,87550000,1,2,2,5,4,2
chr15,87550001,87650000,6,9,3,8,0,1
chr15,87650001,87750000,5,5,0,8,5,1
chr15,87750001,87850000,1,13,8,12,3,3
chr15,87850001,87950000,0,6,3,14,3,4
chr15,87950001,88050000,5,5,3,10,3,2
chr15,88050001,88150000,2,2,4,11,7,1
chr15,88150001,88250000,5,6,2,5,5,1
chr15,88250001,88350000,2,7,2,12,1,3
chr15,88350001,88450000,4,4,1,8,4,1
chr15,88450001,88550000,4,11,2,3,1,0
chr15,88550001,88650000,4,6,1,7,3,0
chr15,88650001,88750000,4,10,1,4,2,1
chr15,88750001,88850000,3,1,2,4,4,1
chr15,88850001,88950000,1,7,1,7,3,0
chr15,88950001,89050000,3,3,0,4,1,0
chr15,89050001,89150000,1,4,0,3,0,1
chr15,89150001,89250000,4,4,2,1,3,0
chr15,89250001,89350000,5,2,1,4,2,0
chr15,89350001,89450000,2,5,3,3,1,1
chr15,89450001,89550000,3,2,2,4,2,3
chr15,89550001,89650000,2,0,1,5,0,0
chr15,89650001,89750000,4,2,0,2,0,2
chr15,89750001,89850000,2,1,0,1,0,2
chr15,89850001,89950000,3,3,2,5,0,1
chr15,89950001,90050000,5,3,2,3,2,0
chr15,90050001,90150000,3,3,1,1,1,0
chr15,90150001,90250000,3,2,1,1,1,0
chr15,90250001,90350000,5,2,1,2,2,0
chr15,90350001,90450000,2,1,1,2,2,1
chr15,90450001,90550000,2,3,0,3,1,1
chr15,90550001,90650000,2,4,3,1,1,0
chr15,90650001,90750000,3,0,1,0,0,0
chr15,90750001,90850000,5,1,2,1,3,1
chr15,90850001,90950000,3,3,1,2,1,1
chr15,90950001,91050000,5,1,0,2,3,0
chr15,91050001,91150000,1,1,0,1,1,0
chr15,91150001,91250000,2,2,0,0,0,0
chr15,91250001,91350000,3,0,1,1,1,1
chr15,91350001,91450000,4,1,0,1,1,0
chr15,91450001,91550000,4,1,2,2,0,0
chr15,91550001,91650000,2,1,0,5,1,0
chr15,91650001,91750000,2,3,1,6,2,2
chr15,91750001,91850000,2,3,3,4,0,2
chr15,91850001,91950000,2,3,2,4,1,0
chr15,91950001,92050000,2,0,2,3,2,4
chr15,92050001,92150000,3,1,1,3,2,0
chr15,92150001,92250000,0,2,1,3,0,1
chr15,92250001,92350000,2,4,0,9,1,0
chr15,92350001,92450000,2,1,2,6,1,0
chr15,92450001,92550000,2,3,0,1,1,0
chr15,92550001,92650000,1,3,1,1,3,0
chr15,92650001,92750000,2,1,1,2,0,1
chr15,92750001,92850000,5,2,3,3,3,0
chr15,92850001,92950000,2,3,3,3,2,1
chr15,92950001,93050000,1,1,1,9,2,0
chr15,93050001,93150000,2,2,0,1,3,2
chr15,93150001,93250000,2,0,1,0,0,0
chr15,93250001,93350000,2,0,2,0,2,0
chr15,93350001,93450000,7,6,3,2,2,5
chr15,93450001,93550000,8,2,3,1,2,2
chr15,93550001,93650000,5,0,1,3,3,0
chr15,93650001,93750000,5,3,4,5,1,1
chr15,93750001,93850000,4,1,0,4,0,2
chr15,93850001,93950000,3,2,2,5,0,0
chr15,93950001,94050000,5,2,0,3,1,2
chr15,94050001,94150000,6,2,4,7,1,1
chr15,94150001,94250000,2,4,1,4,3,4
chr15,94250001,94350000,1,0,3,7,4,3
chr15,94350001,94450000,8,2,2,8,0,1
chr15,94450001,94550000,7,1,2,14,2,1
chr15,94550001,94650000,3,1,2,7,3,0
chr15,94650001,94750000,1,1,3,2,2,0
chr15,94750001,94850000,3,5,3,3,3,3
chr15,94850001,94950000,5,6,2,4,1,3
chr15,94950001,95050000,3,3,3,7,0,2
chr15,95050001,95150000,3,4,3,5,3,2
chr15,95150001,95250000,2,4,1,11,1,0
chr15,95250001,95350000,4,3,1,10,2,1
chr15,95350001,95450000,5,4,3,4,0,2
chr15,95450001,95550000,4,5,1,9,1,2
chr15,95550001,95650000,5,9,3,6,11,3
chr15,95650001,95750000,7,1,4,13,4,1
chr15,95750001,95850000,3,6,4,3,2,0
chr15,95850001,95950000,1,1,2,6,3,3
chr15,95950001,96050000,0,2,5,9,3,0
chr15,96050001,96150000,2,2,1,10,2,0
chr15,96150001,96250000,3,1,0,5,3,0
chr15,96250001,96350000,3,0,5,10,2,0
chr15,96350001,96450000,5,2,1,5,1,2
chr15,96450001,96550000,8,6,3,9,4,1
chr15,96550001,96650000,1,1,1,8,2,0
chr15,96650001,96750000,6,5,2,4,1,0
chr15,96750001,96850000,5,2,4,7,4,2
chr15,96850001,96950000,4,2,4,7,1,1
chr15,96950001,97050000,3,3,2,6,2,0
chr15,97050001,97150000,1,6,6,11,4,2
chr15,97150001,97250000,5,8,4,3,1,2
chr15,97250001,97350000,6,5,2,14,2,0
chr15,97350001,97450000,5,4,2,10,3,1
chr15,97450001,97550000,10,7,4,11,1,1
chr15,97550001,97650000,6,3,3,10,4,2
chr15,97650001,97750000,7,5,2,8,1,1
chr15,97750001,97850000,3,2,3,8,0,2
chr15,97850001,97950000,4,5,3,13,3,2
chr15,97950001,98050000,8,4,1,2,5,3
chr15,98050001,98150000,10,4,1,12,6,4
chr15,98150001,98250000,3,5,0,10,2,2
chr15,98250001,98350000,5,3,2,8,10,1
chr15,98350001,98450000,2,3,1,8,2,1
chr15,98450001,98550000,2,4,2,4,3,0
chr15,98550001,98650000,5,4,1,1,4,2
chr15,98650001,98750000,3,10,0,5,2,2
chr15,98750001,98850000,6,2,3,8,4,1
chr15,98850001,98950000,6,2,1,4,3,3
chr15,98950001,99050000,3,4,1,10,3,0
chr15,99050001,99150000,2,1,2,3,2,2
chr15,99150001,99250000,7,3,0,4,2,3
chr15,99250001,99350000,4,3,1,4,3,0
chr15,99350001,99450000,7,5,3,1,4,0
chr15,99450001,99550000,3,3,1,2,0,0
chr15,99550001,99650000,3,2,4,6,3,1
chr15,99650001,99750000,2,2,1,3,0,0
chr15,99750001,99850000,4,0,1,3,1,0
chr15,99850001,99950000,2,0,2,2,1,0
chr15,99950001,100050000,5,1,1,1,3,1
chr15,100050001,100150000,5,6,0,8,2,1
chr15,100150001,100250000,3,0,1,1,3,1
chr15,100250001,100350000,4,6,1,3,4,0
chr15,100350001,100450000,0,4,3,6,1,2
chr15,100450001,100550000,3,4,0,5,3,2
chr15,100550001,100650000,0,1,1,6,0,1
chr15,100650001,100750000,3,2,0,3,1,0
chr15,100750001,100850000,6,2,2,3,1,1
chr15,100850001,100950000,2,1,6,6,0,0
chr15,100950001,101050000,4,1,5,6,1,0
chr15,101050001,101150000,3,1,3,0,1,0
chr15,101150001,101250000,2,0,3,0,1,0
chr15,101250001,101350000,1,3,2,5,4,0
chr15,101350001,101450000,2,1,4,5,2,3
chr15,101450001,101550000,1,0,1,3,3,1
chr15,101550001,101650000,1,3,0,1,1,1
chr15,101650001,101750000,2,0,1,0,0,0
chr15,101750001,101850000,3,3,1,2,1,2
chr15,101850001,101950000,0,1,1,1,0,1
chr15,101950001,102050000,2,1,5,0,1,1
chr15,102050001,102150000,2,4,1,0,6,1
chr15,102150001,102250000,5,1,0,2,1,1
chr15,102250001,102380000,4,2,4,3,1,0
chr16,1,100000,0,0,0,1,0,0
chr16,100001,200000,2,2,1,2,0,1
chr16,200001,300000,3,1,0,0,0,0
chr16,300001,400000,2,0,1,2,0,0
chr16,400001,500000,4,0,1,2,1,0
chr16,500001,600000,2,2,1,4,1,1
chr16,600001,700000,0,2,1,4,0,1
chr16,700001,800000,4,1,1,1,1,2
chr16,800001,900000,4,2,2,1,2,0
chr16,900001,1000000,1,1,0,1,2,1
chr16,1000001,1100000,2,1,0,1,0,1
chr16,1100001,1200000,3,0,0,3,1,0
chr16,1200001,1300000,0,4,0,2,1,0
chr16,1300001,1400000,0,1,2,3,2,1
chr16,1400001,1500000,3,0,1,1,0,2
chr16,1500001,1600000,0,4,0,2,0,1
chr16,1600001,1700000,2,2,3,1,2,2
chr16,1700001,1800000,3,0,0,2,3,1
chr16,1800001,1900000,3,0,2,1,1,2
chr16,1900001,2000000,2,1,1,2,1,0
chr16,2000001,2100000,3,3,1,1,0,1
chr16,2100001,2200000,3,1,1,2,1,0
chr16,2200001,2300000,4,3,1,1,1,0
chr16,2300001,2400000,7,7,2,3,1,3
chr16,2400001,2500000,5,1,3,2,1,0
chr16,2500001,2600000,2,3,2,0,3,2
chr16,2600001,2700000,2,1,0,0,0,0
chr16,2700001,2800000,3,1,2,4,0,0
chr16,2800001,2900000,5,2,0,0,1,0
chr16,2900001,3000000,2,4,2,1,1,0
chr16,3000001,3100000,4,2,2,4,2,0
chr16,3100001,3200000,1,6,1,1,0,0
chr16,3200001,3300000,1,5,0,5,2,0
chr16,3300001,3400000,2,3,2,2,4,2
chr16,3400001,3500000,5,2,3,0,1,1
chr16,3500001,3600000,3,4,2,4,1,1
chr16,3600001,3700000,3,1,0,2,0,0
chr16,3700001,3800000,2,4,3,1,1,1
chr16,3800001,3900000,5,3,3,3,1,0
chr16,3900001,4000000,6,3,0,2,2,0
chr16,4000001,4100000,0,2,0,1,0,0
chr16,4100001,4200000,1,0,0,0,1,2
chr16,4200001,4300000,2,3,1,2,2,0
chr16,4300001,4400000,2,1,2,4,1,0
chr16,4400001,4500000,1,1,0,4,0,0
chr16,4500001,4600000,0,0,2,0,1,1
chr16,4600001,4700000,1,0,0,4,1,1
chr16,4700001,4800000,4,1,1,3,3,1
chr16,4800001,4900000,4,1,3,2,3,0
chr16,4900001,5000000,2,0,1,3,0,0
chr16,5000001,5100000,2,4,3,2,1,1
chr16,5100001,5200000,2,3,3,2,1,2
chr16,5200001,5300000,1,3,2,3,5,2
chr16,5300001,5400000,4,4,0,13,1,0
chr16,5400001,5500000,3,1,0,3,1,1
chr16,5500001,5600000,6,2,2,1,1,1
chr16,5600001,5700000,6,4,2,2,3,1
chr16,5700001,5800000,2,6,2,4,1,2
chr16,5800001,5900000,6,2,0,5,0,0
chr16,5900001,6000000,5,4,1,7,4,0
chr16,6000001,6100000,1,3,4,7,2,2
chr16,6100001,6200000,9,3,2,6,2,0
chr16,6200001,6300000,9,6,5,4,1,1
chr16,6300001,6400000,4,5,0,10,2,1
chr16,6400001,6500000,4,4,1,7,2,1
chr16,6500001,6600000,7,2,2,12,4,0
chr16,6600001,6700000,4,5,4,5,1,1
chr16,6700001,6800000,3,2,4,15,3,3
chr16,6800001,6900000,3,8,5,11,2,3
chr16,6900001,7000000,4,5,2,7,1,4
chr16,7000001,7100000,4,7,2,11,5,0
chr16,7100001,7200000,5,7,2,9,3,5
chr16,7200001,7300000,2,5,2,9,2,2
chr16,7300001,7400000,8,5,2,6,1,2
chr16,7400001,7500000,1,6,1,13,4,0
chr16,7500001,7600000,3,4,1,4,4,1
chr16,7600001,7700000,6,5,2,8,3,0
chr16,7700001,7800000,6,5,4,7,2,0
chr16,7800001,7900000,2,3,4,8,1,7
chr16,7900001,8000000,6,6,6,8,5,0
chr16,8000001,8100000,4,4,3,7,5,3
chr16,8100001,8200000,6,6,5,10,6,0
chr16,8200001,8300000,4,8,5,13,4,3
chr16,8300001,8400000,2,2,3,3,4,1
chr16,8400001,8500000,3,4,3,8,5,1
chr16,8500001,8600000,1,2,3,2,5,2
chr16,8600001,8700000,3,3,1,3,1,0
chr16,8700001,8800000,2,2,0,6,1,1
chr16,8800001,8900000,5,2,0,1,3,1
chr16,8900001,9000000,1,0,1,1,3,1
chr16,9000001,9100000,3,0,1,3,0,2
chr16,9100001,9200000,2,1,1,3,5,1
chr16,9200001,9300000,1,0,2,2,1,0
chr16,9300001,9400000,2,2,2,2,3,1
chr16,9400001,9500000,2,2,3,7,0,1
chr16,9500001,9600000,3,2,2,2,1,0
chr16,9600001,9700000,1,3,1,6,1,0
chr16,9700001,9800000,1,5,1,2,4,1
chr16,9800001,9900000,5,3,3,6,4,0
chr16,9900001,10000000,1,3,1,3,1,3
chr16,10000001,10100000,5,2,3,10,7,1
chr16,10100001,10200000,4,6,2,7,3,0
chr16,10200001,10300000,5,4,3,1,2,3
chr16,10300001,10400000,1,2,1,6,6,1
chr16,10400001,10500000,0,3,2,4,4,0
chr16,10500001,10600000,3,1,2,1,2,1
chr16,10600001,10700000,0,1,3,3,0,1
chr16,10700001,10800000,1,1,0,3,0,0
chr16,10800001,10900000,2,1,1,1,2,0
chr16,10900001,11000000,0,1,5,4,0,1
chr16,11000001,11100000,1,1,1,1,2,0
chr16,11100001,11200000,5,4,1,2,0,0
chr16,11200001,11300000,2,0,1,0,0,1
chr16,11300001,11400000,1,1,2,0,4,0
chr16,11400001,11500000,3,0,1,1,0,3
chr16,11500001,11600000,3,2,2,0,0,0
chr16,11600001,11700000,5,1,0,2,1,0
chr16,11700001,11800000,0,0,1,2,1,0
chr16,11800001,11900000,3,3,2,4,0,1
chr16,11900001,12000000,7,1,0,3,0,0
chr16,12000001,12100000,1,1,0,3,1,1
chr16,12100001,12200000,1,2,0,1,3,0
chr16,12200001,12300000,1,2,1,1,0,0
chr16,12300001,12400000,3,2,0,0,2,1
chr16,12400001,12500000,4,1,1,1,1,0
chr16,12500001,12600000,2,0,0,3,1,0
chr16,12600001,12700000,4,0,1,0,0,0
chr16,12700001,12800000,3,1,1,3,2,0
chr16,12800001,12900000,1,1,2,4,0,0
chr16,12900001,13000000,6,7,0,5,2,0
chr16,13000001,13100000,4,2,1,4,0,1
chr16,13100001,13200000,8,5,1,3,2,2
chr16,13200001,13300000,1,6,1,9,3,2
chr16,13300001,13400000,4,4,2,9,3,1
chr16,13400001,13500000,6,10,0,9,2,0
chr16,13500001,13600000,11,3,0,5,7,0
chr16,13600001,13700000,6,3,4,7,2,3
chr16,13700001,13800000,3,4,4,8,0,1
chr16,13800001,13900000,4,2,1,10,2,5
chr16,13900001,14000000,1,0,1,4,0,0
chr16,14000001,14100000,3,2,3,0,1,0
chr16,14100001,14200000,6,0,0,3,1,0
chr16,14200001,14300000,3,2,0,2,1,1
chr16,14300001,14400000,1,4,0,1,0,0
chr16,14400001,14500000,3,4,1,1,0,4
chr16,14500001,14600000,4,1,0,4,0,0
chr16,14600001,14700000,1,2,1,4,3,0
chr16,14700001,14800000,4,2,4,1,2,1
chr16,14800001,14900000,0,4,0,2,0,0
chr16,14900001,15000000,3,2,0,1,3,0
chr16,15000001,15100000,2,0,0,6,1,1
chr16,15100001,15200000,4,4,1,0,1,1
chr16,15200001,15300000,2,1,0,3,2,0
chr16,15300001,15400000,1,0,1,2,0,0
chr16,15400001,15500000,1,2,3,3,0,0
chr16,15500001,15600000,0,2,0,5,3,1
chr16,15600001,15700000,2,1,1,3,2,1
chr16,15700001,15800000,0,3,1,2,5,0
chr16,15800001,15900000,2,1,1,2,0,1
chr16,15900001,16000000,1,3,2,4,1,3
chr16,16000001,16100000,1,2,0,4,5,0
chr16,16100001,16200000,1,1,1,5,1,1
chr16,16200001,16300000,4,1,1,2,0,0
chr16,16300001,16400000,1,0,0,0,0,0
chr16,16400001,16500000,0,0,0,0,0,0
chr16,16500001,16600000,0,2,0,4,0,0
chr16,16600001,16700000,1,3,1,1,0,0
chr16,16700001,16800000,0,3,0,1,1,0
chr16,16800001,16900000,2,0,1,3,2,0
chr16,16900001,17000000,2,4,3,5,1,1
chr16,17000001,17100000,8,4,4,1,1,1
chr16,17100001,17200000,6,4,1,4,2,0
chr16,17200001,17300000,4,4,0,1,0,0
chr16,17300001,17400000,1,2,2,1,3,1
chr16,17400001,17500000,5,2,1,1,1,3
chr16,17500001,17600000,2,5,3,1,1,2
chr16,17600001,17700000,4,5,3,7,0,1
chr16,17700001,17800000,4,4,4,7,6,1
chr16,17800001,17900000,4,5,2,4,3,2
chr16,17900001,18000000,1,4,5,4,5,0
chr16,18000001,18100000,1,3,5,5,2,0
chr16,18100001,18200000,3,3,0,7,3,0
chr16,18200001,18300000,4,2,2,5,0,0
chr16,18300001,18400000,1,2,0,2,2,1
chr16,18400001,18500000,1,0,0,0,0,1
chr16,18500001,18600000,0,0,0,1,0,1
chr16,18600001,18700000,3,0,0,4,1,0
chr16,18700001,18800000,1,0,2,3,0,1
chr16,18800001,18900000,7,3,1,2,2,1
chr16,18900001,19000000,3,2,1,2,2,2
chr16,19000001,19100000,2,1,0,2,0,1
chr16,19100001,19200000,1,2,2,1,2,1
chr16,19200001,19300000,3,0,0,2,1,0
chr16,19300001,19400000,7,3,0,4,4,0
chr16,19400001,19500000,0,1,1,5,5,0
chr16,19500001,19600000,2,0,2,3,4,4
chr16,19600001,19700000,0,0,1,4,0,1
chr16,19700001,19800000,3,3,0,1,1,2
chr16,19800001,19900000,3,3,1,0,1,1
chr16,19900001,20000000,1,6,1,5,4,0
chr16,20000001,20100000,3,7,1,5,3,0
chr16,20100001,20200000,3,6,1,4,0,1
chr16,20200001,20300000,3,3,4,3,4,0
chr16,20300001,20400000,4,2,2,5,2,0
chr16,20400001,20500000,1,3,4,2,1,2
chr16,20500001,20600000,3,8,1,4,1,0
chr16,20600001,20700000,5,3,3,3,2,3
chr16,20700001,20800000,2,1,1,3,0,2
chr16,20800001,20900000,0,1,0,6,2,1
chr16,20900001,21000000,3,2,2,4,0,0
chr16,21000001,21100000,2,4,1,2,2,2
chr16,21100001,21200000,4,1,2,2,4,0
chr16,21200001,21300000,1,4,1,1,0,1
chr16,21300001,21400000,2,5,3,1,3,0
chr16,21400001,21500000,0,0,0,0,0,0
chr16,21500001,21600000,5,5,2,3,2,2
chr16,21600001,21700000,3,2,4,1,3,2
chr16,21700001,21800000,3,1,2,4,1,1
chr16,21800001,21900000,1,0,0,0,1,0
chr16,21900001,22000000,2,1,1,1,1,0
chr16,22000001,22100000,2,0,1,2,3,0
chr16,22100001,22200000,1,1,4,2,1,2
chr16,22200001,22300000,1,2,0,3,0,1
chr16,22300001,22400000,4,0,1,1,4,2
chr16,22400001,22500000,4,0,1,2,0,0
chr16,22500001,22600000,0,1,0,4,2,0
chr16,22600001,22700000,3,1,1,3,3,0
chr16,22700001,22800000,4,9,4,15,3,1
chr16,22800001,22900000,3,4,2,6,2,1
chr16,22900001,23000000,0,5,5,8,4,0
chr16,23000001,23100000,3,2,0,3,1,0
chr16,23100001,23200000,2,2,1,4,3,1
chr16,23200001,23300000,2,2,0,6,3,0
chr16,23300001,23400000,2,2,2,1,1,1
chr16,23400001,23500000,5,0,2,0,3,1
chr16,23500001,23600000,4,0,0,3,2,2
chr16,23600001,23700000,2,0,1,3,2,0
chr16,23700001,23800000,6,0,2,4,2,0
chr16,23800001,23900000,0,1,2,3,4,2
chr16,23900001,24000000,3,4,2,4,1,0
chr16,24000001,24100000,3,4,1,5,1,1
chr16,24100001,24200000,3,3,4,6,0,0
chr16,24200001,24300000,6,6,2,6,4,1
chr16,24300001,24400000,5,4,3,8,2,2
chr16,24400001,24500000,5,5,1,7,4,4
chr16,24500001,24600000,1,4,0,4,6,0
chr16,24600001,24700000,2,2,6,4,1,1
chr16,24700001,24800000,4,3,5,4,4,1
chr16,24800001,24900000,3,2,1,5,2,0
chr16,24900001,25000000,2,3,1,2,0,0
chr16,25000001,25100000,0,3,1,5,1,0
chr16,25100001,25200000,4,0,1,2,0,1
chr16,25200001,25300000,1,4,2,2,1,1
chr16,25300001,25400000,2,7,0,10,4,1
chr16,25400001,25500000,4,7,0,7,5,0
chr16,25500001,25600000,2,9,1,7,0,0
chr16,25600001,25700000,4,3,4,9,5,0
chr16,25700001,25800000,8,2,3,5,0,1
chr16,25800001,25900000,4,7,5,8,1,2
chr16,25900001,26000000,2,12,1,1,3,1
chr16,26000001,26100000,4,3,2,18,2,1
chr16,26100001,26200000,3,7,2,11,2,5
chr16,26200001,26300000,3,8,4,9,3,1
chr16,26300001,26400000,2,8,2,6,1,2
chr16,26400001,26500000,3,6,3,10,3,1
chr16,26500001,26600000,5,9,1,8,4,0
chr16,26600001,26700000,6,5,3,8,0,2
chr16,26700001,26800000,6,9,4,3,2,2
chr16,26800001,26900000,8,9,1,7,0,2
chr16,26900001,27000000,5,9,3,8,2,1
chr16,27000001,27100000,4,3,1,3,2,0
chr16,27100001,27200000,8,4,1,8,1,2
chr16,27200001,27300000,1,1,0,3,0,1
chr16,27300001,27400000,2,2,2,0,0,1
chr16,27400001,27500000,3,5,0,4,1,2
chr16,27500001,27600000,3,0,2,3,5,3
chr16,27600001,27700000,3,0,0,2,2,0
chr16,27700001,27800000,0,3,3,4,1,1
chr16,27800001,27900000,0,2,0,2,1,0
chr16,27900001,28000000,2,1,0,5,3,1
chr16,28000001,28100000,4,1,4,7,0,0
chr16,28100001,28200000,1,1,2,1,2,0
chr16,28200001,28300000,3,0,1,4,1,0
chr16,28300001,28400000,0,1,3,1,0,0
chr16,28400001,28500000,1,0,0,0,2,1
chr16,28500001,28600000,3,1,1,2,2,0
chr16,28600001,28700000,2,1,0,3,1,0
chr16,28700001,28800000,0,1,0,0,0,1
chr16,28800001,28900000,2,2,2,0,0,1
chr16,28900001,29000000,4,1,1,2,1,0
chr16,29000001,29100000,4,0,0,6,0,0
chr16,29100001,29200000,2,2,3,2,3,0
chr16,29200001,29300000,1,0,0,2,2,0
chr16,29300001,29400000,2,3,0,2,3,1
chr16,29400001,29500000,2,1,1,0,0,0
chr16,29500001,29600000,0,1,0,2,0,2
chr16,29600001,29700000,4,3,0,1,3,1
chr16,29700001,29800000,0,0,2,2,1,1
chr16,29800001,29900000,0,2,1,0,0,1
chr16,29900001,30000000,0,0,0,1,0,2
chr16,30000001,30100000,6,2,1,1,1,0
chr16,30100001,30200000,3,0,2,1,1,0
chr16,30200001,30300000,1,0,0,0,0,0
chr16,30300001,30400000,1,1,0,1,1,1
chr16,30400001,30500000,2,5,2,4,0,1
chr16,30500001,30600000,1,6,2,2,3,1
chr16,30600001,30700000,2,2,2,1,2,0
chr16,30700001,30800000,8,0,1,0,0,0
chr16,30800001,30900000,3,1,1,3,4,1
chr16,30900001,31000000,3,1,0,1,1,0
chr16,31000001,31100000,1,1,0,0,1,1
chr16,31100001,31200000,4,2,0,0,0,1
chr16,31200001,31300000,4,3,4,3,1,3
chr16,31300001,31400000,2,4,3,5,4,3
chr16,31400001,31500000,1,4,1,5,1,1
chr16,31500001,31600000,3,2,3,2,1,0
chr16,31600001,31700000,5,8,3,6,2,0
chr16,31700001,31800000,3,2,2,5,3,0
chr16,31800001,31900000,1,8,6,8,6,0
chr16,31900001,32000000,4,1,1,4,5,1
chr16,32000001,32100000,3,3,5,4,4,0
chr16,32100001,32200000,2,5,2,3,2,1
chr16,32200001,32300000,5,6,0,5,2,0
chr16,32300001,32400000,8,10,3,2,4,3
chr16,32400001,32500000,1,13,5,8,2,3
chr16,32500001,32600000,5,18,6,12,3,1
chr16,32600001,32700000,3,11,2,7,4,0
chr16,32700001,32800000,0,0,0,0,0,0
chr16,32800001,32900000,2,5,3,9,5,1
chr16,32900001,33510000,4,8,1,7,7,0
chr16,33510001,33610000,10,9,3,13,4,2
chr16,33610001,33710000,3,9,0,7,4,0
chr16,33710001,34290000,7,10,6,9,6,0
chr16,34290001,34390000,10,15,3,10,2,2
chr16,34390001,34490000,11,11,4,10,1,1
chr16,34490001,34590000,4,10,5,7,5,3
chr16,34590001,34690000,6,9,3,3,1,0
chr16,34690001,34790000,9,12,4,11,1,1
chr16,34790001,34890000,3,16,2,8,3,0
chr16,34890001,34990000,4,5,6,8,3,1
chr16,34990001,35090000,5,7,5,8,5,2
chr16,35090001,35190000,6,11,3,12,3,0
chr16,46510001,46610000,2,14,3,8,6,2
chr16,46610001,46710000,1,1,2,0,5,3
chr16,46710001,46810000,2,5,0,4,3,0
chr16,46810001,46910000,0,4,2,2,2,0
chr16,46910001,47010000,3,2,2,0,3,0
chr16,47010001,47110000,2,1,0,1,1,1
chr16,47110001,47210000,3,4,7,5,2,3
chr16,47210001,47310000,1,4,0,1,1,1
chr16,47310001,47410000,2,2,1,1,6,0
chr16,47410001,47510000,0,1,1,6,4,0
chr16,47510001,47610000,3,0,6,5,4,0
chr16,47610001,47710000,2,6,2,3,1,1
chr16,47710001,47810000,3,2,2,3,2,1
chr16,47810001,47910000,6,3,7,3,1,2
chr16,47910001,48010000,4,6,1,8,5,0
chr16,48010001,48110000,3,2,2,8,1,1
chr16,48110001,48210000,1,1,1,0,1,3
chr16,48210001,48310000,3,2,1,6,0,1
chr16,48310001,48410000,1,2,1,2,2,2
chr16,48410001,48510000,1,2,6,0,4,3
chr16,48510001,48610000,0,3,4,2,2,0
chr16,48610001,48710000,3,1,0,2,3,0
chr16,48710001,48810000,3,4,2,6,3,1
chr16,48810001,48910000,5,4,1,4,0,1
chr16,48910001,49010000,2,6,2,6,4,0
chr16,49010001,49110000,0,3,4,9,0,1
chr16,49110001,49210000,1,6,3,7,5,0
chr16,49210001,49310000,1,4,2,5,6,1
chr16,49310001,49410000,1,9,4,9,3,2
chr16,49410001,49510000,2,5,2,5,3,0
chr16,49510001,49610000,2,1,2,7,2,0
chr16,49610001,49710000,5,3,3,4,1,1
chr16,49710001,49810000,2,1,0,3,2,0
chr16,49810001,49910000,2,0,2,6,3,2
chr16,49910001,50010000,2,0,1,3,2,1
chr16,50010001,50110000,2,3,1,3,1,0
chr16,50110001,50210000,2,1,0,3,1,0
chr16,50210001,50310000,1,3,2,4,1,1
chr16,50310001,50410000,1,1,1,2,3,3
chr16,50410001,50510000,0,5,1,8,1,0
chr16,50510001,50610000,3,1,1,4,3,1
chr16,50610001,50710000,4,3,1,1,4,0
chr16,50710001,50810000,2,0,1,2,1,2
chr16,50810001,50910000,1,3,4,3,5,0
chr16,50910001,51010000,4,4,2,3,1,1
chr16,51010001,51110000,2,4,2,5,3,1
chr16,51110001,51210000,7,5,1,5,2,0
chr16,51210001,51310000,0,4,4,6,3,0
chr16,51310001,51410000,4,6,3,9,3,0
chr16,51410001,51510000,2,4,6,8,3,0
chr16,51510001,51610000,6,2,4,7,1,1
chr16,51610001,51710000,5,6,5,3,2,1
chr16,51710001,51810000,4,3,3,7,3,1
chr16,51810001,51910000,3,2,3,3,4,2
chr16,51910001,52010000,1,1,4,5,1,1
chr16,52010001,52110000,1,4,4,3,1,2
chr16,52110001,52210000,1,0,1,1,1,0
chr16,52210001,52310000,0,4,1,1,5,2
chr16,52310001,52410000,1,4,5,3,2,0
chr16,52410001,52510000,4,6,2,4,3,0
chr16,52510001,52610000,4,4,3,2,2,3
chr16,52610001,52710000,3,5,1,2,1,0
chr16,52710001,52810000,1,3,1,3,0,1
chr16,52810001,52910000,2,3,0,0,3,1
chr16,52910001,53010000,2,3,2,2,2,0
chr16,53010001,53110000,5,4,0,2,3,0
chr16,53110001,53210000,3,0,2,3,3,0
chr16,53210001,53310000,2,2,3,3,1,0
chr16,53310001,53410000,4,1,1,2,7,0
chr16,53410001,53510000,1,1,1,1,4,0
chr16,53510001,53610000,1,2,1,3,2,0
chr16,53610001,53710000,0,2,4,6,3,1
chr16,53710001,53810000,4,3,4,5,0,0
chr16,53810001,53910000,3,1,1,2,4,0
chr16,53910001,54010000,5,2,0,3,2,0
chr16,54010001,54110000,5,1,0,0,2,0
chr16,54110001,54210000,2,4,3,2,0,0
chr16,54210001,54310000,3,1,1,0,0,2
chr16,54310001,54410000,3,3,2,4,1,1
chr16,54410001,54510000,0,0,0,9,2,0
chr16,54510001,54610000,2,4,3,3,3,0
chr16,54610001,54710000,6,4,0,7,1,2
chr16,54710001,54810000,1,2,3,7,0,0
chr16,54810001,54910000,5,1,2,2,2,0
chr16,54910001,55010000,5,4,2,5,1,1
chr16,55010001,55110000,1,2,4,7,1,0
chr16,55110001,55210000,2,3,2,6,1,1
chr16,55210001,55310000,2,2,4,6,1,1
chr16,55310001,55410000,2,3,6,1,2,1
chr16,55410001,55510000,0,2,0,5,1,1
chr16,55510001,55610000,1,0,1,3,5,0
chr16,55610001,55710000,7,2,2,4,2,0
chr16,55710001,55810000,2,4,0,1,1,0
chr16,55810001,55910000,2,4,1,4,2,0
chr16,55910001,56010000,2,3,4,5,2,1
chr16,56010001,56110000,3,6,2,7,6,1
chr16,56110001,56210000,1,4,5,5,4,0
chr16,56210001,56310000,7,4,0,4,2,0
chr16,56310001,56410000,2,4,0,2,0,2
chr16,56410001,56510000,6,3,0,0,0,0
chr16,56510001,56610000,2,4,0,2,1,0
chr16,56610001,56710000,1,3,0,1,1,0
chr16,56710001,56810000,1,2,2,1,1,0
chr16,56810001,56910000,1,2,1,1,1,0
chr16,56910001,57010000,3,1,1,1,2,2
chr16,57010001,57110000,2,4,2,1,3,0
chr16,57110001,57210000,0,2,0,1,0,0
chr16,57210001,57310000,0,1,1,0,2,1
chr16,57310001,57410000,3,1,3,0,1,0
chr16,57410001,57510000,1,2,1,3,2,0
chr16,57510001,57610000,1,2,1,1,2,2
chr16,57610001,57710000,3,1,1,2,2,2
chr16,57710001,57810000,0,1,1,1,1,0
chr16,57810001,57910000,1,1,1,4,1,0
chr16,57910001,58010000,3,5,1,2,2,0
chr16,58010001,58110000,4,1,2,3,1,0
chr16,58110001,58210000,6,3,3,2,0,0
chr16,58210001,58310000,6,1,1,6,2,1
chr16,58310001,58410000,1,3,2,7,0,1
chr16,58410001,58510000,1,5,2,3,0,0
chr16,58510001,58610000,2,1,2,4,2,0
chr16,58610001,58710000,2,5,0,6,1,0
chr16,58710001,58810000,4,0,0,2,1,0
chr16,58810001,58910000,2,4,5,5,1,0
chr16,58910001,59010000,3,5,3,9,0,0
chr16,59010001,59110000,0,5,3,11,6,0
chr16,59110001,59210000,2,3,6,11,3,0
chr16,59210001,59310000,7,7,7,5,4,0
chr16,59310001,59410000,1,5,2,7,2,3
chr16,59410001,59510000,2,8,7,7,6,2
chr16,59510001,59610000,4,5,3,12,0,0
chr16,59610001,59710000,2,10,3,11,3,2
chr16,59710001,59810000,1,10,8,7,4,0
chr16,59810001,59910000,6,5,1,6,4,2
chr16,59910001,60010000,3,6,16,8,10,1
chr16,60010001,60110000,4,10,10,6,3,1
chr16,60110001,60210000,4,10,9,8,5,2
chr16,60210001,60310000,9,12,7,7,3,0
chr16,60310001,60410000,3,6,1,11,5,1
chr16,60410001,60510000,2,6,9,11,8,1
chr16,60510001,60610000,4,12,9,17,0,1
chr16,60610001,60710000,2,12,10,13,4,3
chr16,60710001,60810000,2,8,6,12,3,0
chr16,60810001,60910000,5,13,4,17,1,3
chr16,60910001,61010000,5,11,13,15,8,1
chr16,61010001,61110000,8,10,5,10,4,3
chr16,61110001,61210000,3,11,7,12,1,3
chr16,61210001,61310000,7,11,6,15,1,1
chr16,61310001,61410000,6,14,6,13,3,3
chr16,61410001,61510000,7,5,3,12,3,1
chr16,61510001,61610000,8,7,12,13,3,0
chr16,61610001,61710000,9,12,6,8,0,0
chr16,61710001,61810000,8,9,9,14,4,1
chr16,61810001,61910000,2,9,7,17,1,5
chr16,61910001,62010000,10,9,5,11,3,2
chr16,62010001,62110000,2,7,3,15,1,2
chr16,62110001,62210000,0,3,8,11,5,1
chr16,62210001,62310000,7,4,7,6,3,1
chr16,62310001,62410000,5,8,8,16,2,1
chr16,62410001,62510000,2,18,6,12,5,0
chr16,62510001,62610000,5,11,8,18,3,2
chr16,62610001,62710000,5,11,10,12,3,3
chr16,62710001,62810000,7,10,8,10,2,4
chr16,62810001,62910000,6,9,7,11,9,3
chr16,62910001,63010000,1,6,6,7,3,2
chr16,63010001,63110000,6,11,4,6,1,3
chr16,63110001,63210000,3,9,3,3,1,1
chr16,63210001,63310000,6,7,7,13,1,3
chr16,63310001,63410000,2,0,5,6,0,1
chr16,63410001,63510000,5,5,11,9,5,0
chr16,63510001,63610000,5,3,8,3,3,1
chr16,63610001,63710000,6,2,6,3,2,1
chr16,63710001,63810000,4,6,6,9,1,0
chr16,63810001,63910000,5,4,10,11,3,0
chr16,63910001,64010000,6,1,5,8,2,1
chr16,64010001,64110000,2,6,7,5,4,2
chr16,64110001,64210000,6,3,8,11,6,0
chr16,64210001,64310000,5,1,1,11,3,0
chr16,64310001,64410000,3,2,6,10,4,3
chr16,64410001,64510000,0,8,4,4,3,0
chr16,64510001,64610000,2,6,3,7,2,0
chr16,64610001,64710000,7,2,6,12,4,1
chr16,64710001,64810000,4,2,4,12,2,2
chr16,64810001,64910000,1,5,5,11,2,1
chr16,64910001,65010000,1,2,0,4,2,1
chr16,65010001,65110000,4,6,3,10,3,0
chr16,65110001,65210000,3,3,2,8,2,1
chr16,65210001,65310000,4,5,2,3,1,0
chr16,65310001,65410000,0,5,4,11,2,2
chr16,65410001,65510000,3,2,2,6,5,1
chr16,65510001,65610000,3,8,2,4,2,1
chr16,65610001,65710000,4,6,4,4,3,0
chr16,65710001,65810000,3,6,3,2,1,2
chr16,65810001,65910000,6,5,4,4,1,1
chr16,65910001,66010000,8,3,2,2,1,0
chr16,66010001,66110000,4,4,3,8,0,3
chr16,66110001,66210000,1,4,2,3,1,1
chr16,66210001,66310000,2,0,6,4,0,2
chr16,66310001,66410000,2,1,2,1,3,0
chr16,66410001,66510000,1,2,0,5,2,1
chr16,66510001,66610000,0,0,1,2,4,1
chr16,66610001,66710000,4,2,0,3,1,1
chr16,66710001,66810000,2,2,2,2,2,1
chr16,66810001,66910000,3,3,2,1,0,0
chr16,66910001,67010000,3,2,1,1,0,1
chr16,67010001,67110000,4,1,2,4,0,1
chr16,67110001,67210000,1,1,0,3,0,3
chr16,67210001,67310000,3,0,1,2,0,2
chr16,67310001,67410000,1,2,0,4,1,0
chr16,67410001,67510000,5,0,0,0,0,1
chr16,67510001,67610000,5,1,1,3,0,0
chr16,67610001,67710000,2,0,0,1,1,1
chr16,67710001,67810000,2,2,1,3,0,1
chr16,67810001,67910000,1,2,1,3,1,0
chr16,67910001,68010000,0,3,0,2,1,0
chr16,68010001,68110000,2,1,1,3,0,0
chr16,68110001,68210000,5,2,1,4,1,0
chr16,68210001,68310000,2,2,2,2,0,1
chr16,68310001,68410000,2,3,1,1,0,1
chr16,68410001,68510000,2,2,0,5,0,0
chr16,68510001,68610000,2,2,0,2,2,0
chr16,68610001,68710000,3,1,0,0,0,3
chr16,68710001,68810000,5,3,1,4,1,3
chr16,68810001,68910000,10,1,0,3,3,3
chr16,68910001,69010000,4,0,0,1,1,0
chr16,69010001,69110000,2,0,1,3,1,0
chr16,69110001,69210000,3,2,0,1,1,0
chr16,69210001,69310000,2,1,0,1,3,0
chr16,69310001,69410000,3,1,0,1,0,0
chr16,69410001,69510000,5,1,0,2,1,1
chr16,69510001,69610000,3,1,3,2,3,1
chr16,69610001,69710000,1,2,1,3,2,0
chr16,69710001,69810000,2,4,1,0,2,1
chr16,69810001,69910000,0,2,0,2,2,1
chr16,69910001,70010000,1,0,1,1,2,0
chr16,70010001,70110000,1,0,1,2,0,0
chr16,70110001,70210000,1,2,3,1,1,1
chr16,70210001,70310000,1,1,0,1,0,0
chr16,70310001,70410000,2,4,2,5,3,1
chr16,70410001,70510000,2,3,0,1,2,0
chr16,70510001,70610000,4,0,1,2,1,1
chr16,70610001,70710000,4,0,1,3,2,0
chr16,70710001,70810000,2,2,0,1,2,1
chr16,70810001,70910000,0,3,1,2,1,1
chr16,70910001,71010000,3,2,2,5,6,0
chr16,71010001,71110000,2,3,2,3,1,1
chr16,71110001,71210000,3,2,2,2,1,0
chr16,71210001,71310000,4,4,3,6,1,0
chr16,71310001,71410000,4,7,1,3,1,0
chr16,71410001,71510000,6,4,1,6,0,0
chr16,71510001,71610000,4,3,0,6,0,3
chr16,71610001,71710000,1,1,0,0,2,0
chr16,71710001,71810000,0,0,2,2,1,0
chr16,71810001,71910000,1,1,2,2,1,0
chr16,71910001,72010000,5,0,0,4,0,1
chr16,72010001,72110000,0,2,0,1,0,0
chr16,72110001,72210000,2,1,3,0,0,1
chr16,72210001,72310000,2,2,1,1,0,2
chr16,72310001,72410000,1,1,2,5,0,1
chr16,72410001,72510000,2,2,1,3,3,1
chr16,72510001,72610000,0,4,1,7,2,0
chr16,72610001,72710000,0,3,1,2,2,0
chr16,72710001,72810000,5,2,1,5,0,0
chr16,72810001,72910000,1,0,2,5,4,0
chr16,72910001,73010000,2,1,0,3,3,0
chr16,73010001,73110000,1,3,0,1,2,1
chr16,73110001,73210000,0,3,2,3,0,1
chr16,73210001,73310000,1,1,2,4,2,1
chr16,73310001,73410000,3,6,1,6,4,1
chr16,73410001,73510000,3,3,1,2,0,0
chr16,73510001,73610000,6,5,2,2,1,0
chr16,73610001,73710000,5,3,6,7,3,0
chr16,73710001,73810000,2,4,3,7,2,1
chr16,73810001,73910000,4,2,0,3,1,2
chr16,73910001,74010000,9,1,3,7,1,1
chr16,74010001,74110000,2,2,4,3,2,1
chr16,74110001,74210000,6,1,1,7,2,0
chr16,74210001,74310000,1,3,4,5,1,0
chr16,74310001,74410000,2,1,2,3,1,0
chr16,74410001,74510000,1,3,0,3,0,1
chr16,74510001,74610000,1,0,4,1,1,1
chr16,74610001,74710000,3,6,3,3,2,0
chr16,74710001,74810000,2,2,1,4,2,0
chr16,74810001,74910000,2,1,3,3,0,0
chr16,74910001,75010000,1,0,0,1,1,0
chr16,75010001,75110000,1,3,0,0,2,0
chr16,75110001,75210000,0,2,1,0,2,0
chr16,75210001,75310000,2,1,0,2,0,1
chr16,75310001,75410000,3,2,1,0,4,0
chr16,75410001,75510000,2,2,1,3,2,0
chr16,75510001,75610000,3,1,0,2,2,2
chr16,75610001,75710000,2,0,0,0,1,1
chr16,75710001,75810000,4,1,2,6,1,0
chr16,75810001,75910000,5,7,4,5,2,2
chr16,75910001,76010000,3,6,2,3,2,2
chr16,76010001,76110000,4,5,3,2,2,1
chr16,76110001,76210000,1,3,4,9,2,0
chr16,76210001,76310000,7,7,12,6,2,1
chr16,76310001,76410000,3,3,0,7,2,0
chr16,76410001,76510000,4,4,2,8,4,1
chr16,76510001,76610000,1,9,1,7,1,1
chr16,76610001,76710000,0,6,3,11,1,0
chr16,76710001,76810000,3,9,7,9,2,3
chr16,76810001,76910000,2,3,5,4,1,2
chr16,76910001,77010000,4,5,2,7,4,2
chr16,77010001,77110000,5,4,8,7,4,1
chr16,77110001,77210000,2,2,2,6,0,1
chr16,77210001,77310000,1,1,0,3,1,2
chr16,77310001,77410000,5,5,1,9,6,1
chr16,77410001,77510000,3,6,4,6,0,2
chr16,77510001,77610000,2,4,4,10,2,1
chr16,77610001,77710000,3,6,3,6,1,1
chr16,77710001,77810000,0,1,1,2,3,1
chr16,77810001,77910000,2,2,5,3,0,2
chr16,77910001,78010000,4,1,3,9,1,0
chr16,78010001,78110000,3,2,1,3,0,0
chr16,78110001,78210000,1,2,1,2,1,2
chr16,78210001,78310000,1,1,1,2,1,0
chr16,78310001,78410000,0,3,3,4,2,1
chr16,78410001,78510000,3,3,1,8,2,2
chr16,78510001,78610000,2,2,1,8,1,0
chr16,78610001,78710000,4,0,5,7,1,0
chr16,78710001,78810000,3,4,4,4,1,2
chr16,78810001,78910000,3,2,1,8,1,0
chr16,78910001,79010000,0,2,3,7,1,0
chr16,79010001,79110000,5,2,0,5,0,0
chr16,79110001,79210000,1,0,4,7,0,0
chr16,79210001,79310000,2,8,4,5,3,1
chr16,79310001,79410000,1,3,0,2,0,0
chr16,79410001,79510000,3,5,6,3,1,1
chr16,79510001,79610000,2,3,2,8,0,0
chr16,79610001,79710000,4,3,2,7,0,2
chr16,79710001,79810000,4,6,5,4,2,0
chr16,79810001,79910000,2,5,0,8,2,0
chr16,79910001,80010000,7,4,1,3,1,0
chr16,80010001,80110000,2,3,1,6,2,2
chr16,80110001,80210000,1,3,2,7,2,1
chr16,80210001,80310000,4,5,4,8,2,1
chr16,80310001,80410000,2,2,1,5,1,1
chr16,80410001,80510000,4,3,7,4,1,0
chr16,80510001,80610000,4,3,1,8,0,0
chr16,80610001,80710000,3,6,1,5,2,0
chr16,80710001,80810000,4,2,3,4,1,1
chr16,80810001,80910000,3,2,2,6,4,0
chr16,80910001,81010000,0,4,0,1,0,0
chr16,81010001,81110000,2,0,1,4,1,2
chr16,81110001,81210000,1,3,1,4,2,0
chr16,81210001,81310000,2,3,0,2,2,1
chr16,81310001,81410000,2,3,1,2,0,0
chr16,81410001,81510000,4,1,2,4,1,0
chr16,81510001,81610000,2,3,2,1,0,0
chr16,81610001,81710000,2,2,2,2,0,0
chr16,81710001,81810000,0,2,0,0,0,1
chr16,81810001,81910000,1,0,4,2,1,1
chr16,81910001,82010000,1,2,1,1,3,0
chr16,82010001,82110000,1,1,1,1,2,0
chr16,82110001,82210000,2,2,0,2,1,0
chr16,82210001,82310000,4,1,1,3,3,0
chr16,82310001,82410000,2,2,4,4,2,0
chr16,82410001,82510000,4,0,2,5,5,1
chr16,82510001,82610000,1,3,0,2,2,2
chr16,82610001,82710000,3,3,1,4,1,1
chr16,82710001,82810000,1,5,1,6,1,2
chr16,82810001,82910000,0,5,4,4,3,0
chr16,82910001,83010000,2,3,1,3,1,2
chr16,83010001,83110000,2,8,0,8,1,0
chr16,83110001,83210000,7,1,1,8,2,1
chr16,83210001,83310000,2,3,0,3,1,2
chr16,83310001,83410000,3,3,4,10,4,0
chr16,83410001,83510000,3,3,2,2,2,0
chr16,83510001,83610000,1,0,5,6,2,2
chr16,83610001,83710000,2,4,0,4,1,0
chr16,83710001,83810000,2,1,1,4,1,0
chr16,83810001,83910000,2,0,2,2,1,0
chr16,83910001,84010000,3,4,0,1,1,1
chr16,84010001,84110000,0,2,3,4,1,3
chr16,84110001,84210000,4,0,1,3,1,0
chr16,84210001,84310000,5,0,3,1,0,2
chr16,84310001,84410000,1,1,0,2,3,2
chr16,84410001,84510000,2,1,0,3,2,1
chr16,84510001,84610000,3,1,0,0,0,0
chr16,84610001,84710000,3,0,0,0,1,1
chr16,84710001,84810000,4,1,1,2,2,1
chr16,84810001,84910000,3,1,1,1,1,0
chr16,84910001,85010000,1,1,0,0,1,1
chr16,85010001,85110000,2,3,0,0,1,0
chr16,85110001,85210000,2,0,0,1,0,0
chr16,85210001,85310000,3,1,1,3,1,0
chr16,85310001,85410000,3,1,2,2,1,1
chr16,85410001,85510000,2,0,0,1,3,0
chr16,85510001,85610000,2,2,1,0,1,1
chr16,85610001,85710000,2,2,0,1,1,1
chr16,85710001,85810000,1,1,0,1,0,0
chr16,85810001,85910000,4,4,2,2,2,0
chr16,85910001,86010000,1,2,0,0,1,0
chr16,86010001,86110000,3,5,1,5,2,1
chr16,86110001,86210000,2,3,1,7,1,0
chr16,86210001,86310000,5,0,1,5,1,2
chr16,86310001,86410000,2,5,2,3,2,1
chr16,86410001,86510000,2,5,0,4,1,0
chr16,86510001,86610000,2,2,2,3,0,1
chr16,86610001,86710000,2,2,4,2,1,1
chr16,86710001,86810000,0,2,1,1,2,0
chr16,86810001,86910000,5,4,0,2,0,2
chr16,86910001,87010000,3,8,1,3,3,2
chr16,87010001,87110000,3,4,3,5,1,0
chr16,87110001,87210000,1,2,1,3,0,1
chr16,87210001,87310000,2,0,1,1,2,0
chr16,87310001,87410000,2,0,4,0,1,0
chr16,87410001,87510000,2,1,2,3,1,1
chr16,87510001,87610000,2,1,0,2,1,0
chr16,87610001,87710000,4,5,4,2,1,1
chr16,87710001,87810000,1,1,0,1,4,1
chr16,87810001,87910000,4,5,0,2,2,2
chr16,87910001,88010000,5,1,2,3,1,1
chr16,88010001,88110000,4,2,0,3,1,0
chr16,88110001,88210000,2,1,1,3,1,0
chr16,88210001,88310000,2,1,2,0,2,0
chr16,88310001,88410000,0,2,0,2,0,0
chr16,88410001,88510000,0,3,1,2,0,0
chr16,88510001,88610000,3,2,0,7,0,0
chr16,88610001,88710000,4,0,1,4,0,2
chr16,88710001,88810000,2,2,0,2,0,2
chr16,88810001,88910000,3,1,2,0,0,0
chr16,88910001,89010000,1,1,0,0,0,1
chr16,89010001,89110000,2,2,1,0,0,1
chr16,89110001,89210000,1,0,1,2,0,0
chr16,89210001,89310000,3,1,4,1,0,0
chr16,89310001,89410000,0,1,1,2,0,1
chr16,89410001,89510000,3,6,2,3,0,0
chr16,89510001,89610000,3,0,2,3,0,2
chr16,89610001,89710000,3,4,1,4,1,2
chr16,89710001,89810000,1,0,0,1,0,0
chr16,89810001,89910000,0,1,0,4,1,1
chr16,89910001,90010000,3,1,1,3,0,1
chr16,90010001,90110000,2,1,1,5,1,0
chr17,1,210000,1,1,0,0,4,0
chr17,210001,310000,1,3,2,0,0,2
chr17,310001,410000,0,1,0,0,0,0
chr17,410001,510000,1,1,0,0,0,1
chr17,510001,610000,2,5,0,2,3,1
chr17,610001,710000,0,0,0,0,1,3
chr17,710001,810000,4,2,0,3,0,0
chr17,810001,910000,0,4,1,2,1,0
chr17,910001,1020000,1,1,0,2,2,1
chr17,1020001,1120000,1,0,1,2,1,0
chr17,1120001,1250000,2,1,0,2,1,0
chr17,1250001,1350000,1,1,0,1,2,0
chr17,1350001,1450000,1,1,1,0,1,1
chr17,1450001,1550000,3,1,0,5,1,0
chr17,1550001,1650000,2,2,2,2,2,1
chr17,1650001,1750000,3,0,1,1,1,1
chr17,1750001,1850000,0,1,1,2,1,0
chr17,1850001,1950000,0,2,1,2,1,2
chr17,1950001,2050000,1,1,1,2,0,0
chr17,2050001,2150000,3,3,0,1,2,0
chr17,2150001,2250000,1,1,2,0,1,1
chr17,2250001,2350000,4,1,1,3,2,1
chr17,2350001,2450000,2,0,0,2,0,2
chr17,2450001,2550000,4,1,1,3,3,1
chr17,2550001,2650000,4,2,2,5,1,1
chr17,2650001,2750000,3,2,1,6,2,0
chr17,2750001,2850000,0,0,1,2,1,0
chr17,2850001,2950000,2,1,0,2,1,0
chr17,2950001,3050000,7,3,0,2,0,2
chr17,3050001,3150000,2,1,2,2,2,1
chr17,3150001,3250000,2,6,4,3,3,2
chr17,3250001,3350000,3,6,2,3,3,0
chr17,3350001,3450000,0,1,1,1,4,0
chr17,3450001,3550000,3,1,1,1,0,0
chr17,3550001,3650000,0,3,0,0,0,1
chr17,3650001,3750000,1,1,1,1,2,3
chr17,3750001,3850000,3,1,1,2,0,2
chr17,3850001,3950000,2,2,0,3,2,1
chr17,3950001,4050000,4,1,0,4,1,0
chr17,4050001,4150000,2,1,0,3,0,1
chr17,4150001,4250000,0,4,0,2,2,2
chr17,4250001,4350000,3,3,0,0,2,0
chr17,4350001,4450000,3,1,0,1,1,0
chr17,4450001,4550000,2,2,2,1,0,0
chr17,4550001,4650000,1,0,2,3,2,1
chr17,4650001,4760000,4,1,0,0,2,0
chr17,4760001,4860000,1,1,1,0,1,1
chr17,4860001,4960000,0,1,0,1,0,0
chr17,4960001,5060000,0,0,2,5,0,0
chr17,5060001,5160000,1,1,0,0,4,0
chr17,5160001,5260000,3,2,0,0,3,1
chr17,5260001,5360000,2,1,0,1,2,1
chr17,5360001,5460000,4,3,1,0,0,2
chr17,5460001,5560000,2,3,2,4,2,0
chr17,5560001,5660000,4,5,4,2,1,1
chr17,5660001,5760000,1,5,3,2,2,0
chr17,5760001,5860000,3,4,0,4,1,0
chr17,5860001,5960000,3,1,1,4,2,1
chr17,5960001,6060000,2,3,2,5,1,1
chr17,6060001,6160000,1,3,4,1,2,1
chr17,6160001,6260000,1,4,1,2,1,1
chr17,6260001,6360000,4,4,2,3,0,1
chr17,6360001,6460000,3,1,2,0,2,0
chr17,6460001,6560000,1,1,1,0,1,1
chr17,6560001,6660000,2,0,1,2,1,0
chr17,6660001,6760000,3,0,1,3,1,0
chr17,6760001,6860000,3,2,1,1,0,1
chr17,6860001,6960000,1,2,1,2,0,1
chr17,6960001,7060000,0,2,2,1,2,0
chr17,7060001,7160000,1,1,2,2,2,4
chr17,7160001,7260000,2,5,1,2,1,0
chr17,7260001,7360000,1,6,0,2,0,0
chr17,7360001,7460000,4,0,2,1,0,0
chr17,7460001,7560000,2,3,2,6,1,1
chr17,7560001,7660000,31,10,9,16,4,1
chr17,7660001,7760000,1,3,1,1,0,0
chr17,7760001,7860000,2,0,3,3,2,0
chr17,7860001,7960000,1,0,1,1,3,0
chr17,7960001,8060000,3,4,1,1,6,2
chr17,8060001,8160000,2,0,0,1,1,0
chr17,8160001,8260000,3,1,1,2,0,0
chr17,8260001,8360000,1,2,0,3,2,2
chr17,8360001,8460000,1,0,3,1,4,0
chr17,8460001,8560000,1,1,2,4,0,0
chr17,8560001,8660000,1,1,1,2,1,0
chr17,8660001,8760000,4,1,2,4,1,1
chr17,8760001,8860000,6,3,1,5,2,1
chr17,8860001,8960000,1,1,1,3,4,0
chr17,8960001,9060000,0,2,1,2,2,1
chr17,9060001,9160000,1,3,1,1,2,0
chr17,9160001,9260000,2,3,0,2,1,0
chr17,9260001,9360000,2,1,0,2,0,0
chr17,9360001,9460000,2,0,0,4,0,1
chr17,9460001,9560000,1,1,4,4,5,2
chr17,9560001,9660000,3,1,3,2,2,0
chr17,9660001,9760000,0,4,2,5,4,0
chr17,9760001,9860000,1,3,3,3,1,1
chr17,9860001,9960000,1,0,1,2,3,1
chr17,9960001,10060000,5,1,1,5,2,0
chr17,10060001,10160000,4,2,5,5,3,0
chr17,10160001,10260000,1,3,2,1,0,0
chr17,10260001,10360000,5,5,1,3,0,0
chr17,10360001,10460000,3,1,1,6,0,1
chr17,10460001,10560000,2,1,0,2,0,1
chr17,10560001,10660000,2,2,0,1,4,1
chr17,10660001,10760000,3,1,0,1,0,0
chr17,10760001,10860000,1,1,0,1,3,0
chr17,10860001,10960000,4,3,0,2,1,1
chr17,10960001,11060000,5,3,1,4,1,2
chr17,11060001,11160000,4,2,1,0,0,0
chr17,11160001,11260000,4,1,1,3,1,0
chr17,11260001,11360000,1,1,4,2,5,1
chr17,11360001,11460000,4,1,4,11,1,0
chr17,11460001,11560000,5,1,0,6,2,1
chr17,11560001,11660000,4,3,0,8,0,2
chr17,11660001,11760000,2,2,0,4,1,1
chr17,11760001,11860000,4,1,0,1,1,0
chr17,11860001,11960000,1,1,2,0,2,0
chr17,11960001,12060000,7,1,2,1,1,1
chr17,12060001,12160000,2,2,1,6,2,0
chr17,12160001,12260000,2,2,4,4,1,3
chr17,12260001,12360000,2,3,1,9,0,1
chr17,12360001,12460000,2,4,0,6,2,1
chr17,12460001,12560000,2,1,0,4,2,2
chr17,12560001,12660000,2,3,0,1,2,1
chr17,12660001,12760000,1,2,2,1,1,1
chr17,12760001,12860000,3,1,1,6,1,0
chr17,12860001,12960000,4,2,0,2,1,0
chr17,12960001,13060000,0,2,6,4,0,0
chr17,13060001,13160000,1,4,1,3,0,1
chr17,13160001,13260000,0,2,1,2,1,0
chr17,13260001,13360000,4,3,3,5,3,4
chr17,13360001,13460000,8,4,1,5,3,1
chr17,13460001,13560000,2,3,2,7,2,1
chr17,13560001,13660000,1,3,2,4,2,1
chr17,13660001,13760000,1,1,3,3,2,0
chr17,13760001,13860000,1,2,1,8,1,4
chr17,13860001,13960000,1,1,2,0,2,1
chr17,13960001,14060000,1,2,1,4,1,0
chr17,14060001,14160000,1,3,2,0,3,0
chr17,14160001,14260000,2,1,8,7,1,3
chr17,14260001,14360000,4,1,3,5,2,1
chr17,14360001,14460000,2,3,1,3,1,0
chr17,14460001,14560000,1,0,4,4,0,1
chr17,14560001,14660000,4,1,1,2,0,1
chr17,14660001,14760000,4,0,2,3,0,1
chr17,14760001,14860000,0,2,4,5,0,1
chr17,14860001,14960000,5,2,4,2,3,0
chr17,14960001,15060000,2,0,1,4,2,1
chr17,15060001,15160000,0,1,0,8,2,1
chr17,15160001,15260000,3,1,1,1,2,0
chr17,15260001,15360000,2,1,1,0,3,1
chr17,15360001,15460000,3,0,2,3,1,1
chr17,15460001,15560000,2,1,0,0,0,1
chr17,15560001,15660000,1,1,3,1,1,1
chr17,15660001,15760000,0,0,1,0,2,1
chr17,15760001,15860000,3,2,1,3,3,0
chr17,15860001,15960000,2,1,0,1,0,0
chr17,15960001,16060000,4,0,0,2,2,0
chr17,16060001,16160000,1,3,1,4,0,0
chr17,16160001,16260000,0,0,2,2,1,0
chr17,16260001,16360000,2,2,0,5,0,1
chr17,16360001,16460000,2,0,0,3,2,0
chr17,16460001,16560000,1,1,0,3,0,0
chr17,16560001,16660000,3,2,4,5,1,1
chr17,16660001,16760000,3,1,1,8,1,0
chr17,16760001,16860000,1,1,0,0,1,0
chr17,16860001,16960000,4,2,0,0,1,0
chr17,16960001,17060000,1,4,0,1,0,0
chr17,17060001,17160000,4,0,0,2,2,0
chr17,17160001,17260000,2,2,2,2,2,0
chr17,17260001,17360000,2,1,1,0,0,1
chr17,17360001,17460000,2,0,0,4,1,1
chr17,17460001,17560000,0,0,2,4,2,2
chr17,17560001,17660000,3,3,0,1,1,2
chr17,17660001,17760000,1,3,0,2,2,1
chr17,17760001,17860000,3,0,2,3,1,1
chr17,17860001,17960000,1,2,0,2,4,1
chr17,17960001,18060000,0,3,0,4,0,0
chr17,18060001,18160000,2,2,0,2,4,2
chr17,18160001,18260000,2,1,1,1,0,0
chr17,18260001,18360000,2,0,1,1,1,0
chr17,18360001,18460000,1,0,0,0,1,0
chr17,18460001,18560000,2,3,1,3,0,0
chr17,18560001,18660000,2,2,0,0,1,0
chr17,18660001,18760000,1,1,2,1,3,0
chr17,18760001,18860000,2,2,1,0,2,0
chr17,18860001,19190000,0,2,1,1,2,2
chr17,19190001,19290000,3,4,0,2,1,1
chr17,19290001,19390000,0,4,2,0,4,0
chr17,19390001,19490000,3,0,2,3,4,1
chr17,19490001,19590000,2,1,1,0,2,0
chr17,19590001,19690000,1,3,3,2,0,1
chr17,19690001,19790000,2,1,2,1,0,0
chr17,19790001,19890000,2,3,0,2,0,1
chr17,19890001,19990000,5,1,0,4,0,0
chr17,19990001,20090000,1,0,3,6,0,0
chr17,20090001,20190000,3,1,1,2,2,0
chr17,20190001,20290000,2,0,0,1,0,0
chr17,20290001,20390000,3,1,2,1,3,0
chr17,20390001,20490000,2,0,1,0,1,0
chr17,20490001,20590000,1,2,3,3,2,0
chr17,20590001,20690000,1,0,2,2,2,0
chr17,20690001,20790000,3,2,10,5,1,0
chr17,20790001,20890000,4,1,0,3,0,1
chr17,20890001,20990000,8,3,3,2,4,1
chr17,20990001,21090000,8,0,3,1,0,0
chr17,21090001,21190000,1,3,0,1,0,1
chr17,21190001,21290000,4,0,1,0,4,1
chr17,21290001,21390000,1,3,0,2,0,1
chr17,21390001,21490000,3,1,1,1,2,0
chr17,21690001,21790000,4,8,8,8,6,0
chr17,21790001,21890000,3,6,2,6,4,1
chr17,21890001,22000000,6,11,5,5,4,1
chr17,22000001,22120000,4,2,3,7,6,1
chr17,22120001,25370000,4,10,4,4,2,2
chr17,25370001,25470000,6,3,4,8,2,0
chr17,25470001,25570000,4,3,3,2,1,0
chr17,25570001,25670000,1,1,2,3,1,0
chr17,25670001,25770000,0,2,2,4,0,1
chr17,25770001,25870000,2,0,2,0,2,0
chr17,25870001,25970000,3,3,1,3,1,0
chr17,25970001,26070000,2,4,1,1,2,0
chr17,26070001,26170000,4,4,3,1,0,0
chr17,26170001,26270000,3,2,1,4,3,2
chr17,26270001,26370000,3,1,2,5,0,0
chr17,26370001,26470000,1,0,2,1,2,0
chr17,26470001,26570000,3,1,1,4,2,1
chr17,26570001,26670000,3,1,1,3,2,0
chr17,26670001,26770000,3,4,1,1,0,0
chr17,26770001,26870000,2,0,0,4,3,0
chr17,26870001,26970000,2,1,1,2,0,0
chr17,26970001,27070000,0,1,1,5,0,0
chr17,27070001,27170000,6,0,0,5,1,2
chr17,27170001,27270000,3,0,0,1,3,1
chr17,27270001,27370000,2,1,2,2,1,2
chr17,27370001,27470000,0,1,1,3,2,0
chr17,27470001,27570000,1,1,1,7,0,1
chr17,27570001,27670000,7,4,2,3,1,0
chr17,27670001,27770000,5,1,0,3,1,1
chr17,27770001,27870000,3,2,3,4,1,1
chr17,27870001,27970000,2,2,0,2,1,1
chr17,27970001,28070000,3,2,2,2,2,0
chr17,28070001,28170000,6,1,0,3,3,1
chr17,28170001,28270000,4,1,0,3,3,2
chr17,28270001,28370000,2,3,1,4,1,0
chr17,28370001,28470000,3,2,4,4,1,0
chr17,28470001,28570000,1,2,0,1,1,2
chr17,28570001,28670000,1,3,0,3,0,0
chr17,28670001,28770000,2,1,3,1,1,0
chr17,28770001,28870000,1,3,2,1,3,0
chr17,28870001,28970000,1,1,0,2,3,0
chr17,28970001,29070000,2,1,0,1,1,0
chr17,29070001,29170000,4,3,3,4,3,1
chr17,29170001,29270000,5,0,0,3,0,1
chr17,29270001,29370000,4,1,1,1,1,0
chr17,29370001,29470000,0,2,3,2,1,0
chr17,29470001,29570000,0,5,2,3,2,2
chr17,29570001,29670000,5,3,0,2,3,0
chr17,29670001,29770000,1,1,3,2,1,0
chr17,29770001,29870000,3,3,2,0,0,0
chr17,29870001,29970000,0,1,0,2,1,0
chr17,29970001,30070000,2,1,2,2,1,2
chr17,30070001,30170000,1,3,1,3,0,0
chr17,30170001,30290000,5,2,2,2,2,0
chr17,30290001,30390000,2,1,0,2,2,0
chr17,30390001,30490000,0,3,0,6,3,2
chr17,30490001,30590000,2,1,0,2,4,0
chr17,30590001,30690000,6,2,4,3,1,0
chr17,30690001,30790000,2,0,3,6,1,1
chr17,30790001,30890000,1,0,1,4,2,0
chr17,30890001,30990000,1,1,1,1,2,1
chr17,30990001,31090000,1,2,5,1,3,0
chr17,31090001,31210000,2,1,2,3,4,1
chr17,31210001,31310000,2,1,2,3,2,1
chr17,31310001,31410000,1,3,2,2,2,1
chr17,31410001,31510000,1,2,2,4,3,1
chr17,31510001,31610000,3,1,2,8,1,1
chr17,31610001,31710000,1,5,3,6,1,3
chr17,31710001,31810000,6,5,1,4,3,1
chr17,31810001,31910000,3,4,2,2,2,0
chr17,31910001,32010000,3,6,0,3,0,0
chr17,32010001,32110000,4,5,1,9,0,1
chr17,32110001,32210000,2,7,0,6,3,0
chr17,32210001,32310000,4,3,3,6,1,0
chr17,32310001,32410000,2,2,2,4,1,0
chr17,32410001,32510000,1,3,1,5,1,0
chr17,32510001,32610000,4,3,3,6,2,4
chr17,32610001,32710000,2,3,5,7,3,0
chr17,32710001,32810000,3,0,2,2,0,1
chr17,32810001,32910000,2,3,3,1,1,2
chr17,32910001,33010000,4,3,0,2,0,0
chr17,33010001,33110000,1,4,2,6,1,0
chr17,33110001,33210000,4,6,3,6,2,2
chr17,33210001,33310000,0,1,0,2,2,0
chr17,33310001,33410000,2,2,1,2,3,3
chr17,33410001,33520000,5,3,1,5,0,1
chr17,33520001,33620000,3,4,3,3,1,2
chr17,33620001,33720000,6,1,1,6,2,0
chr17,33720001,33820000,2,2,2,7,1,0
chr17,33820001,33920000,5,2,2,7,1,1
chr17,33920001,34020000,0,3,1,3,0,1
chr17,34020001,34120000,2,1,0,1,0,2
chr17,34120001,34220000,3,1,3,3,2,1
chr17,34220001,34320000,3,2,0,2,3,0
chr17,34320001,34420000,4,1,0,3,3,0
chr17,34420001,34870000,1,3,1,3,1,0
chr17,34870001,34970000,1,1,3,4,3,4
chr17,34970001,35070000,2,4,3,5,1,0
chr17,35070001,35170000,4,2,2,0,0,0
chr17,35170001,35270000,3,4,1,4,1,0
chr17,35270001,35370000,3,3,2,0,1,0
chr17,35370001,35470000,1,0,0,1,3,2
chr17,35470001,35570000,6,0,2,1,1,1
chr17,35570001,35670000,4,2,2,1,2,0
chr17,35670001,35770000,5,1,0,0,0,0
chr17,35770001,35870000,3,1,2,2,1,0
chr17,35870001,35970000,2,2,1,1,1,3
chr17,35970001,36070000,2,0,2,1,1,0
chr17,36070001,36170000,5,6,2,2,2,0
chr17,36170001,36430000,5,2,2,6,0,2
chr17,36430001,36530000,4,1,2,6,0,1
chr17,36530001,36630000,5,3,1,1,4,0
chr17,36630001,36730000,3,1,1,6,1,2
chr17,36730001,36830000,3,2,3,3,0,0
chr17,36830001,36930000,5,3,1,1,2,2
chr17,36930001,37030000,6,2,2,1,1,0
chr17,37030001,37130000,6,1,2,6,1,0
chr17,37130001,37230000,3,4,3,3,1,0
chr17,37230001,37330000,5,2,2,5,2,0
chr17,37330001,37430000,4,1,1,5,1,3
chr17,37430001,37530000,3,3,3,3,2,1
chr17,37530001,37630000,2,0,2,4,4,0
chr17,37630001,37730000,5,0,1,4,6,0
chr17,37730001,37830000,2,2,2,11,4,1
chr17,37830001,37930000,1,3,0,2,2,0
chr17,37930001,38030000,4,4,1,3,7,2
chr17,38030001,38130000,3,0,1,5,1,1
chr17,38130001,38230000,4,3,1,3,1,0
chr17,38230001,38330000,1,0,0,0,0,0
chr17,38330001,38430000,6,0,2,0,1,1
chr17,38430001,38530000,3,1,2,1,2,1
chr17,38530001,38630000,4,2,0,1,3,0
chr17,38630001,38730000,2,4,3,5,0,1
chr17,38730001,38830000,6,2,2,3,1,3
chr17,38830001,38930000,0,1,1,3,4,4
chr17,38930001,39030000,3,0,3,3,2,1
chr17,39030001,39130000,2,1,1,2,2,1
chr17,39130001,39230000,1,2,2,2,1,0
chr17,39230001,39330000,2,1,5,6,0,0
chr17,39330001,39430000,0,3,4,5,1,1
chr17,39430001,39530000,2,2,2,9,1,0
chr17,39530001,39630000,1,3,1,1,1,0
chr17,39630001,39730000,7,3,1,2,0,0
chr17,39730001,39830000,3,6,3,2,2,1
chr17,39830001,39930000,2,1,1,4,0,0
chr17,39930001,40030000,1,1,0,3,2,1
chr17,40030001,40130000,0,1,0,4,2,0
chr17,40130001,40230000,0,1,1,0,2,2
chr17,40230001,40330000,2,3,1,1,1,0
chr17,40330001,40430000,3,1,1,2,1,2
chr17,40430001,40530000,2,1,0,0,2,0
chr17,40530001,40630000,4,0,2,3,1,0
chr17,40630001,40730000,3,1,1,4,1,2
chr17,40730001,40830000,0,0,1,1,2,0
chr17,40830001,40930000,2,4,2,4,0,0
chr17,40930001,41030000,10,0,2,3,0,0
chr17,41030001,41130000,3,2,2,4,0,1
chr17,41130001,41230000,3,3,1,1,3,0
chr17,41230001,41330000,1,3,2,2,1,0
chr17,41330001,41510000,3,0,1,2,3,2
chr17,41510001,41610000,2,1,3,3,0,1
chr17,41610001,41710000,2,2,0,2,1,0
chr17,41710001,41810000,4,3,0,0,0,0
chr17,41810001,41910000,2,0,1,4,5,0
chr17,41910001,42010000,2,3,0,2,1,0
chr17,42010001,42110000,1,2,0,2,1,1
chr17,42110001,42210000,1,2,0,3,1,1
chr17,42210001,42310000,4,4,1,2,1,0
chr17,42310001,42410000,4,1,1,1,0,0
chr17,42410001,42510000,2,6,0,1,0,0
chr17,42510001,42610000,0,2,3,2,0,0
chr17,42610001,42710000,2,1,0,3,2,0
chr17,42710001,42810000,4,2,3,4,3,1
chr17,42810001,42910000,3,0,5,2,3,0
chr17,42910001,43010000,2,2,1,3,1,0
chr17,43010001,43110000,1,1,0,1,2,1
chr17,43110001,43210000,2,0,0,0,2,1
chr17,43210001,43310000,3,0,0,4,1,1
chr17,43310001,43410000,2,3,0,1,1,1
chr17,43410001,43510000,5,4,2,4,3,2
chr17,43510001,43750000,1,2,4,0,2,0
chr17,43750001,43850000,3,2,0,1,0,1
chr17,43850001,43950000,4,6,1,3,0,1
chr17,43950001,44050000,4,5,1,3,0,0
chr17,44050001,44150000,4,2,1,3,1,3
chr17,44150001,44250000,3,3,0,5,3,1
chr17,44250001,44350000,1,3,0,2,0,1
chr17,44350001,44450000,0,0,2,0,1,1
chr17,44450001,44550000,0,0,0,0,0,0
chr17,44550001,44650000,1,0,1,2,0,1
chr17,44650001,44750000,0,0,0,0,0,0
chr17,44750001,44850000,1,0,4,1,0,0
chr17,44850001,44950000,3,3,0,3,1,1
chr17,44950001,45050000,0,3,0,5,3,0
chr17,45050001,45190000,8,0,2,2,3,0
chr17,45190001,45370000,2,3,1,4,1,2
chr17,45370001,45470000,3,1,3,5,1,2
chr17,45470001,45570000,4,3,1,5,1,2
chr17,45570001,45740000,8,1,4,2,0,1
chr17,45740001,45840000,1,1,2,2,3,0
chr17,45840001,45940000,4,3,4,3,3,0
chr17,45940001,46040000,1,3,3,6,0,0
chr17,46040001,46140000,2,2,0,3,1,1
chr17,46140001,46240000,2,1,1,2,2,2
chr17,46240001,46340000,2,2,5,2,1,0
chr17,46340001,46440000,6,1,5,5,4,1
chr17,46440001,46540000,1,0,1,5,3,0
chr17,46540001,46640000,3,2,0,2,1,2
chr17,46640001,46740000,2,4,0,2,1,2
chr17,46740001,46840000,5,7,0,1,1,0
chr17,46840001,46940000,2,1,2,2,3,2
chr17,46940001,47040000,2,1,1,2,7,1
chr17,47040001,47140000,5,2,2,7,4,0
chr17,47140001,47240000,2,2,3,4,2,1
chr17,47240001,47340000,1,3,2,2,2,0
chr17,47340001,47440000,6,3,1,3,3,2
chr17,47440001,47540000,4,0,1,0,2,0
chr17,47540001,47640000,2,3,1,3,1,2
chr17,47640001,47740000,3,1,3,2,3,0
chr17,47740001,47840000,3,1,2,1,0,1
chr17,47840001,47940000,5,2,0,3,1,0
chr17,47940001,48040000,3,3,1,2,0,0
chr17,48040001,48140000,4,2,3,1,3,1
chr17,48140001,48240000,2,5,0,2,0,2
chr17,48240001,48340000,9,4,3,3,2,1
chr17,48340001,48440000,3,2,2,5,1,1
chr17,48440001,48540000,4,1,4,4,5,1
chr17,48540001,48640000,4,1,0,1,1,0
chr17,48640001,48740000,1,2,0,1,0,1
chr17,48740001,48840000,1,0,0,1,1,1
chr17,48840001,48940000,4,0,0,1,5,1
chr17,48940001,49040000,3,0,0,2,4,0
chr17,49040001,49140000,4,2,1,3,1,1
chr17,49140001,49240000,4,4,3,4,0,2
chr17,49240001,49340000,4,2,3,1,1,1
chr17,49340001,49440000,0,2,1,4,3,1
chr17,49440001,49540000,3,5,2,3,2,0
chr17,49540001,49640000,2,4,5,6,0,0
chr17,49640001,49740000,0,4,1,9,6,1
chr17,49740001,49840000,3,1,3,9,3,1
chr17,49840001,49940000,4,0,3,3,0,0
chr17,49940001,50040000,3,7,3,7,3,2
chr17,50040001,50140000,2,7,1,12,0,2
chr17,50140001,50240000,7,5,4,7,3,1
chr17,50240001,50340000,7,5,6,12,2,1
chr17,50340001,50440000,6,7,3,7,3,1
chr17,50440001,50540000,2,3,5,10,3,2
chr17,50540001,50640000,3,9,4,8,1,1
chr17,50640001,50740000,3,11,2,4,1,2
chr17,50740001,50840000,1,12,1,10,2,1
chr17,50840001,50940000,5,7,4,9,4,2
chr17,50940001,51040000,7,3,2,11,5,3
chr17,51040001,51140000,5,13,3,25,2,1
chr17,51140001,51250000,5,7,4,19,2,1
chr17,51250001,51350000,6,11,10,16,4,1
chr17,51350001,51450000,5,13,5,9,1,1
chr17,51450001,51550000,1,10,8,8,5,2
chr17,51550001,51650000,8,7,6,13,7,3
chr17,51650001,51750000,8,4,6,10,1,2
chr17,51750001,51850000,5,6,5,7,6,1
chr17,51850001,51950000,4,11,4,7,4,1
chr17,51950001,52050000,7,9,0,11,4,3
chr17,52050001,52150000,5,10,1,4,2,2
chr17,52150001,52250000,2,8,8,18,4,3
chr17,52250001,52350000,3,12,7,10,3,1
chr17,52350001,52450000,0,3,4,7,2,1
chr17,52450001,52550000,5,11,3,13,3,3
chr17,52550001,52650000,3,9,3,12,2,1
chr17,52650001,52750000,3,7,4,12,5,1
chr17,52750001,52850000,7,2,2,11,3,0
chr17,52850001,52950000,2,4,3,6,1,1
chr17,52950001,53050000,1,1,2,4,2,1
chr17,53050001,53150000,3,1,2,7,1,1
chr17,53150001,53250000,5,0,1,4,2,0
chr17,53250001,53350000,3,1,2,3,2,0
chr17,53350001,53450000,5,2,0,3,0,0
chr17,53450001,53550000,3,2,2,5,2,0
chr17,53550001,53650000,5,3,1,2,2,0
chr17,53650001,53750000,6,3,2,4,1,3
chr17,53750001,53850000,4,10,1,4,0,2
chr17,53850001,53950000,3,2,3,1,0,1
chr17,53950001,54050000,5,7,2,4,0,1
chr17,54050001,54150000,5,1,4,6,1,3
chr17,54150001,54250000,3,2,1,6,2,3
chr17,54250001,54350000,4,5,6,4,1,1
chr17,54350001,54450000,4,3,2,4,2,0
chr17,54450001,54550000,1,5,1,6,2,2
chr17,54550001,54650000,1,7,2,3,1,0
chr17,54650001,54750000,1,2,2,6,0,1
chr17,54750001,54850000,2,1,1,1,1,2
chr17,54850001,54950000,3,0,1,0,0,0
chr17,54950001,55050000,1,4,1,1,4,2
chr17,55050001,55150000,4,3,1,1,1,0
chr17,55150001,55250000,3,1,3,3,0,3
chr17,55250001,55350000,3,1,2,1,1,0
chr17,55350001,55450000,2,5,2,0,0,1
chr17,55450001,55550000,2,3,2,4,2,0
chr17,55550001,55650000,9,0,0,1,2,1
chr17,55650001,55750000,5,3,1,2,2,1
chr17,55750001,55850000,2,2,2,5,5,1
chr17,55850001,55950000,2,1,1,1,2,0
chr17,55950001,56050000,3,4,1,4,0,0
chr17,56050001,56150000,4,2,3,4,0,1
chr17,56150001,56250000,3,4,2,6,3,2
chr17,56250001,56350000,1,4,3,2,1,1
chr17,56350001,56450000,2,1,3,7,3,0
chr17,56450001,56550000,3,5,2,4,3,2
chr17,56550001,56650000,4,3,1,4,2,2
chr17,56650001,56750000,5,6,5,2,4,0
chr17,56750001,56850000,4,4,2,5,5,2
chr17,56850001,56950000,2,2,4,3,1,0
chr17,56950001,57050000,1,2,3,4,2,1
chr17,57050001,57150000,8,1,3,0,3,1
chr17,57150001,57250000,2,3,0,2,1,1
chr17,57250001,57350000,4,3,1,2,1,0
chr17,57350001,57450000,5,1,6,0,0,0
chr17,57450001,57550000,1,1,1,2,2,0
chr17,57550001,57650000,4,5,4,2,3,0
chr17,57650001,57750000,2,2,4,1,3,5
chr17,57750001,57850000,6,2,2,6,3,0
chr17,57850001,57950000,9,6,0,8,1,3
chr17,57950001,58050000,2,1,3,1,3,2
chr17,58050001,58150000,3,1,1,3,0,0
chr17,58150001,58250000,3,0,5,2,0,0
chr17,58250001,58350000,5,0,3,1,3,0
chr17,58350001,58450000,2,2,4,4,1,2
chr17,58450001,58550000,2,1,0,5,1,1
chr17,58550001,58650000,3,2,0,2,3,2
chr17,58650001,58750000,2,1,1,6,4,1
chr17,58750001,58850000,4,1,2,2,0,3
chr17,58850001,58950000,3,3,1,2,1,0
chr17,58950001,59050000,2,0,1,1,3,1
chr17,59050001,59150000,2,1,1,5,2,0
chr17,59150001,59250000,1,3,0,3,5,0
chr17,59250001,59350000,4,2,0,1,1,1
chr17,59350001,59450000,1,0,2,4,1,0
chr17,59450001,59550000,0,1,1,3,4,5
chr17,59550001,59650000,0,3,2,3,2,2
chr17,59650001,59750000,2,3,5,7,2,1
chr17,59750001,59850000,5,2,0,5,4,1
chr17,59850001,59950000,6,4,0,2,2,1
chr17,59950001,60050000,8,1,1,2,1,1
chr17,60050001,60150000,5,4,1,4,1,1
chr17,60150001,60250000,4,4,2,4,1,0
chr17,60250001,60350000,6,1,2,4,0,0
chr17,60350001,60450000,3,3,0,7,4,1
chr17,60450001,60550000,1,1,3,3,1,1
chr17,60550001,60650000,6,4,2,2,0,1
chr17,60650001,60750000,0,1,1,3,0,0
chr17,60750001,60850000,6,1,2,1,1,2
chr17,60850001,60950000,4,1,1,4,0,1
chr17,60950001,61050000,3,2,3,2,2,0
chr17,61050001,61150000,4,2,2,1,2,3
chr17,61150001,61250000,2,2,3,1,1,0
chr17,61250001,61350000,3,1,2,3,2,0
chr17,61350001,61450000,6,4,1,3,1,5
chr17,61450001,61550000,3,2,4,1,2,0
chr17,61550001,61650000,2,2,0,1,0,2
chr17,61650001,61750000,3,1,1,2,0,0
chr17,61750001,61850000,6,1,0,1,0,1
chr17,61850001,61950000,0,4,0,1,1,1
chr17,61950001,62050000,2,6,2,0,1,2
chr17,62050001,62150000,2,1,1,2,2,2
chr17,62150001,62250000,2,0,3,7,4,0
chr17,62250001,62350000,1,4,1,1,1,1
chr17,62350001,62450000,1,1,2,0,0,1
chr17,62450001,62550000,2,4,3,2,3,0
chr17,62550001,62650000,2,3,1,4,1,1
chr17,62650001,62750000,4,2,1,7,1,1
chr17,62750001,62850000,1,1,1,1,2,2
chr17,62850001,62950000,1,0,2,1,0,0
chr17,62950001,63050000,4,2,2,3,1,0
chr17,63050001,63150000,2,1,1,2,2,0
chr17,63150001,63250000,3,1,1,2,1,0
chr17,63250001,63350000,4,3,2,2,0,0
chr17,63350001,63450000,4,0,0,1,3,0
chr17,63450001,63550000,1,2,3,1,1,3
chr17,63550001,63650000,2,4,2,1,0,1
chr17,63650001,63750000,1,1,3,2,2,1
chr17,63750001,63850000,6,2,1,5,2,1
chr17,63850001,63950000,1,3,0,2,3,1
chr17,63950001,64050000,4,2,1,4,1,0
chr17,64050001,64150000,7,1,2,7,0,0
chr17,64150001,64250000,7,1,2,4,4,2
chr17,64250001,64350000,4,0,2,3,3,2
chr17,64350001,64450000,3,2,1,2,1,1
chr17,64450001,64550000,3,0,0,2,2,2
chr17,64550001,64650000,4,1,0,2,2,1
chr17,64650001,64750000,3,4,1,2,1,2
chr17,64750001,64860000,0,3,1,0,1,0
chr17,64860001,64960000,4,0,0,4,1,4
chr17,64960001,65060000,1,1,0,2,1,0
chr17,65060001,65160000,2,2,1,4,2,0
chr17,65160001,65260000,0,2,1,3,2,1
chr17,65260001,65360000,4,1,2,3,0,0
chr17,65360001,65460000,2,3,1,2,0,0
chr17,65460001,65560000,5,1,1,2,1,1
chr17,65560001,65660000,4,1,3,1,1,1
chr17,65660001,65760000,5,1,3,2,3,1
chr17,65760001,65860000,1,2,0,3,3,2
chr17,65860001,65960000,4,1,3,2,2,0
chr17,65960001,66060000,4,3,0,4,1,0
chr17,66060001,66160000,7,0,3,1,1,0
chr17,66160001,66260000,3,0,1,4,2,0
chr17,66260001,66360000,4,1,3,2,2,1
chr17,66360001,66460000,6,4,2,4,1,2
chr17,66460001,66560000,3,3,2,2,1,2
chr17,66560001,66660000,0,3,0,12,1,1
chr17,66660001,66760000,6,3,6,7,1,0
chr17,66760001,66860000,4,1,2,3,4,0
chr17,66860001,66960000,5,5,2,5,1,0
chr17,66960001,67060000,1,2,3,5,2,1
chr17,67060001,67160000,0,3,2,2,1,1
chr17,67160001,67260000,1,1,3,5,6,0
chr17,67260001,67360000,0,2,4,2,1,1
chr17,67360001,67460000,1,4,2,3,3,0
chr17,67460001,67560000,1,1,3,5,1,0
chr17,67560001,67660000,2,3,5,10,2,0
chr17,67660001,67760000,5,1,4,9,4,0
chr17,67760001,67860000,7,1,4,6,1,0
chr17,67860001,67960000,7,1,2,4,2,1
chr17,67960001,68060000,11,4,2,7,1,3
chr17,68060001,68160000,5,1,4,0,4,2
chr17,68160001,68260000,10,4,0,5,2,0
chr17,68260001,68360000,2,2,2,2,4,0
chr17,68360001,68460000,3,1,0,5,3,2
chr17,68460001,68560000,7,1,2,9,3,0
chr17,68560001,68660000,2,6,2,4,0,1
chr17,68660001,68760000,4,3,3,4,1,0
chr17,68760001,68860000,2,5,5,4,1,0
chr17,68860001,68960000,6,1,6,4,3,1
chr17,68960001,69060000,2,2,3,5,0,1
chr17,69060001,69160000,7,3,3,3,3,0
chr17,69160001,69260000,5,6,0,1,1,2
chr17,69260001,69360000,1,2,2,6,4,0
chr17,69360001,69460000,4,4,0,4,4,0
chr17,69460001,69560000,3,1,5,2,0,0
chr17,69560001,69660000,5,6,4,9,4,1
chr17,69660001,69760000,2,2,1,5,4,0
chr17,69760001,69860000,6,5,3,4,3,1
chr17,69860001,69960000,1,2,0,3,1,0
chr17,69960001,70060000,4,4,0,6,3,0
chr17,70060001,70160000,2,5,4,1,4,1
chr17,70160001,70260000,4,5,1,1,1,0
chr17,70260001,70360000,6,1,1,1,0,1
chr17,70360001,70460000,2,2,0,2,1,1
chr17,70460001,70560000,2,2,0,6,1,2
chr17,70560001,70660000,2,2,1,3,1,3
chr17,70660001,70760000,5,2,2,1,2,1
chr17,70760001,70860000,4,7,0,1,2,1
chr17,70860001,70960000,1,6,0,2,2,1
chr17,70960001,71060000,9,2,0,3,0,0
chr17,71060001,71160000,2,1,0,1,3,0
chr17,71160001,71260000,0,3,2,0,0,2
chr17,71260001,71360000,5,0,2,4,0,2
chr17,71360001,71460000,4,3,2,3,0,1
chr17,71460001,71560000,0,1,1,2,2,1
chr17,71560001,71660000,1,1,0,1,0,1
chr17,71660001,71760000,0,3,0,0,3,1
chr17,71760001,71860000,5,2,2,2,1,3
chr17,71860001,71960000,3,5,1,2,1,0
chr17,71960001,72060000,4,1,2,0,2,0
chr17,72060001,72160000,0,1,3,2,2,0
chr17,72160001,72260000,4,3,1,3,1,1
chr17,72260001,72360000,7,2,0,1,2,0
chr17,72360001,72460000,2,2,1,3,3,0
chr17,72460001,72560000,1,3,0,4,3,2
chr17,72560001,72660000,2,1,0,3,2,0
chr17,72660001,72760000,8,1,2,1,1,2
chr17,72760001,72860000,1,1,1,2,1,0
chr17,72860001,72960000,3,4,0,1,1,1
chr17,72960001,73060000,2,0,1,1,4,0
chr17,73060001,73160000,2,1,0,3,0,0
chr17,73160001,73260000,2,1,0,3,0,4
chr17,73260001,73360000,3,1,3,0,0,0
chr17,73360001,73460000,6,5,1,5,2,0
chr17,73460001,73560000,1,0,2,1,0,1
chr17,73560001,73660000,2,2,0,1,2,0
chr17,73660001,73760000,1,0,0,1,1,0
chr17,73760001,73860000,5,2,0,3,1,2
chr17,73860001,73960000,3,3,0,3,1,0
chr17,73960001,74060000,1,0,1,3,1,2
chr17,74060001,74160000,3,1,0,3,2,1
chr17,74160001,74260000,4,1,1,3,0,1
chr17,74260001,74360000,2,2,1,1,2,0
chr17,74360001,74460000,2,2,0,0,0,0
chr17,74460001,74560000,2,4,3,5,0,1
chr17,74560001,74660000,1,1,1,1,0,1
chr17,74660001,74760000,1,2,3,0,1,1
chr17,74760001,74860000,2,3,1,3,2,0
chr17,74860001,74960000,2,1,2,0,1,0
chr17,74960001,75060000,3,1,1,5,1,0
chr17,75060001,75160000,0,1,1,2,1,0
chr17,75160001,75260000,2,2,1,3,2,2
chr17,75260001,75360000,2,2,0,2,2,1
chr17,75360001,75460000,4,1,2,3,1,1
chr17,75460001,75560000,4,3,3,1,0,2
chr17,75560001,75660000,5,4,0,0,4,3
chr17,75660001,75760000,3,6,2,4,1,0
chr17,75760001,75860000,1,4,0,3,2,0
chr17,75860001,75960000,9,3,2,2,0,1
chr17,75960001,76060000,6,4,0,2,3,2
chr17,76060001,76160000,3,2,0,0,0,0
chr17,76160001,76260000,7,4,1,0,4,0
chr17,76260001,76360000,0,0,0,3,1,1
chr17,76360001,76460000,0,2,0,1,2,0
chr17,76460001,76560000,4,0,2,3,1,0
chr17,76560001,76660000,1,2,3,1,1,2
chr17,76660001,76760000,2,1,1,1,1,0
chr17,76760001,76860000,5,1,1,2,1,1
chr17,76860001,76960000,2,0,2,0,1,1
chr17,76960001,77060000,7,1,1,1,2,1
chr17,77060001,77160000,3,2,3,3,1,0
chr17,77160001,77260000,5,4,0,3,2,0
chr17,77260001,77360000,0,5,0,0,2,0
chr17,77360001,77460000,0,3,0,3,0,0
chr17,77460001,77560000,2,1,0,0,0,0
chr17,77560001,77660000,1,1,0,2,2,0
chr17,77660001,77760000,1,3,0,2,1,0
chr17,77760001,77860000,4,0,1,5,2,0
chr17,77860001,77960000,0,1,1,0,3,5
chr17,77960001,78060000,5,1,0,1,2,1
chr17,78060001,78160000,1,3,0,0,1,0
chr17,78160001,78260000,3,0,0,0,1,2
chr17,78260001,78360000,4,1,3,4,1,0
chr17,78360001,78460000,2,1,0,5,1,1
chr17,78460001,78560000,2,1,1,2,1,0
chr17,78560001,78660000,0,3,1,2,1,0
chr17,78660001,78770000,2,1,1,2,1,0
chr17,78770001,78870000,3,1,0,1,2,1
chr17,78870001,78970000,3,0,1,2,2,4
chr17,78970001,79070000,4,2,0,2,2,2
chr17,79070001,79170000,3,6,1,2,1,4
chr17,79170001,79270000,6,0,1,2,1,2
chr17,79270001,79370000,2,2,1,1,1,0
chr17,79370001,79470000,4,8,2,3,1,1
chr17,79470001,79570000,2,2,0,4,0,1
chr17,79570001,79670000,1,1,0,0,0,0
chr17,79670001,79770000,0,0,1,3,0,0
chr17,79770001,79870000,3,0,0,2,1,0
chr17,79870001,79970000,2,1,1,1,3,1
chr17,79970001,80070000,4,1,1,0,4,1
chr17,80070001,80170000,2,0,0,0,0,0
chr17,80170001,80270000,0,1,1,1,0,1
chr17,80270001,80370000,2,1,2,2,0,0
chr17,80370001,80470000,2,2,0,1,4,2
chr17,80470001,80570000,1,2,0,2,3,0
chr17,80570001,80670000,6,2,1,2,3,0
chr17,80670001,80770000,3,2,0,2,1,0
chr17,80770001,80870000,0,3,2,1,3,0
chr17,80870001,80970000,2,0,0,3,0,0
chr17,80970001,81070000,2,2,0,1,1,1
chr18,130001,230000,2,2,1,7,2,1
chr18,230001,330000,1,2,2,5,3,0
chr18,330001,430000,1,5,1,6,1,1
chr18,430001,530000,1,5,2,3,1,0
chr18,530001,630000,2,8,0,4,2,0
chr18,630001,730000,2,1,2,4,3,1
chr18,730001,830000,2,1,1,3,0,0
chr18,830001,930000,4,4,0,1,0,1
chr18,930001,1060000,4,9,5,10,2,2
chr18,1060001,1160000,4,1,2,6,1,1
chr18,1160001,1260000,3,1,8,13,3,1
chr18,1260001,1360000,3,3,7,6,4,1
chr18,1360001,1460000,2,4,0,11,4,1
chr18,1460001,1560000,1,3,1,6,1,3
chr18,1560001,1660000,3,3,4,10,5,3
chr18,1660001,1760000,6,4,4,2,7,5
chr18,1760001,1860000,4,3,2,10,0,4
chr18,1860001,1960000,6,5,7,2,4,2
chr18,1960001,2060000,1,3,4,5,3,1
chr18,2060001,2160000,3,1,3,10,1,6
chr18,2160001,2280000,3,2,3,7,2,1
chr18,2280001,2380000,2,1,1,5,1,0
chr18,2380001,2480000,3,4,1,5,4,3
chr18,2480001,2580000,4,1,1,2,1,0
chr18,2580001,2680000,5,3,1,5,4,1
chr18,2680001,2780000,3,2,0,2,4,0
chr18,2780001,2910000,1,1,0,2,3,2
chr18,2910001,3010000,5,4,1,1,2,1
chr18,3010001,3110000,5,4,0,3,1,1
chr18,3110001,3210000,1,2,1,2,2,0
chr18,3210001,3310000,4,1,1,4,2,0
chr18,3310001,3410000,6,3,0,6,3,0
chr18,3410001,3510000,2,3,0,1,1,1
chr18,3510001,3610000,2,1,0,3,0,0
chr18,3610001,3710000,1,4,0,0,4,0
chr18,3710001,3810000,3,1,1,1,2,1
chr18,3810001,3910000,1,1,3,1,1,1
chr18,3910001,4010000,4,4,2,6,1,0
chr18,4010001,4110000,0,1,2,5,2,2
chr18,4110001,4210000,3,1,7,7,3,3
chr18,4210001,4310000,6,3,1,8,5,1
chr18,4310001,4410000,5,2,1,4,1,2
chr18,4410001,4510000,3,12,2,7,1,0
chr18,4510001,4610000,3,10,1,13,6,1
chr18,4610001,4710000,5,5,4,13,2,4
chr18,4710001,4810000,3,4,2,7,4,0
chr18,4810001,4910000,4,3,3,7,2,0
chr18,4910001,5010000,5,11,3,5,5,0
chr18,5010001,5110000,6,11,4,7,5,0
chr18,5110001,5210000,6,5,1,10,5,2
chr18,5210001,5310000,6,7,4,10,1,1
chr18,5310001,5410000,3,5,1,12,2,1
chr18,5410001,5510000,3,10,1,4,1,0
chr18,5510001,5610000,8,4,4,4,6,0
chr18,5610001,5710000,6,1,4,6,1,1
chr18,5710001,5810000,10,3,4,4,4,1
chr18,5810001,5910000,8,4,1,7,4,2
chr18,5910001,6010000,1,4,3,10,1,1
chr18,6010001,6110000,1,3,5,11,3,1
chr18,6110001,6210000,1,7,1,7,3,3
chr18,6210001,6310000,4,7,2,9,3,0
chr18,6310001,6410000,3,6,3,14,0,0
chr18,6410001,6510000,5,2,2,5,0,1
chr18,6510001,6610000,3,1,1,9,1,1
chr18,6610001,6740000,7,3,0,10,1,0
chr18,6740001,6840000,5,1,2,6,1,1
chr18,6840001,6940000,4,4,2,6,1,1
chr18,6940001,7040000,0,4,0,6,0,0
chr18,7040001,7140000,4,1,2,8,2,0
chr18,7140001,7240000,7,4,1,6,1,1
chr18,7240001,7340000,5,5,2,4,1,1
chr18,7340001,7440000,1,3,1,10,1,1
chr18,7440001,7540000,6,2,2,8,1,0
chr18,7540001,7640000,2,3,1,6,1,1
chr18,7640001,7740000,2,3,7,3,2,3
chr18,7740001,7840000,3,3,4,5,1,0
chr18,7840001,7940000,3,3,8,7,2,0
chr18,7940001,8040000,3,2,2,6,3,0
chr18,8040001,8140000,6,3,2,5,1,0
chr18,8140001,8240000,2,0,2,2,1,2
chr18,8240001,8340000,7,2,2,5,3,0
chr18,8340001,8440000,4,1,1,2,0,1
chr18,8440001,8540000,4,5,1,9,0,1
chr18,8540001,8640000,5,2,1,4,2,0
chr18,8640001,8740000,2,2,1,5,0,0
chr18,8740001,8840000,2,3,0,1,3,2
chr18,8840001,8940000,1,1,1,2,1,0
chr18,8940001,9040000,1,2,1,4,0,2
chr18,9040001,9140000,4,1,1,4,1,1
chr18,9140001,9240000,1,1,2,4,0,1
chr18,9240001,9340000,1,1,2,0,2,0
chr18,9340001,9440000,3,1,1,3,1,1
chr18,9440001,9540000,2,0,4,4,4,1
chr18,9540001,9640000,3,5,2,2,2,0
chr18,9640001,9740000,2,1,1,3,1,0
chr18,9740001,9840000,1,0,3,4,0,0
chr18,9840001,9940000,2,1,2,1,1,0
chr18,9940001,10040000,3,2,1,8,2,1
chr18,10040001,10140000,3,2,5,2,4,1
chr18,10140001,10240000,3,2,1,5,2,0
chr18,10240001,10340000,6,1,2,4,2,0
chr18,10340001,10440000,2,1,3,3,3,0
chr18,10440001,10540000,4,4,1,5,1,1
chr18,10540001,10640000,0,3,1,5,2,1
chr18,10640001,10740000,3,2,1,8,1,0
chr18,10740001,10840000,1,4,3,3,3,1
chr18,10840001,10940000,7,4,2,4,4,0
chr18,10940001,11040000,4,5,7,5,4,2
chr18,11040001,11140000,2,7,3,6,1,0
chr18,11140001,11240000,4,5,5,8,2,0
chr18,11240001,11340000,5,3,3,4,3,1
chr18,11340001,11440000,3,5,3,9,3,1
chr18,11440001,11540000,5,2,3,3,3,4
chr18,11540001,11640000,1,1,2,3,2,1
chr18,11640001,11740000,2,1,0,2,2,0
chr18,11740001,11840000,4,1,3,6,2,1
chr18,11840001,11940000,3,0,0,0,4,0
chr18,11940001,12040000,2,3,2,3,1,0
chr18,12040001,12240000,4,5,3,5,2,1
chr18,12240001,12340000,3,1,3,2,2,1
chr18,12340001,12440000,1,3,2,1,3,1
chr18,12440001,12540000,1,2,0,5,1,1
chr18,12540001,12640000,1,0,2,6,1,1
chr18,12640001,12740000,2,4,3,1,2,0
chr18,12740001,12840000,3,3,0,0,3,0
chr18,12840001,12940000,3,3,1,3,2,2
chr18,12940001,13040000,3,2,3,3,2,1
chr18,13040001,13140000,5,1,0,2,0,0
chr18,13140001,13240000,0,9,1,3,1,0
chr18,13240001,13340000,3,4,0,8,2,0
chr18,13340001,13440000,2,3,0,2,0,0
chr18,13440001,13540000,5,10,0,6,2,1
chr18,13540001,13640000,4,1,1,2,1,0
chr18,13640001,13740000,3,2,0,2,1,1
chr18,13740001,13840000,2,4,1,6,1,1
chr18,13840001,13940000,5,2,2,5,4,1
chr18,13940001,14040000,5,3,3,5,2,0
chr18,14040001,14140000,5,4,1,6,1,2
chr18,14140001,14360000,3,6,0,2,4,1
chr18,14360001,14460000,4,3,3,6,2,3
chr18,14460001,14560000,3,6,0,12,0,0
chr18,14560001,14660000,1,7,1,4,0,3
chr18,14660001,14760000,2,7,1,6,0,0
chr18,14760001,14860000,0,13,2,5,6,0
chr18,14860001,14960000,6,9,1,14,1,1
chr18,14960001,15060000,3,10,2,8,2,0
chr18,15060001,18580000,1,10,3,13,1,1
chr18,18580001,18680000,7,6,3,2,3,2
chr18,18680001,18780000,3,4,5,10,1,1
chr18,18780001,18880000,4,2,6,5,2,1
chr18,18880001,18980000,2,3,4,8,2,1
chr18,18980001,19080000,4,7,5,3,2,0
chr18,19080001,19180000,0,1,3,1,5,0
chr18,19180001,19280000,1,1,2,3,1,1
chr18,19280001,19380000,8,1,2,4,1,1
chr18,19380001,19480000,2,0,1,2,0,1
chr18,19480001,19580000,4,3,1,2,2,0
chr18,19580001,19680000,0,2,0,3,5,1
chr18,19680001,19780000,0,1,2,4,1,0
chr18,19780001,19910000,2,2,0,6,2,2
chr18,19910001,20010000,5,5,1,1,0,1
chr18,20010001,20130000,2,2,2,5,2,0
chr18,20130001,20230000,1,1,3,4,2,1
chr18,20230001,20330000,1,2,1,2,2,1
chr18,20330001,20460000,1,2,0,3,1,2
chr18,20460001,20560000,4,2,3,2,1,0
chr18,20560001,20660000,5,3,2,5,1,0
chr18,20660001,20760000,1,1,0,2,0,3
chr18,20760001,20860000,3,1,2,1,1,3
chr18,20860001,20960000,2,4,0,2,1,2
chr18,20960001,21060000,4,0,3,3,1,0
chr18,21060001,21160000,5,1,0,2,1,1
chr18,21160001,21260000,4,2,0,3,2,2
chr18,21260001,21360000,1,1,2,1,1,1
chr18,21360001,21460000,2,2,5,1,2,0
chr18,21460001,21560000,2,0,1,4,2,1
chr18,21560001,21660000,1,0,2,1,0,1
chr18,21660001,21760000,2,0,2,2,1,2
chr18,21760001,21860000,2,1,1,1,2,0
chr18,21860001,21960000,2,2,2,5,2,1
chr18,21960001,22060000,5,2,0,6,1,1
chr18,22060001,22160000,0,2,1,5,2,0
chr18,22160001,22260000,4,2,3,4,1,1
chr18,22260001,22360000,4,7,2,6,2,1
chr18,22360001,22460000,3,3,1,5,0,2
chr18,22460001,22560000,1,5,1,7,2,0
chr18,22560001,22660000,3,0,1,7,4,2
chr18,22660001,22760000,3,3,4,8,3,2
chr18,22760001,22860000,5,9,3,10,2,2
chr18,22860001,22960000,2,6,3,13,0,0
chr18,22960001,23060000,2,13,3,9,3,1
chr18,23060001,23160000,6,10,2,7,1,0
chr18,23160001,23260000,3,7,5,6,3,2
chr18,23260001,23360000,3,7,3,10,1,1
chr18,23360001,23460000,4,5,2,10,3,1
chr18,23460001,23560000,5,7,4,7,1,1
chr18,23560001,23660000,2,1,0,3,0,2
chr18,23660001,23760000,2,5,2,7,3,0
chr18,23760001,23860000,1,4,1,7,2,1
chr18,23860001,23960000,1,0,2,6,1,0
chr18,23960001,24060000,2,5,3,2,1,2
chr18,24060001,24160000,2,1,3,3,4,0
chr18,24160001,24260000,6,3,1,5,1,0
chr18,24260001,24360000,7,0,0,6,0,0
chr18,24360001,24460000,3,3,4,4,2,1
chr18,24460001,24560000,3,3,2,6,1,2
chr18,24560001,24660000,1,0,5,10,3,0
chr18,24660001,24760000,0,3,1,6,2,1
chr18,24760001,24860000,2,2,5,11,5,1
chr18,24860001,24960000,1,4,9,13,0,2
chr18,24960001,25060000,1,0,4,9,2,1
chr18,25060001,25160000,2,2,5,5,3,1
chr18,25160001,25260000,2,3,4,6,1,1
chr18,25260001,25360000,6,6,2,7,1,1
chr18,25360001,25460000,5,2,5,13,2,1
chr18,25460001,25560000,8,4,4,17,0,1
chr18,25560001,25660000,3,1,3,6,5,0
chr18,25660001,25760000,3,8,7,9,3,2
chr18,25760001,25860000,4,8,6,7,2,1
chr18,25860001,25960000,3,8,4,11,3,0
chr18,25960001,26060000,1,6,3,11,4,5
chr18,26060001,26160000,5,4,2,13,7,0
chr18,26160001,26260000,2,8,5,12,3,1
chr18,26260001,26360000,3,5,7,8,3,3
chr18,26360001,26460000,2,3,6,12,1,0
chr18,26460001,26560000,8,4,5,13,6,5
chr18,26560001,26660000,8,5,5,17,8,2
chr18,26660001,26760000,5,7,8,8,4,1
chr18,26760001,26860000,3,4,7,17,11,6
chr18,26860001,26960000,5,9,5,10,0,1
chr18,26960001,27060000,4,7,11,5,4,0
chr18,27060001,27180000,3,4,7,12,0,3
chr18,27180001,27280000,4,5,2,9,4,2
chr18,27280001,27380000,4,4,4,9,4,3
chr18,27380001,27480000,3,8,7,10,5,1
chr18,27480001,27580000,3,11,6,13,3,2
chr18,27580001,27680000,8,12,4,7,3,3
chr18,27680001,27780000,3,12,2,12,4,1
chr18,27780001,27880000,8,12,6,9,4,2
chr18,27880001,27980000,2,2,1,5,5,1
chr18,27980001,28080000,3,8,5,9,4,1
chr18,28080001,28180000,4,7,3,6,5,2
chr18,28180001,28280000,3,4,4,10,3,0
chr18,28280001,28380000,6,5,5,11,2,2
chr18,28380001,28480000,4,2,1,5,2,0
chr18,28480001,28580000,0,4,3,3,1,4
chr18,28580001,28680000,1,1,0,5,4,5
chr18,28680001,28780000,2,3,2,3,3,4
chr18,28780001,28880000,2,5,0,2,1,0
chr18,28880001,29000000,5,1,3,4,1,1
chr18,29000001,29100000,2,2,1,4,4,1
chr18,29100001,29200000,2,3,1,2,2,1
chr18,29200001,29300000,2,3,0,0,2,1
chr18,29300001,29400000,5,2,1,5,4,0
chr18,29400001,29500000,1,2,0,2,3,1
chr18,29500001,29600000,2,7,2,3,2,0
chr18,29600001,29700000,2,2,0,2,2,0
chr18,29700001,29800000,2,1,0,5,1,1
chr18,29800001,29900000,3,0,1,3,0,0
chr18,29900001,30000000,0,2,3,2,2,0
chr18,30000001,30100000,2,4,0,3,0,1
chr18,30100001,30200000,2,4,2,3,2,0
chr18,30200001,30300000,2,1,1,5,0,1
chr18,30300001,30400000,3,2,1,8,2,0
chr18,30400001,30520000,1,4,1,1,4,2
chr18,30520001,30620000,6,4,1,6,2,0
chr18,30620001,30720000,2,8,1,3,2,2
chr18,30720001,30820000,4,3,2,7,0,1
chr18,30820001,30920000,4,7,3,8,1,2
chr18,30920001,31020000,2,6,4,8,3,0
chr18,31020001,31120000,2,9,2,4,1,4
chr18,31120001,31220000,8,4,2,5,4,1
chr18,31220001,31320000,4,5,2,7,1,2
chr18,31320001,31420000,2,3,0,4,0,1
chr18,31420001,31520000,2,7,3,6,1,0
chr18,31520001,31620000,1,8,1,5,3,2
chr18,31620001,31720000,2,1,2,6,1,2
chr18,31720001,31820000,4,9,4,11,1,1
chr18,31820001,31920000,0,6,2,4,6,1
chr18,31920001,32020000,2,6,1,6,3,2
chr18,32020001,32150000,4,6,3,7,1,0
chr18,32150001,32250000,5,2,4,6,3,2
chr18,32250001,32350000,1,3,3,2,0,1
chr18,32350001,32450000,2,4,0,2,0,1
chr18,32450001,32550000,4,3,1,0,4,0
chr18,32550001,32650000,3,5,3,2,1,1
chr18,32650001,32750000,5,2,0,0,0,1
chr18,32750001,32850000,2,1,0,4,4,0
chr18,32850001,32970000,5,1,0,2,0,0
chr18,32970001,33070000,3,1,0,2,1,1
chr18,33070001,33170000,4,0,1,5,0,1
chr18,33170001,33300000,3,4,3,2,4,2
chr18,33300001,33410000,2,3,2,1,0,4
chr18,33410001,33510000,2,3,2,6,1,2
chr18,33510001,33610000,3,0,2,2,4,0
chr18,33610001,33710000,2,4,2,4,1,0
chr18,33710001,33810000,4,1,2,2,2,0
chr18,33810001,33910000,4,3,0,2,2,0
chr18,33910001,34010000,1,0,1,2,3,0
chr18,34010001,34110000,3,6,2,5,2,3
chr18,34110001,34210000,1,3,0,8,2,0
chr18,34210001,34310000,3,2,1,4,1,0
chr18,34310001,34410000,5,1,2,3,0,0
chr18,34410001,34510000,4,2,0,5,0,0
chr18,34510001,34610000,2,1,2,7,1,0
chr18,34610001,34710000,2,0,0,7,6,0
chr18,34710001,34810000,1,2,2,8,2,1
chr18,34810001,34910000,5,5,0,1,2,1
chr18,34910001,35010000,2,2,0,2,0,1
chr18,35010001,35110000,2,8,3,2,1,0
chr18,35110001,35210000,2,6,2,6,4,1
chr18,35210001,35310000,2,5,2,6,5,1
chr18,35310001,35410000,1,12,0,6,5,0
chr18,35410001,35510000,4,9,5,3,3,0
chr18,35510001,35610000,2,2,3,10,1,4
chr18,35610001,35710000,2,4,2,12,5,0
chr18,35710001,35810000,5,6,6,8,3,0
chr18,35810001,35910000,5,6,3,8,2,1
chr18,35910001,36010000,0,0,4,5,2,0
chr18,36010001,36110000,5,3,2,6,2,2
chr18,36110001,36210000,4,9,5,9,2,0
chr18,36210001,36310000,8,3,5,9,0,2
chr18,36310001,36410000,4,5,5,11,1,3
chr18,36410001,36510000,3,5,3,8,4,5
chr18,36510001,36610000,0,5,6,7,3,3
chr18,36610001,36710000,5,4,6,13,0,3
chr18,36710001,36810000,4,5,5,4,2,4
chr18,36810001,36910000,4,3,2,4,3,0
chr18,36910001,37010000,2,6,3,3,1,2
chr18,37010001,37110000,4,2,6,9,2,2
chr18,37110001,37210000,3,4,1,6,2,3
chr18,37210001,37310000,4,3,3,5,0,0
chr18,37310001,37410000,1,5,3,4,4,1
chr18,37410001,37510000,3,5,3,4,3,4
chr18,37510001,37610000,6,4,6,17,2,2
chr18,37610001,37710000,6,6,0,8,1,3
chr18,37710001,37810000,0,2,5,7,5,1
chr18,37810001,37910000,5,5,5,6,2,4
chr18,37910001,38010000,3,8,4,11,6,3
chr18,38010001,38110000,5,5,4,14,4,3
chr18,38110001,38210000,6,6,2,9,3,1
chr18,38210001,38310000,5,5,5,11,2,2
chr18,38310001,38410000,5,4,1,9,8,3
chr18,38410001,38520000,4,5,4,5,0,3
chr18,38520001,38620000,4,8,2,15,4,2
chr18,38620001,38720000,2,6,8,10,4,2
chr18,38720001,38820000,3,2,1,6,5,6
chr18,38820001,38920000,3,3,2,9,1,2
chr18,38920001,39020000,5,5,2,7,1,3
chr18,39020001,39120000,3,4,3,12,1,0
chr18,39120001,39220000,3,3,9,4,2,1
chr18,39220001,39320000,2,5,4,10,1,1
chr18,39320001,39420000,3,4,3,10,3,0
chr18,39420001,39520000,5,2,1,6,0,1
chr18,39520001,39620000,2,3,2,3,0,1
chr18,39620001,39720000,3,1,3,2,6,1
chr18,39720001,39820000,4,4,2,8,1,0
chr18,39820001,39920000,3,4,1,5,0,0
chr18,39920001,40020000,3,4,1,2,4,1
chr18,40020001,40120000,2,5,3,2,2,1
chr18,40120001,40220000,1,6,6,4,2,4
chr18,40220001,40320000,5,6,5,0,1,1
chr18,40320001,40420000,2,5,5,8,1,3
chr18,40420001,40520000,8,4,4,11,4,1
chr18,40520001,40620000,5,8,6,7,1,2
chr18,40620001,40720000,4,5,7,6,2,1
chr18,40720001,40820000,4,3,5,4,5,1
chr18,40820001,40920000,4,6,4,6,0,2
chr18,40920001,41020000,2,7,10,6,2,3
chr18,41020001,41120000,6,7,3,16,2,5
chr18,41120001,41220000,9,5,1,5,2,2
chr18,41220001,41320000,3,4,2,7,0,0
chr18,41320001,41420000,2,5,7,6,2,3
chr18,41420001,41520000,1,3,8,18,2,4
chr18,41520001,41620000,0,3,3,9,2,1
chr18,41620001,41720000,4,5,3,6,2,0
chr18,41720001,41820000,3,8,2,1,1,1
chr18,41820001,41920000,5,1,4,8,2,4
chr18,41920001,42020000,0,4,4,9,2,2
chr18,42030001,42130000,2,3,2,8,2,2
chr18,42130001,42230000,4,3,1,4,0,1
chr18,42230001,42330000,1,3,2,8,1,0
chr18,42330001,42430000,2,2,2,5,2,1
chr18,42430001,42530000,2,3,3,5,2,0
chr18,42530001,42650000,0,3,3,3,1,0
chr18,42650001,42750000,5,1,2,8,1,1
chr18,42750001,42850000,4,5,3,5,1,1
chr18,42850001,42950000,1,2,0,4,0,0
chr18,42950001,43050000,6,1,1,5,4,1
chr18,43050001,43150000,1,4,0,2,1,0
chr18,43150001,43250000,2,3,0,1,1,0
chr18,43250001,43350000,3,3,2,1,4,0
chr18,43350001,43450000,2,1,0,2,2,0
chr18,43450001,43550000,2,0,3,1,1,1
chr18,43550001,43650000,6,1,1,2,2,0
chr18,43650001,43750000,1,0,1,2,0,1
chr18,43750001,43850000,2,1,0,1,2,2
chr18,43850001,43950000,3,1,2,1,0,1
chr18,43950001,44050000,5,3,1,3,1,1
chr18,44050001,44160000,0,4,0,3,0,4
chr18,44160001,44260000,2,5,3,6,3,1
chr18,44260001,44360000,2,4,0,4,0,0
chr18,44360001,44460000,1,4,1,2,3,0
chr18,44460001,44600000,6,8,0,3,2,1
chr18,44600001,44700000,2,0,4,0,2,0
chr18,44700001,44800000,4,6,4,5,4,2
chr18,44800001,44900000,0,4,1,6,1,0
chr18,44900001,45000000,4,7,1,4,0,0
chr18,45000001,45100000,4,4,3,3,1,5
chr18,45100001,45200000,1,3,0,0,0,0
chr18,45200001,45300000,2,5,0,3,0,0
chr18,45300001,45420000,2,5,1,2,2,0
chr18,45420001,45520000,6,4,1,2,3,0
chr18,45520001,45620000,3,3,0,5,0,1
chr18,45620001,45720000,6,1,0,0,2,1
chr18,45720001,45820000,5,3,0,1,2,2
chr18,45820001,45920000,3,1,0,3,1,0
chr18,45920001,46020000,5,1,1,4,0,0
chr18,46020001,46120000,1,3,0,6,1,0
chr18,46120001,46260000,4,1,0,1,2,0
chr18,46260001,46360000,2,3,0,1,1,1
chr18,46360001,46460000,3,2,1,1,0,2
chr18,46460001,46560000,2,1,0,1,1,0
chr18,46560001,46730000,4,0,2,2,0,1
chr18,46730001,46830000,1,0,0,0,1,0
chr18,46830001,46930000,2,1,1,2,1,0
chr18,46930001,47030000,2,5,1,1,0,1
chr18,47030001,47130000,4,0,2,2,4,1
chr18,47130001,47230000,2,3,2,1,0,0
chr18,47230001,47350000,5,2,0,0,0,0
chr18,47350001,47450000,1,0,1,3,0,0
chr18,47450001,47550000,2,4,0,3,2,2
chr18,47550001,47650000,1,1,2,2,2,1
chr18,47650001,47750000,2,1,0,1,4,0
chr18,47750001,47850000,4,2,1,3,3,2
chr18,47850001,47950000,4,2,2,3,1,2
chr18,47950001,48050000,2,4,2,5,0,4
chr18,48050001,48150000,1,3,2,7,2,3
chr18,48150001,48250000,1,3,1,0,1,5
chr18,48250001,48350000,3,2,2,3,1,0
chr18,48350001,48450000,2,2,0,1,1,0
chr18,48450001,48550000,0,2,1,1,2,0
chr18,48550001,48650000,4,2,3,5,3,1
chr18,48650001,48750000,3,2,1,3,5,0
chr18,48750001,48850000,4,5,2,2,2,0
chr18,48850001,48950000,6,2,3,2,2,1
chr18,48950001,49050000,4,1,3,6,0,0
chr18,49050001,49150000,4,8,0,5,1,1
chr18,49150001,49250000,2,8,0,4,1,1
chr18,49250001,49350000,5,4,4,0,2,4
chr18,49350001,49450000,3,9,3,3,5,2
chr18,49450001,49550000,3,3,2,3,3,0
chr18,49550001,49650000,2,4,2,4,4,3
chr18,49650001,49750000,5,7,4,7,0,3
chr18,49750001,49850000,2,2,2,9,4,1
chr18,49850001,49950000,4,2,6,6,6,1
chr18,49950001,50050000,3,7,0,3,2,3
chr18,50050001,50150000,2,11,4,9,4,0
chr18,50150001,50250000,1,4,2,12,2,2
chr18,50250001,50370000,1,7,1,9,2,3
chr18,50370001,50470000,2,7,1,6,3,0
chr18,50470001,50570000,6,6,7,6,3,5
chr18,50570001,50670000,6,5,1,5,2,4
chr18,50670001,50770000,3,3,5,4,2,2
chr18,50770001,50870000,5,3,2,13,1,3
chr18,50870001,50970000,5,4,7,12,3,2
chr18,50970001,51070000,0,3,1,9,5,1
chr18,51070001,51170000,10,5,5,8,3,4
chr18,51170001,51270000,1,5,3,11,0,4
chr18,51270001,51370000,2,4,0,2,3,0
chr18,51370001,51470000,4,1,2,8,0,2
chr18,51470001,51570000,1,0,3,7,0,1
chr18,51570001,51670000,2,3,2,3,1,0
chr18,51670001,51770000,3,1,0,1,3,1
chr18,51770001,51870000,3,3,3,6,0,1
chr18,51870001,51970000,1,1,2,2,0,1
chr18,51970001,52070000,0,0,1,2,1,2
chr18,52070001,52170000,0,0,0,0,0,0
chr18,52170001,52270000,2,0,0,3,0,0
chr18,52270001,52370000,6,3,2,5,3,2
chr18,52370001,52470000,3,0,0,4,1,2
chr18,52470001,52570000,3,2,0,1,1,2
chr18,52570001,52670000,4,2,1,5,4,0
chr18,52670001,52780000,4,1,3,3,4,1
chr18,52780001,52880000,5,3,3,3,3,2
chr18,52880001,52980000,2,4,7,1,1,0
chr18,52980001,53080000,3,4,5,6,2,2
chr18,53080001,53180000,5,2,3,6,3,0
chr18,53180001,53280000,5,4,5,4,1,1
chr18,53280001,53380000,4,3,5,6,0,2
chr18,53390001,53490000,6,5,5,6,4,1
chr18,53490001,53590000,2,7,5,7,6,0
chr18,53590001,53690000,9,5,3,3,2,0
chr18,53690001,53790000,4,5,4,5,2,0
chr18,53790001,53890000,4,2,1,3,4,4
chr18,53890001,53990000,4,1,2,6,3,3
chr18,53990001,54090000,8,3,2,3,0,1
chr18,54090001,54190000,1,3,0,7,4,2
chr18,54190001,54290000,2,1,1,3,0,0
chr18,54290001,54390000,2,6,0,2,3,0
chr18,54400001,54500000,5,0,3,0,1,0
chr18,54500001,54600000,0,0,2,3,2,0
chr18,54600001,54700000,4,4,2,1,0,4
chr18,54700001,54800000,2,7,0,1,2,1
chr18,54800001,54900000,6,7,1,4,1,1
chr18,54900001,55000000,1,1,1,4,2,0
chr18,55000001,55100000,4,9,2,4,2,1
chr18,55100001,55200000,2,2,1,0,3,1
chr18,55200001,55300000,1,0,0,0,0,1
chr18,55300001,55400000,4,4,1,2,0,1
chr18,55400001,55500000,3,3,1,3,1,1
chr18,55500001,55600000,2,0,2,1,2,3
chr18,55600001,55700000,2,3,1,3,0,1
chr18,55700001,55800000,4,1,1,1,0,5
chr18,55800001,55900000,3,2,1,3,3,1
chr18,55900001,56000000,2,5,1,4,4,0
chr18,56000001,56100000,1,0,2,1,3,0
chr18,56100001,56200000,3,3,0,1,2,0
chr18,56200001,56300000,3,0,2,0,2,0
chr18,56300001,56400000,2,5,0,1,1,0
chr18,56400001,56500000,1,7,1,1,2,0
chr18,56500001,56600000,3,3,2,1,2,0
chr18,56600001,56700000,2,6,2,1,2,0
chr18,56700001,56800000,4,6,4,2,5,1
chr18,56800001,56900000,4,2,2,6,1,1
chr18,56900001,57000000,2,8,2,4,2,1
chr18,57000001,57100000,3,3,3,2,2,2
chr18,57100001,57200000,2,3,1,5,2,0
chr18,57200001,57300000,6,0,3,2,2,1
chr18,57300001,57400000,0,4,3,3,4,2
chr18,57400001,57500000,3,1,2,4,2,1
chr18,57500001,57600000,3,3,2,3,2,0
chr18,57600001,57700000,2,2,2,6,2,0
chr18,57700001,57800000,6,1,2,5,5,2
chr18,57800001,57900000,1,3,3,3,2,1
chr18,57900001,58000000,3,3,1,3,4,3
chr18,58000001,58100000,5,1,3,7,2,4
chr18,58100001,58200000,5,3,1,5,0,3
chr18,58200001,58300000,5,5,5,5,6,0
chr18,58300001,58400000,3,4,3,8,0,3
chr18,58400001,58500000,4,5,4,4,3,2
chr18,58500001,58600000,5,3,4,9,4,1
chr18,58600001,58700000,5,6,5,3,3,1
chr18,58700001,58800000,6,3,6,4,2,1
chr18,58800001,58900000,4,6,3,5,0,4
chr18,58900001,59000000,3,7,2,2,2,2
chr18,59000001,59100000,8,5,0,4,4,1
chr18,59100001,59200000,5,4,2,5,1,0
chr18,59200001,59300000,2,1,0,3,3,0
chr18,59300001,59400000,0,1,1,1,2,2
chr18,59400001,59500000,4,1,1,5,0,0
chr18,59500001,59600000,2,3,2,2,3,1
chr18,59600001,59700000,4,2,0,1,1,0
chr18,59700001,59800000,5,0,2,3,2,2
chr18,59800001,59900000,1,4,0,6,2,0
chr18,59900001,60000000,2,1,4,2,2,0
chr18,60000001,60100000,3,2,0,1,1,0
chr18,60100001,60200000,5,2,0,2,1,0
chr18,60200001,60300000,1,1,0,0,0,2
chr18,60300001,60400000,1,3,1,4,1,2
chr18,60400001,60500000,3,3,2,2,1,0
chr18,60500001,60600000,1,1,2,2,0,1
chr18,60600001,60700000,4,2,1,0,0,0
chr18,60700001,60800000,2,2,3,2,4,0
chr18,60800001,60940000,1,0,0,6,0,1
chr18,60940001,61040000,4,2,0,3,2,2
chr18,61040001,61140000,1,2,1,1,3,1
chr18,61140001,61240000,5,4,5,5,1,0
chr18,61240001,61340000,3,2,1,5,2,2
chr18,61340001,61440000,2,2,0,3,0,0
chr18,61440001,61550000,2,2,6,1,2,0
chr18,61550001,61650000,5,2,2,5,4,1
chr18,61650001,61750000,2,3,2,7,1,1
chr18,61750001,61850000,2,7,3,7,8,3
chr18,61850001,61950000,1,3,1,4,1,2
chr18,61950001,62050000,3,7,4,6,4,2
chr18,62050001,62150000,3,6,3,10,4,0
chr18,62150001,62250000,5,10,1,9,3,1
chr18,62250001,62350000,6,3,2,9,4,0
chr18,62350001,62450000,3,6,3,13,2,2
chr18,62450001,62550000,3,13,6,5,3,0
chr18,62550001,62650000,9,6,3,12,0,1
chr18,62650001,62750000,2,3,2,9,1,0
chr18,62750001,62850000,10,10,4,15,5,2
chr18,62850001,62950000,4,10,4,7,2,3
chr18,62950001,63050000,8,5,2,10,4,4
chr18,63050001,63150000,2,12,7,12,3,1
chr18,63150001,63250000,3,5,2,18,3,2
chr18,63250001,63350000,2,10,3,14,1,3
chr18,63350001,63450000,1,5,3,8,6,1
chr18,63450001,63550000,3,6,1,4,3,1
chr18,63550001,63650000,0,5,3,9,1,4
chr18,63650001,63750000,3,8,1,5,6,3
chr18,63750001,63850000,7,8,2,9,4,1
chr18,63850001,63950000,3,11,9,6,3,0
chr18,63950001,64050000,3,8,3,17,1,1
chr18,64050001,64150000,5,8,5,8,2,2
chr18,64150001,64250000,3,4,4,6,5,1
chr18,64250001,64350000,4,4,2,5,3,1
chr18,64350001,64450000,3,8,1,4,1,1
chr18,64450001,64550000,5,4,3,7,2,4
chr18,64550001,64650000,5,5,1,6,5,1
chr18,64650001,64750000,2,7,3,8,2,1
chr18,64750001,64850000,4,1,3,6,2,2
chr18,64850001,64950000,2,3,4,7,1,1
chr18,64950001,65050000,7,8,2,6,1,0
chr18,65050001,65150000,6,1,5,10,3,2
chr18,65150001,65250000,2,4,3,6,3,1
chr18,65250001,65350000,5,5,2,12,3,1
chr18,65350001,65450000,6,7,9,11,3,1
chr18,65450001,65550000,4,3,7,6,3,3
chr18,65550001,65650000,10,6,3,8,1,3
chr18,65650001,65750000,5,8,6,6,1,2
chr18,65750001,65850000,3,3,1,11,6,3
chr18,65850001,65950000,4,6,5,12,2,1
chr18,65950001,66050000,5,14,3,4,2,4
chr18,66050001,66150000,4,14,4,4,2,1
chr18,66150001,66250000,5,8,3,5,2,1
chr18,66250001,66350000,0,5,1,6,1,1
chr18,66350001,66450000,2,3,2,4,4,0
chr18,66450001,66550000,1,3,4,7,0,1
chr18,66550001,66650000,4,5,2,7,2,0
chr18,66650001,66750000,1,4,6,9,4,3
chr18,66750001,66850000,5,10,4,6,6,1
chr18,66850001,66950000,1,2,1,10,9,2
chr18,66950001,67050000,6,9,6,14,3,1
chr18,67050001,67150000,4,8,3,4,3,0
chr18,67150001,67250000,3,6,2,5,3,3
chr18,67250001,67350000,5,3,2,4,4,1
chr18,67350001,67450000,2,6,1,4,4,2
chr18,67450001,67550000,2,7,2,6,1,0
chr18,67550001,67650000,4,0,0,0,2,3
chr18,67650001,67750000,2,2,1,1,0,1
chr18,67750001,67850000,4,2,0,1,1,1
chr18,67850001,67950000,1,0,1,1,1,2
chr18,67950001,68050000,3,4,0,2,2,3
chr18,68050001,68150000,0,6,1,1,0,1
chr18,68150001,68250000,2,7,0,3,1,1
chr18,68250001,68350000,7,5,0,7,4,0
chr18,68350001,68490000,3,7,3,3,3,0
chr18,68490001,68590000,3,6,4,10,4,1
chr18,68590001,68690000,1,10,2,3,3,3
chr18,68690001,68790000,7,13,6,5,2,2
chr18,68790001,68890000,5,5,1,4,6,1
chr18,68890001,68990000,1,9,7,9,0,2
chr18,68990001,69090000,7,9,5,11,3,1
chr18,69090001,69190000,8,12,3,4,1,1
chr18,69190001,69290000,3,7,4,10,5,1
chr18,69290001,69390000,4,10,7,10,4,6
chr18,69390001,69490000,0,3,3,8,0,4
chr18,69490001,69590000,0,12,6,10,2,1
chr18,69590001,69690000,2,12,5,11,1,0
chr18,69690001,69790000,5,7,4,8,2,2
chr18,69790001,69890000,6,7,3,9,2,1
chr18,69890001,69990000,6,8,8,13,1,5
chr18,69990001,70090000,2,5,1,7,3,2
chr18,70090001,70190000,3,12,5,1,1,3
chr18,70190001,70290000,2,9,8,7,3,2
chr18,70290001,70390000,3,3,6,9,3,1
chr18,70390001,70490000,1,8,2,12,2,2
chr18,70490001,70590000,1,4,2,4,4,2
chr18,70590001,70690000,7,6,2,6,3,2
chr18,70690001,70790000,6,4,2,5,1,1
chr18,70790001,70890000,5,4,1,8,0,0
chr18,70890001,70990000,3,5,2,6,1,0
chr18,70990001,71090000,1,4,6,2,2,4
chr18,71090001,71190000,3,4,1,4,3,2
chr18,71190001,71290000,2,6,5,9,3,1
chr18,71290001,71390000,3,6,4,4,2,2
chr18,71390001,71490000,4,4,3,5,1,0
chr18,71490001,71590000,4,1,1,6,5,0
chr18,71590001,71690000,5,3,2,4,3,1
chr18,71690001,71790000,3,3,4,5,4,0
chr18,71790001,71890000,2,2,2,2,3,0
chr18,71890001,71990000,3,2,1,2,0,0
chr18,71990001,72090000,2,2,3,4,1,1
chr18,72090001,72190000,5,4,0,0,1,3
chr18,72190001,72290000,1,2,2,2,0,1
chr18,72290001,72390000,1,2,0,0,0,2
chr18,72390001,72490000,4,2,2,4,1,1
chr18,72490001,72590000,4,0,2,0,1,0
chr18,72590001,72690000,4,4,0,1,2,2
chr18,72690001,72790000,2,2,0,2,1,0
chr18,72790001,72890000,4,4,1,4,2,1
chr18,72890001,72990000,1,1,0,1,2,3
chr18,72990001,73090000,1,1,2,3,2,0
chr18,73090001,73190000,3,3,2,6,3,2
chr18,73190001,73290000,4,4,3,2,2,1
chr18,73290001,73390000,0,5,4,9,3,0
chr18,73390001,73490000,1,6,3,4,2,2
chr18,73490001,73590000,3,2,0,3,0,0
chr18,73590001,73690000,4,3,1,2,3,2
chr18,73690001,73790000,4,6,2,7,3,4
chr18,73790001,73890000,2,9,1,6,2,0
chr18,73890001,73990000,4,1,2,7,3,0
chr18,73990001,74090000,2,1,3,2,3,0
chr18,74090001,74190000,1,2,1,2,2,1
chr18,74190001,74290000,3,2,3,3,4,1
chr18,74290001,74390000,4,0,1,5,1,1
chr18,74390001,74490000,2,5,0,1,1,1
chr18,74490001,74590000,5,0,1,4,2,1
chr18,74590001,74720000,5,3,0,0,0,1
chr18,74720001,74820000,2,1,1,2,1,1
chr18,74820001,74920000,2,7,3,1,3,0
chr18,74920001,75020000,2,5,1,1,1,2
chr18,75020001,75120000,6,6,3,5,4,1
chr18,75120001,75220000,4,5,2,5,3,2
chr18,75220001,75320000,7,3,2,4,2,0
chr18,75320001,75420000,4,6,2,3,3,3
chr18,75420001,75520000,6,7,1,6,2,1
chr18,75520001,75620000,2,11,4,8,4,1
chr18,75620001,75720000,4,7,1,7,1,3
chr18,75720001,75820000,1,2,2,3,1,2
chr18,75820001,75920000,3,3,1,6,0,3
chr18,75920001,76020000,5,3,4,5,7,0
chr18,76020001,76120000,3,0,1,4,1,1
chr18,76120001,76230000,1,1,3,6,2,0
chr18,76230001,76340000,3,3,0,3,0,0
chr18,76340001,76440000,4,0,2,1,0,1
chr18,76440001,76540000,3,4,2,5,0,1
chr18,76540001,76640000,3,7,2,7,1,0
chr18,76640001,76740000,3,5,2,3,0,1
chr18,76740001,76880000,4,3,2,1,6,0
chr18,76880001,76980000,3,3,1,3,0,1
chr18,76980001,77180000,1,3,1,1,0,2
chr18,77180001,77290000,2,4,2,2,1,0
chr18,77290001,77420000,1,1,1,1,1,0
chr18,77420001,77520000,1,0,0,2,1,0
chr18,77520001,77620000,5,2,1,3,1,2
chr18,77620001,77740000,2,2,1,4,1,0
chr18,77740001,77870000,0,2,1,1,0,0
chr18,77870001,77970000,4,1,1,0,3,1
chr18,77970001,78070000,0,0,2,1,0,0
chr19,1,100000,0,0,0,0,0,0
chr19,100001,200000,0,0,2,0,0,0
chr19,200001,300000,2,1,0,1,0,0
chr19,300001,400000,2,3,0,1,4,0
chr19,400001,500000,2,3,1,0,1,1
chr19,500001,600000,1,1,1,1,2,3
chr19,600001,700000,1,4,0,2,0,0
chr19,700001,800000,2,2,0,2,0,2
chr19,800001,900000,2,3,0,3,0,0
chr19,900001,1000000,0,0,2,3,1,1
chr19,1000001,1100000,1,2,0,0,0,0
chr19,1100001,1200000,3,4,1,1,1,0
chr19,1200001,1300000,2,2,1,2,1,1
chr19,1300001,1400000,2,3,1,1,1,2
chr19,1400001,1500000,1,4,1,2,2,2
chr19,1500001,1600000,5,1,0,3,2,1
chr19,1600001,1700000,0,3,0,5,0,0
chr19,1700001,1800000,4,3,1,4,1,0
chr19,1800001,1900000,0,1,3,0,1,0
chr19,1900001,2000000,4,2,0,1,1,1
chr19,2000001,2100000,3,0,0,2,0,0
chr19,2100001,2200000,2,1,0,2,3,2
chr19,2200001,2300000,2,4,1,4,2,1
chr19,2300001,2400000,4,1,0,2,1,0
chr19,2400001,2500000,4,2,1,4,0,0
chr19,2500001,2600000,5,1,2,2,0,2
chr19,2600001,2700000,2,0,1,1,1,1
chr19,2700001,2800000,1,0,2,0,1,0
chr19,2800001,2900000,3,0,0,0,1,0
chr19,2900001,3000000,2,2,0,3,1,0
chr19,3000001,3100000,5,2,1,4,1,0
chr19,3100001,3200000,1,2,0,3,1,0
chr19,3200001,3300000,0,4,0,1,2,1
chr19,3300001,3400000,2,1,1,2,1,0
chr19,3400001,3500000,4,5,0,2,3,0
chr19,3500001,3600000,6,1,2,3,0,0
chr19,3600001,3700000,2,2,1,2,1,0
chr19,3700001,3800000,5,3,0,2,2,0
chr19,3800001,3900000,4,1,0,1,1,1
chr19,3900001,4000000,4,4,2,2,2,1
chr19,4000001,4100000,1,1,2,1,0,1
chr19,4100001,4200000,4,3,3,2,1,1
chr19,4200001,4300000,1,2,0,1,1,2
chr19,4300001,4400000,2,0,1,2,2,1
chr19,4400001,4500000,3,3,0,2,0,0
chr19,4500001,4600000,1,2,1,2,1,0
chr19,4600001,4700000,0,1,0,2,2,1
chr19,4700001,4800000,1,1,2,4,2,0
chr19,4800001,4900000,2,1,2,2,0,0
chr19,4900001,5000000,0,1,1,1,2,1
chr19,5000001,5100000,5,1,0,0,2,2
chr19,5100001,5200000,0,2,0,1,3,0
chr19,5200001,5300000,1,1,2,8,2,0
chr19,5300001,5400000,1,0,1,2,3,0
chr19,5400001,5500000,5,4,0,2,2,1
chr19,5500001,5600000,3,4,1,3,1,0
chr19,5600001,5700000,1,1,2,0,1,1
chr19,5700001,5800000,2,2,1,3,0,0
chr19,5800001,5900000,6,2,0,1,0,0
chr19,5900001,6000000,2,3,0,1,1,0
chr19,6000001,6100000,5,0,1,1,0,0
chr19,6100001,6200000,3,2,3,4,0,1
chr19,6200001,6300000,1,0,2,2,1,0
chr19,6300001,6400000,3,2,0,4,0,1
chr19,6400001,6500000,0,2,0,1,3,0
chr19,6500001,6600000,2,2,2,4,0,2
chr19,6600001,6700000,2,1,0,2,3,2
chr19,6700001,6800000,3,1,1,1,1,0
chr19,6800001,6900000,3,1,0,0,2,1
chr19,6900001,7000000,1,1,5,2,3,0
chr19,7000001,7100000,2,1,1,0,0,0
chr19,7100001,7200000,3,0,1,1,2,0
chr19,7200001,7300000,3,3,2,0,2,1
chr19,7300001,7400000,0,0,0,0,0,0
chr19,7400001,7500000,4,0,3,3,1,0
chr19,7500001,7610000,1,2,1,2,0,0
chr19,7610001,7710000,2,2,1,2,1,2
chr19,7710001,7810000,1,4,3,2,2,1
chr19,7810001,7910000,2,2,1,1,1,1
chr19,7910001,8010000,1,1,1,1,2,0
chr19,8010001,8110000,1,0,1,1,2,0
chr19,8110001,8210000,5,1,2,2,0,0
chr19,8210001,8310000,1,4,0,9,3,1
chr19,8310001,8410000,1,3,1,0,0,0
chr19,8410001,8510000,3,0,2,2,2,0
chr19,8510001,8610000,1,5,0,1,1,4
chr19,8610001,8710000,1,1,2,2,1,1
chr19,8710001,8810000,1,1,2,4,0,1
chr19,8810001,8980000,1,5,0,5,1,0
chr19,8980001,9080000,2,2,0,4,4,0
chr19,9080001,9180000,3,4,2,2,0,0
chr19,9180001,9280000,2,1,1,4,3,0
chr19,9280001,9380000,4,3,2,8,1,0
chr19,9380001,9480000,0,1,3,7,1,1
chr19,9480001,9580000,2,2,1,5,3,0
chr19,9580001,9680000,3,4,4,4,1,0
chr19,9680001,9780000,3,2,3,1,2,2
chr19,9780001,9880000,4,5,2,7,1,0
chr19,9880001,9980000,2,2,1,6,1,2
chr19,9980001,10080000,2,0,2,1,2,1
chr19,10080001,10180000,3,0,1,2,1,1
chr19,10180001,10280000,5,2,1,2,1,0
chr19,10280001,10380000,3,5,4,4,1,1
chr19,10380001,10480000,2,1,0,2,2,0
chr19,10480001,10580000,6,1,0,4,1,0
chr19,10580001,10680000,1,2,1,2,0,0
chr19,10680001,10780000,6,2,1,3,1,3
chr19,10780001,10880000,1,0,0,0,3,1
chr19,10880001,10980000,1,0,0,1,1,2
chr19,10980001,11080000,1,1,1,4,2,1
chr19,11080001,11180000,1,1,0,0,1,2
chr19,11180001,11280000,3,5,2,3,1,1
chr19,11280001,11380000,3,1,0,2,1,1
chr19,11380001,11480000,4,1,3,2,1,0
chr19,11480001,11580000,3,1,2,2,1,1
chr19,11580001,11680000,2,0,0,1,3,0
chr19,11680001,11780000,3,0,2,5,4,1
chr19,11780001,11880000,3,0,4,4,1,1
chr19,11880001,11980000,2,2,1,6,2,3
chr19,11980001,12080000,0,2,2,5,0,2
chr19,12080001,12180000,3,0,4,3,1,1
chr19,12180001,12280000,6,1,1,1,3,0
chr19,12280001,12380000,3,2,2,5,0,1
chr19,12380001,12480000,3,1,0,5,0,2
chr19,12480001,12580000,0,2,2,7,0,0
chr19,12580001,12680000,0,0,2,7,1,1
chr19,12680001,12780000,4,0,2,3,3,2
chr19,12780001,12880000,2,0,2,3,0,1
chr19,12880001,12980000,3,0,1,5,2,0
chr19,12980001,13080000,1,2,2,2,3,1
chr19,13080001,13180000,3,1,0,1,6,2
chr19,13180001,13280000,3,1,0,3,3,0
chr19,13280001,13380000,4,5,1,4,0,1
chr19,13380001,13480000,1,5,3,2,1,0
chr19,13480001,13580000,4,4,2,4,3,0
chr19,13580001,13680000,0,3,2,4,3,1
chr19,13680001,13780000,2,3,1,5,2,0
chr19,13780001,13880000,2,2,1,5,3,0
chr19,13880001,13980000,2,1,1,4,2,0
chr19,13980001,14080000,1,1,2,1,0,1
chr19,14080001,14180000,4,1,0,3,1,0
chr19,14180001,14280000,2,2,0,2,2,0
chr19,14280001,14380000,1,1,1,1,0,2
chr19,14380001,14480000,1,1,1,1,3,0
chr19,14480001,14580000,2,2,0,5,2,0
chr19,14580001,14680000,3,0,1,0,2,0
chr19,14680001,14780000,1,5,2,5,1,0
chr19,14780001,14880000,2,1,2,5,2,2
chr19,14880001,14980000,5,4,2,5,0,1
chr19,14980001,15080000,2,0,3,4,1,0
chr19,15080001,15180000,1,2,2,5,3,0
chr19,15180001,15280000,5,4,1,5,0,0
chr19,15280001,15380000,4,0,1,0,1,1
chr19,15380001,15480000,2,1,3,3,2,1
chr19,15480001,15580000,1,2,1,7,2,2
chr19,15580001,15680000,7,5,3,6,0,2
chr19,15680001,15780000,5,1,4,1,3,2
chr19,15780001,15880000,0,2,2,4,1,1
chr19,15880001,15980000,4,2,0,1,1,1
chr19,15980001,16080000,2,4,2,4,7,0
chr19,16080001,16180000,3,2,1,3,0,2
chr19,16180001,16280000,4,0,1,3,5,1
chr19,16280001,16380000,3,4,0,0,1,0
chr19,16380001,16480000,1,2,1,4,1,0
chr19,16480001,16580000,0,3,0,2,2,0
chr19,16580001,16680000,5,2,0,1,1,1
chr19,16680001,16780000,1,1,2,2,2,0
chr19,16780001,16880000,1,3,1,3,1,0
chr19,16880001,16980000,2,1,3,0,1,2
chr19,16980001,17080000,4,3,1,3,1,1
chr19,17080001,17180000,0,5,2,1,2,0
chr19,17180001,17280000,3,1,0,1,0,1
chr19,17280001,17380000,3,2,0,1,0,0
chr19,17380001,17480000,1,0,1,1,0,0
chr19,17480001,17580000,1,1,1,5,1,0
chr19,17580001,17680000,6,3,0,3,0,0
chr19,17680001,17780000,0,4,0,2,1,1
chr19,17780001,17880000,2,3,1,2,1,0
chr19,17880001,17980000,3,1,2,4,2,1
chr19,17980001,18080000,0,3,5,0,1,0
chr19,18080001,18180000,4,3,0,2,1,0
chr19,18180001,18280000,2,2,0,2,0,0
chr19,18280001,18380000,5,4,1,1,1,1
chr19,18380001,18480000,5,1,0,0,1,0
chr19,18480001,18580000,2,0,1,1,1,0
chr19,18580001,18680000,3,2,2,1,0,0
chr19,18680001,18780000,5,3,1,2,1,1
chr19,18780001,18880000,1,5,1,1,3,1
chr19,18880001,18980000,3,2,3,1,2,1
chr19,18980001,19080000,1,2,0,1,1,0
chr19,19080001,19180000,4,0,1,5,2,1
chr19,19180001,19280000,2,0,0,2,0,2
chr19,19280001,19380000,1,2,0,5,1,0
chr19,19380001,19480000,2,3,0,2,2,0
chr19,19480001,19580000,4,0,0,1,0,0
chr19,19580001,19680000,4,0,1,1,0,1
chr19,19680001,19780000,4,1,1,2,1,1
chr19,19780001,19880000,3,3,1,5,1,0
chr19,19880001,19980000,10,1,1,3,3,2
chr19,19980001,20080000,1,5,3,4,2,1
chr19,20080001,20180000,1,2,3,3,3,1
chr19,20180001,20280000,3,1,1,6,3,1
chr19,20280001,20380000,1,3,4,3,3,2
chr19,20380001,20480000,2,6,8,13,0,1
chr19,20480001,20580000,2,1,0,1,0,0
chr19,20580001,20680000,7,7,0,8,2,2
chr19,20680001,20780000,4,4,4,8,0,2
chr19,20780001,20880000,6,2,4,8,2,2
chr19,20880001,20980000,3,2,4,4,2,2
chr19,20980001,21080000,1,4,4,4,3,0
chr19,21080001,21180000,1,5,3,3,2,2
chr19,21180001,21280000,4,5,3,5,0,0
chr19,21280001,21380000,0,5,1,3,4,2
chr19,21380001,21480000,4,5,5,6,3,0
chr19,21480001,21580000,3,4,5,5,2,1
chr19,21580001,21680000,4,2,2,8,2,1
chr19,21680001,21780000,0,1,2,7,3,1
chr19,21780001,21880000,2,4,2,7,2,0
chr19,21880001,21980000,2,5,2,5,1,0
chr19,21980001,22080000,5,4,4,9,1,0
chr19,22080001,22180000,2,8,3,9,0,1
chr19,22180001,22280000,2,11,8,16,1,2
chr19,22280001,22380000,2,8,5,8,5,3
chr19,22380001,22480000,3,8,4,11,1,0
chr19,22480001,22580000,2,8,8,11,2,2
chr19,22580001,22680000,1,9,8,14,5,5
chr19,22680001,22780000,4,16,3,10,4,0
chr19,22780001,22880000,1,13,4,3,1,0
chr19,22880001,22980000,2,10,5,14,1,2
chr19,22980001,23080000,4,6,4,8,3,2
chr19,23080001,23180000,4,12,7,14,6,1
chr19,23180001,23280000,4,10,2,9,1,3
chr19,23280001,23380000,8,7,5,13,1,3
chr19,23380001,23480000,5,4,2,7,2,1
chr19,23480001,23580000,2,5,1,6,4,1
chr19,23580001,23680000,4,3,5,10,1,1
chr19,23680001,23780000,5,7,2,9,2,1
chr19,23780001,23880000,2,2,4,9,3,0
chr19,23880001,23980000,3,4,1,7,2,0
chr19,23980001,24080000,2,3,2,5,3,2
chr19,24080001,24180000,3,4,1,7,2,3
chr19,24200001,24300000,0,3,1,4,4,1
chr19,24300001,24400000,4,8,6,7,0,2
chr19,24400001,24500000,3,9,2,9,4,2
chr19,28000001,28100000,5,11,3,9,0,0
chr19,28100001,28200000,0,14,1,4,1,2
chr19,28200001,28300000,3,2,1,7,1,0
chr19,28300001,28400000,3,5,3,5,1,0
chr19,28400001,28500000,3,12,3,11,1,1
chr19,28500001,28600000,4,10,5,17,2,1
chr19,28600001,28700000,3,14,2,12,2,0
chr19,28700001,28800000,3,7,1,9,4,2
chr19,28800001,28900000,9,6,4,8,4,1
chr19,28900001,29000000,6,12,3,8,3,2
chr19,29000001,29100000,4,11,6,9,5,2
chr19,29100001,29200000,7,12,6,9,6,1
chr19,29200001,29300000,6,8,2,13,6,0
chr19,29300001,29400000,7,3,3,9,0,3
chr19,29400001,29500000,7,10,2,7,2,1
chr19,29500001,29600000,6,9,2,6,1,0
chr19,29600001,29700000,6,4,4,11,2,1
chr19,29700001,29800000,2,4,1,5,1,0
chr19,29800001,29900000,5,12,2,9,5,0
chr19,29900001,30000000,2,3,3,3,3,1
chr19,30000001,30100000,3,5,2,3,2,0
chr19,30100001,30200000,4,3,3,4,0,0
chr19,30200001,30300000,3,4,3,3,2,0
chr19,30300001,30400000,1,2,0,5,1,1
chr19,30400001,30500000,3,4,1,8,0,0
chr19,30500001,30600000,6,12,4,6,2,2
chr19,30600001,30700000,4,9,4,6,3,1
chr19,30700001,30800000,1,9,2,8,2,0
chr19,30800001,30900000,2,10,1,9,1,0
chr19,30900001,31000000,2,7,3,9,4,1
chr19,31000001,31100000,4,7,1,15,2,2
chr19,31100001,31200000,5,4,5,10,1,1
chr19,31200001,31300000,3,6,4,7,0,1
chr19,31300001,31400000,2,5,0,10,0,1
chr19,31400001,31500000,4,7,4,6,1,2
chr19,31500001,31600000,7,4,5,11,0,2
chr19,31600001,31700000,4,5,3,13,5,1
chr19,31700001,31800000,6,4,4,9,1,1
chr19,31800001,31900000,3,4,5,16,0,0
chr19,31900001,32000000,1,9,1,12,1,0
chr19,32000001,32100000,8,7,5,12,1,1
chr19,32100001,32200000,7,7,3,10,2,0
chr19,32200001,32300000,2,4,2,14,7,2
chr19,32300001,32400000,3,10,3,9,2,2
chr19,32400001,32500000,5,12,0,3,1,1
chr19,32500001,32600000,10,5,5,12,2,1
chr19,32600001,32700000,7,4,5,8,3,2
chr19,32700001,32800000,4,4,3,3,2,1
chr19,32800001,32900000,4,3,4,1,0,3
chr19,32900001,33000000,5,1,1,1,1,0
chr19,33000001,33100000,2,5,0,5,3,1
chr19,33100001,33200000,1,4,1,5,0,2
chr19,33200001,33300000,3,3,1,5,2,0
chr19,33300001,33400000,6,0,4,2,2,1
chr19,33400001,33500000,2,0,0,1,0,0
chr19,33500001,33600000,2,3,1,4,1,1
chr19,33600001,33700000,3,5,2,4,1,1
chr19,33700001,33800000,4,1,2,5,3,0
chr19,33800001,33900000,1,0,1,3,1,0
chr19,33900001,34000000,4,1,0,2,1,2
chr19,34000001,34100000,1,3,2,7,1,1
chr19,34100001,34200000,4,4,3,4,1,0
chr19,34200001,34300000,1,3,0,3,3,1
chr19,34300001,34400000,1,1,4,10,2,0
chr19,34400001,34500000,0,3,1,10,2,4
chr19,34500001,34600000,1,2,4,10,3,0
chr19,34600001,34700000,3,2,0,5,2,2
chr19,34700001,34800000,2,0,1,2,0,0
chr19,34800001,34900000,5,2,0,0,0,1
chr19,34900001,35000000,4,2,2,3,0,1
chr19,35000001,35100000,4,4,0,1,0,1
chr19,35100001,35200000,1,3,1,6,1,0
chr19,35200001,35300000,2,2,2,2,6,1
chr19,35300001,35420000,3,4,0,3,0,3
chr19,35420001,35520000,0,2,1,1,1,0
chr19,35520001,35620000,2,2,1,3,4,0
chr19,35620001,35720000,3,0,3,2,2,2
chr19,35720001,35820000,2,1,2,2,0,0
chr19,35820001,35920000,2,0,2,4,1,1
chr19,35920001,36020000,2,3,1,1,1,0
chr19,36020001,36130000,6,5,2,1,3,1
chr19,36130001,36230000,2,3,1,6,4,1
chr19,36230001,36330000,5,3,3,3,2,0
chr19,36330001,36430000,3,3,0,2,1,0
chr19,36430001,36530000,2,4,0,0,0,1
chr19,36530001,36630000,2,2,0,3,2,0
chr19,36630001,36730000,1,3,2,2,0,1
chr19,36730001,36830000,0,4,2,3,0,2
chr19,36830001,36930000,5,2,1,5,2,1
chr19,36930001,37030000,6,2,2,4,2,0
chr19,37030001,37130000,2,3,5,8,1,0
chr19,37130001,37230000,3,0,2,6,3,1
chr19,37230001,37330000,3,1,7,6,0,0
chr19,37330001,37430000,4,0,7,9,2,0
chr19,37430001,37530000,2,4,2,6,3,1
chr19,37530001,37630000,2,0,1,7,6,1
chr19,37630001,37730000,2,3,3,4,0,2
chr19,37730001,37880000,5,1,4,5,1,4
chr19,37880001,37980000,1,3,8,8,2,2
chr19,37980001,38080000,2,6,3,9,2,0
chr19,38080001,38180000,5,3,1,6,0,1
chr19,38180001,38280000,2,2,5,3,3,3
chr19,38280001,38380000,2,1,6,2,0,2
chr19,38380001,38480000,4,3,1,0,1,1
chr19,38480001,38580000,1,1,3,4,1,0
chr19,38580001,38680000,3,1,0,0,4,0
chr19,38680001,38780000,1,2,2,2,4,1
chr19,38780001,38880000,3,3,1,2,0,1
chr19,38880001,38980000,1,2,1,4,2,1
chr19,38980001,39080000,2,3,1,1,0,0
chr19,39080001,39180000,6,3,1,3,1,0
chr19,39180001,39280000,2,3,0,3,3,1
chr19,39280001,39380000,5,3,0,6,2,0
chr19,39380001,39480000,2,1,1,3,0,1
chr19,39480001,39580000,2,6,3,3,1,0
chr19,39580001,39680000,2,3,1,2,2,0
chr19,39680001,39780000,4,4,2,1,1,0
chr19,39780001,39880000,0,0,0,4,2,0
chr19,39880001,39980000,3,6,1,3,2,0
chr19,39980001,40080000,2,0,3,6,1,0
chr19,40080001,40180000,3,5,1,4,0,0
chr19,40180001,40280000,7,1,2,4,1,0
chr19,40280001,40380000,0,4,1,1,0,0
chr19,40380001,40480000,3,0,4,3,1,0
chr19,40480001,40580000,5,1,2,6,2,2
chr19,40580001,40680000,1,4,2,2,3,1
chr19,40680001,40780000,3,4,0,3,1,1
chr19,40780001,40880000,1,2,0,1,0,1
chr19,40880001,40980000,1,5,2,5,0,0
chr19,40980001,41080000,5,1,6,3,1,1
chr19,41080001,41180000,2,3,0,1,1,1
chr19,41180001,41280000,4,1,2,4,2,1
chr19,41280001,41380000,3,2,0,1,1,0
chr19,41380001,41480000,0,3,3,4,4,0
chr19,41480001,41580000,2,7,1,7,1,0
chr19,41580001,41680000,0,1,2,4,3,0
chr19,41680001,41780000,5,1,0,3,2,0
chr19,41780001,41880000,2,0,3,0,4,0
chr19,41880001,41980000,1,5,2,3,0,0
chr19,41980001,42080000,2,3,0,3,1,0
chr19,42080001,42180000,1,5,0,3,4,0
chr19,42180001,42280000,1,2,4,6,3,0
chr19,42280001,42380000,2,2,1,2,0,3
chr19,42380001,42480000,2,1,0,2,2,0
chr19,42480001,42580000,0,1,2,3,1,0
chr19,42580001,42680000,1,3,0,2,0,0
chr19,42680001,42780000,3,0,0,2,1,0
chr19,42780001,42880000,4,1,0,0,1,1
chr19,42880001,42980000,5,1,0,2,0,1
chr19,42980001,43080000,2,1,0,2,2,0
chr19,43080001,43180000,1,1,3,3,3,2
chr19,43180001,43280000,4,2,1,1,0,0
chr19,43280001,43380000,5,5,1,4,1,2
chr19,43380001,43480000,3,0,2,4,3,2
chr19,43480001,43580000,3,0,3,1,1,0
chr19,43580001,43680000,6,6,1,5,0,1
chr19,43680001,43780000,1,2,1,6,2,0
chr19,43780001,43880000,4,1,0,0,1,1
chr19,43880001,43980000,2,2,0,4,1,1
chr19,43980001,44080000,0,0,0,2,2,1
chr19,44080001,44180000,0,1,2,3,0,1
chr19,44180001,44280000,4,1,0,1,1,1
chr19,44280001,44380000,1,3,4,6,2,1
chr19,44380001,44480000,2,4,3,2,0,0
chr19,44480001,44580000,2,1,3,0,2,0
chr19,44580001,44680000,2,3,1,3,1,1
chr19,44680001,44780000,6,0,2,5,4,2
chr19,44780001,44880000,2,4,2,3,2,0
chr19,44880001,45020000,1,3,4,6,3,2
chr19,45020001,45120000,1,2,0,2,1,5
chr19,45120001,45220000,1,3,0,4,2,1
chr19,45220001,45320000,2,2,2,6,0,0
chr19,45320001,45420000,0,1,1,2,2,0
chr19,45420001,45520000,3,7,1,3,0,2
chr19,45520001,45620000,2,3,0,1,0,1
chr19,45620001,45720000,1,1,1,1,0,1
chr19,45720001,45820000,3,2,0,1,0,0
chr19,45820001,45920000,2,3,2,3,1,0
chr19,45920001,46020000,4,0,1,2,1,0
chr19,46020001,46120000,2,3,2,2,3,0
chr19,46120001,46220000,2,0,0,3,2,0
chr19,46220001,46320000,5,4,0,3,1,0
chr19,46320001,46420000,3,2,1,3,1,1
chr19,46420001,46520000,1,1,2,0,0,0
chr19,46520001,46620000,1,2,1,7,0,0
chr19,46620001,46720000,2,1,1,3,3,0
chr19,46720001,46820000,4,3,1,1,1,0
chr19,46820001,46920000,3,3,1,4,1,1
chr19,46920001,47020000,2,2,2,4,0,0
chr19,47020001,47120000,4,2,0,2,2,1
chr19,47120001,47220000,1,1,1,2,2,0
chr19,47220001,47320000,4,1,0,2,2,2
chr19,47320001,47420000,2,1,2,0,1,1
chr19,47420001,47520000,2,3,0,1,1,1
chr19,47520001,47620000,5,2,1,1,1,0
chr19,47620001,47720000,4,1,1,3,2,0
chr19,47720001,47820000,1,2,0,2,1,2
chr19,47820001,47920000,1,2,2,2,4,1
chr19,47920001,48020000,2,3,0,1,1,0
chr19,48020001,48120000,0,3,2,3,1,1
chr19,48120001,48220000,1,1,2,4,2,0
chr19,48220001,48320000,3,0,2,3,0,0
chr19,48320001,48490000,5,3,5,5,1,0
chr19,48490001,48590000,1,1,3,2,2,0
chr19,48590001,48690000,0,1,0,0,0,1
chr19,48690001,48790000,4,2,1,5,0,1
chr19,48790001,48890000,1,2,0,1,1,0
chr19,48890001,48990000,0,1,1,5,1,2
chr19,48990001,49090000,3,0,1,1,1,0
chr19,49090001,49190000,2,1,2,0,2,1
chr19,49190001,49290000,0,2,1,5,4,1
chr19,49290001,49390000,1,1,1,3,1,1
chr19,49390001,49490000,2,1,2,0,2,1
chr19,49490001,49590000,4,1,0,0,1,0
chr19,49590001,49690000,2,0,1,1,2,2
chr19,49690001,49790000,2,1,0,1,2,0
chr19,49790001,49890000,3,1,0,3,0,0
chr19,49890001,49990000,4,1,1,2,0,1
chr19,49990001,50090000,1,0,0,4,2,0
chr19,50090001,50190000,1,2,1,2,0,1
chr19,50190001,50290000,2,2,0,1,1,0
chr19,50290001,50390000,2,1,1,2,1,0
chr19,50390001,50490000,0,3,1,4,0,0
chr19,50490001,50590000,0,1,1,0,1,1
chr19,50650001,50750000,3,0,1,1,0,0
chr19,50750001,50850000,2,1,2,2,1,1
chr19,50850001,50950000,2,0,1,1,0,0
chr19,50950001,51050000,4,3,1,1,0,1
chr19,51050001,51150000,1,4,3,4,0,0
chr19,51150001,51250000,3,5,4,4,2,2
chr19,51250001,51350000,5,3,1,3,1,1
chr19,51350001,51450000,5,2,0,5,14,2
chr19,51450001,51550000,2,3,3,2,2,0
chr19,51550001,51650000,2,2,2,2,3,0
chr19,51650001,51750000,4,5,1,8,2,1
chr19,51750001,51850000,6,2,1,1,1,0
chr19,51850001,51950000,4,3,2,1,1,0
chr19,51950001,52050000,2,3,2,8,1,1
chr19,52050001,52150000,5,4,2,4,3,1
chr19,52150001,52250000,2,2,1,3,2,0
chr19,52250001,52350000,2,5,6,6,1,0
chr19,52350001,52450000,2,1,2,4,2,0
chr19,52450001,52550000,2,5,2,2,2,0
chr19,52550001,52650000,4,6,1,3,2,2
chr19,52650001,52750000,3,1,0,5,1,3
chr19,52750001,52850000,2,1,2,3,1,3
chr19,52850001,52950000,2,2,1,7,2,2
chr19,52950001,53050000,6,4,1,4,2,1
chr19,53050001,53150000,3,2,1,4,1,0
chr19,53150001,53250000,2,4,2,3,2,0
chr19,53250001,53350000,2,2,1,6,2,1
chr19,53350001,53450000,3,2,1,1,1,0
chr19,53450001,53550000,4,4,4,5,1,4
chr19,53550001,53650000,3,4,3,4,2,0
chr19,53650001,53750000,1,1,3,9,1,0
chr19,53750001,53850000,3,5,3,3,2,0
chr19,53850001,53950000,4,1,4,5,0,2
chr19,53950001,54050000,4,3,0,2,1,1
chr19,54050001,54150000,2,7,1,8,2,0
chr19,54150001,54250000,2,3,4,5,1,0
chr19,54250001,54350000,2,2,3,8,2,1
chr19,54350001,54450000,1,5,3,8,1,0
chr19,54450001,54550000,3,4,0,3,2,0
chr19,54550001,54650000,2,3,0,2,0,1
chr19,54650001,54750000,3,1,2,1,0,2
chr19,54750001,54850000,6,4,3,3,3,2
chr19,54850001,54950000,4,5,3,3,2,1
chr19,54950001,55050000,1,6,2,5,0,1
chr19,55050001,55150000,5,4,2,6,1,0
chr19,55150001,55250000,2,3,1,4,2,0
chr19,55250001,55350000,1,2,3,1,1,0
chr19,55350001,55450000,4,2,2,2,1,2
chr19,55450001,55550000,5,2,1,5,1,0
chr19,55550001,55650000,2,1,2,2,1,1
chr19,55650001,55750000,0,0,2,1,0,3
chr19,55750001,55850000,2,1,1,3,2,0
chr19,55850001,55950000,2,1,0,3,3,2
chr19,55950001,56050000,4,2,2,4,1,0
chr19,56050001,56150000,3,1,3,5,3,0
chr19,56150001,56250000,1,1,2,2,0,0
chr19,56250001,56350000,2,3,0,2,1,1
chr19,56350001,56450000,5,5,2,8,2,2
chr19,56450001,56550000,3,6,0,5,2,1
chr19,56550001,56650000,3,4,1,3,0,0
chr19,56650001,56750000,2,2,2,4,2,2
chr19,56750001,56850000,1,2,2,3,0,1
chr19,56850001,56950000,2,5,4,11,2,1
chr19,56950001,57050000,0,3,1,6,1,1
chr19,57050001,57150000,2,3,0,8,0,1
chr19,57150001,57250000,0,8,3,7,2,1
chr19,57250001,57350000,8,3,3,13,3,0
chr19,57350001,57450000,8,4,3,10,1,0
chr19,57450001,57550000,3,4,1,5,3,0
chr19,57550001,57650000,3,6,5,7,3,2
chr19,57650001,57750000,3,4,3,4,1,1
chr19,57750001,57850000,5,1,2,2,1,0
chr19,57850001,57950000,2,1,4,1,2,1
chr19,57950001,58050000,3,2,0,2,1,1
chr19,58050001,58150000,3,1,3,5,2,1
chr19,58150001,58250000,2,1,0,4,3,1
chr19,58250001,58350000,1,2,1,1,0,0
chr19,58350001,58450000,2,1,1,2,1,1
chr19,58450001,58550000,3,3,2,6,1,0
chr19,58550001,58650000,1,2,2,2,1,0
chr19,58650001,58750000,4,3,3,2,1,0
chr19,58750001,58850000,3,1,2,1,1,0
chr19,58850001,58950000,2,0,0,4,4,1
chr19,58950001,59050000,6,5,1,3,3,1
chr2,1,100000,3,5,2,1,2,2
chr2,100001,200000,2,6,0,5,2,1
chr2,200001,300000,1,3,3,2,1,1
chr2,300001,400000,5,11,4,6,1,1
chr2,400001,500000,3,7,2,4,3,1
chr2,500001,600000,1,5,4,3,3,4
chr2,600001,700000,2,6,3,7,0,2
chr2,700001,800000,3,3,1,6,2,0
chr2,800001,900000,0,3,1,3,1,1
chr2,900001,1000000,4,3,1,5,0,1
chr2,1000001,1100000,5,8,3,7,1,2
chr2,1100001,1200000,3,7,2,8,0,0
chr2,1200001,1300000,3,5,5,9,1,0
chr2,1300001,1400000,4,5,8,6,2,2
chr2,1400001,1500000,4,9,1,6,1,2
chr2,1500001,1600000,1,1,0,5,1,0
chr2,1600001,1700000,1,5,2,9,1,0
chr2,1700001,1800000,4,8,0,4,1,2
chr2,1800001,1900000,3,4,2,6,3,1
chr2,1900001,2000000,9,3,6,8,2,1
chr2,2000001,2100000,2,8,2,12,4,0
chr2,2100001,2200000,3,8,1,7,2,0
chr2,2200001,2320000,6,11,4,4,0,0
chr2,2320001,2420000,7,10,7,11,3,0
chr2,2420001,2520000,8,12,6,8,2,0
chr2,2520001,2620000,6,7,2,3,1,1
chr2,2620001,2720000,4,7,0,6,2,0
chr2,2720001,2820000,2,6,3,1,2,1
chr2,2820001,2920000,5,4,2,5,2,3
chr2,2920001,3020000,5,9,2,9,0,1
chr2,3020001,3120000,3,5,3,1,2,1
chr2,3120001,3230000,5,3,1,1,0,2
chr2,3230001,3330000,1,3,1,4,2,0
chr2,3330001,3430000,0,3,0,2,4,0
chr2,3430001,3530000,3,3,1,2,3,1
chr2,3530001,3630000,3,1,1,0,0,0
chr2,3630001,3730000,1,1,1,3,3,0
chr2,3730001,3830000,3,5,3,3,4,3
chr2,3830001,3930000,2,7,2,6,1,1
chr2,3930001,4030000,8,6,5,7,5,0
chr2,4030001,4130000,2,7,4,3,4,1
chr2,4130001,4230000,5,7,7,4,2,0
chr2,4230001,4330000,4,8,9,8,2,2
chr2,4330001,4430000,4,10,2,9,2,2
chr2,4430001,4530000,0,5,1,14,4,1
chr2,4530001,4630000,6,8,3,10,1,0
chr2,4630001,4730000,6,13,1,9,0,2
chr2,4730001,4830000,5,9,10,12,5,3
chr2,4830001,4930000,3,5,8,9,3,0
chr2,4930001,5030000,0,14,4,6,0,0
chr2,5030001,5130000,0,0,0,3,1,0
chr2,5130001,5230000,2,7,6,17,6,2
chr2,5230001,5330000,2,9,3,11,4,2
chr2,5330001,5430000,3,15,4,14,1,1
chr2,5430001,5530000,3,11,5,15,1,2
chr2,5530001,5630000,3,5,2,6,1,2
chr2,5630001,5730000,6,7,2,4,4,2
chr2,5730001,5830000,4,8,5,9,3,3
chr2,5830001,5930000,4,9,8,8,0,1
chr2,5930001,6030000,2,8,5,15,2,1
chr2,6030001,6130000,4,7,5,8,2,0
chr2,6130001,6230000,1,7,5,3,1,2
chr2,6230001,6330000,3,8,5,6,2,7
chr2,6330001,6430000,2,9,3,1,1,3
chr2,6430001,6530000,2,14,3,5,4,3
chr2,6530001,6630000,4,9,1,8,2,0
chr2,6630001,6730000,2,9,1,5,0,1
chr2,6730001,6830000,1,2,3,5,3,0
chr2,6830001,6930000,1,11,6,17,3,0
chr2,6930001,7030000,4,5,1,4,1,0
chr2,7030001,7130000,2,1,3,3,2,3
chr2,7130001,7230000,2,7,0,5,2,0
chr2,7230001,7330000,2,7,3,3,1,0
chr2,7330001,7430000,4,4,3,4,0,0
chr2,7430001,7530000,7,4,2,6,3,0
chr2,7530001,7630000,1,10,5,10,0,0
chr2,7630001,7730000,2,7,1,4,2,0
chr2,7730001,7830000,3,5,4,5,0,0
chr2,7830001,7930000,4,4,3,7,2,0
chr2,7930001,8030000,4,5,0,4,2,1
chr2,8030001,8130000,5,5,0,3,1,2
chr2,8130001,8230000,5,4,5,4,3,1
chr2,8230001,8330000,1,8,3,2,1,0
chr2,8330001,8430000,2,5,2,5,3,1
chr2,8430001,8530000,4,3,2,5,1,1
chr2,8530001,8630000,2,5,0,1,1,2
chr2,8630001,8730000,0,3,1,3,1,1
chr2,8730001,8830000,1,5,3,2,3,1
chr2,8830001,8930000,0,2,1,4,0,2
chr2,8930001,9030000,2,3,1,2,5,3
chr2,9030001,9130000,4,3,2,2,3,1
chr2,9130001,9230000,4,3,1,1,3,0
chr2,9230001,9330000,2,4,1,1,1,0
chr2,9330001,9430000,4,2,1,0,0,0
chr2,9430001,9530000,1,2,1,3,0,2
chr2,9530001,9630000,2,1,3,2,4,1
chr2,9630001,9730000,1,0,3,3,4,0
chr2,9730001,9830000,2,3,1,2,1,2
chr2,9830001,9930000,3,4,3,1,1,0
chr2,9930001,10030000,4,0,0,2,1,0
chr2,10030001,10130000,2,1,1,2,4,2
chr2,10130001,10230000,4,2,0,0,1,1
chr2,10230001,10330000,4,3,0,2,1,1
chr2,10330001,10430000,2,1,1,2,1,0
chr2,10430001,10530000,1,0,2,1,1,1
chr2,10530001,10630000,2,1,1,1,4,0
chr2,10630001,10730000,4,2,2,3,1,1
chr2,10730001,10830000,3,3,2,0,1,0
chr2,10830001,10930000,1,4,0,0,1,0
chr2,10930001,11030000,1,3,1,3,0,0
chr2,11030001,11130000,5,6,2,3,1,0
chr2,11130001,11230000,2,3,2,1,0,0
chr2,11230001,11330000,3,1,0,2,1,0
chr2,11330001,11430000,2,3,2,1,4,2
chr2,11430001,11530000,3,1,2,4,1,1
chr2,11530001,11630000,1,1,2,1,2,0
chr2,11630001,11730000,3,5,2,0,3,0
chr2,11730001,11830000,2,5,0,2,2,0
chr2,11830001,11930000,3,3,1,4,2,0
chr2,11930001,12030000,3,1,0,3,4,0
chr2,12030001,12130000,3,2,3,7,1,0
chr2,12130001,12230000,0,3,8,1,3,1
chr2,12230001,12330000,3,3,2,5,1,0
chr2,12330001,12430000,4,8,3,4,1,0
chr2,12430001,12530000,0,4,5,3,0,2
chr2,12530001,12630000,4,0,3,5,1,3
chr2,12630001,12730000,2,4,0,6,5,2
chr2,12730001,12830000,3,3,2,2,0,2
chr2,12830001,12930000,1,3,1,5,1,0
chr2,12930001,13030000,3,3,5,8,2,1
chr2,13030001,13130000,0,6,2,8,0,0
chr2,13130001,13230000,4,3,5,8,3,3
chr2,13230001,13330000,2,3,4,9,4,1
chr2,13330001,13430000,5,11,3,5,0,3
chr2,13430001,13530000,5,9,7,8,1,4
chr2,13530001,13630000,3,11,7,3,3,1
chr2,13630001,13730000,5,11,4,6,2,0
chr2,13730001,13830000,6,6,5,2,5,2
chr2,13830001,13960000,3,4,9,8,2,2
chr2,13960001,14060000,4,6,4,14,2,0
chr2,14060001,14160000,5,5,4,8,2,0
chr2,14160001,14260000,5,6,5,9,1,2
chr2,14260001,14360000,1,8,5,12,3,3
chr2,14360001,14460000,4,4,5,6,0,4
chr2,14460001,14560000,3,8,0,2,1,1
chr2,14560001,14660000,1,10,3,8,2,2
chr2,14660001,14760000,3,4,2,7,0,3
chr2,14760001,14860000,3,2,2,6,1,2
chr2,14860001,14960000,2,3,3,6,3,3
chr2,14960001,15060000,2,3,4,8,3,0
chr2,15060001,15160000,3,4,3,4,0,0
chr2,15160001,15260000,0,4,2,4,2,2
chr2,15260001,15360000,3,3,2,3,2,0
chr2,15360001,15460000,9,3,1,1,0,0
chr2,15460001,15560000,1,5,2,2,1,2
chr2,15560001,15660000,7,3,2,3,1,0
chr2,15660001,15760000,3,5,1,1,2,1
chr2,15760001,15860000,3,2,3,5,1,3
chr2,15860001,15960000,5,2,0,1,1,1
chr2,15960001,16060000,5,5,4,5,1,2
chr2,16060001,16160000,8,4,2,2,2,0
chr2,16160001,16260000,2,5,2,2,1,0
chr2,16260001,16360000,1,7,2,0,2,1
chr2,16360001,16460000,1,1,1,1,2,4
chr2,16460001,16560000,2,4,3,4,0,1
chr2,16560001,16660000,0,8,1,5,0,0
chr2,16660001,16760000,1,2,5,7,0,3
chr2,16760001,16860000,4,2,5,5,0,2
chr2,16860001,16960000,2,2,0,5,1,2
chr2,16960001,17060000,4,5,4,7,3,2
chr2,17060001,17160000,5,2,6,13,3,0
chr2,17160001,17260000,6,5,4,8,1,2
chr2,17260001,17360000,3,6,1,11,1,2
chr2,17360001,17460000,4,4,2,7,3,2
chr2,17460001,17560000,2,2,3,6,1,0
chr2,17560001,17660000,6,3,5,6,4,4
chr2,17660001,17760000,1,2,3,5,2,2
chr2,17760001,17860000,3,0,1,2,2,1
chr2,17860001,17960000,2,1,1,5,2,1
chr2,17960001,18060000,5,3,3,6,1,0
chr2,18060001,18160000,3,4,2,4,2,0
chr2,18160001,18260000,4,5,1,1,3,0
chr2,18260001,18360000,1,3,3,2,3,1
chr2,18360001,18460000,2,1,3,6,2,2
chr2,18460001,18560000,3,3,3,5,1,5
chr2,18560001,18660000,4,2,1,2,4,0
chr2,18660001,18760000,2,3,3,3,1,2
chr2,18760001,18860000,3,4,1,6,0,0
chr2,18860001,18960000,1,2,4,2,1,0
chr2,18960001,19060000,5,1,3,8,1,1
chr2,19060001,19160000,4,1,3,4,0,1
chr2,19160001,19260000,1,1,2,2,0,1
chr2,19260001,19360000,3,0,0,2,1,1
chr2,19360001,19460000,1,1,1,5,0,2
chr2,19460001,19560000,0,2,2,3,1,0
chr2,19560001,19660000,4,4,3,3,4,0
chr2,19660001,19760000,4,4,4,2,0,2
chr2,19760001,19860000,3,1,2,4,3,0
chr2,19860001,19960000,4,3,0,3,1,1
chr2,19960001,20060000,0,3,1,5,2,0
chr2,20060001,20160000,5,1,1,2,1,0
chr2,20160001,20260000,2,2,0,1,1,1
chr2,20260001,20360000,3,2,1,1,1,0
chr2,20360001,20460000,1,1,0,0,2,2
chr2,20460001,20560000,4,1,2,5,3,1
chr2,20560001,20660000,2,4,3,5,2,1
chr2,20660001,20760000,5,0,3,3,0,0
chr2,20760001,20860000,6,2,0,3,1,1
chr2,20860001,20960000,4,1,3,3,0,0
chr2,20960001,21060000,4,4,1,3,3,3
chr2,21060001,21160000,3,2,1,4,0,1
chr2,21160001,21260000,3,3,1,6,1,1
chr2,21260001,21360000,3,5,6,7,3,1
chr2,21360001,21460000,5,4,1,4,2,1
chr2,21460001,21560000,1,4,0,3,3,1
chr2,21560001,21660000,3,4,2,8,1,1
chr2,21660001,21760000,3,4,8,12,2,1
chr2,21760001,21860000,2,4,0,14,2,1
chr2,21860001,21960000,3,5,2,7,2,2
chr2,21960001,22060000,4,2,3,9,6,1
chr2,22060001,22160000,4,9,2,8,4,1
chr2,22160001,22260000,3,7,6,11,5,3
chr2,22260001,22360000,7,6,6,10,5,1
chr2,22360001,22460000,4,6,6,10,1,3
chr2,22460001,22560000,6,7,6,11,3,2
chr2,22560001,22660000,4,2,8,14,1,1
chr2,22660001,22760000,7,5,4,15,2,1
chr2,22760001,22860000,9,5,2,7,3,0
chr2,22860001,22960000,3,2,4,11,3,0
chr2,22960001,23060000,4,6,2,5,1,1
chr2,23060001,23160000,4,8,1,6,3,2
chr2,23160001,23260000,1,5,0,2,2,1
chr2,23260001,23360000,5,3,2,4,1,2
chr2,23360001,23460000,7,6,1,2,2,1
chr2,23460001,23560000,5,1,1,6,1,1
chr2,23560001,23660000,2,5,1,3,1,3
chr2,23660001,23760000,3,1,2,3,0,1
chr2,23760001,23860000,3,3,0,1,0,1
chr2,23860001,23960000,2,1,0,3,1,0
chr2,23960001,24060000,3,3,2,4,2,2
chr2,24060001,24160000,1,3,2,6,1,0
chr2,24160001,24260000,4,2,2,1,1,0
chr2,24260001,24360000,2,1,0,6,0,0
chr2,24360001,24460000,1,0,0,4,2,1
chr2,24460001,24560000,1,3,0,2,1,2
chr2,24560001,24660000,1,2,1,4,3,0
chr2,24660001,24760000,3,3,3,3,0,1
chr2,24760001,24860000,5,1,2,4,2,1
chr2,24860001,24960000,2,0,4,3,1,1
chr2,24960001,25060000,3,2,1,1,3,0
chr2,25060001,25160000,3,2,1,2,0,2
chr2,25160001,25260000,5,3,1,3,4,1
chr2,25260001,25360000,3,3,0,4,0,1
chr2,25360001,25460000,5,1,0,5,0,0
chr2,25460001,25560000,1,3,1,5,0,0
chr2,25560001,25660000,2,1,1,2,0,0
chr2,25660001,25760000,4,2,1,2,2,0
chr2,25760001,25860000,4,4,0,4,1,0
chr2,25860001,25960000,5,1,2,5,0,0
chr2,25960001,26060000,3,1,1,4,0,2
chr2,26060001,26160000,1,3,0,0,2,1
chr2,26160001,26260000,2,1,1,3,2,0
chr2,26260001,26360000,3,1,2,5,3,0
chr2,26360001,26460000,1,1,1,3,3,0
chr2,26460001,26560000,3,1,0,2,2,2
chr2,26560001,26660000,4,4,4,2,1,1
chr2,26660001,26760000,2,2,0,3,1,1
chr2,26760001,26860000,2,3,1,7,4,0
chr2,26860001,26960000,1,2,0,1,2,0
chr2,26960001,27060000,3,1,1,2,1,0
chr2,27060001,27160000,3,3,2,6,0,1
chr2,27160001,27260000,0,1,1,4,2,0
chr2,27260001,27360000,2,2,0,2,2,1
chr2,27360001,27460000,0,2,1,4,0,0
chr2,27460001,27560000,0,3,2,2,1,0
chr2,27560001,27660000,0,3,0,3,1,0
chr2,27660001,27760000,1,2,2,3,1,1
chr2,27760001,27860000,6,2,1,1,1,0
chr2,27860001,27960000,2,5,1,2,1,0
chr2,27960001,28060000,3,0,2,2,1,1
chr2,28060001,28160000,2,1,0,2,3,2
chr2,28160001,28260000,4,3,4,3,1,1
chr2,28260001,28360000,4,3,0,1,4,0
chr2,28360001,28460000,2,1,5,4,0,0
chr2,28460001,28560000,2,2,1,3,1,0
chr2,28560001,28660000,8,1,0,4,0,0
chr2,28660001,28760000,2,4,2,2,1,0
chr2,28760001,28860000,3,2,1,2,0,0
chr2,28860001,28960000,3,0,0,1,3,0
chr2,28960001,29060000,10,5,0,3,0,1
chr2,29060001,29160000,4,1,1,5,0,1
chr2,29160001,29260000,3,2,1,3,1,1
chr2,29260001,29360000,2,4,0,2,5,0
chr2,29360001,29460000,2,2,3,4,0,0
chr2,29460001,29560000,3,1,2,7,4,1
chr2,29560001,29660000,2,1,3,3,1,2
chr2,29660001,29760000,2,2,3,6,0,2
chr2,29760001,29860000,2,1,5,6,2,1
chr2,29860001,29960000,2,2,3,3,1,0
chr2,29960001,30060000,3,4,2,2,1,0
chr2,30060001,30160000,1,4,0,7,2,0
chr2,30160001,30260000,4,3,2,2,2,1
chr2,30260001,30360000,3,3,2,5,3,0
chr2,30360001,30460000,2,1,1,2,2,0
chr2,30460001,30560000,2,3,3,4,1,1
chr2,30560001,30660000,1,3,1,2,1,1
chr2,30660001,30760000,3,3,3,3,2,0
chr2,30760001,30860000,0,1,2,1,0,0
chr2,30860001,30960000,3,3,1,0,0,1
chr2,30960001,31060000,1,2,1,2,1,1
chr2,31060001,31160000,1,2,1,5,2,2
chr2,31160001,31260000,4,4,1,6,2,0
chr2,31260001,31360000,2,3,1,3,1,2
chr2,31360001,31460000,6,4,0,6,3,1
chr2,31460001,31560000,3,4,2,2,2,2
chr2,31560001,31660000,3,6,1,6,1,1
chr2,31660001,31760000,0,6,2,3,1,0
chr2,31760001,31860000,3,4,6,2,0,0
chr2,31860001,31960000,3,3,5,3,2,2
chr2,31960001,32060000,4,4,5,8,2,1
chr2,32060001,32160000,5,3,2,1,2,1
chr2,32160001,32260000,1,1,3,1,2,3
chr2,32260001,32360000,4,4,0,3,0,1
chr2,32360001,32460000,2,3,0,1,1,1
chr2,32460001,32560000,5,4,1,2,3,0
chr2,32560001,32660000,3,4,3,6,4,1
chr2,32660001,32760000,3,4,5,1,5,1
chr2,32760001,32860000,3,2,4,3,1,1
chr2,32860001,32960000,2,5,1,3,3,2
chr2,32960001,33060000,2,2,0,2,2,2
chr2,33060001,33170000,6,0,1,6,1,0
chr2,33170001,33270000,2,5,0,1,2,0
chr2,33270001,33370000,2,2,1,4,1,0
chr2,33370001,33470000,3,1,1,3,1,0
chr2,33470001,33570000,2,2,1,5,0,1
chr2,33570001,33670000,2,2,1,5,1,1
chr2,33670001,33770000,5,1,1,4,2,2
chr2,33770001,33870000,5,6,2,2,1,0
chr2,33870001,33970000,2,4,3,7,2,3
chr2,33970001,34070000,2,1,2,14,1,1
chr2,34070001,34170000,5,4,6,7,0,1
chr2,34170001,34270000,1,12,7,12,4,2
chr2,34270001,34370000,1,8,4,8,2,1
chr2,34370001,34470000,4,5,6,17,3,1
chr2,34470001,34570000,5,5,1,12,2,3
chr2,34570001,34670000,9,12,6,12,2,4
chr2,34670001,34770000,5,4,6,7,5,0
chr2,34770001,34870000,6,5,3,6,2,1
chr2,34870001,34970000,2,8,1,6,4,0
chr2,34970001,35070000,6,7,9,9,4,2
chr2,35070001,35170000,7,10,5,18,1,2
chr2,35170001,35270000,5,9,6,7,11,2
chr2,35270001,35370000,1,7,2,11,5,2
chr2,35370001,35470000,3,13,5,17,3,3
chr2,35470001,35570000,4,7,6,13,2,0
chr2,35570001,35670000,5,9,4,6,1,2
chr2,35670001,35770000,2,5,0,11,3,0
chr2,35770001,35870000,3,2,0,16,3,1
chr2,35870001,35970000,2,7,1,7,1,1
chr2,35970001,36070000,5,8,5,10,1,2
chr2,36070001,36170000,4,6,3,8,2,2
chr2,36170001,36270000,3,4,4,8,4,2
chr2,36270001,36370000,3,8,1,9,0,4
chr2,36370001,36470000,4,4,2,5,3,1
chr2,36470001,36570000,2,5,3,8,1,1
chr2,36570001,36670000,2,5,1,2,1,0
chr2,36670001,36770000,0,1,1,1,1,1
chr2,36770001,36870000,1,1,2,0,4,0
chr2,36870001,36970000,1,3,0,3,4,1
chr2,36970001,37070000,3,3,6,0,0,1
chr2,37070001,37170000,5,1,0,3,2,0
chr2,37170001,37270000,2,2,1,2,4,0
chr2,37270001,37370000,4,3,2,3,1,1
chr2,37370001,37470000,6,1,2,3,3,1
chr2,37470001,37570000,3,1,2,2,0,8
chr2,37570001,37670000,1,3,1,5,2,2
chr2,37670001,37770000,4,1,2,6,2,1
chr2,37770001,37870000,4,1,2,3,3,1
chr2,37870001,37970000,3,2,1,0,0,3
chr2,37970001,38070000,2,3,1,5,1,0
chr2,38070001,38170000,4,4,1,3,5,3
chr2,38170001,38270000,6,0,0,4,1,1
chr2,38270001,38370000,3,1,2,2,1,0
chr2,38370001,38470000,2,5,1,4,2,1
chr2,38470001,38570000,3,5,1,1,3,1
chr2,38570001,38670000,2,2,0,1,3,1
chr2,38670001,38770000,5,3,3,5,0,1
chr2,38770001,38870000,3,1,1,0,2,2
chr2,38870001,38970000,3,3,0,2,3,1
chr2,38970001,39070000,0,1,2,2,3,1
chr2,39070001,39170000,3,1,1,3,1,0
chr2,39170001,39270000,6,3,3,4,1,1
chr2,39270001,39370000,4,2,2,3,1,0
chr2,39370001,39470000,0,5,1,1,4,0
chr2,39470001,39570000,2,3,4,5,3,0
chr2,39570001,39670000,1,0,2,3,2,0
chr2,39670001,39770000,5,1,1,2,1,1
chr2,39770001,39870000,5,3,0,5,3,1
chr2,39870001,39970000,0,2,1,4,2,0
chr2,39970001,40070000,3,3,2,3,2,3
chr2,40070001,40170000,4,4,1,7,2,0
chr2,40170001,40270000,5,5,1,2,2,2
chr2,40270001,40370000,4,3,2,2,4,0
chr2,40370001,40470000,4,4,3,3,0,0
chr2,40470001,40570000,2,6,3,7,3,0
chr2,40570001,40670000,1,6,2,7,5,0
chr2,40670001,40770000,2,2,4,9,7,1
chr2,40770001,40870000,5,7,2,6,0,0
chr2,40870001,40970000,8,10,6,11,4,1
chr2,40970001,41070000,6,5,5,13,0,3
chr2,41070001,41170000,7,5,4,8,5,0
chr2,41170001,41270000,7,8,2,13,4,0
chr2,41270001,41370000,4,13,6,7,2,1
chr2,41370001,41470000,2,4,3,9,2,1
chr2,41470001,41570000,4,2,2,9,3,0
chr2,41570001,41670000,5,5,6,11,0,0
chr2,41670001,41770000,4,6,1,8,4,0
chr2,41770001,41870000,1,4,4,6,3,1
chr2,41870001,41970000,2,2,4,11,1,0
chr2,41970001,42070000,3,3,7,6,4,2
chr2,42070001,42170000,4,2,2,1,1,0
chr2,42170001,42270000,4,1,1,1,1,0
chr2,42270001,42370000,0,1,1,1,0,0
chr2,42370001,42470000,6,1,3,2,1,0
chr2,42470001,42570000,3,1,1,2,2,1
chr2,42570001,42670000,4,2,0,3,1,1
chr2,42670001,42770000,3,2,1,7,1,0
chr2,42770001,42870000,7,2,2,2,0,4
chr2,42870001,42970000,1,1,1,1,1,0
chr2,42970001,43070000,2,1,1,3,2,1
chr2,43070001,43170000,1,0,1,3,1,1
chr2,43170001,43270000,2,0,1,4,1,2
chr2,43270001,43370000,1,1,0,1,5,3
chr2,43370001,43470000,4,1,3,3,3,1
chr2,43470001,43570000,4,3,2,4,1,0
chr2,43570001,43670000,3,1,2,1,3,0
chr2,43670001,43770000,6,2,2,1,2,1
chr2,43770001,43870000,2,4,1,3,2,0
chr2,43870001,43970000,4,2,1,1,1,0
chr2,43970001,44070000,3,3,2,2,1,1
chr2,44070001,44170000,5,5,3,2,1,1
chr2,44170001,44270000,3,6,0,5,1,0
chr2,44270001,44370000,0,2,0,0,3,2
chr2,44370001,44470000,2,2,1,4,0,1
chr2,44470001,44570000,1,2,3,4,3,0
chr2,44570001,44670000,4,5,2,3,6,0
chr2,44670001,44770000,3,2,1,2,1,1
chr2,44770001,44870000,3,4,3,1,0,1
chr2,44870001,44970000,3,3,2,2,1,1
chr2,44970001,45070000,2,2,0,2,1,1
chr2,45070001,45170000,4,2,1,3,3,0
chr2,45170001,45270000,2,3,2,0,2,1
chr2,45270001,45370000,2,5,1,5,2,1
chr2,45370001,45470000,3,3,1,1,0,0
chr2,45470001,45570000,3,6,2,3,0,2
chr2,45570001,45670000,4,1,2,1,4,2
chr2,45670001,45770000,3,3,3,0,0,0
chr2,45770001,45870000,1,1,0,3,0,0
chr2,45870001,45970000,2,2,0,4,1,1
chr2,45970001,46070000,6,3,2,2,0,1
chr2,46070001,46170000,3,4,0,2,1,1
chr2,46170001,46270000,3,4,0,1,0,0
chr2,46270001,46370000,3,2,1,0,1,0
chr2,46370001,46470000,2,5,2,1,3,1
chr2,46470001,46570000,4,3,0,0,4,0
chr2,46570001,46670000,5,0,2,2,0,2
chr2,46670001,46770000,0,3,0,2,1,0
chr2,46770001,46870000,3,2,2,6,1,1
chr2,46870001,46970000,3,4,1,2,1,0
chr2,46970001,47070000,9,2,2,3,0,0
chr2,47070001,47170000,2,1,1,3,0,1
chr2,47170001,47270000,0,3,0,1,3,0
chr2,47270001,47370000,0,2,1,5,1,2
chr2,47370001,47470000,2,1,1,1,1,1
chr2,47470001,47570000,2,1,0,2,3,0
chr2,47570001,47670000,1,3,2,0,0,0
chr2,47670001,47770000,3,3,1,2,2,2
chr2,47770001,47870000,2,5,1,2,3,0
chr2,47870001,47970000,2,2,1,8,0,1
chr2,47970001,48070000,0,2,1,5,0,2
chr2,48070001,48170000,2,1,0,1,3,2
chr2,48170001,48270000,1,6,3,8,1,0
chr2,48270001,48370000,4,5,4,1,1,2
chr2,48370001,48470000,3,8,3,7,3,0
chr2,48470001,48570000,3,4,0,4,1,2
chr2,48570001,48670000,5,4,3,3,1,0
chr2,48670001,48770000,1,2,1,2,0,3
chr2,48770001,48870000,3,4,4,5,2,1
chr2,48870001,48970000,2,4,4,10,1,0
chr2,48970001,49070000,3,5,3,11,2,0
chr2,49070001,49170000,7,8,4,10,4,0
chr2,49170001,49270000,3,4,5,9,1,0
chr2,49270001,49370000,8,9,5,14,3,4
chr2,49370001,49480000,3,9,1,8,3,2
chr2,49480001,49580000,7,5,2,15,4,0
chr2,49580001,49680000,8,8,3,10,3,0
chr2,49680001,49780000,6,9,5,16,4,2
chr2,49780001,49880000,7,8,3,14,3,3
chr2,49880001,49980000,3,9,5,10,3,1
chr2,49980001,50080000,5,4,6,10,4,1
chr2,50080001,50180000,7,12,7,15,3,0
chr2,50180001,50280000,1,3,6,11,0,0
chr2,50280001,50380000,3,9,6,12,1,2
chr2,50380001,50480000,7,18,5,8,1,1
chr2,50480001,50580000,2,7,1,14,2,4
chr2,50580001,50680000,0,4,4,7,4,0
chr2,50680001,50780000,3,3,6,8,2,0
chr2,50780001,50880000,3,6,10,9,3,1
chr2,50880001,50980000,4,6,3,10,2,1
chr2,50980001,51080000,5,6,10,20,1,2
chr2,51080001,51180000,1,3,10,14,4,8
chr2,51180001,51280000,1,5,4,19,2,4
chr2,51280001,51380000,5,8,8,19,0,2
chr2,51380001,51480000,3,6,8,17,1,2
chr2,51480001,51580000,3,2,5,11,1,2
chr2,51580001,51680000,2,7,9,20,5,0
chr2,51680001,51780000,2,7,6,11,2,0
chr2,51780001,51880000,6,5,6,8,5,1
chr2,51880001,51980000,4,5,13,12,8,2
chr2,51980001,52080000,6,7,3,12,2,2
chr2,52080001,52180000,2,7,10,16,4,5
chr2,52180001,52280000,4,9,7,19,8,0
chr2,52280001,52380000,3,11,9,16,6,0
chr2,52380001,52480000,0,8,7,14,9,1
chr2,52480001,52580000,2,5,9,19,2,0
chr2,52580001,52680000,4,6,8,11,0,0
chr2,52680001,52780000,7,8,2,13,5,1
chr2,52780001,52880000,5,14,5,12,2,0
chr2,52880001,52980000,5,8,5,7,3,1
chr2,52980001,53080000,2,6,6,7,2,1
chr2,53080001,53180000,5,8,4,6,4,2
chr2,53180001,53280000,0,7,6,12,3,0
chr2,53280001,53380000,4,1,4,9,3,1
chr2,53380001,53480000,2,6,6,6,1,1
chr2,53480001,53580000,2,5,4,7,2,2
chr2,53580001,53680000,4,5,4,4,2,3
chr2,53680001,53780000,3,4,3,11,1,1
chr2,53780001,53880000,4,3,3,3,2,0
chr2,53880001,53980000,7,3,2,3,2,2
chr2,53980001,54080000,7,2,0,2,1,3
chr2,54080001,54180000,5,3,2,4,2,1
chr2,54180001,54280000,0,1,1,3,1,0
chr2,54280001,54380000,1,2,3,5,2,0
chr2,54380001,54480000,2,1,2,5,1,0
chr2,54480001,54580000,6,1,2,8,3,1
chr2,54580001,54680000,4,3,1,2,0,1
chr2,54680001,54780000,0,4,0,5,2,2
chr2,54780001,54880000,4,2,2,3,1,0
chr2,54880001,54980000,7,2,0,4,0,1
chr2,54980001,55080000,1,4,1,3,0,0
chr2,55080001,55180000,5,2,1,1,1,0
chr2,55180001,55280000,4,3,2,2,3,0
chr2,55280001,55380000,2,3,1,3,1,0
chr2,55380001,55480000,9,3,4,2,3,1
chr2,55480001,55580000,5,3,1,0,3,0
chr2,55580001,55680000,2,2,0,0,0,0
chr2,55680001,55780000,2,2,0,4,3,1
chr2,55780001,55880000,4,3,1,2,3,1
chr2,55880001,55980000,3,2,1,2,2,1
chr2,55980001,56080000,6,4,1,4,1,1
chr2,56080001,56180000,5,1,4,6,4,0
chr2,56180001,56280000,3,4,1,3,4,0
chr2,56280001,56380000,4,2,4,3,2,0
chr2,56380001,56480000,5,5,4,8,0,2
chr2,56480001,56580000,3,7,3,13,3,1
chr2,56580001,56680000,1,3,7,8,5,2
chr2,56680001,56780000,3,7,7,10,7,2
chr2,56780001,56880000,5,2,0,9,2,1
chr2,56880001,56980000,3,8,9,17,4,0
chr2,56980001,57080000,5,8,5,7,2,2
chr2,57080001,57180000,3,9,7,9,7,2
chr2,57180001,57280000,2,13,10,17,4,1
chr2,57280001,57380000,9,7,4,10,2,2
chr2,57380001,57480000,3,12,3,10,4,0
chr2,57480001,57580000,5,7,7,10,3,1
chr2,57580001,57680000,3,5,6,10,1,1
chr2,57680001,57780000,4,4,3,7,4,0
chr2,57780001,57880000,5,9,6,10,1,0
chr2,57880001,57980000,8,5,9,16,2,0
chr2,57980001,58080000,6,6,7,10,7,1
chr2,58080001,58180000,6,5,2,3,2,0
chr2,58180001,58280000,4,3,3,7,4,1
chr2,58280001,58380000,4,0,1,1,1,0
chr2,58380001,58480000,3,2,2,4,6,2
chr2,58480001,58580000,2,11,1,6,2,0
chr2,58580001,58680000,1,5,7,8,3,1
chr2,58680001,58780000,2,5,3,12,3,1
chr2,58780001,58880000,2,5,5,12,5,0
chr2,58880001,58980000,5,2,5,9,1,0
chr2,58980001,59080000,3,5,3,8,4,2
chr2,59080001,59180000,6,6,2,6,0,4
chr2,59180001,59280000,2,6,5,8,5,1
chr2,59280001,59380000,5,9,5,12,3,0
chr2,59380001,59480000,2,5,7,7,1,3
chr2,59480001,59580000,6,9,8,9,1,0
chr2,59580001,59680000,5,8,5,13,0,0
chr2,59680001,59780000,4,7,2,9,3,0
chr2,59780001,59880000,4,6,6,9,2,1
chr2,59880001,59980000,9,5,2,3,0,0
chr2,59980001,60080000,1,5,3,2,2,1
chr2,60080001,60180000,4,1,3,2,2,0
chr2,60180001,60280000,5,4,3,5,4,3
chr2,60280001,60380000,2,4,1,4,1,2
chr2,60380001,60480000,4,5,0,1,2,3
chr2,60480001,60580000,3,1,2,11,1,1
chr2,60580001,60680000,11,1,0,2,4,1
chr2,60680001,60780000,4,1,5,8,0,1
chr2,60780001,60880000,3,4,4,5,4,1
chr2,60880001,60980000,8,1,2,5,1,0
chr2,60980001,61080000,2,3,1,4,1,1
chr2,61080001,61180000,4,1,0,2,0,3
chr2,61180001,61280000,6,3,5,1,1,0
chr2,61280001,61380000,1,2,3,2,2,1
chr2,61380001,61480000,4,1,1,3,2,0
chr2,61480001,61580000,4,1,1,5,4,0
chr2,61580001,61680000,3,3,1,3,2,0
chr2,61680001,61780000,5,6,0,5,3,1
chr2,61780001,61880000,5,0,4,1,5,0
chr2,61880001,61980000,1,2,2,4,1,0
chr2,61980001,62080000,6,1,1,2,2,0
chr2,62080001,62180000,5,3,1,3,1,2
chr2,62180001,62280000,3,4,2,3,1,1
chr2,62280001,62380000,1,1,1,4,4,2
chr2,62380001,62480000,1,1,0,1,2,2
chr2,62480001,62580000,1,2,2,2,1,0
chr2,62580001,62680000,4,2,1,3,0,0
chr2,62680001,62780000,2,5,1,4,1,0
chr2,62780001,62880000,4,3,1,6,1,0
chr2,62880001,63020000,6,1,3,0,3,1
chr2,63020001,63120000,1,1,2,3,1,1
chr2,63120001,63220000,3,1,1,10,1,0
chr2,63220001,63320000,3,2,1,2,1,1
chr2,63320001,63420000,2,3,6,3,4,0
chr2,63420001,63520000,4,1,1,8,3,0
chr2,63520001,63620000,4,3,2,6,1,0
chr2,63620001,63720000,2,3,4,4,2,0
chr2,63720001,63820000,3,1,3,3,0,0
chr2,63820001,63920000,1,4,2,2,2,0
chr2,63920001,64020000,5,2,0,6,2,0
chr2,64020001,64120000,1,2,3,3,2,1
chr2,64120001,64220000,5,1,0,4,2,1
chr2,64220001,64320000,1,0,0,1,5,0
chr2,64320001,64420000,5,2,1,0,1,1
chr2,64420001,64520000,2,4,2,2,4,1
chr2,64520001,64620000,2,1,0,5,0,1
chr2,64620001,64720000,3,1,0,3,1,0
chr2,64720001,64820000,1,2,1,1,3,0
chr2,64820001,64920000,3,3,1,4,4,1
chr2,64920001,65020000,1,1,2,2,4,1
chr2,65020001,65120000,4,2,0,1,1,1
chr2,65120001,65220000,1,3,0,3,2,1
chr2,65220001,65320000,1,3,1,2,3,1
chr2,65320001,65420000,5,1,1,3,1,0
chr2,65420001,65520000,0,4,6,1,0,2
chr2,65520001,65620000,4,4,1,3,2,0
chr2,65620001,65720000,2,3,0,4,1,0
chr2,65720001,65820000,2,0,3,6,0,1
chr2,65820001,65920000,4,5,3,3,1,0
chr2,65920001,66020000,2,6,1,3,3,1
chr2,66020001,66120000,2,2,3,6,1,1
chr2,66120001,66220000,3,2,4,5,2,1
chr2,66220001,66320000,5,4,2,4,2,0
chr2,66320001,66420000,3,5,2,6,4,1
chr2,66420001,66520000,3,5,4,3,4,1
chr2,66520001,66620000,5,7,4,9,1,3
chr2,66620001,66720000,3,4,4,5,1,0
chr2,66720001,66820000,4,3,3,1,3,1
chr2,66820001,66920000,2,4,2,3,2,0
chr2,66920001,67020000,6,1,3,6,2,1
chr2,67020001,67120000,9,2,1,6,2,0
chr2,67120001,67220000,7,2,0,7,3,3
chr2,67220001,67320000,7,2,2,2,0,0
chr2,67320001,67420000,4,2,6,5,0,4
chr2,67420001,67520000,4,1,2,6,2,3
chr2,67520001,67620000,2,3,5,0,3,0
chr2,67620001,67720000,3,2,3,3,1,1
chr2,67720001,67820000,2,5,4,3,1,0
chr2,67820001,67920000,5,2,2,9,4,0
chr2,67920001,68020000,0,0,4,10,2,2
chr2,68020001,68120000,5,1,5,7,1,0
chr2,68120001,68220000,1,2,3,4,1,0
chr2,68220001,68320000,5,0,4,11,3,0
chr2,68320001,68420000,1,1,1,1,3,1
chr2,68420001,68520000,4,1,1,6,2,0
chr2,68520001,68620000,2,0,3,4,1,0
chr2,68620001,68720000,3,3,3,5,0,2
chr2,68720001,68820000,2,2,0,1,1,1
chr2,68820001,68920000,2,3,1,2,1,0
chr2,68920001,69020000,8,1,1,2,4,0
chr2,69020001,69120000,3,2,2,5,0,1
chr2,69120001,69220000,8,1,3,5,0,3
chr2,69220001,69320000,1,1,3,6,3,0
chr2,69320001,69420000,1,3,1,3,1,0
chr2,69420001,69520000,3,2,4,6,2,1
chr2,69520001,69620000,3,1,2,8,0,0
chr2,69620001,69720000,1,4,1,1,2,0
chr2,69720001,69820000,2,1,1,0,2,2
chr2,69820001,69920000,1,2,1,4,0,0
chr2,69920001,70020000,0,1,0,0,0,1
chr2,70020001,70120000,1,4,3,6,3,1
chr2,70120001,70220000,4,0,0,4,0,0
chr2,70220001,70320000,2,0,0,0,2,3
chr2,70320001,70420000,1,1,1,0,2,1
chr2,70420001,70520000,0,1,2,2,2,0
chr2,70520001,70620000,3,5,0,2,2,1
chr2,70620001,70730000,1,2,3,2,3,2
chr2,70730001,70830000,2,1,4,4,1,1
chr2,70830001,70930000,4,2,2,3,3,3
chr2,70930001,71030000,3,7,1,1,3,0
chr2,71030001,71130000,4,4,1,12,0,0
chr2,71130001,71230000,2,2,1,1,0,1
chr2,71230001,71330000,3,1,1,5,1,1
chr2,71330001,71430000,2,4,1,6,3,0
chr2,71430001,71530000,3,1,5,4,1,0
chr2,71530001,71630000,1,1,0,6,3,2
chr2,71630001,71730000,2,3,2,2,2,0
chr2,71730001,71830000,4,5,0,1,1,0
chr2,71830001,71930000,3,4,0,4,0,1
chr2,71930001,72030000,6,6,2,4,1,0
chr2,72030001,72130000,1,9,1,6,2,0
chr2,72130001,72230000,1,3,2,7,1,2
chr2,72230001,72330000,2,7,1,1,3,3
chr2,72330001,72430000,5,4,3,1,0,0
chr2,72430001,72530000,2,1,2,2,4,0
chr2,72530001,72630000,2,1,3,2,4,2
chr2,72630001,72730000,5,4,0,5,1,0
chr2,72730001,72830000,0,1,1,8,1,2
chr2,72830001,72930000,2,3,3,5,0,1
chr2,72930001,73030000,8,0,1,4,2,1
chr2,73030001,73130000,1,3,3,7,1,0
chr2,73130001,73230000,3,1,0,3,0,0
chr2,73230001,73330000,3,1,0,2,2,1
chr2,73330001,73430000,2,1,2,1,0,0
chr2,73430001,73530000,6,1,0,3,3,1
chr2,73530001,73630000,6,3,1,9,1,1
chr2,73630001,73730000,2,2,0,3,0,1
chr2,73730001,73830000,0,1,1,2,1,0
chr2,73830001,73930000,1,1,1,2,0,2
chr2,73930001,74030000,2,1,1,1,2,1
chr2,74030001,74130000,2,3,2,2,1,0
chr2,74130001,74230000,1,2,1,4,0,1
chr2,74230001,74330000,3,2,1,1,4,1
chr2,74330001,74430000,3,4,2,3,3,0
chr2,74430001,74530000,3,1,2,0,0,0
chr2,74530001,74630000,1,1,3,3,0,0
chr2,74630001,74730000,5,2,1,2,1,0
chr2,74730001,74830000,4,1,2,2,4,0
chr2,74830001,74930000,1,2,2,3,3,0
chr2,74930001,75030000,4,4,1,4,1,1
chr2,75030001,75130000,4,2,1,4,1,0
chr2,75130001,75230000,3,3,2,2,1,1
chr2,75230001,75330000,4,2,3,3,1,0
chr2,75330001,75430000,6,2,1,9,3,0
chr2,75430001,75530000,3,4,6,7,1,2
chr2,75530001,75630000,5,9,3,6,3,1
chr2,75630001,75730000,4,2,4,0,0,1
chr2,75730001,75830000,4,3,1,3,2,1
chr2,75830001,75930000,3,3,1,7,4,1
chr2,75930001,76030000,5,8,8,7,4,1
chr2,76030001,76130000,9,6,4,10,1,1
chr2,76130001,76230000,5,8,2,9,5,0
chr2,76230001,76330000,1,9,2,9,2,2
chr2,76330001,76430000,3,9,2,14,4,1
chr2,76430001,76530000,2,12,2,8,2,2
chr2,76530001,76630000,6,5,5,16,1,1
chr2,76630001,76730000,2,10,7,7,1,3
chr2,76730001,76830000,8,11,4,13,2,0
chr2,76830001,76930000,6,2,8,9,2,6
chr2,76930001,77030000,1,12,1,7,0,2
chr2,77030001,77130000,2,9,10,12,2,3
chr2,77130001,77230000,5,5,6,9,1,0
chr2,77230001,77330000,3,5,7,9,2,1
chr2,77330001,77430000,1,11,6,9,2,1
chr2,77430001,77530000,9,8,11,9,5,0
chr2,77530001,77630000,7,11,5,7,2,1
chr2,77630001,77730000,7,9,6,15,1,0
chr2,77730001,77830000,2,12,4,19,1,2
chr2,77830001,77930000,2,8,2,12,2,0
chr2,77930001,78030000,5,12,3,10,1,3
chr2,78030001,78130000,3,7,12,13,7,2
chr2,78130001,78230000,7,11,10,12,6,2
chr2,78230001,78330000,5,14,5,7,4,1
chr2,78330001,78430000,4,19,6,9,4,2
chr2,78430001,78530000,7,17,4,18,4,0
chr2,78530001,78630000,8,12,4,16,4,0
chr2,78630001,78730000,9,7,12,15,5,2
chr2,78730001,78830000,7,17,8,24,4,1
chr2,78830001,78930000,6,13,7,15,2,2
chr2,78930001,79030000,3,9,3,10,4,0
chr2,79030001,79130000,6,13,2,11,3,0
chr2,79130001,79230000,5,4,4,14,7,2
chr2,79230001,79330000,6,15,1,4,4,1
chr2,79330001,79430000,5,14,4,6,3,1
chr2,79430001,79530000,9,17,2,9,1,3
chr2,79530001,79630000,6,14,2,6,2,2
chr2,79630001,79730000,4,13,6,7,5,1
chr2,79730001,79830000,6,12,0,9,4,0
chr2,79830001,79930000,5,9,1,17,3,1
chr2,79930001,80030000,4,8,7,11,3,2
chr2,80030001,80130000,5,11,1,15,3,0
chr2,80130001,80230000,5,6,2,8,3,1
chr2,80230001,80330000,8,9,1,8,6,2
chr2,80330001,80430000,8,9,0,10,2,3
chr2,80430001,80530000,5,9,0,15,4,0
chr2,80530001,80630000,4,6,2,16,6,1
chr2,80630001,80730000,6,15,2,14,2,3
chr2,80730001,80830000,6,6,4,10,3,0
chr2,80830001,80930000,5,9,2,15,2,3
chr2,80930001,81030000,5,10,5,16,3,2
chr2,81030001,81130000,1,11,3,19,2,2
chr2,81130001,81230000,10,11,7,7,3,2
chr2,81230001,81330000,3,7,10,16,2,0
chr2,81330001,81430000,5,15,5,16,6,1
chr2,81430001,81530000,3,19,9,25,6,3
chr2,81530001,81630000,4,13,3,18,2,3
chr2,81630001,81730000,4,8,4,16,2,0
chr2,81730001,81830000,7,13,7,18,3,4
chr2,81830001,81930000,5,12,6,11,6,4
chr2,81930001,82030000,6,12,5,6,3,0
chr2,82030001,82130000,3,11,6,9,1,3
chr2,82130001,82230000,12,14,7,9,1,5
chr2,82230001,82330000,8,9,4,4,1,5
chr2,82330001,82430000,3,12,9,5,2,1
chr2,82430001,82530000,6,14,6,8,3,3
chr2,82530001,82630000,5,12,2,9,5,4
chr2,82630001,82730000,4,12,0,12,1,2
chr2,82730001,82830000,4,16,6,14,2,7
chr2,82830001,82930000,6,15,1,17,4,3
chr2,82930001,83030000,6,14,3,11,5,2
chr2,83030001,83130000,3,12,3,18,1,2
chr2,83130001,83230000,2,7,6,4,1,1
chr2,83230001,83330000,6,7,2,16,4,1
chr2,83330001,83430000,5,2,7,14,2,3
chr2,83430001,83530000,5,9,1,14,1,1
chr2,83530001,83630000,7,8,1,8,2,3
chr2,83630001,83730000,3,4,3,9,0,1
chr2,83730001,83830000,2,8,5,13,3,1
chr2,83830001,83930000,5,8,6,12,5,1
chr2,83930001,84030000,1,5,3,12,1,2
chr2,84030001,84130000,3,3,2,10,1,2
chr2,84130001,84230000,4,6,3,14,7,0
chr2,84230001,84330000,4,3,2,6,3,0
chr2,84330001,84430000,3,9,5,6,2,2
chr2,84430001,84530000,1,4,0,6,4,2
chr2,84530001,84630000,5,3,4,7,2,1
chr2,84630001,84730000,3,1,3,2,0,0
chr2,84730001,84830000,2,2,3,1,3,0
chr2,84830001,84930000,2,5,1,3,4,4
chr2,84930001,85030000,2,2,1,4,3,2
chr2,85030001,85130000,2,3,1,4,1,1
chr2,85130001,85230000,5,3,2,3,0,1
chr2,85230001,85330000,3,0,1,3,1,0
chr2,85330001,85430000,1,1,3,3,2,0
chr2,85430001,85530000,3,3,0,3,1,0
chr2,85530001,85630000,2,0,1,2,2,2
chr2,85630001,85730000,3,2,0,3,2,0
chr2,85730001,85830000,2,4,1,2,0,1
chr2,85830001,85930000,2,11,0,4,1,2
chr2,85930001,86030000,3,1,0,2,1,1
chr2,86030001,86130000,2,3,4,3,2,0
chr2,86130001,86230000,3,1,1,2,2,2
chr2,86230001,86330000,3,1,2,2,0,1
chr2,86330001,86430000,3,1,1,3,2,0
chr2,86430001,86530000,2,1,2,2,1,0
chr2,86530001,86630000,7,4,0,2,1,0
chr2,86630001,86730000,4,9,0,4,2,2
chr2,86730001,86830000,9,3,1,3,1,0
chr2,86830001,86950000,4,1,2,2,1,1
chr2,86950001,87050000,3,0,2,3,0,0
chr2,87050001,87150000,5,2,2,4,2,0
chr2,87150001,87250000,0,3,0,1,0,1
chr2,87250001,87350000,0,2,1,5,1,1
chr2,87350001,88310000,0,5,1,6,3,0
chr2,88310001,88410000,3,5,2,3,3,0
chr2,88410001,88510000,2,4,3,2,2,2
chr2,88510001,88610000,3,3,1,9,2,0
chr2,88610001,88710000,6,6,4,18,3,1
chr2,88710001,88810000,0,3,2,3,3,1
chr2,88810001,88910000,4,4,0,1,3,2
chr2,88910001,89010000,2,2,2,2,1,0
chr2,89010001,89110000,7,3,3,9,3,2
chr2,89110001,89210000,5,1,2,5,5,0
chr2,89210001,89310000,3,9,2,10,3,1
chr2,89310001,89410000,3,7,4,4,1,1
chr2,89410001,89510000,2,7,2,7,2,0
chr2,89510001,90070000,5,10,2,5,3,0
chr2,90070001,90170000,3,12,1,11,3,2
chr2,90170001,95340000,3,9,3,7,5,1
chr2,95340001,95440000,6,6,3,8,3,0
chr2,95440001,95640000,5,8,5,5,5,2
chr2,95640001,95740000,2,7,3,4,2,2
chr2,95740001,95840000,3,1,1,2,3,3
chr2,95840001,95940000,2,2,1,2,2,1
chr2,95940001,96040000,3,0,1,4,0,1
chr2,96040001,96140000,2,0,2,4,1,1
chr2,96140001,96240000,2,3,2,3,0,0
chr2,96240001,96340000,0,2,0,4,2,1
chr2,96340001,96440000,3,3,0,0,2,2
chr2,96440001,96540000,1,3,1,3,2,0
chr2,96540001,96640000,2,3,1,5,1,1
chr2,96640001,96740000,1,0,1,1,0,0
chr2,96740001,96840000,1,1,0,0,2,1
chr2,96840001,96940000,4,1,3,4,3,0
chr2,96940001,97040000,1,2,1,3,1,0
chr2,97040001,97140000,2,1,2,2,4,3
chr2,97140001,97240000,7,4,1,1,2,0
chr2,97240001,97340000,2,1,2,2,0,1
chr2,97340001,97440000,5,1,2,4,2,0
chr2,97440001,97540000,2,1,1,2,3,2
chr2,97540001,97640000,0,2,2,3,0,3
chr2,97640001,98270000,2,1,1,5,3,0
chr2,98270001,98370000,1,2,2,3,1,0
chr2,98370001,98470000,1,2,1,2,4,0
chr2,98470001,98570000,6,3,2,4,3,0
chr2,98570001,98670000,0,5,3,2,1,0
chr2,98670001,98770000,3,3,2,1,1,1
chr2,98770001,98870000,2,1,1,2,4,0
chr2,98870001,98970000,2,8,0,6,3,3
chr2,98970001,99070000,4,3,1,4,0,2
chr2,99070001,99170000,2,3,3,3,0,1
chr2,99170001,99270000,2,1,2,3,1,1
chr2,99270001,99370000,5,1,4,2,3,0
chr2,99370001,99470000,4,2,1,3,0,1
chr2,99470001,99570000,3,1,1,2,0,0
chr2,99570001,99670000,3,4,4,6,0,1
chr2,99670001,99770000,3,2,3,5,1,1
chr2,99770001,99870000,0,4,1,6,3,0
chr2,99870001,99970000,1,2,0,0,1,0
chr2,99970001,100070000,2,4,2,2,1,0
chr2,100070001,100170000,3,1,1,5,4,1
chr2,100170001,100270000,6,1,1,4,5,2
chr2,100270001,100370000,5,3,3,2,3,2
chr2,100370001,100470000,4,3,3,8,2,2
chr2,100470001,100570000,6,2,5,5,3,0
chr2,100570001,100670000,8,3,6,5,1,0
chr2,100670001,100770000,7,2,4,6,6,0
chr2,100770001,100870000,3,1,2,4,2,0
chr2,100870001,100970000,3,2,5,4,3,1
chr2,100970001,101070000,4,2,3,1,3,1
chr2,101070001,101170000,3,7,2,3,3,1
chr2,101170001,101270000,1,3,3,5,1,1
chr2,101270001,101370000,3,4,1,2,2,2
chr2,101370001,101470000,4,4,2,1,0,0
chr2,101470001,101570000,3,0,1,0,0,2
chr2,101570001,101670000,4,1,1,4,3,2
chr2,101670001,101770000,4,1,1,1,2,0
chr2,101770001,101870000,3,3,0,2,1,1
chr2,101870001,101970000,5,2,2,3,1,0
chr2,101970001,102070000,1,3,0,3,2,0
chr2,102070001,102170000,4,2,4,2,0,1
chr2,102170001,102270000,3,1,0,1,2,0
chr2,102270001,102370000,2,1,3,1,0,1
chr2,102370001,102470000,2,1,2,4,5,3
chr2,102470001,102570000,3,1,2,4,2,1
chr2,102570001,102670000,3,3,0,0,2,1
chr2,102670001,102770000,2,2,2,1,2,1
chr2,102770001,102870000,3,0,1,4,3,0
chr2,102870001,102970000,1,5,0,5,4,2
chr2,102970001,103070000,3,3,2,8,2,0
chr2,103070001,103170000,3,1,2,2,2,0
chr2,103170001,103270000,4,2,2,2,0,1
chr2,103270001,103370000,4,1,0,4,1,1
chr2,103370001,103470000,1,5,0,4,0,1
chr2,103470001,103570000,3,3,3,8,5,1
chr2,103570001,103670000,7,2,2,12,3,0
chr2,103670001,103770000,4,9,2,7,8,0
chr2,103770001,103870000,5,4,3,10,1,1
chr2,103870001,103970000,6,6,5,12,2,0
chr2,103970001,104070000,4,7,4,8,3,2
chr2,104070001,104170000,4,8,12,11,8,1
chr2,104170001,104270000,5,12,4,11,5,1
chr2,104270001,104370000,4,11,5,14,6,4
chr2,104370001,104470000,6,8,9,8,5,5
chr2,104470001,104570000,1,9,2,19,4,2
chr2,104570001,104670000,3,8,6,16,4,2
chr2,104670001,104770000,2,8,7,12,3,0
chr2,104770001,104870000,3,6,5,4,4,2
chr2,104870001,104970000,2,12,6,12,1,1
chr2,104970001,105070000,0,8,5,7,2,2
chr2,105070001,105170000,3,7,5,9,5,0
chr2,105170001,105270000,5,4,5,7,6,0
chr2,105270001,105370000,2,6,3,6,3,0
chr2,105370001,105470000,4,8,4,4,4,0
chr2,105470001,105570000,2,7,1,7,2,3
chr2,105570001,105670000,1,1,4,6,3,2
chr2,105670001,105770000,3,6,5,6,4,1
chr2,105770001,105870000,2,1,0,5,3,1
chr2,105870001,105970000,6,1,0,7,3,0
chr2,105970001,106070000,5,1,0,2,1,2
chr2,106070001,106170000,3,1,2,3,0,0
chr2,106170001,106270000,4,2,0,3,2,3
chr2,106270001,106370000,3,1,0,3,0,1
chr2,106370001,106470000,3,1,1,5,2,0
chr2,106470001,106570000,2,2,3,2,0,1
chr2,106570001,106670000,4,2,0,4,2,0
chr2,106670001,106770000,4,0,1,2,1,0
chr2,106770001,106870000,3,3,1,4,1,2
chr2,106870001,106970000,4,5,1,5,3,2
chr2,106970001,107070000,3,4,3,6,1,2
chr2,107070001,107170000,3,1,2,2,2,1
chr2,107170001,107270000,1,6,0,5,2,3
chr2,107270001,107370000,3,2,1,7,2,3
chr2,107370001,107470000,3,7,2,5,2,1
chr2,107470001,107570000,1,5,5,11,1,4
chr2,107570001,107670000,4,6,1,12,1,3
chr2,107670001,107770000,5,6,4,9,4,2
chr2,107770001,107870000,7,6,2,19,2,0
chr2,107870001,107970000,6,5,6,5,4,0
chr2,107970001,108070000,4,3,0,8,4,3
chr2,108070001,108170000,7,9,9,7,4,0
chr2,108170001,108270000,5,2,9,14,1,2
chr2,108270001,108370000,6,8,0,6,1,1
chr2,108370001,108470000,2,3,6,8,1,0
chr2,108470001,108570000,3,4,2,8,4,1
chr2,108570001,108670000,2,3,2,5,3,2
chr2,108670001,108770000,5,8,1,3,2,0
chr2,108770001,108870000,4,2,1,1,1,1
chr2,108870001,108970000,2,4,2,5,4,0
chr2,108970001,109070000,3,2,1,0,2,2
chr2,109070001,109170000,5,0,1,2,0,1
chr2,109170001,109270000,0,2,2,2,2,1
chr2,109270001,109370000,0,3,1,2,0,2
chr2,109370001,109470000,5,2,1,1,1,3
chr2,109470001,109570000,1,2,0,1,2,1
chr2,109570001,109670000,1,0,0,5,1,0
chr2,109670001,109770000,3,3,1,1,1,0
chr2,109770001,109880000,4,2,0,5,1,0
chr2,109880001,109980000,1,1,1,3,1,0
chr2,109980001,110080000,2,4,0,4,2,0
chr2,110080001,110180000,0,1,0,1,0,0
chr2,110180001,110280000,1,0,0,0,1,0
chr2,110280001,110380000,4,0,2,2,2,0
chr2,110380001,110480000,0,4,2,1,4,0
chr2,110480001,110580000,0,2,0,4,0,0
chr2,110580001,110680000,0,0,0,0,0,0
chr2,110680001,110780000,0,0,0,0,0,0
chr2,110780001,110880000,3,1,0,1,0,0
chr2,110880001,110980000,3,2,0,4,2,1
chr2,110980001,111080000,0,0,2,0,0,0
chr2,111080001,111180000,0,0,1,0,0,1
chr2,111180001,111280000,0,0,1,0,0,0
chr2,111280001,111380000,0,2,0,0,1,0
chr2,111380001,111480000,2,1,0,0,0,0
chr2,111480001,111580000,6,1,3,6,4,1
chr2,111580001,111680000,1,2,1,3,1,1
chr2,111680001,111780000,1,0,2,0,1,0
chr2,111780001,111880000,1,1,2,4,2,2
chr2,111880001,111980000,1,0,2,1,0,2
chr2,111980001,112080000,1,0,0,2,0,0
chr2,112080001,112180000,0,0,0,2,0,0
chr2,112180001,112280000,2,0,2,1,0,1
chr2,112280001,112380000,1,0,0,5,1,0
chr2,112380001,112480000,0,2,2,2,1,0
chr2,112480001,112580000,1,0,1,1,1,1
chr2,112580001,112680000,2,2,1,2,1,1
chr2,112680001,112780000,2,2,3,2,3,0
chr2,112780001,112880000,2,0,1,2,2,0
chr2,112880001,112980000,4,1,0,3,2,0
chr2,112980001,113080000,3,2,1,1,2,2
chr2,113080001,113180000,0,1,1,3,1,0
chr2,113180001,113280000,4,2,0,2,0,1
chr2,113280001,113380000,2,5,0,2,2,0
chr2,113380001,113480000,2,2,1,1,1,0
chr2,113480001,113580000,3,1,2,4,1,1
chr2,113580001,113680000,5,6,1,4,0,2
chr2,113680001,113780000,4,2,1,3,1,1
chr2,113780001,113880000,1,1,1,0,3,1
chr2,113880001,113980000,5,1,2,0,1,3
chr2,113980001,114080000,3,0,1,2,1,2
chr2,114080001,114490000,4,2,1,4,2,2
chr2,114490001,114590000,3,0,1,3,3,0
chr2,114590001,114690000,6,2,2,1,2,1
chr2,114690001,114790000,1,2,3,2,2,1
chr2,114790001,114890000,2,5,3,11,0,0
chr2,114890001,114990000,3,8,1,10,1,1
chr2,114990001,115090000,6,9,4,4,0,2
chr2,115090001,115190000,3,10,2,7,4,2
chr2,115190001,115290000,3,7,1,5,2,1
chr2,115290001,115390000,2,5,4,11,1,3
chr2,115390001,115490000,6,3,6,1,4,0
chr2,115490001,115590000,1,5,3,17,3,1
chr2,115590001,115690000,6,6,5,13,0,2
chr2,115690001,115790000,4,7,2,8,5,1
chr2,115790001,115890000,2,7,10,6,9,4
chr2,115890001,115990000,8,8,5,16,6,2
chr2,115990001,116090000,7,3,2,9,9,3
chr2,116090001,116190000,4,12,2,15,5,1
chr2,116190001,116290000,9,5,1,13,5,0
chr2,116290001,116390000,8,9,5,10,7,3
chr2,116390001,116490000,2,11,5,15,10,3
chr2,116490001,116590000,11,8,8,14,5,8
chr2,116590001,116690000,5,9,3,17,8,0
chr2,116690001,116790000,6,12,6,10,6,3
chr2,116790001,116890000,2,14,4,6,4,0
chr2,116890001,116990000,1,7,8,12,2,2
chr2,116990001,117090000,6,9,3,11,5,0
chr2,117090001,117190000,10,7,8,7,1,5
chr2,117190001,117290000,4,9,2,7,9,1
chr2,117290001,117390000,7,18,7,14,7,1
chr2,117390001,117490000,10,9,2,11,3,1
chr2,117490001,117590000,7,10,4,3,0,3
chr2,117590001,117690000,7,8,1,8,6,3
chr2,117690001,117790000,3,10,1,4,3,1
chr2,117790001,117890000,5,17,1,6,2,2
chr2,117890001,117990000,6,6,1,7,6,1
chr2,117990001,118090000,8,11,2,9,3,1
chr2,118090001,118190000,2,15,5,7,4,1
chr2,118190001,118290000,2,8,1,6,2,1
chr2,118290001,118390000,3,9,1,1,4,1
chr2,118390001,118490000,4,11,0,5,1,0
chr2,118490001,118590000,0,4,4,3,3,7
chr2,118590001,118690000,1,3,4,3,2,1
chr2,118690001,118790000,3,3,4,4,4,0
chr2,118790001,118890000,2,1,1,1,0,1
chr2,118890001,118990000,5,0,4,3,1,2
chr2,118990001,119090000,4,4,2,6,0,1
chr2,119090001,119190000,5,3,5,6,1,0
chr2,119190001,119290000,3,4,3,12,4,1
chr2,119290001,119390000,3,4,3,5,4,1
chr2,119390001,119490000,1,5,7,3,2,3
chr2,119490001,119590000,6,9,1,3,3,1
chr2,119590001,119690000,5,9,1,3,8,0
chr2,119690001,119790000,8,3,0,9,2,2
chr2,119790001,119890000,0,6,2,8,2,2
chr2,119890001,119990000,6,4,0,1,2,1
chr2,119990001,120090000,0,1,3,1,2,2
chr2,120090001,120190000,4,2,1,0,1,0
chr2,120190001,120290000,3,0,1,3,1,2
chr2,120290001,120390000,3,2,0,5,2,1
chr2,120390001,120490000,4,2,1,1,0,1
chr2,120490001,120590000,1,1,0,6,3,1
chr2,120590001,120690000,6,4,4,3,1,0
chr2,120690001,120790000,1,4,2,3,0,0
chr2,120790001,120890000,0,1,3,5,1,1
chr2,120890001,120990000,2,0,2,0,1,0
chr2,120990001,121090000,1,3,0,0,0,0
chr2,121090001,121190000,2,3,0,0,1,0
chr2,121190001,121290000,3,1,1,0,1,1
chr2,121290001,121390000,4,4,2,1,2,0
chr2,121390001,121490000,2,1,2,5,3,0
chr2,121490001,121590000,0,2,1,2,0,1
chr2,121590001,121690000,6,1,3,3,0,2
chr2,121690001,121790000,4,2,0,3,0,0
chr2,121790001,121890000,3,4,2,3,1,1
chr2,121890001,121990000,5,7,2,1,2,1
chr2,121990001,122090000,2,5,1,3,0,0
chr2,122090001,122190000,2,3,2,0,2,0
chr2,122190001,122290000,4,1,2,4,1,0
chr2,122290001,122390000,3,0,1,3,4,0
chr2,122390001,122490000,1,2,3,8,2,2
chr2,122490001,122590000,1,0,2,4,2,2
chr2,122590001,122690000,3,4,2,2,0,0
chr2,122690001,122790000,3,1,2,2,1,4
chr2,122790001,122890000,1,6,6,8,2,0
chr2,122890001,122990000,6,9,2,4,1,1
chr2,122990001,123090000,3,6,1,5,2,1
chr2,123090001,123190000,2,1,2,7,3,0
chr2,123190001,123290000,6,5,6,6,2,2
chr2,123290001,123390000,6,10,6,14,1,0
chr2,123390001,123490000,4,8,6,14,4,0
chr2,123490001,123590000,4,8,7,6,2,1
chr2,123590001,123690000,2,4,3,13,1,0
chr2,123690001,123790000,4,6,7,12,1,0
chr2,123790001,123890000,3,8,4,13,3,4
chr2,123890001,123990000,2,6,6,11,4,0
chr2,123990001,124090000,3,11,4,8,1,0
chr2,124090001,124190000,5,10,6,14,3,0
chr2,124190001,124290000,4,9,2,18,2,1
chr2,124290001,124390000,5,8,6,16,3,2
chr2,124390001,124490000,4,20,7,6,2,1
chr2,124490001,124590000,8,7,4,13,2,0
chr2,124590001,124690000,5,8,9,16,2,1
chr2,124690001,124790000,3,7,11,18,2,3
chr2,124790001,124890000,0,10,5,8,4,2
chr2,124890001,124990000,3,9,5,18,5,0
chr2,124990001,125090000,5,6,5,7,4,1
chr2,125090001,125190000,7,10,6,11,1,1
chr2,125190001,125290000,11,13,12,16,5,0
chr2,125290001,125390000,4,6,7,10,2,0
chr2,125390001,125490000,2,4,2,11,5,3
chr2,125490001,125590000,6,9,0,9,3,2
chr2,125590001,125690000,4,10,6,4,3,1
chr2,125690001,125790000,5,10,3,16,7,0
chr2,125790001,125890000,5,14,9,18,5,3
chr2,125890001,125990000,7,11,6,11,1,2
chr2,125990001,126090000,4,14,3,11,2,3
chr2,126090001,126190000,0,8,5,13,2,0
chr2,126190001,126290000,2,8,3,14,4,4
chr2,126290001,126390000,4,7,3,13,3,1
chr2,126390001,126490000,1,6,3,15,3,0
chr2,126490001,126590000,2,9,2,12,6,0
chr2,126590001,126690000,2,13,2,16,1,2
chr2,126690001,126790000,3,15,3,7,3,0
chr2,126790001,126890000,3,7,4,9,2,1
chr2,126890001,126990000,2,8,0,15,4,0
chr2,126990001,127090000,2,8,5,8,3,0
chr2,127090001,127190000,3,11,2,6,10,2
chr2,127190001,127290000,4,10,1,2,2,0
chr2,127290001,127390000,2,6,3,15,2,0
chr2,127390001,127490000,2,4,3,2,3,1
chr2,127490001,127590000,3,5,3,6,0,0
chr2,127590001,127690000,3,3,1,5,4,0
chr2,127690001,127790000,5,4,0,1,2,1
chr2,127790001,127890000,2,1,0,3,0,0
chr2,127890001,127990000,4,2,3,4,4,0
chr2,127990001,128090000,1,2,0,2,5,1
chr2,128090001,128190000,3,1,0,2,2,1
chr2,128190001,128290000,2,1,1,0,3,2
chr2,128290001,128390000,5,3,1,1,0,0
chr2,128390001,128490000,2,2,3,2,1,0
chr2,128490001,128590000,2,2,1,6,2,2
chr2,128590001,128690000,1,0,1,3,1,3
chr2,128690001,128790000,0,2,2,2,0,0
chr2,128790001,128890000,0,4,3,4,2,1
chr2,128890001,128990000,4,1,1,3,2,3
chr2,128990001,129090000,2,1,1,2,0,1
chr2,129090001,129190000,0,2,0,3,0,2
chr2,129190001,129290000,2,3,3,1,1,1
chr2,129290001,129390000,3,7,2,6,0,0
chr2,129390001,129490000,1,0,1,2,3,1
chr2,129490001,129590000,5,6,1,6,1,0
chr2,129590001,129690000,2,7,5,14,2,2
chr2,129690001,129790000,1,4,2,3,4,2
chr2,129790001,129890000,2,4,1,13,3,1
chr2,129890001,129990000,2,6,5,10,0,1
chr2,129990001,130090000,5,9,4,5,3,1
chr2,130090001,130190000,2,5,0,10,2,0
chr2,130190001,130290000,3,5,4,3,3,0
chr2,130290001,130390000,1,9,3,5,4,3
chr2,130390001,130490000,3,7,3,8,0,1
chr2,130490001,130590000,4,6,2,5,1,0
chr2,130590001,130690000,3,4,2,6,0,1
chr2,130690001,130790000,4,6,1,4,1,0
chr2,130790001,130890000,2,5,0,0,2,3
chr2,130890001,130990000,1,4,3,4,2,1
chr2,130990001,131090000,3,5,0,5,0,3
chr2,131090001,131190000,3,0,1,3,2,1
chr2,131190001,131290000,1,5,0,0,1,0
chr2,131290001,131390000,2,2,1,1,0,1
chr2,131390001,131490000,3,7,2,8,0,1
chr2,131490001,131590000,5,5,2,6,4,0
chr2,131590001,131690000,0,1,0,3,0,0
chr2,131690001,131790000,5,2,2,6,3,0
chr2,131790001,131890000,0,1,2,1,3,1
chr2,131890001,131990000,3,5,3,10,0,1
chr2,131990001,132090000,1,6,2,0,1,0
chr2,132090001,132190000,5,5,2,3,4,0
chr2,132190001,132290000,0,1,3,2,0,0
chr2,132290001,132390000,6,5,3,7,1,1
chr2,132390001,132490000,6,3,1,4,2,0
chr2,132490001,132590000,3,4,2,2,0,0
chr2,132590001,132690000,2,8,1,5,2,1
chr2,132690001,132870000,3,7,6,6,2,1
chr2,132870001,133160000,1,5,3,8,2,1
chr2,133160001,133260000,6,5,1,1,2,2
chr2,133260001,133360000,3,1,2,0,1,2
chr2,133360001,133460000,4,2,2,1,1,0
chr2,133460001,133560000,2,0,4,4,1,4
chr2,133560001,133660000,3,2,1,5,1,2
chr2,133660001,133760000,1,2,3,8,1,2
chr2,133760001,133860000,2,3,4,8,0,0
chr2,133860001,133960000,1,4,0,4,1,1
chr2,133960001,134060000,1,5,0,6,1,0
chr2,134060001,134160000,1,4,4,4,4,3
chr2,134160001,134260000,5,3,2,2,1,0
chr2,134260001,134360000,2,3,1,3,3,1
chr2,134360001,134460000,0,3,3,4,0,3
chr2,134460001,134560000,1,1,0,1,2,0
chr2,134560001,134660000,2,7,2,2,2,2
chr2,134660001,134760000,3,3,0,0,0,2
chr2,134760001,134860000,3,5,3,4,4,0
chr2,134860001,134960000,2,1,2,2,1,1
chr2,134960001,135060000,1,4,0,4,1,0
chr2,135060001,135160000,3,6,0,0,0,1
chr2,135160001,135260000,2,0,1,7,5,0
chr2,135260001,135360000,4,4,3,1,1,0
chr2,135360001,135460000,2,1,5,2,2,1
chr2,135460001,135560000,3,5,2,4,1,2
chr2,135560001,135660000,1,0,3,4,7,0
chr2,135660001,135760000,4,2,1,3,1,1
chr2,135760001,135860000,2,10,5,3,0,0
chr2,135860001,135960000,2,4,1,4,4,2
chr2,135960001,136060000,5,2,1,6,2,1
chr2,136060001,136160000,1,4,1,5,1,1
chr2,136160001,136260000,3,3,0,1,0,1
chr2,136260001,136360000,5,2,3,1,1,1
chr2,136360001,136460000,3,1,2,2,0,2
chr2,136460001,136560000,1,3,1,4,2,0
chr2,136560001,136660000,1,2,0,1,2,1
chr2,136660001,136760000,1,1,2,3,3,0
chr2,136760001,136860000,0,4,1,2,1,1
chr2,136860001,136960000,1,2,0,3,1,2
chr2,136960001,137060000,8,5,2,5,0,1
chr2,137060001,137160000,1,3,2,3,1,1
chr2,137160001,137260000,4,9,5,3,2,2
chr2,137260001,137360000,3,12,2,3,0,1
chr2,137360001,137460000,2,4,4,11,2,1
chr2,137460001,137560000,3,10,4,8,3,1
chr2,137560001,137660000,3,7,4,11,2,2
chr2,137660001,137760000,6,4,5,9,2,0
chr2,137760001,137860000,1,7,2,9,6,2
chr2,137860001,137960000,4,3,1,11,2,3
chr2,137960001,138060000,3,7,3,6,2,1
chr2,138060001,138160000,3,8,2,6,2,0
chr2,138160001,138260000,1,4,6,8,6,6
chr2,138260001,138360000,7,6,1,11,4,1
chr2,138360001,138460000,8,3,5,8,1,0
chr2,138460001,138560000,7,4,3,5,5,3
chr2,138560001,138660000,4,7,4,7,0,1
chr2,138660001,138760000,7,5,1,3,2,1
chr2,138760001,138860000,4,2,3,4,1,0
chr2,138860001,138960000,4,1,1,4,4,3
chr2,138960001,139060000,1,5,0,4,2,0
chr2,139060001,139160000,3,4,4,0,4,0
chr2,139160001,139260000,2,2,1,6,5,1
chr2,139260001,139360000,8,3,3,2,4,0
chr2,139360001,139460000,2,6,1,5,0,0
chr2,139460001,139560000,4,2,4,8,2,1
chr2,139560001,139660000,5,4,2,12,1,0
chr2,139660001,139760000,3,11,8,14,5,0
chr2,139760001,139860000,2,10,2,22,6,4
chr2,139860001,139960000,4,11,1,11,3,2
chr2,139960001,140060000,3,9,6,7,3,3
chr2,140060001,140160000,0,11,4,11,2,0
chr2,140160001,140260000,4,15,6,12,5,5
chr2,140260001,140360000,3,12,4,10,10,4
chr2,140360001,140460000,4,14,2,17,4,1
chr2,140460001,140560000,3,15,5,13,2,0
chr2,140560001,140660000,8,6,2,9,3,2
chr2,140660001,140760000,5,19,11,19,3,1
chr2,140760001,140860000,6,9,5,14,3,2
chr2,140860001,140960000,4,9,7,9,7,2
chr2,140960001,141060000,9,8,4,10,4,0
chr2,141060001,141160000,5,5,5,18,1,1
chr2,141160001,141260000,6,3,6,20,3,4
chr2,141260001,141360000,4,7,3,13,3,2
chr2,141360001,141460000,2,7,4,13,3,2
chr2,141460001,141560000,6,3,4,12,6,1
chr2,141560001,141660000,5,7,8,13,5,3
chr2,141660001,141760000,5,7,2,13,4,1
chr2,141760001,141860000,3,8,6,7,1,1
chr2,141860001,141960000,5,7,6,16,2,1
chr2,141960001,142060000,3,3,1,9,4,5
chr2,142060001,142160000,5,6,6,19,3,1
chr2,142160001,142260000,0,7,5,5,2,3
chr2,142260001,142360000,5,6,3,21,2,1
chr2,142360001,142460000,5,6,5,19,1,2
chr2,142460001,142560000,5,4,7,12,0,1
chr2,142560001,142660000,3,4,4,11,3,2
chr2,142660001,142760000,6,5,4,11,4,2
chr2,142760001,142860000,1,8,6,12,6,0
chr2,142860001,142960000,3,5,5,8,2,0
chr2,142960001,143060000,4,3,6,11,5,4
chr2,143060001,143160000,1,10,7,10,2,0
chr2,143160001,143260000,3,17,0,3,0,1
chr2,143260001,143360000,6,7,4,11,8,3
chr2,143360001,143460000,3,9,6,7,5,0
chr2,143460001,143560000,2,10,4,6,1,4
chr2,143560001,143660000,1,4,1,9,0,2
chr2,143660001,143760000,1,7,3,3,3,4
chr2,143760001,143860000,1,3,2,8,4,2
chr2,143860001,143960000,3,5,2,7,0,1
chr2,143960001,144060000,0,4,1,8,2,1
chr2,144060001,144160000,3,5,3,11,1,2
chr2,144160001,144260000,2,3,4,6,1,0
chr2,144260001,144360000,4,4,5,12,4,0
chr2,144360001,144460000,3,5,6,2,2,1
chr2,144460001,144560000,7,5,3,4,6,1
chr2,144560001,144660000,3,8,3,4,3,2
chr2,144660001,144760000,3,8,1,7,5,0
chr2,144760001,144860000,5,5,2,3,5,2
chr2,144860001,144960000,6,4,3,3,4,2
chr2,144960001,145060000,7,5,3,4,3,1
chr2,145060001,145160000,2,5,1,2,3,2
chr2,145160001,145260000,8,5,2,10,1,3
chr2,145260001,145360000,6,6,4,10,5,0
chr2,145360001,145460000,4,9,2,14,6,0
chr2,145460001,145560000,6,11,1,10,3,0
chr2,145560001,145660000,3,7,5,12,3,2
chr2,145660001,145760000,0,5,7,9,2,0
chr2,145760001,145860000,1,3,6,14,2,1
chr2,145860001,145960000,3,2,6,6,0,0
chr2,145960001,146060000,5,5,4,9,2,1
chr2,146060001,146160000,2,3,3,6,1,2
chr2,146160001,146260000,2,2,6,10,1,1
chr2,146260001,146360000,0,4,5,11,2,1
chr2,146360001,146460000,4,1,7,7,4,0
chr2,146460001,146560000,4,2,7,10,4,0
chr2,146560001,146660000,3,6,4,4,5,0
chr2,146660001,146760000,3,9,11,7,3,2
chr2,146760001,146860000,5,7,8,8,6,1
chr2,146860001,146960000,9,3,5,20,0,4
chr2,146960001,147060000,4,6,4,10,8,2
chr2,147060001,147160000,1,3,6,16,3,2
chr2,147160001,147260000,6,6,5,7,5,2
chr2,147260001,147360000,7,9,7,5,5,1
chr2,147360001,147460000,2,3,8,4,0,0
chr2,147460001,147560000,2,2,4,8,1,1
chr2,147560001,147660000,0,0,10,8,3,0
chr2,147660001,147760000,3,4,7,6,2,2
chr2,147760001,147860000,3,2,3,2,1,3
chr2,147860001,147960000,5,7,5,6,2,1
chr2,147960001,148060000,0,5,2,3,1,0
chr2,148060001,148160000,1,1,1,4,1,0
chr2,148160001,148260000,3,3,3,1,1,1
chr2,148260001,148360000,2,10,2,5,2,0
chr2,148360001,148460000,3,5,0,3,2,1
chr2,148460001,148560000,1,4,4,3,2,1
chr2,148560001,148660000,3,4,1,3,3,2
chr2,148660001,148760000,1,3,4,4,1,0
chr2,148760001,148860000,3,1,0,3,5,0
chr2,148860001,148960000,2,3,3,3,1,4
chr2,148960001,149060000,2,4,2,6,0,1
chr2,149060001,149160000,5,0,0,1,5,0
chr2,149160001,149260000,1,1,1,4,2,0
chr2,149260001,149360000,6,5,0,3,0,0
chr2,149360001,149460000,4,3,4,3,2,2
chr2,149460001,149560000,3,3,0,3,2,0
chr2,149560001,149680000,3,4,2,4,0,0
chr2,149680001,149780000,0,0,0,1,0,0
chr2,149780001,149880000,1,1,3,3,1,1
chr2,149880001,149980000,0,4,3,1,2,0
chr2,149980001,150080000,3,2,1,6,1,1
chr2,150080001,150180000,4,2,7,2,2,0
chr2,150180001,150280000,3,2,1,1,0,0
chr2,150280001,150380000,4,1,1,1,2,1
chr2,150380001,150480000,5,6,3,2,1,0
chr2,150480001,150580000,4,3,3,3,2,2
chr2,150580001,150680000,3,1,3,13,0,0
chr2,150680001,150780000,5,2,4,5,4,0
chr2,150780001,150880000,2,3,3,4,1,0
chr2,150880001,150980000,3,2,3,7,1,1
chr2,150980001,151080000,2,2,3,1,1,0
chr2,151080001,151180000,0,3,3,6,2,1
chr2,151180001,151280000,6,1,2,1,3,0
chr2,151280001,151380000,2,2,1,4,2,3
chr2,151380001,151480000,4,3,4,11,2,2
chr2,151480001,151580000,0,3,3,5,0,0
chr2,151580001,151680000,7,4,5,10,2,0
chr2,151680001,151780000,3,3,1,7,3,0
chr2,151780001,151880000,3,3,6,6,2,0
chr2,151880001,151980000,3,3,2,8,1,2
chr2,151980001,152080000,6,3,5,6,3,0
chr2,152080001,152180000,4,2,3,2,2,0
chr2,152180001,152280000,6,3,6,6,2,2
chr2,152280001,152380000,2,0,2,6,2,0
chr2,152380001,152480000,4,1,0,5,1,3
chr2,152480001,152580000,1,2,3,3,3,0
chr2,152580001,152680000,2,2,4,0,4,1
chr2,152680001,152780000,1,0,2,5,1,1
chr2,152780001,152880000,1,1,0,3,1,2
chr2,152880001,152980000,3,3,4,3,0,0
chr2,152980001,153080000,1,4,2,5,1,0
chr2,153080001,153180000,3,1,0,2,3,1
chr2,153180001,153280000,4,2,1,4,0,1
chr2,153280001,153380000,3,1,0,3,5,0
chr2,153380001,153480000,3,2,2,0,1,1
chr2,153480001,153580000,1,3,1,5,4,0
chr2,153580001,153680000,2,0,3,10,4,4
chr2,153680001,153780000,4,4,3,9,1,1
chr2,153780001,153880000,0,5,2,9,2,1
chr2,153880001,153980000,2,7,7,10,5,1
chr2,153980001,154080000,2,4,4,11,9,0
chr2,154080001,154180000,3,8,1,13,2,2
chr2,154180001,154280000,2,4,6,6,1,0
chr2,154280001,154380000,5,11,3,10,3,1
chr2,154380001,154480000,7,10,6,6,4,0
chr2,154480001,154580000,4,9,10,12,3,1
chr2,154580001,154680000,4,8,6,13,1,2
chr2,154680001,154780000,3,10,6,10,2,1
chr2,154780001,154880000,4,6,2,10,1,0
chr2,154880001,154980000,1,9,2,10,5,1
chr2,154980001,155080000,4,5,2,13,4,4
chr2,155080001,155180000,3,7,6,11,3,1
chr2,155180001,155280000,3,12,7,9,3,1
chr2,155280001,155380000,2,7,2,5,2,0
chr2,155380001,155480000,2,10,5,6,3,0
chr2,155480001,155580000,4,4,3,0,1,1
chr2,155580001,155680000,2,12,3,4,3,3
chr2,155680001,155780000,3,8,4,8,4,1
chr2,155780001,155880000,5,12,3,12,2,1
chr2,155880001,155980000,3,6,6,6,5,2
chr2,155980001,156080000,0,11,7,7,8,2
chr2,156080001,156180000,2,8,4,6,1,3
chr2,156180001,156280000,7,2,7,6,2,2
chr2,156280001,156380000,2,6,4,3,3,2
chr2,156380001,156480000,5,5,3,10,6,0
chr2,156480001,156580000,6,7,5,6,4,0
chr2,156580001,156680000,2,9,4,2,1,1
chr2,156680001,156780000,5,7,3,1,3,1
chr2,156780001,156880000,3,3,4,2,2,0
chr2,156880001,156980000,3,1,2,7,4,1
chr2,156980001,157080000,3,3,1,1,0,1
chr2,157080001,157180000,4,4,3,1,2,0
chr2,157180001,157280000,8,2,2,7,2,1
chr2,157280001,157380000,0,2,2,3,1,1
chr2,157380001,157480000,10,2,0,0,6,0
chr2,157480001,157580000,0,1,5,3,3,2
chr2,157580001,157680000,2,8,4,7,2,0
chr2,157680001,157780000,2,3,3,7,3,0
chr2,157780001,157880000,5,2,2,1,3,2
chr2,157880001,157980000,5,4,0,3,3,2
chr2,157980001,158080000,4,2,2,3,1,2
chr2,158080001,158180000,1,0,1,2,1,1
chr2,158180001,158280000,1,3,3,0,2,2
chr2,158280001,158380000,2,6,3,3,6,0
chr2,158380001,158480000,2,0,2,0,0,0
chr2,158480001,158580000,4,3,3,2,0,0
chr2,158580001,158680000,5,3,2,1,1,2
chr2,158680001,158780000,2,3,2,4,2,1
chr2,158780001,158880000,3,4,2,5,1,1
chr2,158880001,158980000,2,1,1,4,1,1
chr2,158980001,159080000,1,2,3,4,0,0
chr2,159080001,159180000,1,4,1,3,1,1
chr2,159180001,159280000,1,1,3,2,2,1
chr2,159280001,159380000,2,1,1,1,2,1
chr2,159380001,159480000,4,3,0,0,2,0
chr2,159480001,159580000,2,4,3,2,2,1
chr2,159580001,159680000,2,4,1,4,3,3
chr2,159680001,159780000,4,0,3,1,2,1
chr2,159780001,159880000,4,4,0,1,1,4
chr2,159880001,159980000,4,2,1,5,4,0
chr2,159980001,160080000,3,5,3,3,3,0
chr2,160080001,160180000,2,0,3,4,3,2
chr2,160180001,160280000,1,3,0,4,4,0
chr2,160280001,160380000,1,4,1,2,1,0
chr2,160380001,160480000,2,2,2,1,5,1
chr2,160480001,160580000,2,0,1,5,5,1
chr2,160580001,160680000,4,2,1,4,2,1
chr2,160680001,160780000,1,5,1,1,5,0
chr2,160780001,160880000,5,0,2,2,1,0
chr2,160880001,160980000,6,2,0,3,0,0
chr2,160980001,161080000,3,3,2,0,1,0
chr2,161080001,161180000,3,3,1,4,2,2
chr2,161180001,161280000,2,5,2,3,2,1
chr2,161280001,161380000,2,0,4,1,5,1
chr2,161380001,161480000,4,1,3,7,2,2
chr2,161480001,161580000,3,3,3,6,1,0
chr2,161580001,161680000,2,1,6,8,2,0
chr2,161680001,161780000,6,0,4,3,4,1
chr2,161780001,161880000,5,1,4,1,4,1
chr2,161880001,161980000,3,1,1,3,3,1
chr2,161980001,162080000,5,2,7,1,3,2
chr2,162080001,162200000,5,0,1,2,3,1
chr2,162200001,162300000,4,2,2,4,2,2
chr2,162300001,162400000,4,5,4,14,1,1
chr2,162400001,162500000,1,7,7,14,1,1
chr2,162500001,162600000,2,5,2,9,2,3
chr2,162600001,162700000,2,6,2,11,1,0
chr2,162700001,162800000,2,5,3,10,0,4
chr2,162800001,162900000,2,6,1,2,4,0
chr2,162900001,163000000,6,2,4,5,2,0
chr2,163000001,163100000,2,5,0,0,2,3
chr2,163100001,163200000,4,1,0,1,1,1
chr2,163200001,163300000,2,8,2,1,1,0
chr2,163300001,163400000,0,5,2,10,4,2
chr2,163400001,163500000,4,8,6,4,1,2
chr2,163500001,163600000,1,8,6,3,2,1
chr2,163600001,163700000,5,6,4,6,3,5
chr2,163700001,163800000,5,11,4,8,4,2
chr2,163800001,163900000,7,6,6,10,2,1
chr2,163900001,164000000,2,6,9,5,3,0
chr2,164000001,164100000,4,12,4,12,2,0
chr2,164100001,164200000,4,9,4,9,3,1
chr2,164200001,164300000,2,10,2,8,2,0
chr2,164300001,164400000,2,4,13,17,0,1
chr2,164400001,164500000,3,2,7,9,3,1
chr2,164500001,164600000,3,5,8,7,2,1
chr2,164600001,164700000,4,1,2,17,1,0
chr2,164700001,164800000,6,6,7,12,0,0
chr2,164800001,164900000,6,5,5,14,3,2
chr2,164900001,165000000,2,3,2,7,2,4
chr2,165000001,165100000,1,10,4,12,1,0
chr2,165100001,165200000,5,12,5,11,2,1
chr2,165200001,165300000,2,3,1,10,1,2
chr2,165300001,165400000,6,4,5,6,6,0
chr2,165400001,165500000,2,2,2,1,2,1
chr2,165500001,165600000,1,6,1,4,1,1
chr2,165600001,165700000,3,2,3,4,3,0
chr2,165700001,165800000,5,5,0,1,4,0
chr2,165800001,165900000,4,0,2,1,2,0
chr2,165900001,166000000,4,2,5,7,2,0
chr2,166000001,166100000,5,5,2,3,0,1
chr2,166100001,166200000,3,4,3,9,2,0
chr2,166200001,166300000,1,2,6,5,1,1
chr2,166300001,166400000,2,6,1,4,4,2
chr2,166400001,166500000,5,3,3,6,4,0
chr2,166500001,166600000,4,2,4,1,1,3
chr2,166600001,166700000,1,2,2,4,3,1
chr2,166700001,166800000,1,3,0,3,1,2
chr2,166800001,166900000,4,1,2,6,2,4
chr2,166900001,167000000,3,3,2,7,2,3
chr2,167000001,167100000,4,1,6,12,1,3
chr2,167100001,167200000,4,3,1,3,3,0
chr2,167200001,167300000,4,1,0,7,2,2
chr2,167300001,167400000,6,2,4,2,6,1
chr2,167400001,167500000,3,11,2,17,0,0
chr2,167500001,167600000,3,9,4,4,1,1
chr2,167600001,167700000,2,4,4,5,6,1
chr2,167700001,167800000,7,3,3,9,4,1
chr2,167800001,167900000,2,10,3,7,1,0
chr2,167900001,168000000,2,6,5,7,2,0
chr2,168000001,168100000,3,8,1,5,0,0
chr2,168100001,168200000,7,6,0,12,2,0
chr2,168200001,168300000,3,12,1,10,0,1
chr2,168300001,168400000,5,13,2,3,1,0
chr2,168400001,168500000,1,4,4,8,0,0
chr2,168500001,168600000,3,4,0,3,2,1
chr2,168600001,168700000,4,4,1,1,2,2
chr2,168700001,168800000,6,7,1,9,5,0
chr2,168800001,168900000,2,1,2,5,0,2
chr2,168900001,169000000,4,0,4,2,3,0
chr2,169000001,169100000,4,0,4,5,1,0
chr2,169100001,169200000,5,0,2,2,4,1
chr2,169200001,169300000,1,2,1,6,3,2
chr2,169300001,169400000,7,2,2,4,7,2
chr2,169400001,169500000,5,1,3,3,2,1
chr2,169500001,169600000,5,1,1,3,2,0
chr2,169600001,169700000,4,2,3,3,1,0
chr2,169700001,169800000,6,2,1,1,2,4
chr2,169800001,169900000,6,6,0,2,1,0
chr2,169900001,170000000,6,5,3,4,1,1
chr2,170000001,170100000,7,4,0,2,2,0
chr2,170100001,170200000,5,0,4,4,1,0
chr2,170200001,170300000,5,4,3,6,2,0
chr2,170300001,170400000,4,2,0,1,2,1
chr2,170400001,170500000,2,4,0,5,0,1
chr2,170500001,170600000,1,1,0,7,2,1
chr2,170600001,170700000,3,0,1,4,1,1
chr2,170700001,170800000,3,0,0,2,3,0
chr2,170800001,170900000,2,3,2,3,5,0
chr2,170900001,171000000,6,2,2,3,1,0
chr2,171000001,171100000,4,1,6,5,0,1
chr2,171100001,171200000,5,4,3,5,0,1
chr2,171200001,171300000,6,3,0,5,6,0
chr2,171300001,171400000,1,1,3,4,2,1
chr2,171400001,171500000,3,2,1,6,5,1
chr2,171500001,171600000,3,2,2,1,2,1
chr2,171600001,171700000,3,2,5,3,3,1
chr2,171700001,171800000,2,2,0,3,4,1
chr2,171800001,171900000,1,2,4,2,2,0
chr2,171900001,172000000,6,3,1,2,2,0
chr2,172000001,172100000,3,4,0,4,4,0
chr2,172100001,172200000,0,2,2,3,1,0
chr2,172200001,172300000,0,0,1,3,2,0
chr2,172300001,172400000,3,2,2,0,1,1
chr2,172400001,172500000,2,7,5,7,5,1
chr2,172500001,172600000,5,1,1,3,5,0
chr2,172600001,172700000,3,0,1,2,4,0
chr2,172700001,172800000,2,2,2,0,1,1
chr2,172800001,172900000,2,1,1,2,4,2
chr2,172900001,173000000,2,4,0,2,0,0
chr2,173000001,173100000,3,5,0,3,1,1
chr2,173100001,173200000,2,1,2,1,2,0
chr2,173200001,173300000,3,5,2,2,1,0
chr2,173300001,173400000,6,1,0,2,5,0
chr2,173400001,173500000,3,5,2,2,3,2
chr2,173500001,173600000,3,3,3,3,2,0
chr2,173600001,173700000,5,1,2,3,3,1
chr2,173700001,173800000,0,5,1,1,2,0
chr2,173800001,173900000,2,2,2,3,0,0
chr2,173900001,174000000,4,2,1,2,2,0
chr2,174000001,174100000,1,2,1,2,1,0
chr2,174100001,174200000,2,1,0,4,0,0
chr2,174200001,174300000,1,4,4,4,2,2
chr2,174300001,174400000,3,3,0,1,0,0
chr2,174400001,174500000,2,1,1,4,2,0
chr2,174500001,174600000,1,3,1,3,1,0
chr2,174600001,174700000,2,1,4,6,1,1
chr2,174700001,174800000,5,1,3,2,2,2
chr2,174800001,174900000,6,2,3,2,3,0
chr2,174900001,175000000,4,3,1,4,1,0
chr2,175000001,175100000,4,1,4,2,2,0
chr2,175100001,175200000,2,3,0,3,2,0
chr2,175200001,175300000,2,1,1,1,2,0
chr2,175300001,175400000,3,0,1,4,3,0
chr2,175400001,175500000,5,2,4,5,5,1
chr2,175500001,175600000,1,4,1,6,2,0
chr2,175600001,175700000,3,3,2,9,1,0
chr2,175700001,175800000,3,8,4,6,0,1
chr2,175800001,175900000,2,4,4,8,0,0
chr2,175900001,176000000,6,3,1,6,5,0
chr2,176000001,176100000,2,4,4,2,2,0
chr2,176100001,176200000,9,8,2,3,1,1
chr2,176200001,176300000,2,4,5,7,0,1
chr2,176300001,176400000,2,5,1,12,1,0
chr2,176400001,176500000,5,4,5,12,2,0
chr2,176500001,176600000,6,1,2,7,1,2
chr2,176600001,176700000,2,3,3,6,3,3
chr2,176700001,176800000,3,3,3,3,1,2
chr2,176800001,176900000,6,3,4,1,2,1
chr2,176900001,177000000,0,3,5,6,1,0
chr2,177000001,177100000,7,2,2,4,3,1
chr2,177100001,177200000,1,4,1,0,0,2
chr2,177200001,177300000,1,4,4,3,0,0
chr2,177300001,177400000,3,1,2,10,3,0
chr2,177400001,177500000,4,0,2,3,0,2
chr2,177500001,177600000,5,9,3,5,2,0
chr2,177600001,177700000,2,2,2,4,1,1
chr2,177700001,177800000,1,3,2,4,1,2
chr2,177800001,177900000,4,4,3,6,2,2
chr2,177900001,178000000,4,3,2,8,2,1
chr2,178000001,178100000,2,4,3,5,3,1
chr2,178100001,178200000,4,2,2,1,2,1
chr2,178200001,178300000,3,4,1,2,1,0
chr2,178300001,178400000,6,1,2,2,1,1
chr2,178400001,178500000,5,1,0,2,2,1
chr2,178500001,178600000,4,1,1,3,1,0
chr2,178600001,178700000,2,5,1,4,0,2
chr2,178700001,178800000,5,1,4,4,0,1
chr2,178800001,178900000,3,6,3,4,2,2
chr2,178900001,179000000,7,5,3,4,3,0
chr2,179000001,179100000,4,4,7,10,0,1
chr2,179100001,179200000,0,2,1,12,2,0
chr2,179200001,179300000,6,5,1,10,0,0
chr2,179300001,179400000,2,2,3,3,3,0
chr2,179400001,179500000,0,2,2,2,0,3
chr2,179500001,179600000,3,3,1,8,0,1
chr2,179600001,179700000,3,11,4,5,0,0
chr2,179700001,179800000,6,3,1,8,1,3
chr2,179800001,179900000,7,7,2,9,3,4
chr2,179900001,180000000,2,9,1,4,1,0
chr2,180000001,180100000,1,4,2,0,1,2
chr2,180100001,180200000,1,3,0,5,3,1
chr2,180200001,180300000,3,4,2,8,2,1
chr2,180300001,180400000,5,6,3,7,3,0
chr2,180400001,180500000,2,5,2,2,2,3
chr2,180500001,180600000,4,3,2,4,3,1
chr2,180600001,180700000,7,3,4,6,2,0
chr2,180700001,180800000,3,1,1,4,1,1
chr2,180800001,180900000,0,3,2,1,1,0
chr2,180900001,181000000,2,4,3,9,0,1
chr2,181000001,181100000,9,4,4,4,1,2
chr2,181100001,181200000,0,6,3,2,3,2
chr2,181200001,181300000,2,5,5,5,0,1
chr2,181300001,181400000,5,7,6,4,2,1
chr2,181400001,181500000,4,4,4,6,3,2
chr2,181500001,181600000,3,2,1,2,2,2
chr2,181600001,181700000,5,3,2,10,3,2
chr2,181700001,181800000,7,7,2,5,2,1
chr2,181800001,181900000,5,1,2,5,1,2
chr2,181900001,182000000,6,3,3,8,3,1
chr2,182000001,182100000,1,4,3,8,0,0
chr2,182100001,182200000,5,4,6,10,3,1
chr2,182200001,182300000,3,4,5,6,7,1
chr2,182300001,182400000,4,3,2,6,1,0
chr2,182400001,182500000,2,2,2,5,3,0
chr2,182500001,182600000,3,4,3,2,5,2
chr2,182600001,182700000,4,1,1,3,4,0
chr2,182700001,182800000,7,1,3,2,4,1
chr2,182800001,182900000,2,3,1,3,1,2
chr2,182900001,183000000,3,3,5,4,2,0
chr2,183000001,183100000,5,2,3,5,3,2
chr2,183100001,183200000,2,6,6,5,2,1
chr2,183200001,183300000,3,5,6,6,0,0
chr2,183300001,183400000,3,9,3,6,0,1
chr2,183400001,183500000,4,3,1,7,5,0
chr2,183500001,183600000,3,4,2,7,4,0
chr2,183600001,183700000,1,5,1,7,2,1
chr2,183700001,183800000,0,2,1,5,0,0
chr2,183800001,183900000,2,1,0,3,2,0
chr2,183900001,184000000,3,5,2,3,2,0
chr2,184000001,184100000,0,4,0,1,7,0
chr2,184100001,184200000,1,4,4,3,1,1
chr2,184200001,184300000,1,8,0,2,1,1
chr2,184300001,184400000,4,5,4,2,3,0
chr2,184400001,184500000,3,6,0,13,0,1
chr2,184500001,184600000,5,5,3,10,4,0
chr2,184600001,184700000,6,11,4,11,5,3
chr2,184700001,184800000,1,6,2,8,1,2
chr2,184800001,184900000,5,6,2,11,4,1
chr2,184900001,185000000,2,13,7,10,3,1
chr2,185000001,185100000,3,6,2,9,3,1
chr2,185100001,185200000,2,8,6,9,11,2
chr2,185200001,185300000,2,9,4,5,4,0
chr2,185300001,185400000,5,11,4,8,4,4
chr2,185400001,185500000,4,11,2,8,3,1
chr2,185500001,185600000,5,7,11,6,5,2
chr2,185600001,185700000,3,13,6,21,9,0
chr2,185700001,185800000,6,5,4,12,5,1
chr2,185800001,185900000,2,11,3,14,3,3
chr2,185900001,186000000,4,8,5,15,1,2
chr2,186000001,186100000,1,11,6,10,5,2
chr2,186100001,186200000,5,8,3,7,2,0
chr2,186200001,186300000,7,7,0,7,4,2
chr2,186300001,186400000,5,2,3,10,6,0
chr2,186400001,186500000,6,5,3,9,6,1
chr2,186500001,186600000,2,6,4,10,6,1
chr2,186600001,186700000,6,2,2,5,1,0
chr2,186700001,186800000,2,4,4,6,4,1
chr2,186800001,186900000,3,2,2,2,3,1
chr2,186900001,187000000,2,1,3,6,2,1
chr2,187000001,187100000,5,2,2,2,2,2
chr2,187100001,187200000,2,2,2,1,0,0
chr2,187200001,187300000,4,1,2,8,0,0
chr2,187300001,187400000,3,2,0,1,2,1
chr2,187400001,187500000,4,1,4,1,0,2
chr2,187500001,187600000,0,2,4,2,0,0
chr2,187600001,187700000,8,8,2,10,6,2
chr2,187700001,187800000,3,2,3,6,1,2
chr2,187800001,187900000,2,3,0,3,1,0
chr2,187900001,188000000,4,7,4,11,3,3
chr2,188000001,188100000,1,2,4,4,3,1
chr2,188100001,188200000,5,4,6,7,4,1
chr2,188200001,188300000,4,2,5,2,1,1
chr2,188300001,188400000,5,3,6,4,2,1
chr2,188400001,188500000,4,0,5,5,2,1
chr2,188500001,188600000,4,1,3,7,6,1
chr2,188600001,188700000,7,4,0,5,4,1
chr2,188700001,188800000,4,6,4,5,2,1
chr2,188800001,188900000,6,2,2,7,1,0
chr2,188900001,189000000,5,1,1,2,4,1
chr2,189000001,189100000,4,1,6,3,2,1
chr2,189100001,189200000,4,1,2,7,5,0
chr2,189200001,189300000,5,1,1,5,2,0
chr2,189300001,189400000,5,2,8,7,1,1
chr2,189400001,189500000,2,2,6,2,1,0
chr2,189500001,189600000,4,4,3,11,3,2
chr2,189600001,189700000,3,2,4,7,4,2
chr2,189700001,189800000,4,5,7,11,6,3
chr2,189800001,189900000,3,7,4,8,2,0
chr2,189900001,190000000,5,2,3,7,0,0
chr2,190000001,190100000,4,4,2,3,0,5
chr2,190100001,190200000,2,2,9,2,0,1
chr2,190200001,190300000,3,2,2,6,2,2
chr2,190300001,190400000,2,2,0,0,1,0
chr2,190400001,190500000,5,1,2,3,3,2
chr2,190500001,190600000,2,4,2,4,0,0
chr2,190600001,190700000,1,0,4,1,5,0
chr2,190700001,190800000,2,4,3,3,2,1
chr2,190800001,190900000,3,8,3,8,5,0
chr2,190900001,191000000,1,2,3,5,1,1
chr2,191000001,191100000,1,0,3,2,0,2
chr2,191100001,191200000,2,1,0,1,0,2
chr2,191200001,191300000,3,2,2,2,3,1
chr2,191300001,191400000,0,0,0,2,2,0
chr2,191400001,191500000,4,1,0,1,6,0
chr2,191500001,191600000,1,0,0,4,1,0
chr2,191600001,191700000,1,1,2,4,2,0
chr2,191700001,191800000,1,0,1,3,0,1
chr2,191800001,191900000,1,2,2,1,5,1
chr2,191900001,192000000,3,3,0,1,1,1
chr2,192000001,192100000,2,2,3,12,0,3
chr2,192100001,192200000,2,3,0,2,0,0
chr2,192200001,192300000,4,2,3,3,1,1
chr2,192300001,192400000,2,0,1,3,2,0
chr2,192400001,192500000,3,4,4,2,2,0
chr2,192500001,192600000,5,0,4,4,0,2
chr2,192600001,192700000,4,2,1,6,0,1
chr2,192700001,192800000,3,3,2,4,1,1
chr2,192800001,192900000,1,1,0,5,3,1
chr2,192900001,193000000,4,1,2,11,4,4
chr2,193000001,193100000,3,4,5,13,9,2
chr2,193100001,193200000,6,7,5,2,4,3
chr2,193200001,193300000,0,5,2,9,3,1
chr2,193300001,193400000,4,2,6,6,2,2
chr2,193400001,193500000,7,2,6,10,4,3
chr2,193500001,193600000,5,3,5,11,2,2
chr2,193600001,193700000,4,8,4,13,4,0
chr2,193700001,193800000,3,6,12,9,5,1
chr2,193800001,193900000,4,6,8,13,1,4
chr2,193900001,194000000,6,9,2,12,2,0
chr2,194000001,194100000,4,9,8,6,1,1
chr2,194100001,194200000,4,8,7,9,1,2
chr2,194200001,194300000,1,11,6,6,1,5
chr2,194300001,194400000,5,11,7,5,5,2
chr2,194400001,194500000,6,12,3,8,5,4
chr2,194500001,194600000,0,12,3,8,2,4
chr2,194600001,194700000,3,5,7,13,4,2
chr2,194700001,194800000,5,10,9,9,1,1
chr2,194800001,194900000,5,10,7,14,1,2
chr2,194900001,195000000,4,5,5,13,3,2
chr2,195000001,195100000,2,7,5,4,4,3
chr2,195100001,195200000,5,10,4,13,1,5
chr2,195200001,195300000,1,7,6,10,1,2
chr2,195300001,195400000,1,5,5,4,1,2
chr2,195400001,195500000,5,10,7,12,2,2
chr2,195500001,195600000,4,12,4,7,4,2
chr2,195600001,195700000,4,4,6,12,1,0
chr2,195700001,195800000,5,4,7,11,1,4
chr2,195800001,195900000,3,9,4,6,0,4
chr2,195900001,196000000,3,4,5,8,5,0
chr2,196000001,196100000,4,5,2,5,3,2
chr2,196100001,196200000,5,5,5,7,1,1
chr2,196200001,196300000,5,3,2,4,2,2
chr2,196300001,196400000,5,6,2,4,1,1
chr2,196400001,196500000,2,3,4,6,2,1
chr2,196500001,196600000,2,4,1,4,1,0
chr2,196600001,196700000,2,2,1,4,4,1
chr2,196700001,196800000,1,2,1,7,3,2
chr2,196800001,196900000,4,5,1,5,0,1
chr2,196900001,197000000,3,5,0,4,4,3
chr2,197000001,197100000,1,0,1,0,3,2
chr2,197100001,197200000,3,3,1,4,2,2
chr2,197200001,197300000,3,2,5,5,3,0
chr2,197300001,197400000,4,3,4,14,3,1
chr2,197400001,197500000,0,2,2,10,5,0
chr2,197500001,197600000,2,1,1,0,0,3
chr2,197600001,197700000,1,0,0,3,1,1
chr2,197700001,197800000,4,1,1,0,1,1
chr2,197800001,197900000,3,1,1,2,3,1
chr2,197900001,198000000,1,1,0,1,1,0
chr2,198000001,198100000,2,1,0,1,2,2
chr2,198100001,198200000,0,0,1,5,0,2
chr2,198200001,198300000,1,0,2,1,1,2
chr2,198300001,198400000,3,1,2,5,1,1
chr2,198400001,198500000,2,3,1,4,0,0
chr2,198500001,198600000,7,3,1,7,3,2
chr2,198600001,198700000,4,2,2,9,0,1
chr2,198700001,198800000,1,2,1,6,2,4
chr2,198800001,198900000,2,4,2,8,2,0
chr2,198900001,199000000,3,7,4,9,0,2
chr2,199000001,199100000,2,1,8,10,2,1
chr2,199100001,199200000,4,2,1,9,4,0
chr2,199200001,199300000,3,6,2,4,7,0
chr2,199300001,199400000,6,5,2,14,2,0
chr2,199400001,199500000,7,8,1,5,4,1
chr2,199500001,199600000,5,5,2,13,5,0
chr2,199600001,199700000,6,8,3,7,1,1
chr2,199700001,199800000,4,5,0,10,2,1
chr2,199800001,199900000,1,9,2,12,0,0
chr2,199900001,200000000,3,15,2,10,4,1
chr2,200000001,200100000,4,5,1,10,2,1
chr2,200100001,200200000,4,5,1,8,1,0
chr2,200200001,200300000,3,3,2,4,4,2
chr2,200300001,200400000,4,4,1,4,4,1
chr2,200400001,200500000,5,4,5,10,2,0
chr2,200500001,200600000,5,4,2,7,0,0
chr2,200600001,200700000,1,2,2,7,3,0
chr2,200700001,200800000,2,2,1,6,1,1
chr2,200800001,200900000,1,1,0,4,0,0
chr2,200900001,201000000,3,2,1,4,6,0
chr2,201000001,201100000,4,4,1,4,1,0
chr2,201100001,201200000,3,2,1,2,1,3
chr2,201200001,201300000,1,3,1,4,1,0
chr2,201300001,201400000,1,3,1,1,0,1
chr2,201400001,201500000,2,1,4,2,2,0
chr2,201500001,201600000,2,1,1,2,1,1
chr2,201600001,201700000,1,0,1,3,0,0
chr2,201700001,201800000,2,1,0,1,2,0
chr2,201800001,201900000,3,1,2,4,2,0
chr2,201900001,202000000,3,1,0,3,0,1
chr2,202000001,202100000,2,1,1,5,2,1
chr2,202100001,202200000,3,1,0,2,3,0
chr2,202200001,202300000,2,1,1,3,1,0
chr2,202300001,202400000,1,0,2,5,1,1
chr2,202400001,202500000,2,1,5,3,0,0
chr2,202500001,202600000,2,0,1,3,1,3
chr2,202600001,202700000,4,4,4,3,2,0
chr2,202700001,202800000,1,0,2,3,1,2
chr2,202800001,202900000,0,4,0,5,2,0
chr2,202900001,203000000,2,3,1,3,1,1
chr2,203000001,203100000,1,0,0,4,4,0
chr2,203100001,203200000,8,1,3,3,0,1
chr2,203200001,203300000,3,1,2,3,4,0
chr2,203300001,203400000,2,1,3,6,1,1
chr2,203400001,203500000,1,1,1,3,5,1
chr2,203500001,203600000,5,2,0,4,2,1
chr2,203600001,203700000,1,2,1,6,2,1
chr2,203700001,203800000,4,3,2,0,1,0
chr2,203800001,203900000,0,1,1,4,2,0
chr2,203900001,204000000,2,0,0,2,3,1
chr2,204000001,204100000,3,1,1,1,1,1
chr2,204100001,204200000,3,1,1,4,1,1
chr2,204200001,204300000,2,5,4,3,3,0
chr2,204300001,204400000,4,1,3,4,0,1
chr2,204400001,204500000,1,1,1,1,1,0
chr2,204500001,204600000,7,1,1,2,1,0
chr2,204600001,204700000,2,8,1,2,2,2
chr2,204700001,204800000,4,2,0,1,3,0
chr2,204800001,204900000,2,3,3,5,2,0
chr2,204900001,205000000,0,3,2,5,0,0
chr2,205000001,205100000,5,5,3,9,2,2
chr2,205100001,205200000,1,2,3,4,0,1
chr2,205200001,205300000,2,2,4,6,0,1
chr2,205300001,205400000,2,1,3,3,0,1
chr2,205400001,205500000,4,1,1,3,2,1
chr2,205500001,205600000,1,4,2,4,2,2
chr2,205600001,205700000,1,0,1,3,1,1
chr2,205700001,205800000,2,1,1,3,5,1
chr2,205800001,205900000,6,0,3,1,1,1
chr2,205900001,206000000,1,3,1,3,3,0
chr2,206000001,206100000,4,0,1,4,4,1
chr2,206100001,206200000,4,4,1,4,2,0
chr2,206200001,206300000,2,4,5,1,1,2
chr2,206300001,206400000,2,1,1,3,1,0
chr2,206400001,206500000,4,3,5,2,2,0
chr2,206500001,206600000,1,1,2,4,3,0
chr2,206600001,206700000,3,2,0,2,1,1
chr2,206700001,206800000,4,4,0,4,3,1
chr2,206800001,206900000,1,0,0,0,2,1
chr2,206900001,207000000,1,1,1,4,0,3
chr2,207000001,207100000,3,5,5,5,0,1
chr2,207100001,207200000,0,2,3,1,1,1
chr2,207200001,207300000,3,10,5,11,2,0
chr2,207300001,207400000,0,4,3,4,0,0
chr2,207400001,207500000,0,2,4,7,3,0
chr2,207500001,207600000,4,3,3,11,1,3
chr2,207600001,207700000,6,1,3,4,2,1
chr2,207700001,207800000,4,1,4,8,2,0
chr2,207800001,207900000,1,2,5,5,3,1
chr2,207900001,208000000,3,3,2,5,1,0
chr2,208000001,208100000,3,1,3,5,0,1
chr2,208100001,208200000,7,2,2,6,1,0
chr2,208200001,208300000,5,1,0,2,2,1
chr2,208300001,208400000,1,3,1,6,2,0
chr2,208400001,208500000,3,0,0,1,1,0
chr2,208500001,208600000,2,0,0,1,2,1
chr2,208600001,208700000,1,2,1,1,0,2
chr2,208700001,208800000,1,3,1,2,0,1
chr2,208800001,208900000,2,2,0,1,6,0
chr2,208900001,209000000,3,2,3,3,1,1
chr2,209000001,209100000,3,4,2,3,0,0
chr2,209100001,209200000,5,2,1,2,3,1
chr2,209200001,209300000,5,2,3,7,1,2
chr2,209300001,209400000,1,3,3,6,0,4
chr2,209400001,209500000,3,5,4,3,1,0
chr2,209500001,209600000,7,3,2,7,3,2
chr2,209600001,209700000,2,5,4,4,3,1
chr2,209700001,209800000,2,5,5,10,7,2
chr2,209800001,209900000,1,1,7,6,2,1
chr2,209900001,210000000,5,5,4,17,3,2
chr2,210000001,210100000,4,7,3,8,4,1
chr2,210100001,210200000,4,2,2,9,3,1
chr2,210200001,210300000,6,4,4,4,3,0
chr2,210300001,210400000,1,4,2,2,4,0
chr2,210400001,210500000,2,2,1,4,0,1
chr2,210500001,210600000,5,0,4,11,0,1
chr2,210600001,210700000,8,3,1,3,1,0
chr2,210700001,210800000,5,7,1,5,2,0
chr2,210800001,210900000,2,3,3,2,0,0
chr2,210900001,211000000,6,3,1,4,3,0
chr2,211000001,211100000,1,2,3,6,2,1
chr2,211100001,211200000,3,1,2,8,2,1
chr2,211200001,211300000,5,3,4,8,1,2
chr2,211300001,211400000,3,6,4,5,2,2
chr2,211400001,211500000,4,2,0,3,2,0
chr2,211500001,211600000,2,2,5,6,2,1
chr2,211600001,211700000,3,7,4,12,2,3
chr2,211700001,211800000,5,8,6,5,3,1
chr2,211800001,211900000,5,7,1,5,4,1
chr2,211900001,212000000,3,5,4,4,2,1
chr2,212000001,212100000,4,6,3,8,3,0
chr2,212100001,212200000,3,7,2,7,5,2
chr2,212200001,212300000,1,4,2,9,1,1
chr2,212300001,212400000,3,7,3,11,3,4
chr2,212400001,212500000,3,2,2,11,3,1
chr2,212500001,212600000,5,2,7,7,2,0
chr2,212600001,212700000,2,3,4,13,3,3
chr2,212700001,212800000,4,3,4,3,1,1
chr2,212800001,212900000,4,3,4,8,4,1
chr2,212900001,213000000,4,1,9,11,1,1
chr2,213000001,213100000,1,2,3,10,2,3
chr2,213100001,213200000,4,3,1,9,0,4
chr2,213200001,213300000,9,4,0,11,3,2
chr2,213300001,213400000,2,3,6,6,1,3
chr2,213400001,213500000,4,0,6,8,1,2
chr2,213500001,213600000,3,1,3,9,2,1
chr2,213600001,213700000,0,0,3,6,2,3
chr2,213700001,213800000,2,1,1,3,1,1
chr2,213800001,213900000,5,7,3,5,2,2
chr2,213900001,214000000,0,1,4,2,2,0
chr2,214000001,214100000,3,2,2,6,0,1
chr2,214100001,214200000,0,0,6,5,3,3
chr2,214200001,214300000,3,3,2,9,0,0
chr2,214300001,214400000,4,5,5,5,2,5
chr2,214400001,214500000,4,6,10,10,5,0
chr2,214500001,214600000,0,3,5,8,2,1
chr2,214600001,214700000,3,2,4,4,1,3
chr2,214700001,214800000,3,1,5,5,3,1
chr2,214800001,214900000,4,6,4,7,2,0
chr2,214900001,215000000,3,3,4,11,2,0
chr2,215000001,215100000,1,6,2,9,4,1
chr2,215100001,215200000,2,0,4,11,1,1
chr2,215200001,215300000,8,8,10,11,1,1
chr2,215300001,215400000,2,5,5,11,3,0
chr2,215400001,215500000,2,7,1,13,3,2
chr2,215500001,215600000,2,4,3,7,3,0
chr2,215600001,215700000,1,0,2,8,0,3
chr2,215700001,215800000,2,1,2,6,3,3
chr2,215800001,215900000,3,3,0,6,3,1
chr2,215900001,216000000,0,3,8,5,2,2
chr2,216000001,216100000,2,2,2,8,3,0
chr2,216100001,216200000,5,2,3,2,1,0
chr2,216200001,216300000,5,4,2,5,2,1
chr2,216300001,216400000,4,1,0,7,2,1
chr2,216400001,216500000,1,0,2,4,2,0
chr2,216500001,216600000,0,4,1,9,4,1
chr2,216600001,216700000,5,1,1,2,0,4
chr2,216700001,216800000,3,2,1,4,3,1
chr2,216800001,216900000,4,3,4,1,3,1
chr2,216900001,217000000,4,0,1,4,1,3
chr2,217000001,217100000,6,1,1,5,1,3
chr2,217100001,217200000,1,2,4,9,0,0
chr2,217200001,217300000,6,3,1,5,1,0
chr2,217300001,217400000,2,1,2,2,1,3
chr2,217400001,217500000,4,0,1,4,0,1
chr2,217500001,217600000,1,2,2,2,1,0
chr2,217600001,217700000,1,6,2,4,1,0
chr2,217700001,217800000,0,1,3,5,2,1
chr2,217800001,217900000,5,5,2,12,1,2
chr2,217900001,218000000,3,1,3,2,1,1
chr2,218000001,218100000,1,3,2,3,2,0
chr2,218100001,218200000,1,1,1,10,0,0
chr2,218200001,218300000,5,2,1,4,4,0
chr2,218300001,218400000,0,3,6,11,2,0
chr2,218400001,218500000,7,2,1,12,2,0
chr2,218500001,218600000,4,0,2,4,2,1
chr2,218600001,218700000,3,1,1,2,2,0
chr2,218700001,218800000,3,3,1,2,1,0
chr2,218800001,218900000,1,5,1,4,3,2
chr2,218900001,219000000,4,3,0,3,0,0
chr2,219000001,219100000,0,0,1,1,2,0
chr2,219100001,219200000,1,1,3,1,2,0
chr2,219200001,219300000,3,2,1,1,0,1
chr2,219300001,219400000,2,0,3,2,1,1
chr2,219400001,219500000,4,1,0,3,1,1
chr2,219500001,219600000,4,2,0,1,2,0
chr2,219600001,219700000,0,3,1,0,1,0
chr2,219700001,219800000,2,1,0,3,0,0
chr2,219800001,219900000,3,2,2,4,0,1
chr2,219900001,220000000,0,3,0,1,2,2
chr2,220000001,220100000,1,0,1,3,0,1
chr2,220100001,220200000,4,4,0,3,1,0
chr2,220200001,220300000,2,1,3,1,2,1
chr2,220300001,220400000,2,0,0,1,2,2
chr2,220400001,220500000,2,3,1,1,2,1
chr2,220500001,220600000,1,3,1,3,1,0
chr2,220600001,220700000,4,1,2,5,1,3
chr2,220700001,220800000,1,4,5,4,0,0
chr2,220800001,220900000,5,3,6,3,1,0
chr2,220900001,221000000,3,2,3,7,1,3
chr2,221000001,221100000,2,3,2,2,5,3
chr2,221100001,221200000,2,3,1,7,3,1
chr2,221200001,221300000,2,4,3,5,1,1
chr2,221300001,221400000,1,4,0,14,2,1
chr2,221400001,221500000,3,1,2,14,1,2
chr2,221500001,221600000,5,8,5,14,3,1
chr2,221600001,221700000,1,1,1,12,3,0
chr2,221700001,221800000,6,4,3,14,0,0
chr2,221800001,221900000,5,1,2,9,2,2
chr2,221900001,222000000,3,6,2,9,2,2
chr2,222000001,222100000,4,4,4,5,0,1
chr2,222100001,222200000,2,2,2,9,3,4
chr2,222200001,222300000,7,3,5,14,1,1
chr2,222300001,222400000,5,2,4,8,1,0
chr2,222400001,222500000,2,3,1,4,2,0
chr2,222500001,222600000,2,3,4,12,4,1
chr2,222600001,222700000,4,3,2,10,1,2
chr2,222700001,222800000,2,2,7,8,3,1
chr2,222800001,222900000,1,4,2,3,2,1
chr2,222900001,223000000,2,3,6,4,4,1
chr2,223000001,223100000,3,2,1,3,2,2
chr2,223100001,223200000,2,1,1,4,3,1
chr2,223200001,223300000,4,5,5,3,1,1
chr2,223300001,223400000,2,2,0,1,2,1
chr2,223400001,223500000,0,5,0,4,0,0
chr2,223500001,223600000,3,0,1,1,1,0
chr2,223600001,223700000,0,5,1,3,3,0
chr2,223700001,223800000,3,1,2,3,8,1
chr2,223800001,223900000,5,2,0,3,0,1
chr2,223900001,224000000,1,2,1,4,2,0
chr2,224000001,224100000,1,4,4,10,0,1
chr2,224100001,224200000,6,3,2,4,1,1
chr2,224200001,224300000,8,2,3,3,1,1
chr2,224300001,224400000,2,6,2,5,2,0
chr2,224400001,224500000,2,2,1,6,1,0
chr2,224500001,224600000,4,3,3,2,2,2
chr2,224600001,224700000,1,0,2,2,2,1
chr2,224700001,224800000,3,0,0,2,1,1
chr2,224800001,224900000,2,2,1,3,3,0
chr2,224900001,225000000,0,4,0,7,1,0
chr2,225000001,225100000,3,6,0,3,1,3
chr2,225100001,225200000,3,1,4,5,1,1
chr2,225200001,225300000,2,3,4,5,5,1
chr2,225300001,225400000,3,1,4,3,4,1
chr2,225400001,225500000,0,3,3,2,4,0
chr2,225500001,225600000,5,4,5,8,1,1
chr2,225600001,225700000,0,3,2,6,4,1
chr2,225700001,225800000,4,1,2,3,2,0
chr2,225800001,225900000,1,2,3,3,0,1
chr2,225900001,226000000,2,5,2,11,4,3
chr2,226000001,226100000,4,3,5,6,0,1
chr2,226100001,226200000,1,5,2,11,3,0
chr2,226200001,226300000,8,4,2,15,2,1
chr2,226300001,226400000,3,4,1,15,2,2
chr2,226400001,226500000,3,5,5,5,2,0
chr2,226500001,226600000,1,1,3,7,1,3
chr2,226600001,226700000,5,4,3,14,0,0
chr2,226700001,226800000,1,5,5,11,5,1
chr2,226800001,226900000,2,4,2,5,2,0
chr2,226900001,227000000,1,3,2,5,2,0
chr2,227000001,227100000,3,3,2,2,3,3
chr2,227100001,227200000,3,4,3,3,2,0
chr2,227200001,227300000,1,4,3,2,2,0
chr2,227300001,227400000,2,3,1,3,2,1
chr2,227400001,227500000,1,0,1,2,2,0
chr2,227500001,227600000,1,1,1,4,0,1
chr2,227600001,227700000,5,0,2,2,3,1
chr2,227700001,227800000,0,2,1,2,2,0
chr2,227800001,227900000,3,1,1,3,2,1
chr2,227900001,228000000,2,1,4,8,4,3
chr2,228000001,228100000,4,1,3,3,1,0
chr2,228100001,228200000,1,4,5,6,1,0
chr2,228200001,228300000,1,1,1,2,1,0
chr2,228300001,228400000,4,1,1,3,1,2
chr2,228400001,228500000,2,3,1,1,1,1
chr2,228500001,228600000,2,5,1,5,2,0
chr2,228600001,228700000,4,3,1,3,0,0
chr2,228700001,228800000,5,6,1,0,1,0
chr2,228800001,228900000,3,9,2,0,5,1
chr2,228900001,229000000,3,7,0,6,2,2
chr2,229000001,229100000,1,8,5,8,2,1
chr2,229100001,229200000,3,4,4,8,6,0
chr2,229200001,229300000,4,8,3,10,4,0
chr2,229300001,229400000,5,8,5,7,5,3
chr2,229400001,229500000,3,5,2,6,10,5
chr2,229500001,229600000,3,1,4,6,3,2
chr2,229600001,229700000,5,4,6,8,3,2
chr2,229700001,229800000,1,3,1,11,0,1
chr2,229800001,229900000,4,0,3,4,2,1
chr2,229900001,230000000,5,1,3,11,6,1
chr2,230000001,230110000,3,2,1,2,1,2
chr2,230110001,230210000,5,3,2,7,2,0
chr2,230210001,230310000,4,3,1,4,0,1
chr2,230310001,230410000,2,0,6,8,2,0
chr2,230410001,230510000,4,5,3,6,1,0
chr2,230510001,230610000,5,4,3,6,3,1
chr2,230610001,230710000,2,3,3,3,1,2
chr2,230710001,230810000,6,3,1,0,1,2
chr2,230810001,230910000,2,2,1,4,4,0
chr2,230910001,231010000,2,3,0,8,0,0
chr2,231010001,231110000,2,1,0,5,0,0
chr2,231110001,231210000,2,7,2,4,1,0
chr2,231210001,231310000,0,0,2,4,2,1
chr2,231310001,231410000,4,0,1,0,1,0
chr2,231410001,231510000,2,4,2,3,0,0
chr2,231510001,231610000,1,4,0,3,1,2
chr2,231610001,231710000,2,2,5,6,2,0
chr2,231710001,231810000,1,6,2,2,0,1
chr2,231810001,231910000,1,1,0,6,0,0
chr2,231910001,232010000,2,4,2,5,2,0
chr2,232010001,232110000,3,1,0,3,0,1
chr2,232110001,232210000,0,1,1,0,2,0
chr2,232210001,232310000,3,0,0,7,0,1
chr2,232310001,232410000,1,1,0,0,1,2
chr2,232410001,232510000,2,1,1,0,2,0
chr2,232510001,232610000,4,3,2,1,2,0
chr2,232610001,232710000,1,3,1,1,2,0
chr2,232710001,232810000,2,2,2,1,4,0
chr2,232810001,232910000,6,1,3,0,2,1
chr2,232910001,233010000,2,0,2,3,1,3
chr2,233010001,233110000,1,1,1,1,1,0
chr2,233110001,233210000,2,3,0,4,1,1
chr2,233210001,233310000,0,2,3,1,0,0
chr2,233310001,233410000,2,4,1,2,2,1
chr2,233410001,233510000,3,1,0,7,0,1
chr2,233510001,233610000,4,3,0,1,1,0
chr2,233610001,233710000,2,1,0,3,3,1
chr2,233710001,233810000,1,4,2,1,1,0
chr2,233810001,233910000,0,3,0,0,0,1
chr2,233910001,234010000,0,2,0,1,2,0
chr2,234010001,234110000,0,1,1,0,2,0
chr2,234110001,234210000,3,0,0,1,2,1
chr2,234210001,234310000,5,3,0,2,1,0
chr2,234310001,234410000,3,2,0,0,4,1
chr2,234410001,234510000,1,2,1,2,3,0
chr2,234510001,234610000,2,3,2,5,2,0
chr2,234610001,234710000,3,2,3,4,2,2
chr2,234710001,234810000,8,0,3,2,1,0
chr2,234810001,234910000,2,3,1,3,2,0
chr2,234910001,235010000,4,2,2,3,6,0
chr2,235010001,235110000,2,4,3,2,3,1
chr2,235110001,235210000,2,2,0,3,1,1
chr2,235210001,235310000,2,6,3,4,0,0
chr2,235310001,235410000,0,2,0,3,1,1
chr2,235410001,235510000,5,2,0,4,0,1
chr2,235510001,235610000,3,1,0,2,3,1
chr2,235610001,235710000,1,0,3,4,3,0
chr2,235710001,235810000,3,1,1,2,3,2
chr2,235810001,235910000,5,1,0,1,5,2
chr2,235910001,236010000,3,4,1,2,1,1
chr2,236010001,236110000,3,4,2,4,0,0
chr2,236110001,236210000,3,4,0,4,0,0
chr2,236210001,236310000,0,2,2,2,0,3
chr2,236310001,236410000,0,3,1,1,2,0
chr2,236410001,236510000,4,1,0,1,2,0
chr2,236510001,236610000,0,1,0,1,3,0
chr2,236610001,236710000,2,2,1,4,2,0
chr2,236710001,236810000,3,1,0,4,1,2
chr2,236810001,236910000,1,0,1,3,3,0
chr2,236910001,237010000,0,3,0,0,2,1
chr2,237010001,237110000,1,1,3,2,0,0
chr2,237110001,237210000,8,4,4,3,3,1
chr2,237210001,237310000,1,1,4,8,1,0
chr2,237310001,237410000,2,5,7,3,4,0
chr2,237410001,237510000,1,1,2,2,1,0
chr2,237510001,237610000,4,0,0,4,2,2
chr2,237610001,237710000,4,2,1,4,2,1
chr2,237710001,237810000,6,1,1,7,1,0
chr2,237810001,237910000,3,0,1,4,1,0
chr2,237910001,238010000,3,3,1,1,2,4
chr2,238010001,238110000,2,0,3,3,0,2
chr2,238110001,238210000,5,3,0,3,1,0
chr2,238210001,238310000,0,4,2,3,2,0
chr2,238310001,238410000,2,0,1,3,1,1
chr2,238410001,238510000,1,2,2,2,1,1
chr2,238510001,238610000,2,1,2,1,0,0
chr2,238610001,238710000,1,0,2,2,5,1
chr2,238710001,238810000,1,4,1,3,2,2
chr2,238810001,238910000,4,2,1,1,1,0
chr2,238910001,239010000,5,5,1,1,2,1
chr2,239010001,239110000,2,2,1,0,1,0
chr2,239110001,239210000,1,1,1,3,1,1
chr2,239210001,239310000,2,0,0,2,3,0
chr2,239310001,239410000,3,1,3,1,0,0
chr2,239410001,239510000,2,0,0,1,3,0
chr2,239510001,239610000,3,5,2,4,0,1
chr2,239610001,239710000,2,4,0,5,1,0
chr2,239710001,239810000,3,4,2,6,3,0
chr2,239810001,239910000,0,0,5,3,1,0
chr2,239910001,240010000,2,6,1,2,2,0
chr2,240010001,240110000,1,0,0,2,2,0
chr2,240110001,240210000,2,2,3,4,2,2
chr2,240210001,240310000,2,1,1,3,3,1
chr2,240310001,240410000,0,1,1,5,1,0
chr2,240410001,240510000,4,2,1,3,1,4
chr2,240510001,240610000,2,8,1,0,1,1
chr2,240610001,240710000,2,3,0,1,2,0
chr2,240710001,240810000,1,4,1,6,2,0
chr2,240810001,240910000,5,2,3,3,0,0
chr2,240910001,241010000,2,3,1,4,1,0
chr2,241010001,241110000,2,2,0,1,1,3
chr2,241110001,241210000,7,1,2,2,0,0
chr2,241210001,241310000,3,1,1,3,0,0
chr2,241310001,241410000,3,2,0,2,1,1
chr2,241410001,241510000,1,4,1,0,1,1
chr2,241510001,241610000,3,3,2,0,0,0
chr2,241610001,241710000,0,2,0,0,2,0
chr2,241710001,241810000,5,3,1,2,3,0
chr2,241810001,241910000,3,4,0,3,1,1
chr2,241910001,242010000,4,1,1,1,1,0
chr2,242010001,242110000,3,3,0,1,1,1
chr2,242110001,242210000,0,4,0,2,2,1
chr2,242210001,242310000,3,1,1,1,2,1
chr2,242310001,242410000,2,2,2,1,3,1
chr2,242410001,242510000,4,3,1,1,0,0
chr2,242510001,242610000,3,0,1,2,3,1
chr2,242610001,242710000,2,2,0,0,1,2
chr2,242710001,242810000,1,3,0,0,0,1
chr2,242810001,242910000,2,2,0,2,0,0
chr2,242910001,243010000,1,1,0,3,1,4
chr20,1,100000,0,1,0,6,1,0
chr20,100001,200000,2,4,2,5,2,0
chr20,200001,300000,5,1,0,2,1,0
chr20,300001,400000,2,0,1,1,3,1
chr20,400001,500000,8,1,1,4,1,2
chr20,500001,600000,4,2,1,7,1,1
chr20,600001,700000,0,5,0,3,0,0
chr20,700001,800000,2,3,1,1,2,0
chr20,800001,900000,3,0,0,1,0,0
chr20,900001,1000000,4,0,5,1,1,0
chr20,1000001,1100000,3,1,1,5,2,1
chr20,1100001,1200000,4,1,1,3,3,2
chr20,1200001,1300000,1,1,1,0,1,0
chr20,1300001,1400000,2,1,1,3,3,0
chr20,1400001,1500000,2,1,3,6,2,0
chr20,1500001,1600000,1,4,2,1,0,0
chr20,1600001,1700000,1,3,2,9,2,2
chr20,1700001,1800000,2,2,4,5,1,0
chr20,1800001,1900000,4,4,1,1,0,2
chr20,1900001,2000000,2,4,1,4,4,0
chr20,2000001,2100000,4,3,0,1,3,0
chr20,2100001,2200000,0,1,0,4,1,0
chr20,2200001,2300000,3,3,0,2,2,1
chr20,2300001,2400000,0,7,1,2,0,1
chr20,2400001,2500000,4,2,1,6,0,0
chr20,2500001,2600000,2,0,2,3,3,1
chr20,2600001,2700000,1,3,2,3,3,0
chr20,2700001,2800000,1,5,0,4,2,0
chr20,2800001,2900000,4,4,2,3,1,0
chr20,2900001,3000000,2,2,4,2,1,3
chr20,3000001,3100000,2,0,0,2,1,0
chr20,3100001,3200000,2,2,0,2,3,0
chr20,3200001,3300000,2,0,2,3,1,0
chr20,3300001,3400000,2,2,1,6,0,1
chr20,3400001,3500000,3,1,5,3,1,0
chr20,3500001,3600000,6,0,0,1,4,2
chr20,3600001,3700000,1,0,0,2,0,0
chr20,3700001,3800000,3,2,0,2,4,1
chr20,3800001,3900000,2,0,0,3,0,2
chr20,3900001,4000000,6,5,3,1,1,2
chr20,4000001,4100000,2,2,0,0,3,0
chr20,4100001,4200000,0,3,1,0,0,1
chr20,4200001,4300000,2,7,1,5,0,1
chr20,4300001,4400000,7,8,3,4,2,1
chr20,4400001,4500000,4,1,3,7,1,4
chr20,4500001,4600000,7,5,4,8,0,1
chr20,4600001,4700000,5,1,3,1,1,0
chr20,4700001,4800000,2,0,2,2,1,0
chr20,4800001,4900000,3,2,1,6,0,3
chr20,4900001,5000000,5,1,0,1,0,1
chr20,5000001,5100000,3,2,1,5,2,1
chr20,5100001,5200000,0,1,0,1,1,0
chr20,5200001,5300000,2,4,3,2,1,0
chr20,5300001,5400000,3,3,3,8,4,0
chr20,5400001,5500000,3,0,1,3,0,2
chr20,5500001,5600000,4,4,0,2,0,0
chr20,5600001,5700000,4,1,2,4,2,0
chr20,5700001,5800000,4,1,2,2,1,1
chr20,5800001,5900000,3,0,1,3,1,1
chr20,5900001,6000000,3,3,1,3,4,1
chr20,6000001,6100000,3,1,0,4,3,3
chr20,6100001,6200000,2,2,3,7,2,0
chr20,6200001,6300000,5,3,4,8,2,1
chr20,6300001,6400000,5,4,2,11,0,5
chr20,6400001,6500000,6,6,1,8,0,0
chr20,6500001,6600000,4,3,3,9,4,2
chr20,6600001,6700000,1,4,2,2,2,0
chr20,6700001,6800000,7,2,5,3,2,1
chr20,6800001,6900000,3,5,2,5,5,1
chr20,6900001,7000000,6,4,6,6,4,0
chr20,7000001,7100000,5,3,4,10,2,0
chr20,7100001,7200000,3,2,5,10,2,0
chr20,7200001,7300000,8,3,4,11,3,0
chr20,7300001,7400000,2,4,3,9,2,1
chr20,7400001,7500000,5,6,6,11,2,1
chr20,7500001,7600000,2,5,5,9,4,3
chr20,7600001,7700000,3,4,4,14,4,1
chr20,7700001,7800000,5,3,4,7,2,2
chr20,7800001,7900000,1,9,5,7,1,3
chr20,7900001,8000000,4,2,3,5,1,0
chr20,8000001,8100000,10,7,4,5,5,2
chr20,8100001,8200000,4,1,3,4,0,2
chr20,8200001,8300000,6,3,4,1,4,1
chr20,8300001,8400000,4,5,6,5,3,1
chr20,8400001,8500000,4,5,4,4,2,2
chr20,8500001,8600000,6,4,0,3,3,0
chr20,8600001,8700000,2,3,2,4,2,0
chr20,8700001,8800000,3,4,2,2,4,0
chr20,8800001,8900000,2,4,0,3,0,2
chr20,8900001,9000000,2,4,0,4,1,2
chr20,9000001,9100000,5,3,2,4,0,1
chr20,9100001,9200000,5,5,2,3,2,2
chr20,9200001,9300000,1,4,1,5,0,1
chr20,9300001,9400000,2,2,2,2,1,1
chr20,9400001,9500000,3,4,3,5,3,1
chr20,9500001,9600000,2,4,1,4,1,1
chr20,9600001,9700000,1,3,4,3,3,2
chr20,9700001,9800000,5,5,5,7,3,1
chr20,9800001,9900000,3,4,3,8,4,0
chr20,9900001,10000000,4,5,0,4,1,2
chr20,10000001,10100000,4,3,3,2,1,2
chr20,10100001,10200000,3,3,2,5,2,0
chr20,10200001,10300000,2,5,1,6,2,1
chr20,10300001,10400000,1,8,5,5,3,3
chr20,10400001,10500000,2,0,0,3,3,0
chr20,10500001,10600000,5,2,2,5,4,1
chr20,10600001,10700000,4,2,0,3,2,0
chr20,10700001,10800000,2,1,1,4,4,0
chr20,10800001,10900000,4,3,0,1,0,0
chr20,10900001,11000000,1,3,2,3,2,1
chr20,11000001,11100000,4,2,4,4,2,1
chr20,11100001,11200000,5,2,1,4,1,1
chr20,11200001,11300000,3,3,1,4,2,1
chr20,11300001,11400000,2,7,2,4,0,2
chr20,11400001,11500000,0,3,1,2,4,0
chr20,11500001,11600000,3,3,2,6,2,0
chr20,11600001,11700000,5,4,1,6,1,0
chr20,11700001,11800000,4,2,2,5,4,2
chr20,11800001,11900000,3,5,2,1,1,2
chr20,11900001,12000000,0,4,0,2,0,0
chr20,12000001,12100000,4,5,3,4,0,1
chr20,12100001,12200000,3,6,4,3,2,1
chr20,12200001,12300000,6,5,4,7,1,2
chr20,12300001,12400000,5,4,4,8,0,4
chr20,12400001,12500000,2,6,2,4,1,1
chr20,12500001,12600000,3,5,3,7,2,2
chr20,12600001,12700000,7,8,3,9,2,0
chr20,12700001,12800000,2,5,1,7,2,0
chr20,12800001,12900000,0,8,1,5,3,1
chr20,12900001,13000000,0,6,4,2,2,2
chr20,13000001,13100000,5,0,2,3,1,1
chr20,13100001,13200000,3,2,1,2,1,0
chr20,13200001,13300000,2,1,4,6,1,0
chr20,13300001,13400000,5,2,2,4,1,0
chr20,13400001,13500000,2,0,1,9,1,2
chr20,13500001,13600000,3,5,1,5,1,3
chr20,13600001,13700000,2,3,2,7,4,3
chr20,13700001,13800000,2,0,1,7,1,0
chr20,13800001,13900000,5,7,3,10,1,1
chr20,13900001,14000000,3,3,8,8,3,0
chr20,14000001,14100000,3,3,2,3,0,0
chr20,14100001,14200000,3,3,1,6,2,0
chr20,14200001,14300000,2,3,3,8,0,2
chr20,14300001,14400000,3,2,3,6,3,1
chr20,14400001,14500000,2,2,0,5,2,2
chr20,14500001,14600000,4,3,1,5,2,2
chr20,14600001,14700000,4,1,2,4,6,1
chr20,14700001,14800000,1,0,1,2,6,0
chr20,14800001,14900000,3,3,1,1,4,0
chr20,14900001,15000000,2,8,3,3,0,3
chr20,15000001,15100000,4,5,3,1,4,0
chr20,15100001,15200000,4,2,3,4,4,0
chr20,15200001,15300000,5,3,3,8,6,0
chr20,15300001,15400000,3,3,4,10,2,1
chr20,15400001,15500000,4,3,5,2,1,2
chr20,15500001,15600000,3,4,2,6,1,1
chr20,15600001,15700000,1,1,3,4,3,0
chr20,15700001,15800000,3,3,3,5,2,2
chr20,15800001,15900000,4,0,2,4,4,0
chr20,15900001,16000000,6,3,7,4,2,0
chr20,16000001,16100000,4,1,4,5,3,0
chr20,16100001,16200000,3,5,1,2,2,0
chr20,16200001,16300000,5,6,2,5,3,0
chr20,16300001,16400000,2,2,1,1,3,0
chr20,16400001,16500000,3,4,1,2,1,0
chr20,16500001,16600000,3,4,1,9,2,0
chr20,16600001,16700000,2,1,1,6,2,0
chr20,16700001,16800000,2,1,1,1,1,1
chr20,16800001,16900000,6,6,1,18,4,1
chr20,16900001,17000000,7,1,1,7,6,2
chr20,17000001,17100000,2,5,4,10,2,0
chr20,17100001,17200000,2,5,3,5,2,1
chr20,17200001,17300000,2,6,2,6,1,0
chr20,17300001,17400000,2,5,1,3,0,1
chr20,17400001,17500000,2,1,1,5,0,3
chr20,17500001,17600000,3,1,1,7,1,0
chr20,17600001,17700000,4,2,0,4,1,1
chr20,17700001,17800000,0,3,1,4,4,1
chr20,17800001,17900000,4,0,1,0,2,0
chr20,17900001,18000000,2,1,3,4,0,0
chr20,18000001,18100000,0,2,2,2,1,0
chr20,18100001,18200000,3,4,1,8,0,0
chr20,18200001,18300000,12,0,2,5,2,0
chr20,18300001,18400000,2,6,2,7,0,0
chr20,18400001,18500000,4,1,2,1,2,0
chr20,18500001,18600000,1,2,0,2,2,0
chr20,18600001,18700000,1,3,1,1,2,0
chr20,18700001,18800000,2,4,2,8,2,2
chr20,18800001,18900000,2,10,4,2,2,1
chr20,18900001,19000000,2,5,0,6,3,1
chr20,19000001,19100000,4,3,1,6,0,1
chr20,19100001,19200000,1,8,1,8,1,2
chr20,19200001,19300000,3,1,2,5,2,5
chr20,19300001,19400000,3,5,6,9,2,0
chr20,19400001,19500000,2,1,5,2,3,0
chr20,19500001,19600000,1,2,1,3,3,2
chr20,19600001,19700000,1,0,2,2,0,0
chr20,19700001,19800000,4,0,1,0,2,1
chr20,19800001,19900000,1,3,0,1,0,2
chr20,19900001,20000000,1,3,1,2,4,0
chr20,20000001,20100000,1,1,5,0,2,0
chr20,20100001,20200000,1,3,3,5,0,1
chr20,20200001,20300000,2,0,0,6,1,1
chr20,20300001,20400000,0,0,2,1,1,2
chr20,20400001,20500000,2,1,2,0,0,1
chr20,20500001,20600000,4,3,1,5,0,2
chr20,20600001,20700000,3,1,1,5,2,1
chr20,20700001,20800000,0,1,3,1,2,1
chr20,20800001,20900000,4,5,1,6,0,1
chr20,20900001,21000000,4,6,2,8,1,2
chr20,21000001,21100000,5,3,2,5,0,1
chr20,21100001,21200000,5,2,2,3,2,2
chr20,21200001,21300000,1,2,1,6,3,0
chr20,21300001,21400000,2,4,4,5,4,0
chr20,21400001,21500000,3,9,0,3,0,4
chr20,21500001,21600000,3,3,7,7,3,0
chr20,21600001,21700000,2,5,7,11,0,1
chr20,21700001,21800000,6,3,0,6,6,1
chr20,21800001,21900000,1,8,4,4,2,0
chr20,21900001,22000000,4,7,1,8,3,0
chr20,22000001,22100000,4,5,2,7,2,1
chr20,22100001,22200000,6,8,3,8,1,2
chr20,22200001,22300000,4,5,1,1,1,1
chr20,22300001,22400000,10,1,5,2,3,0
chr20,22400001,22500000,4,3,2,4,2,1
chr20,22500001,22600000,6,7,2,0,1,0
chr20,22600001,22700000,5,0,2,3,3,1
chr20,22700001,22800000,1,5,1,2,0,1
chr20,22800001,22900000,2,2,2,3,1,0
chr20,22900001,23000000,1,1,7,4,3,0
chr20,23000001,23100000,0,0,3,5,1,1
chr20,23100001,23200000,9,2,3,8,1,1
chr20,23200001,23300000,5,3,3,4,0,1
chr20,23300001,23400000,0,3,2,4,0,0
chr20,23400001,23500000,7,6,6,3,2,0
chr20,23500001,23600000,8,5,0,6,1,1
chr20,23600001,23700000,3,5,3,7,1,2
chr20,23700001,23800000,6,9,2,7,2,0
chr20,23800001,23900000,2,5,3,11,3,2
chr20,23900001,24000000,2,2,1,9,3,1
chr20,24000001,24100000,3,3,1,1,1,1
chr20,24100001,24200000,3,5,1,5,4,0
chr20,24200001,24300000,5,4,2,9,1,0
chr20,24300001,24400000,6,7,4,6,4,1
chr20,24400001,24500000,1,2,4,3,1,3
chr20,24500001,24600000,0,2,1,5,1,1
chr20,24600001,24700000,3,2,2,1,1,1
chr20,24700001,24800000,1,2,0,1,2,0
chr20,24800001,24900000,3,4,0,1,0,0
chr20,24900001,25000000,1,0,4,2,1,0
chr20,25000001,25100000,2,1,2,2,0,1
chr20,25100001,25200000,3,2,1,1,1,0
chr20,25200001,25300000,3,1,0,5,1,2
chr20,25300001,25400000,4,4,0,4,0,1
chr20,25400001,25500000,1,3,3,3,2,1
chr20,25500001,25600000,2,2,1,1,1,0
chr20,25600001,25700000,4,2,2,3,2,0
chr20,25700001,29530000,2,3,5,1,2,1
chr20,29530001,29950000,5,13,3,5,5,0
chr20,29950001,30050000,7,5,11,10,3,0
chr20,30050001,30150000,8,2,1,5,1,2
chr20,30150001,30250000,1,2,3,1,0,0
chr20,30250001,30350000,5,2,0,0,0,2
chr20,30350001,30450000,1,6,1,2,2,0
chr20,30450001,30550000,3,1,1,2,1,1
chr20,30550001,30650000,2,5,1,2,1,0
chr20,30650001,30750000,3,4,0,5,0,0
chr20,30750001,30850000,3,5,1,2,0,1
chr20,30850001,30950000,2,4,2,0,0,1
chr20,30950001,31050000,5,0,1,3,1,2
chr20,31050001,31150000,4,1,0,1,0,2
chr20,31150001,31250000,1,2,4,3,2,2
chr20,31250001,31350000,0,1,3,2,3,1
chr20,31350001,31450000,1,2,1,1,3,0
chr20,31450001,31550000,6,3,7,2,2,0
chr20,31550001,31650000,1,1,2,1,2,1
chr20,31650001,31750000,3,3,2,5,2,2
chr20,31750001,31850000,3,0,2,2,1,2
chr20,31850001,31950000,1,2,5,10,1,0
chr20,31950001,32050000,3,2,1,1,0,1
chr20,32050001,32150000,4,2,4,2,2,3
chr20,32150001,32250000,1,1,1,2,3,0
chr20,32250001,32350000,1,3,0,3,1,2
chr20,32350001,32450000,3,1,0,3,0,1
chr20,32450001,32550000,3,3,2,4,4,1
chr20,32550001,32650000,0,3,5,2,1,0
chr20,32650001,32750000,4,2,0,7,3,0
chr20,32750001,32850000,1,1,2,3,2,2
chr20,32850001,32950000,1,2,1,3,1,0
chr20,32950001,33050000,2,3,0,1,1,0
chr20,33050001,33150000,2,2,2,2,3,1
chr20,33150001,33250000,2,1,2,0,0,0
chr20,33250001,33350000,2,0,0,3,5,3
chr20,33350001,33450000,2,3,3,2,1,1
chr20,33450001,33550000,3,2,0,0,2,0
chr20,33550001,33650000,4,0,1,4,1,1
chr20,33650001,33750000,4,2,2,1,1,1
chr20,33750001,33850000,1,1,1,2,1,0
chr20,33850001,33950000,3,1,3,3,0,0
chr20,33950001,34050000,2,2,2,6,2,1
chr20,34050001,34150000,2,1,0,2,1,0
chr20,34150001,34250000,2,2,1,2,2,1
chr20,34250001,34350000,4,1,1,5,3,1
chr20,34350001,34450000,6,1,1,2,3,0
chr20,34450001,34550000,2,3,2,3,1,2
chr20,34550001,34650000,6,4,1,2,0,4
chr20,34650001,34750000,3,1,3,3,1,0
chr20,34750001,34850000,5,1,1,1,2,1
chr20,34850001,34950000,1,1,1,3,3,0
chr20,34950001,35050000,1,4,2,4,1,2
chr20,35050001,35150000,3,0,3,0,1,1
chr20,35150001,35250000,3,1,1,6,0,0
chr20,35250001,35350000,3,2,1,2,1,1
chr20,35350001,35450000,5,1,2,4,0,0
chr20,35450001,35550000,8,1,0,1,1,1
chr20,35550001,35650000,2,1,0,0,0,1
chr20,35650001,35750000,3,3,1,3,2,2
chr20,35750001,35850000,1,3,1,2,1,0
chr20,35850001,35950000,2,1,0,4,1,2
chr20,35950001,36050000,1,3,2,1,1,1
chr20,36050001,36150000,3,2,0,2,3,0
chr20,36150001,36250000,4,3,4,2,3,0
chr20,36250001,36350000,2,5,2,4,0,0
chr20,36350001,36450000,3,2,1,4,0,2
chr20,36450001,36550000,9,0,2,3,1,3
chr20,36550001,36650000,2,1,1,8,3,1
chr20,36650001,36750000,3,3,0,5,1,0
chr20,36750001,36850000,3,4,2,4,1,0
chr20,36850001,36950000,2,2,1,6,2,0
chr20,36950001,37050000,2,2,3,6,1,1
chr20,37050001,37150000,6,4,3,2,4,3
chr20,37150001,37250000,4,2,3,2,0,1
chr20,37250001,37350000,2,6,2,6,2,0
chr20,37350001,37450000,0,2,1,6,1,2
chr20,37450001,37550000,2,1,2,4,0,0
chr20,37550001,37650000,0,2,1,2,2,1
chr20,37650001,37750000,5,1,2,8,1,0
chr20,37750001,37850000,6,5,6,8,3,1
chr20,37850001,37950000,1,3,2,9,0,0
chr20,37950001,38050000,4,5,4,8,3,0
chr20,38050001,38150000,4,6,3,12,2,0
chr20,38150001,38250000,3,4,5,13,4,0
chr20,38250001,38350000,6,5,5,10,2,0
chr20,38350001,38450000,7,2,9,11,2,2
chr20,38450001,38550000,5,4,1,16,1,2
chr20,38550001,38650000,9,0,3,10,5,4
chr20,38650001,38750000,4,3,4,14,3,3
chr20,38750001,38850000,3,6,4,12,0,1
chr20,38850001,38950000,4,1,8,8,3,0
chr20,38950001,39050000,8,2,2,14,2,1
chr20,39050001,39150000,2,1,4,6,1,0
chr20,39150001,39250000,2,3,3,6,0,2
chr20,39250001,39350000,4,2,1,3,0,0
chr20,39350001,39450000,3,3,4,7,1,0
chr20,39450001,39550000,4,2,2,4,0,0
chr20,39550001,39650000,3,2,4,10,2,2
chr20,39650001,39750000,4,0,1,4,2,0
chr20,39750001,39850000,4,0,3,2,3,3
chr20,39850001,39950000,6,3,3,5,1,1
chr20,39950001,40050000,3,3,0,3,2,1
chr20,40050001,40150000,2,4,1,3,1,0
chr20,40150001,40250000,1,4,1,1,1,1
chr20,40250001,40350000,2,1,0,3,2,1
chr20,40350001,40450000,2,5,2,4,1,1
chr20,40450001,40550000,7,3,1,5,3,1
chr20,40550001,40650000,3,5,2,4,1,0
chr20,40650001,40750000,1,3,4,5,2,1
chr20,40750001,40850000,4,5,3,4,0,0
chr20,40850001,40950000,3,6,3,10,2,0
chr20,40950001,41050000,2,5,2,8,1,0
chr20,41050001,41150000,10,7,2,15,1,0
chr20,41150001,41250000,5,3,5,11,0,0
chr20,41250001,41350000,3,9,2,15,1,1
chr20,41350001,41450000,1,2,4,4,1,1
chr20,41450001,41550000,7,3,4,15,3,5
chr20,41550001,41650000,4,5,2,17,4,1
chr20,41650001,41750000,6,2,2,16,1,3
chr20,41750001,41850000,2,3,6,6,1,0
chr20,41850001,41950000,3,6,3,10,0,1
chr20,41950001,42050000,2,6,2,5,3,0
chr20,42050001,42150000,3,0,2,4,4,1
chr20,42150001,42250000,1,1,1,4,3,0
chr20,42250001,42350000,1,3,1,4,2,0
chr20,42350001,42450000,1,1,4,3,5,1
chr20,42450001,42550000,1,3,8,4,1,4
chr20,42550001,42650000,3,1,4,3,1,0
chr20,42650001,42750000,3,2,3,5,3,2
chr20,42750001,42850000,10,6,0,6,2,1
chr20,42850001,42950000,2,3,1,3,2,1
chr20,42950001,43050000,4,4,2,3,1,0
chr20,43050001,43150000,3,2,2,1,2,2
chr20,43150001,43250000,6,1,0,1,0,1
chr20,43250001,43350000,1,1,3,2,0,1
chr20,43350001,43450000,0,4,0,3,1,0
chr20,43450001,43550000,1,5,0,6,1,1
chr20,43550001,43650000,1,1,2,4,2,1
chr20,43650001,43750000,6,1,3,3,0,0
chr20,43750001,43850000,3,2,2,3,1,1
chr20,43850001,43950000,5,3,3,4,4,1
chr20,43950001,44050000,9,2,1,1,0,0
chr20,44050001,44150000,3,0,0,1,0,1
chr20,44150001,44250000,2,0,3,1,1,2
chr20,44250001,44350000,4,3,0,3,0,1
chr20,44350001,44450000,1,2,1,4,2,0
chr20,44450001,44550000,7,0,1,4,0,1
chr20,44550001,44650000,4,4,4,1,1,0
chr20,44650001,44750000,6,4,1,6,2,1
chr20,44750001,44850000,0,4,1,5,1,1
chr20,44850001,44950000,5,4,2,2,1,0
chr20,44950001,45050000,1,2,4,1,1,0
chr20,45050001,45150000,7,2,4,6,1,0
chr20,45150001,45250000,3,0,3,3,1,0
chr20,45250001,45350000,1,0,0,3,1,3
chr20,45350001,45450000,2,3,2,3,1,1
chr20,45450001,45550000,7,4,3,3,1,1
chr20,45550001,45650000,2,2,3,3,2,1
chr20,45650001,45750000,5,1,2,5,2,1
chr20,45750001,45850000,6,1,2,3,1,0
chr20,45850001,45950000,1,1,3,4,3,2
chr20,45950001,46050000,8,2,1,0,0,0
chr20,46050001,46150000,5,0,1,1,0,1
chr20,46150001,46250000,5,0,0,6,2,1
chr20,46250001,46350000,2,2,2,3,0,0
chr20,46350001,46450000,4,1,2,1,2,0
chr20,46450001,46570000,3,4,0,4,0,1
chr20,46570001,46670000,2,5,2,2,3,1
chr20,46670001,46770000,2,1,2,3,3,0
chr20,46770001,46870000,1,5,0,1,1,0
chr20,46870001,46970000,3,1,3,4,1,2
chr20,46970001,47070000,4,4,4,3,4,0
chr20,47070001,47180000,1,5,2,6,2,1
chr20,47180001,47280000,1,5,1,4,1,2
chr20,47280001,47380000,7,2,0,5,0,0
chr20,47380001,47480000,5,4,1,4,2,1
chr20,47480001,47580000,0,1,0,4,1,1
chr20,47580001,47680000,2,0,2,0,0,0
chr20,47680001,47780000,4,2,0,8,2,0
chr20,47780001,47880000,2,2,0,3,1,0
chr20,47880001,47980000,5,4,3,0,2,0
chr20,47980001,48080000,5,3,2,5,1,0
chr20,48080001,48180000,3,3,3,8,3,0
chr20,48180001,48280000,1,1,0,4,1,0
chr20,48280001,48380000,4,2,1,6,3,0
chr20,48380001,48480000,6,1,1,4,1,0
chr20,48480001,48580000,9,2,3,3,1,0
chr20,48580001,48680000,2,4,0,1,2,0
chr20,48680001,48780000,0,0,3,1,1,1
chr20,48780001,48880000,1,4,1,5,1,1
chr20,48880001,48980000,5,5,2,3,0,0
chr20,48980001,49080000,6,1,2,1,2,1
chr20,49080001,49180000,1,0,3,2,1,3
chr20,49180001,49280000,2,1,0,2,0,0
chr20,49280001,49380000,5,1,1,5,1,1
chr20,49380001,49480000,4,2,2,5,2,1
chr20,49480001,49580000,3,2,6,2,3,0
chr20,49580001,49680000,3,2,1,3,4,1
chr20,49680001,49780000,3,6,3,9,1,2
chr20,49780001,49880000,3,1,3,3,0,1
chr20,49880001,49980000,4,9,0,2,3,0
chr20,49980001,50080000,2,2,1,2,2,3
chr20,50080001,50180000,3,8,2,3,1,1
chr20,50180001,50280000,3,1,0,4,3,1
chr20,50280001,50380000,2,4,1,4,1,1
chr20,50380001,50480000,1,1,2,4,1,2
chr20,50480001,50580000,2,3,2,2,2,1
chr20,50580001,50680000,2,0,4,4,4,1
chr20,50680001,50780000,0,0,2,1,1,1
chr20,50780001,50880000,5,4,1,2,0,1
chr20,50880001,50980000,3,5,1,12,3,0
chr20,50980001,51080000,5,3,4,4,2,2
chr20,51080001,51180000,4,2,3,13,0,3
chr20,51180001,51280000,2,3,5,16,1,2
chr20,51280001,51380000,1,0,7,6,3,2
chr20,51380001,51480000,2,4,3,4,1,1
chr20,51480001,51580000,2,3,5,7,0,3
chr20,51580001,51680000,4,2,5,8,2,2
chr20,51680001,51780000,1,0,6,4,1,0
chr20,51780001,51880000,4,3,1,5,0,1
chr20,51880001,51980000,3,4,4,3,4,2
chr20,51980001,52080000,2,4,1,2,0,2
chr20,52080001,52180000,5,2,5,4,3,2
chr20,52180001,52280000,5,2,0,1,7,2
chr20,52280001,52380000,1,1,3,3,1,0
chr20,52380001,52480000,2,5,4,2,2,0
chr20,52480001,52580000,4,2,1,7,2,0
chr20,52580001,52680000,2,2,1,2,1,0
chr20,52680001,52780000,3,2,1,5,2,2
chr20,52780001,52880000,2,3,0,3,0,1
chr20,52880001,52980000,2,4,6,9,3,1
chr20,52980001,53080000,4,6,5,12,1,1
chr20,53080001,53180000,3,2,4,4,2,0
chr20,53180001,53280000,4,3,8,7,1,0
chr20,53280001,53380000,8,1,3,12,2,3
chr20,53380001,53480000,6,4,0,7,4,0
chr20,53480001,53580000,4,4,8,14,2,2
chr20,53580001,53680000,7,5,2,6,1,3
chr20,53680001,53780000,8,5,2,4,0,1
chr20,53780001,53880000,7,2,3,11,3,2
chr20,53880001,53980000,3,3,7,9,0,4
chr20,53980001,54080000,7,4,1,14,3,2
chr20,54080001,54180000,8,9,3,13,5,1
chr20,54180001,54280000,3,3,1,7,2,2
chr20,54280001,54380000,4,8,1,14,1,0
chr20,54380001,54480000,3,5,3,11,1,2
chr20,54480001,54580000,9,5,8,6,6,2
chr20,54580001,54680000,4,7,7,10,4,3
chr20,54680001,54780000,3,5,6,5,2,2
chr20,54780001,54880000,2,4,1,4,0,1
chr20,54880001,54980000,2,5,1,4,3,0
chr20,54980001,55080000,3,1,1,7,0,0
chr20,55080001,55180000,0,4,0,7,3,0
chr20,55180001,55280000,2,2,2,5,1,0
chr20,55280001,55380000,3,3,1,3,0,0
chr20,55380001,55480000,4,3,2,4,0,2
chr20,55480001,55580000,2,6,1,8,5,0
chr20,55580001,55680000,5,4,1,5,4,2
chr20,55680001,55780000,3,1,2,1,1,2
chr20,55780001,55880000,4,5,0,7,3,0
chr20,55880001,55980000,1,4,1,4,0,0
chr20,55980001,56080000,1,2,0,5,0,1
chr20,56080001,56180000,5,1,0,4,1,0
chr20,56180001,56280000,4,3,1,5,3,0
chr20,56280001,56380000,4,3,2,5,3,1
chr20,56380001,56480000,3,2,1,7,3,1
chr20,56480001,56580000,8,3,0,2,0,2
chr20,56580001,56680000,4,2,4,4,2,2
chr20,56680001,56780000,4,2,2,2,1,2
chr20,56780001,56880000,4,1,5,3,0,0
chr20,56880001,56980000,2,1,4,5,1,1
chr20,56980001,57080000,6,1,4,4,2,2
chr20,57080001,57180000,3,2,3,9,1,1
chr20,57180001,57280000,4,0,2,2,0,3
chr20,57280001,57380000,6,4,4,7,2,0
chr20,57380001,57480000,2,4,3,4,0,1
chr20,57480001,57580000,3,3,5,6,2,3
chr20,57580001,57680000,6,3,4,3,2,0
chr20,57680001,57780000,3,2,3,4,4,0
chr20,57780001,57880000,4,1,0,4,1,1
chr20,57880001,57980000,1,2,1,6,2,0
chr20,57980001,58080000,6,6,3,3,5,0
chr20,58080001,58180000,3,1,4,3,2,0
chr20,58180001,58280000,1,7,5,9,1,0
chr20,58280001,58380000,7,6,0,10,0,0
chr20,58380001,58480000,3,2,3,6,2,0
chr20,58480001,58580000,6,2,5,15,0,1
chr20,58580001,58680000,5,3,2,3,0,1
chr20,58680001,58780000,3,3,1,12,3,2
chr20,58780001,58880000,4,1,2,6,1,2
chr20,58880001,58980000,12,7,4,5,2,1
chr20,58980001,59080000,6,4,4,11,4,1
chr20,59080001,59180000,3,6,7,14,3,1
chr20,59180001,59280000,3,4,5,7,8,0
chr20,59280001,59380000,5,4,4,9,6,4
chr20,59380001,59480000,6,4,5,10,1,2
chr20,59480001,59580000,4,4,5,5,3,3
chr20,59580001,59680000,4,6,1,11,5,0
chr20,59680001,59780000,10,6,2,5,6,3
chr20,59780001,59880000,2,4,2,4,2,1
chr20,59880001,59980000,4,2,4,7,2,0
chr20,59980001,60080000,5,5,2,9,0,2
chr20,60080001,60180000,1,1,1,6,0,0
chr20,60180001,60280000,3,3,0,2,1,0
chr20,60280001,60380000,3,2,3,8,2,0
chr20,60380001,60480000,1,0,0,2,1,0
chr20,60480001,60580000,1,1,2,4,3,1
chr20,60580001,60680000,4,3,1,0,1,1
chr20,60680001,60780000,2,2,1,3,1,3
chr20,60780001,60880000,2,1,2,4,0,0
chr20,60880001,60980000,2,6,1,1,2,3
chr20,60980001,61080000,1,5,1,2,0,1
chr20,61080001,61180000,0,0,0,0,1,0
chr20,61180001,61280000,0,1,0,2,0,0
chr20,61280001,61380000,2,1,0,1,0,0
chr20,61380001,61480000,2,6,0,1,2,1
chr20,61480001,61580000,3,2,0,2,0,0
chr20,61580001,61680000,2,4,1,3,0,0
chr20,61680001,61780000,6,4,4,3,3,3
chr20,61780001,61880000,4,0,1,1,4,2
chr20,61880001,61980000,2,2,2,2,3,1
chr20,61980001,62080000,0,11,0,6,0,1
chr20,62080001,62180000,3,7,0,3,2,1
chr20,62180001,62280000,1,2,0,3,0,0
chr20,62280001,62380000,3,3,2,3,3,1
chr20,62380001,62480000,3,2,1,2,1,0
chr20,62480001,62580000,0,6,0,0,1,1
chr20,62580001,62680000,1,2,0,1,0,0
chr20,62680001,62780000,1,1,1,2,1,2
chr20,62780001,62880000,5,1,0,2,2,2
chr21,1,100000,0,0,0,0,0,0
chr21,100001,200000,0,0,0,0,0,0
chr21,200001,300000,0,0,0,0,0,0
chr21,300001,400000,0,0,0,0,0,0
chr21,400001,500000,0,0,0,0,0,0
chr21,500001,600000,0,0,0,0,0,0
chr21,600001,700000,0,0,0,0,0,0
chr21,700001,800000,0,0,0,0,0,0
chr21,800001,900000,0,0,0,0,0,0
chr21,900001,1000000,0,0,0,0,0,0
chr21,1000001,1100000,0,0,0,0,0,0
chr21,1100001,1200000,0,0,0,0,0,0
chr21,1200001,1300000,0,0,0,0,0,0
chr21,1300001,1400000,0,0,0,0,0,0
chr21,1400001,1500000,0,0,0,0,0,0
chr21,1500001,1600000,0,0,0,0,0,0
chr21,1600001,1700000,0,0,0,0,0,0
chr21,1700001,1800000,0,0,0,0,0,0
chr21,1800001,1900000,0,0,0,0,0,0
chr21,1900001,2000000,0,0,0,0,0,0
chr21,2000001,2100000,0,0,0,0,0,0
chr21,2100001,2200000,0,0,0,0,0,0
chr21,2200001,2300000,0,0,0,0,0,0
chr21,2300001,2400000,0,0,0,0,0,0
chr21,2400001,2500000,0,0,0,0,0,0
chr21,2500001,2600000,0,0,0,0,0,0
chr21,2600001,2700000,0,0,0,0,0,0
chr21,2700001,2800000,0,0,0,0,0,0
chr21,2800001,2900000,0,0,0,0,0,0
chr21,2900001,3000000,0,0,0,0,0,0
chr21,3000001,3100000,0,0,0,0,0,0
chr21,3100001,3200000,0,0,0,0,0,0
chr21,3200001,3300000,0,0,0,0,0,0
chr21,3300001,3400000,0,0,0,0,0,0
chr21,3400001,3500000,0,0,0,0,0,0
chr21,3500001,3600000,0,0,0,0,0,0
chr21,3600001,3700000,0,0,0,0,0,0
chr21,3700001,3800000,0,0,0,0,0,0
chr21,3800001,3900000,0,0,0,0,0,0
chr21,3900001,4000000,0,0,0,0,0,0
chr21,4000001,4100000,0,0,0,0,0,0
chr21,4100001,4200000,0,0,0,0,0,0
chr21,4200001,4300000,0,0,0,0,0,0
chr21,4300001,4400000,0,0,0,0,0,0
chr21,4400001,4500000,0,0,0,0,0,0
chr21,4500001,4600000,0,0,0,0,0,0
chr21,4600001,4700000,0,0,0,0,0,0
chr21,4700001,4800000,0,0,0,0,0,0
chr21,4800001,4900000,0,0,0,0,0,0
chr21,4900001,5000000,0,0,0,0,0,0
chr21,5000001,5100000,0,0,0,0,0,0
chr21,5100001,5200000,0,0,0,0,0,0
chr21,5200001,5300000,0,0,0,0,0,0
chr21,5300001,5400000,0,0,0,0,0,0
chr21,5400001,5500000,0,0,0,0,0,0
chr21,5500001,5600000,0,0,0,0,0,0
chr21,5600001,5700000,0,0,0,0,0,0
chr21,5700001,5800000,0,0,0,0,0,0
chr21,5800001,5900000,0,0,0,0,0,0
chr21,5900001,6000000,0,0,0,0,0,0
chr21,6000001,6100000,0,0,0,0,0,0
chr21,6100001,6200000,0,0,0,0,0,0
chr21,6200001,6300000,0,0,0,0,0,0
chr21,6300001,6400000,0,0,0,0,0,0
chr21,6400001,6500000,0,0,0,0,0,0
chr21,6500001,6600000,0,0,0,0,0,0
chr21,6600001,6700000,0,0,0,0,0,0
chr21,6700001,6800000,0,0,0,0,0,0
chr21,6800001,6900000,0,0,0,0,0,0
chr21,6900001,7000000,0,0,0,0,0,0
chr21,7000001,7100000,0,0,0,0,0,0
chr21,7100001,7200000,0,0,0,0,0,0
chr21,7200001,7300000,0,0,0,0,0,0
chr21,7300001,7400000,0,0,0,0,0,0
chr21,7400001,7500000,0,0,0,0,0,0
chr21,7500001,7600000,0,0,0,0,0,0
chr21,7600001,7700000,0,0,0,0,0,0
chr21,7700001,7800000,0,0,0,0,0,0
chr21,7800001,7900000,0,0,0,0,0,0
chr21,7900001,8000000,0,0,0,0,0,0
chr21,8000001,8100000,0,0,0,0,0,0
chr21,8100001,8200000,0,0,0,0,0,0
chr21,8200001,8300000,0,0,0,0,0,0
chr21,8300001,8400000,0,0,0,0,0,0
chr21,8400001,8500000,0,0,0,0,0,0
chr21,8500001,8600000,0,0,0,0,0,0
chr21,8600001,8700000,0,0,0,0,0,0
chr21,8700001,8800000,0,0,0,0,0,0
chr21,8800001,8900000,0,0,0,0,0,0
chr21,8900001,9000000,0,0,0,0,0,0
chr21,9000001,9100000,0,0,0,0,0,0
chr21,9100001,9200000,0,0,0,0,0,0
chr21,9200001,9300000,0,0,0,0,0,0
chr21,9300001,9400000,0,0,0,0,0,0
chr21,9400001,9500000,3,3,2,2,1,0
chr21,9500001,10380000,4,8,3,2,2,1
chr21,10380001,10480000,5,18,9,13,7,0
chr21,10480001,10590000,7,25,11,8,6,4
chr21,10590001,10920000,8,25,8,14,11,3
chr21,10920001,14400000,10,11,10,16,6,2
chr21,14400001,14500000,7,11,1,6,3,2
chr21,14500001,14600000,4,9,2,10,2,0
chr21,14600001,14700000,2,10,5,14,5,4
chr21,14700001,14800000,3,8,2,8,4,2
chr21,14800001,14900000,3,7,3,13,9,1
chr21,14900001,15000000,3,4,2,3,1,0
chr21,15000001,15100000,2,1,0,0,0,0
chr21,15100001,15200000,0,0,1,2,0,1
chr21,15200001,15300000,2,4,2,11,1,2
chr21,15300001,15400000,4,1,0,7,1,0
chr21,15400001,15500000,2,2,4,5,3,1
chr21,15500001,15600000,1,5,2,9,4,4
chr21,15600001,15700000,2,2,0,5,1,0
chr21,15700001,15800000,2,4,1,10,4,0
chr21,15800001,15900000,3,7,5,3,1,1
chr21,15900001,16000000,3,6,3,3,0,0
chr21,16000001,16100000,8,8,1,5,0,1
chr21,16100001,16200000,9,5,1,2,2,4
chr21,16200001,16300000,1,3,2,0,1,0
chr21,16300001,16400000,6,1,2,5,2,2
chr21,16400001,16500000,8,1,2,4,3,0
chr21,16500001,16600000,8,3,0,3,3,0
chr21,16600001,16700000,5,6,1,0,1,0
chr21,16700001,16800000,6,5,1,2,2,0
chr21,16800001,16900000,4,3,1,4,2,1
chr21,16900001,17000000,0,4,2,5,0,1
chr21,17000001,17100000,8,4,1,2,1,2
chr21,17100001,17200000,1,3,2,1,1,3
chr21,17200001,17300000,5,1,4,3,2,0
chr21,17300001,17400000,3,5,2,6,2,0
chr21,17400001,17500000,4,5,2,6,2,0
chr21,17500001,17600000,3,1,2,4,2,0
chr21,17600001,17700000,3,1,3,5,5,1
chr21,17700001,17800000,1,1,3,9,5,0
chr21,17800001,17900000,3,2,4,8,5,0
chr21,17900001,18000000,4,2,3,7,1,1
chr21,18000001,18100000,3,1,5,6,1,4
chr21,18100001,18200000,2,6,8,4,1,1
chr21,18200001,18300000,3,3,3,8,3,1
chr21,18300001,18400000,1,3,5,6,2,0
chr21,18400001,18500000,1,1,1,4,1,0
chr21,18500001,18600000,2,4,3,5,2,1
chr21,18600001,18700000,5,6,2,4,0,0
chr21,18700001,18800000,2,2,2,1,0,2
chr21,18800001,18900000,4,3,2,1,0,1
chr21,18900001,19000000,2,2,1,4,0,4
chr21,19000001,19100000,3,4,2,0,1,0
chr21,19100001,19200000,1,1,1,3,4,1
chr21,19200001,19300000,0,1,2,7,5,1
chr21,19300001,19400000,4,4,5,2,0,1
chr21,19400001,19500000,4,4,4,4,1,3
chr21,19500001,19600000,1,7,3,11,1,1
chr21,19600001,19700000,3,5,2,6,3,1
chr21,19700001,19800000,9,5,6,9,7,0
chr21,19800001,19900000,4,7,4,7,2,1
chr21,19900001,20000000,6,5,4,15,5,0
chr21,20000001,20100000,3,6,5,2,5,1
chr21,20100001,20200000,4,7,4,8,1,0
chr21,20200001,20300000,2,7,5,6,7,0
chr21,20300001,20400000,0,12,6,5,4,0
chr21,20400001,20500000,4,7,2,15,6,0
chr21,20500001,20600000,5,8,7,7,4,1
chr21,20600001,20700000,6,7,6,6,5,4
chr21,20700001,20800000,3,11,6,11,3,0
chr21,20800001,20900000,4,9,3,10,6,5
chr21,20900001,21000000,6,10,5,14,5,2
chr21,21000001,21100000,2,3,4,12,5,2
chr21,21100001,21200000,4,4,5,14,1,2
chr21,21200001,21300000,1,3,6,14,4,3
chr21,21300001,21400000,3,9,4,18,2,0
chr21,21400001,21500000,10,6,4,9,4,0
chr21,21500001,21600000,9,13,5,6,3,3
chr21,21600001,21700000,2,6,4,11,3,3
chr21,21700001,21800000,5,11,6,14,4,2
chr21,21800001,21900000,6,7,6,13,3,4
chr21,21900001,22000000,2,6,8,6,4,3
chr21,22000001,22100000,6,7,11,9,3,4
chr21,22100001,22200000,1,6,9,11,6,2
chr21,22200001,22300000,2,7,6,7,5,1
chr21,22300001,22400000,4,5,2,8,4,0
chr21,22400001,22500000,1,5,9,9,1,1
chr21,22500001,22600000,6,9,7,8,1,0
chr21,22600001,22700000,2,7,8,13,4,1
chr21,22700001,22800000,3,8,5,7,4,2
chr21,22800001,22900000,3,12,10,14,2,1
chr21,22900001,23000000,2,11,5,9,4,2
chr21,23000001,23100000,5,7,13,13,1,0
chr21,23100001,23200000,4,6,5,15,2,0
chr21,23200001,23300000,4,6,7,18,1,5
chr21,23300001,23400000,7,10,5,7,0,3
chr21,23400001,23500000,5,11,3,8,3,2
chr21,23500001,23600000,6,6,7,9,2,2
chr21,23600001,23700000,13,6,3,17,0,1
chr21,23700001,23800000,2,10,3,12,2,5
chr21,23800001,23900000,5,13,4,14,3,1
chr21,23900001,24000000,4,12,7,18,2,3
chr21,24000001,24100000,5,10,6,16,3,2
chr21,24100001,24200000,4,9,5,10,5,3
chr21,24200001,24300000,5,6,6,9,0,0
chr21,24300001,24400000,4,7,8,12,3,3
chr21,24400001,24500000,6,1,6,11,7,3
chr21,24500001,24600000,2,7,7,16,5,1
chr21,24600001,24700000,5,1,8,10,3,1
chr21,24700001,24800000,4,5,4,11,7,4
chr21,24800001,24900000,8,8,3,5,4,4
chr21,24900001,25000000,4,9,6,8,3,4
chr21,25000001,25100000,5,12,7,9,1,2
chr21,25100001,25200000,6,10,10,9,7,3
chr21,25200001,25300000,4,5,6,10,3,1
chr21,25300001,25400000,6,4,4,5,4,0
chr21,25400001,25500000,6,15,2,10,1,1
chr21,25500001,25600000,4,7,4,3,5,3
chr21,25600001,25700000,4,10,5,8,2,1
chr21,25700001,25800000,5,9,3,9,2,5
chr21,25800001,25900000,3,7,6,9,0,0
chr21,25900001,26000000,2,7,6,12,1,3
chr21,26000001,26100000,8,5,10,16,5,1
chr21,26100001,26200000,3,7,2,6,5,2
chr21,26200001,26300000,3,4,6,12,4,1
chr21,26300001,26400000,5,9,7,10,2,3
chr21,26400001,26500000,4,3,7,10,3,2
chr21,26500001,26600000,2,8,2,7,0,2
chr21,26600001,26700000,2,4,1,15,4,0
chr21,26700001,26800000,1,6,5,9,5,1
chr21,26800001,26900000,3,7,4,9,2,1
chr21,26900001,27000000,3,0,5,4,2,2
chr21,27000001,27100000,4,4,2,5,1,2
chr21,27100001,27200000,1,4,0,5,1,0
chr21,27200001,27300000,1,1,2,1,0,0
chr21,27300001,27400000,2,0,1,3,3,2
chr21,27400001,27500000,9,2,1,3,2,2
chr21,27500001,27600000,3,1,0,1,1,0
chr21,27600001,27700000,2,4,5,2,1,1
chr21,27700001,27800000,1,3,3,7,3,0
chr21,27800001,27900000,3,5,6,6,0,0
chr21,27900001,28000000,3,4,3,11,8,2
chr21,28000001,28100000,2,6,4,9,2,3
chr21,28100001,28200000,6,4,5,4,5,0
chr21,28200001,28300000,3,4,1,12,2,0
chr21,28300001,28400000,1,5,6,4,2,1
chr21,28400001,28500000,6,2,3,7,1,1
chr21,28500001,28600000,2,0,2,9,2,1
chr21,28600001,28700000,5,1,6,9,1,1
chr21,28700001,28800000,6,6,1,7,4,0
chr21,28800001,28900000,10,5,3,4,2,2
chr21,28900001,29000000,6,5,7,18,1,1
chr21,29000001,29100000,4,2,2,11,4,1
chr21,29100001,29200000,2,0,2,11,0,1
chr21,29200001,29300000,2,2,6,9,1,1
chr21,29300001,29400000,3,1,6,3,0,0
chr21,29400001,29500000,2,4,1,3,0,0
chr21,29500001,29600000,2,2,5,10,2,3
chr21,29600001,29700000,1,2,6,6,2,0
chr21,29700001,29800000,2,4,4,7,4,3
chr21,29800001,29900000,1,4,4,10,2,0
chr21,29900001,30000000,0,2,1,5,1,0
chr21,30000001,30100000,1,0,3,1,2,0
chr21,30100001,30200000,2,6,2,2,2,0
chr21,30200001,30300000,1,1,0,8,2,2
chr21,30300001,30400000,1,1,0,2,3,0
chr21,30400001,30500000,1,3,2,3,0,2
chr21,30500001,30600000,1,1,2,1,2,1
chr21,30600001,30700000,4,4,1,0,1,0
chr21,30700001,30800000,2,1,2,3,2,2
chr21,30800001,30900000,4,0,0,1,0,1
chr21,30900001,31000000,7,3,4,5,0,1
chr21,31000001,31100000,4,3,4,5,2,1
chr21,31100001,31200000,1,5,1,2,2,0
chr21,31200001,31300000,2,2,5,10,2,2
chr21,31300001,31400000,3,8,1,11,1,1
chr21,31400001,31500000,5,4,3,19,4,2
chr21,31500001,31600000,8,3,3,8,0,1
chr21,31600001,31700000,5,2,7,9,1,1
chr21,31700001,31800000,5,8,3,7,1,1
chr21,31800001,31900000,2,2,7,3,1,0
chr21,31900001,32000000,1,3,4,6,1,0
chr21,32000001,32100000,8,6,2,10,0,0
chr21,32100001,32200000,3,3,5,6,1,0
chr21,32200001,32300000,2,7,5,7,5,0
chr21,32300001,32400000,3,4,6,6,2,1
chr21,32400001,32500000,6,4,1,3,1,0
chr21,32500001,32600000,2,0,3,5,0,0
chr21,32600001,32700000,8,4,2,4,0,1
chr21,32700001,32800000,2,5,2,2,1,0
chr21,32800001,32900000,1,2,3,4,3,1
chr21,32900001,33000000,0,2,1,6,2,2
chr21,33000001,33100000,6,1,2,3,0,0
chr21,33100001,33200000,3,0,2,1,2,1
chr21,33200001,33300000,2,2,2,5,3,1
chr21,33300001,33400000,3,1,0,4,0,0
chr21,33400001,33500000,0,0,3,3,2,0
chr21,33500001,33600000,3,3,2,2,3,0
chr21,33600001,33700000,2,3,3,3,0,0
chr21,33700001,33800000,3,1,2,3,0,0
chr21,33800001,33900000,3,0,0,0,2,0
chr21,33900001,34000000,2,0,2,4,2,0
chr21,34000001,34100000,5,0,2,4,1,1
chr21,34100001,34200000,2,0,0,3,1,1
chr21,34200001,34300000,2,5,3,5,1,1
chr21,34300001,34400000,3,1,1,8,0,2
chr21,34400001,34500000,3,1,4,2,0,0
chr21,34500001,34600000,3,2,2,2,2,0
chr21,34600001,34700000,2,0,0,4,2,0
chr21,34700001,34800000,1,1,0,7,0,0
chr21,34800001,34900000,3,2,1,2,2,1
chr21,34900001,35000000,2,1,2,2,1,0
chr21,35000001,35100000,1,2,3,0,2,1
chr21,35100001,35200000,2,3,3,1,5,0
chr21,35200001,35300000,4,3,1,3,1,3
chr21,35300001,35400000,6,3,1,2,0,1
chr21,35400001,35500000,2,3,3,2,1,0
chr21,35500001,35600000,1,3,0,1,2,1
chr21,35600001,35700000,2,2,1,2,1,0
chr21,35700001,35800000,1,2,4,0,1,0
chr21,35800001,35900000,2,1,2,2,2,0
chr21,35900001,36000000,5,1,1,0,2,0
chr21,36000001,36100000,1,1,1,2,2,0
chr21,36100001,36200000,0,4,2,1,3,0
chr21,36200001,36300000,7,2,1,1,2,1
chr21,36300001,36400000,2,2,2,1,4,1
chr21,36400001,36500000,0,1,1,3,1,0
chr21,36500001,36600000,6,3,1,2,2,1
chr21,36600001,36700000,4,1,1,0,0,0
chr21,36700001,36800000,3,1,2,1,2,0
chr21,36800001,36900000,7,0,2,0,0,3
chr21,36900001,37000000,1,1,4,6,3,1
chr21,37000001,37100000,1,2,0,3,2,1
chr21,37100001,37200000,4,1,3,1,4,1
chr21,37200001,37300000,2,1,2,2,1,0
chr21,37300001,37400000,4,0,1,3,1,0
chr21,37400001,37500000,1,2,1,1,5,2
chr21,37500001,37600000,3,1,1,0,0,0
chr21,37600001,37700000,1,3,1,1,4,0
chr21,37700001,37800000,2,3,1,3,2,1
chr21,37800001,37900000,3,3,1,1,2,1
chr21,37900001,38000000,4,0,0,4,1,0
chr21,38000001,38100000,3,3,0,1,2,1
chr21,38100001,38200000,3,2,3,1,0,0
chr21,38200001,38300000,2,1,1,2,4,0
chr21,38300001,38400000,1,1,3,1,1,0
chr21,38400001,38500000,1,2,0,3,1,0
chr21,38500001,38600000,1,3,1,0,4,1
chr21,38600001,38700000,8,4,0,2,2,0
chr21,38700001,38800000,4,2,4,10,2,0
chr21,38800001,38900000,6,0,0,2,1,1
chr21,38900001,39000000,4,1,3,2,1,0
chr21,39000001,39100000,0,0,4,2,2,0
chr21,39100001,39200000,3,3,1,3,1,1
chr21,39200001,39300000,3,2,0,2,1,0
chr21,39300001,39400000,1,0,1,2,1,6
chr21,39400001,39500000,3,1,2,9,2,0
chr21,39500001,39600000,1,1,1,4,0,3
chr21,39600001,39700000,2,1,3,1,1,1
chr21,39700001,39800000,6,3,1,6,8,2
chr21,39800001,39900000,1,2,2,7,9,2
chr21,39900001,40000000,3,1,0,7,3,1
chr21,40000001,40100000,8,1,1,3,3,0
chr21,40100001,40200000,4,1,5,2,0,1
chr21,40200001,40300000,2,2,0,1,1,0
chr21,40300001,40400000,3,1,1,1,0,1
chr21,40400001,40500000,3,2,0,1,1,1
chr21,40500001,40600000,5,1,0,1,1,1
chr21,40600001,40700000,3,1,2,2,3,0
chr21,40700001,40800000,0,1,2,2,1,4
chr21,40800001,40900000,3,2,1,2,3,1
chr21,40900001,41000000,1,3,2,4,2,1
chr21,41000001,41100000,3,0,3,2,1,0
chr21,41100001,41200000,2,2,3,3,2,1
chr21,41200001,41300000,3,1,1,4,0,1
chr21,41300001,41400000,2,5,1,3,0,0
chr21,41400001,41500000,5,3,0,2,1,1
chr21,41500001,41600000,6,2,4,2,1,1
chr21,41600001,41700000,5,3,2,9,0,4
chr21,41700001,41800000,5,1,2,5,2,0
chr21,41800001,41900000,4,4,6,5,1,2
chr21,41900001,42000000,4,3,0,4,1,1
chr21,42000001,42100000,5,1,0,1,2,1
chr21,42100001,42200000,4,7,6,9,0,0
chr21,42200001,42300000,1,2,3,5,4,1
chr21,42300001,42400000,5,2,1,2,0,1
chr21,42400001,42500000,2,3,4,3,0,1
chr21,42500001,42600000,2,2,0,3,0,1
chr21,42600001,42700000,3,1,0,4,1,2
chr21,42700001,42800000,2,1,0,4,0,0
chr21,42800001,42900000,7,1,0,5,11,2
chr21,42900001,43000000,2,1,1,2,0,0
chr21,43000001,43100000,3,0,2,3,1,0
chr21,43100001,43200000,1,0,1,1,1,1
chr21,43200001,43300000,2,1,0,1,1,0
chr21,43300001,43400000,2,0,1,5,1,0
chr21,43400001,43500000,2,1,1,0,1,1
chr21,43500001,43600000,5,2,0,0,1,1
chr21,43600001,43700000,0,2,0,1,2,0
chr21,43700001,43800000,1,2,2,3,2,0
chr21,43800001,43900000,1,1,0,1,0,1
chr21,43900001,44000000,2,3,0,0,2,1
chr21,44000001,44100000,1,1,0,2,1,0
chr21,44100001,44200000,4,1,1,1,4,0
chr21,44200001,44300000,1,0,1,1,1,0
chr21,44300001,44400000,3,1,0,2,3,0
chr21,44400001,44500000,4,2,1,2,2,2
chr21,44500001,44600000,7,0,1,4,1,1
chr21,44600001,44700000,0,2,0,0,0,0
chr21,44700001,44800000,7,1,0,2,2,1
chr21,44800001,44900000,2,2,0,2,0,1
chr21,44900001,45000000,2,1,1,2,1,0
chr21,45000001,45100000,1,1,0,0,2,2
chr21,45100001,45200000,2,2,1,1,2,1
chr21,45200001,45300000,4,1,1,4,0,0
chr21,45300001,45400000,4,5,1,3,3,1
chr21,45400001,45500000,2,2,0,1,0,0
chr21,45500001,45600000,2,1,0,2,0,0
chr21,45600001,45700000,4,1,1,1,0,0
chr21,45700001,45800000,1,0,0,0,0,0
chr21,45800001,45900000,0,2,3,2,0,0
chr21,45900001,46000000,3,1,1,1,1,0
chr21,46000001,46100000,3,1,0,6,3,0
chr21,46100001,46200000,4,1,0,1,0,1
chr21,46200001,46300000,2,3,3,1,1,0
chr21,46300001,46400000,2,1,0,0,0,0
chr21,46400001,46500000,3,3,3,4,0,0
chr21,46500001,46600000,2,2,1,3,1,1
chr21,46600001,46700000,2,1,2,2,1,2
chr21,46700001,46800000,3,3,1,1,0,0
chr21,46800001,46900000,1,0,0,1,1,0
chr21,46900001,47000000,0,1,1,2,5,2
chr21,47000001,47100000,3,1,2,5,2,1
chr21,47100001,47200000,2,2,3,9,0,1
chr21,47200001,47300000,2,2,0,5,2,1
chr21,47300001,47400000,4,2,3,5,4,2
chr21,47400001,47500000,2,0,4,4,1,0
chr21,47500001,47600000,2,0,0,2,1,0
chr21,47600001,47700000,1,1,1,1,1,0
chr21,47700001,47800000,0,1,1,1,2,0
chr21,47800001,47900000,3,4,1,2,3,0
chr21,47900001,48000000,3,1,1,1,0,0
chr21,48000001,48100000,0,2,0,4,0,0
chr22,16970001,17070000,3,2,3,6,2,1
chr22,17070001,17170000,0,6,2,6,1,0
chr22,17170001,17270000,1,1,1,5,2,0
chr22,17270001,17430000,4,2,2,7,4,1
chr22,17430001,17560000,1,3,1,5,2,1
chr22,17560001,17660000,2,1,1,2,0,0
chr22,17660001,17760000,2,0,2,1,4,0
chr22,17760001,17860000,0,4,3,6,1,1
chr22,17860001,17960000,1,2,2,7,1,1
chr22,17960001,18060000,1,2,1,5,1,2
chr22,18060001,18160000,3,0,1,3,1,1
chr22,18160001,18260000,1,1,2,0,1,0
chr22,18260001,18380000,3,1,0,1,1,2
chr22,18380001,18480000,0,2,1,2,0,0
chr22,18480001,18580000,1,3,1,0,2,0
chr22,18580001,18920000,1,2,3,3,0,1
chr22,18920001,19020000,1,5,1,2,0,0
chr22,19020001,19120000,1,1,0,2,3,0
chr22,19120001,19220000,1,3,1,3,0,0
chr22,19220001,19320000,5,1,0,1,1,1
chr22,19320001,19420000,5,2,3,1,2,1
chr22,19420001,19520000,2,2,1,0,1,0
chr22,19520001,19620000,3,3,0,3,2,3
chr22,19620001,19720000,5,1,0,4,0,0
chr22,19720001,19820000,1,0,0,2,2,1
chr22,19820001,19920000,4,1,2,2,0,0
chr22,19920001,20020000,1,3,1,1,1,0
chr22,20020001,20120000,1,0,0,1,0,0
chr22,20120001,20220000,2,2,1,1,3,0
chr22,20220001,20730000,0,0,1,0,1,0
chr22,20730001,20830000,0,1,2,0,1,2
chr22,20830001,20930000,1,1,1,1,3,2
chr22,20930001,21030000,5,4,2,5,1,0
chr22,21030001,21130000,1,1,0,2,1,0
chr22,21130001,21230000,2,0,2,1,2,0
chr22,21230001,21330000,0,2,2,3,2,1
chr22,21330001,21430000,2,0,0,1,1,1
chr22,21430001,21990000,1,1,2,2,3,2
chr22,21990001,22090000,1,0,0,2,2,1
chr22,22090001,22190000,2,2,0,0,2,0
chr22,22190001,22290000,1,1,0,3,0,2
chr22,22290001,22390000,2,1,1,3,0,1
chr22,22390001,22490000,0,1,2,1,2,2
chr22,22490001,22590000,2,9,1,3,1,1
chr22,22590001,22690000,3,5,0,2,2,0
chr22,22690001,22790000,1,2,1,7,3,0
chr22,22790001,22890000,4,0,1,2,0,1
chr22,22890001,22990000,3,3,1,0,0,0
chr22,22990001,23090000,2,1,0,1,2,0
chr22,23090001,23190000,1,2,1,4,2,0
chr22,23190001,23290000,2,4,1,0,2,0
chr22,23290001,23390000,3,2,1,3,3,1
chr22,23390001,23490000,0,2,0,2,1,0
chr22,23490001,23590000,1,1,0,1,1,0
chr22,23590001,23690000,1,2,0,0,1,1
chr22,23690001,23790000,2,2,3,4,2,0
chr22,23790001,23900000,1,2,0,3,3,1
chr22,23900001,24000000,3,3,1,2,2,0
chr22,24000001,24100000,1,0,1,3,2,0
chr22,24100001,24200000,1,3,1,3,0,0
chr22,24200001,24300000,2,0,2,1,3,1
chr22,24300001,24400000,0,1,0,0,0,0
chr22,24400001,24500000,7,0,1,2,1,2
chr22,24500001,24600000,0,1,0,1,1,0
chr22,24600001,24700000,2,3,1,1,2,0
chr22,24700001,24800000,3,3,1,2,1,4
chr22,24800001,24900000,1,0,4,4,1,0
chr22,24900001,25000000,2,2,0,1,0,0
chr22,25000001,25100000,2,3,1,1,0,1
chr22,25100001,25200000,4,2,2,1,3,4
chr22,25200001,25300000,2,0,1,2,2,1
chr22,25300001,25400000,2,3,2,4,2,3
chr22,25400001,25500000,1,1,0,1,0,1
chr22,25500001,25600000,4,1,0,2,1,1
chr22,25600001,25700000,1,2,4,0,2,0
chr22,25700001,25800000,1,3,2,4,1,1
chr22,25800001,25900000,3,4,0,0,0,0
chr22,25900001,26000000,0,1,0,6,0,0
chr22,26000001,26100000,3,4,1,3,1,0
chr22,26100001,26200000,0,2,0,3,5,1
chr22,26200001,26300000,4,1,3,1,1,1
chr22,26300001,26400000,1,1,2,3,2,3
chr22,26400001,26500000,3,1,1,3,1,0
chr22,26500001,26600000,3,3,1,4,0,2
chr22,26600001,26700000,1,5,2,5,1,0
chr22,26700001,26800000,5,4,0,4,1,0
chr22,26800001,26900000,1,2,0,2,0,1
chr22,26900001,27000000,3,1,0,2,1,1
chr22,27000001,27100000,1,2,1,4,0,1
chr22,27100001,27200000,5,0,2,1,0,0
chr22,27200001,27300000,6,1,2,4,2,0
chr22,27300001,27400000,2,1,1,2,1,2
chr22,27400001,27500000,0,2,1,2,2,2
chr22,27500001,27600000,2,3,0,3,1,0
chr22,27600001,27700000,4,4,2,5,0,0
chr22,27700001,27800000,3,2,0,3,2,0
chr22,27800001,27900000,3,0,0,2,1,0
chr22,27900001,28000000,0,1,0,2,2,2
chr22,28000001,28100000,2,2,2,1,0,0
chr22,28100001,28200000,0,1,3,0,0,1
chr22,28200001,28300000,0,2,1,1,2,0
chr22,28300001,28400000,0,2,2,2,1,2
chr22,28400001,28500000,1,0,0,1,1,0
chr22,28500001,28600000,1,0,2,0,1,0
chr22,28600001,28700000,2,2,2,1,1,0
chr22,28700001,28800000,6,1,3,0,1,1
chr22,28800001,28900000,2,1,8,6,2,1
chr22,28900001,29000000,1,2,2,6,1,1
chr22,29000001,29100000,1,3,5,5,1,1
chr22,29100001,29200000,14,1,2,1,1,0
chr22,29200001,29300000,6,3,0,1,0,1
chr22,29300001,29400000,3,3,1,3,3,0
chr22,29400001,29500000,1,0,3,1,2,1
chr22,29500001,29600000,2,1,1,3,2,0
chr22,29600001,29700000,2,1,1,2,0,1
chr22,29700001,29800000,3,3,2,1,0,0
chr22,29800001,29900000,0,2,2,0,2,0
chr22,29900001,30000000,0,2,0,0,2,0
chr22,30000001,30100000,2,0,1,1,1,0
chr22,30100001,30200000,0,1,0,2,0,5
chr22,30200001,30300000,3,1,0,3,2,1
chr22,30300001,30400000,3,0,1,1,1,1
chr22,30400001,30500000,0,1,0,2,1,1
chr22,30500001,30600000,4,0,3,4,1,1
chr22,30600001,30700000,4,1,0,1,2,0
chr22,30700001,30800000,3,1,1,2,0,0
chr22,30800001,30900000,3,1,2,2,1,3
chr22,30900001,31000000,0,1,1,3,1,1
chr22,31000001,31100000,3,3,2,2,0,1
chr22,31100001,31200000,1,1,1,3,2,0
chr22,31200001,31300000,2,2,2,1,2,0
chr22,31300001,31400000,1,3,0,5,3,2
chr22,31400001,31500000,0,2,0,2,1,2
chr22,31500001,31600000,2,1,1,2,1,0
chr22,31600001,31700000,2,1,3,1,4,2
chr22,31700001,31800000,1,1,2,0,2,0
chr22,31800001,31900000,2,1,0,0,1,1
chr22,31900001,32000000,3,1,1,0,1,3
chr22,32000001,32100000,1,5,0,3,4,0
chr22,32100001,32200000,3,1,1,1,3,1
chr22,32200001,32300000,4,1,0,1,0,2
chr22,32300001,32400000,1,4,1,2,4,0
chr22,32400001,32500000,2,2,0,3,2,0
chr22,32500001,32600000,1,6,0,3,0,0
chr22,32600001,32700000,1,4,1,1,1,0
chr22,32700001,32800000,3,4,0,3,2,1
chr22,32800001,32900000,3,0,0,4,0,3
chr22,32900001,33000000,2,0,0,4,3,0
chr22,33000001,33100000,3,1,1,6,2,2
chr22,33100001,33200000,2,3,1,5,0,0
chr22,33200001,33300000,1,2,3,4,2,1
chr22,33300001,33400000,4,0,1,6,3,0
chr22,33400001,33500000,2,4,3,6,3,2
chr22,33500001,33610000,2,3,3,3,0,2
chr22,33610001,33710000,4,1,3,2,2,1
chr22,33710001,33810000,1,2,2,2,0,2
chr22,33810001,33910000,1,2,0,2,2,0
chr22,33910001,34010000,3,3,1,0,1,2
chr22,34010001,34110000,2,2,0,0,2,0
chr22,34110001,34210000,3,2,2,1,2,0
chr22,34210001,34310000,4,1,1,2,1,1
chr22,34310001,34410000,2,2,3,6,3,0
chr22,34410001,34510000,6,5,4,6,4,1
chr22,34510001,34610000,5,2,3,2,4,2
chr22,34610001,34710000,0,2,0,8,3,4
chr22,34710001,34810000,5,5,4,3,3,2
chr22,34810001,34910000,1,3,4,6,1,2
chr22,34910001,35010000,3,5,5,9,3,1
chr22,35010001,35110000,3,5,2,4,1,2
chr22,35110001,35210000,4,3,3,4,1,3
chr22,35210001,35310000,2,5,2,6,0,0
chr22,35310001,35410000,1,2,1,5,3,3
chr22,35410001,35510000,5,5,3,3,3,1
chr22,35510001,35610000,2,3,1,2,0,1
chr22,35610001,35710000,5,6,0,0,2,1
chr22,35710001,35810000,3,1,1,0,1,1
chr22,35810001,35910000,2,1,0,0,2,0
chr22,35910001,36010000,6,2,0,3,1,0
chr22,36010001,36110000,3,4,0,0,4,1
chr22,36110001,36210000,1,3,3,2,1,0
chr22,36210001,36320000,5,0,2,3,2,1
chr22,36320001,36420000,3,2,2,4,2,1
chr22,36420001,36520000,2,0,1,1,1,0
chr22,36520001,36620000,2,3,2,2,1,1
chr22,36620001,36720000,3,6,1,2,1,0
chr22,36720001,36820000,2,1,0,5,0,2
chr22,36820001,36920000,2,0,0,2,2,2
chr22,36920001,37020000,1,2,0,3,8,0
chr22,37020001,37120000,1,4,5,3,2,1
chr22,37120001,37220000,0,2,1,1,1,2
chr22,37220001,37320000,0,2,1,1,1,1
chr22,37320001,37420000,1,0,3,0,2,0
chr22,37420001,37520000,1,0,0,0,1,2
chr22,37520001,37620000,0,2,0,1,0,1
chr22,37620001,37720000,0,1,0,1,1,0
chr22,37720001,37820000,2,0,1,2,2,2
chr22,37820001,37920000,4,1,1,1,4,0
chr22,37920001,38020000,4,1,1,4,1,0
chr22,38020001,38120000,3,1,1,1,0,0
chr22,38120001,38220000,3,0,1,2,1,0
chr22,38220001,38320000,9,3,0,0,1,2
chr22,38320001,38420000,4,0,1,1,0,1
chr22,38420001,38520000,5,1,0,0,2,1
chr22,38520001,38620000,4,1,0,3,1,1
chr22,38620001,38720000,3,2,1,3,0,0
chr22,38720001,38820000,2,2,3,2,1,0
chr22,38820001,38920000,1,1,0,1,2,3
chr22,38920001,39020000,4,3,1,1,0,0
chr22,39020001,39120000,3,2,1,0,3,0
chr22,39120001,39220000,2,0,1,0,1,0
chr22,39220001,39320000,3,3,3,3,1,0
chr22,39320001,39420000,1,3,2,2,1,0
chr22,39420001,39520000,2,0,2,3,1,1
chr22,39520001,39620000,0,3,1,1,0,0
chr22,39620001,39720000,1,1,1,4,3,3
chr22,39720001,39820000,2,0,0,1,1,0
chr22,39820001,39920000,1,3,0,0,1,1
chr22,39920001,40020000,4,3,0,3,0,1
chr22,40020001,40120000,6,1,0,0,2,1
chr22,40120001,40220000,3,2,2,3,1,1
chr22,40220001,40320000,3,4,4,6,3,2
chr22,40320001,40420000,2,0,2,2,6,0
chr22,40420001,40520000,0,4,1,1,2,1
chr22,40520001,40620000,3,2,1,3,3,1
chr22,40620001,40720000,0,2,0,0,2,2
chr22,40720001,40820000,2,1,3,3,2,1
chr22,40820001,40920000,2,3,0,2,1,1
chr22,40920001,41020000,2,2,0,4,1,1
chr22,41020001,41120000,1,2,1,4,0,1
chr22,41120001,41220000,2,0,0,1,1,0
chr22,41220001,41320000,3,2,2,5,2,1
chr22,41320001,41420000,2,1,1,2,0,2
chr22,41420001,41520000,2,4,1,1,0,1
chr22,41520001,41620000,1,2,1,3,1,3
chr22,41620001,41720000,0,3,1,1,2,2
chr22,41720001,41820000,5,1,0,0,0,1
chr22,41820001,41920000,1,0,1,0,1,2
chr22,41920001,42020000,1,0,2,1,1,1
chr22,42020001,42120000,4,2,0,2,2,1
chr22,42120001,42220000,0,0,0,0,0,0
chr22,42220001,42320000,2,2,0,0,4,0
chr22,42320001,42420000,1,2,1,5,1,1
chr22,42420001,42520000,1,0,3,1,0,0
chr22,42520001,42620000,2,0,1,0,1,1
chr22,42620001,42720000,1,3,1,0,3,1
chr22,42720001,42820000,6,1,0,1,0,1
chr22,42820001,42920000,3,1,0,2,0,0
chr22,42920001,43020000,2,2,1,2,2,1
chr22,43020001,43120000,3,1,1,2,1,1
chr22,43120001,43220000,3,3,1,1,1,1
chr22,43220001,43320000,3,1,0,3,1,0
chr22,43320001,43420000,2,3,1,1,1,2
chr22,43420001,43520000,2,1,0,1,2,0
chr22,43520001,43620000,2,1,1,2,2,0
chr22,43620001,43720000,4,0,1,5,1,0
chr22,43720001,43820000,1,1,0,3,1,0
chr22,43820001,43920000,2,2,3,5,1,3
chr22,43920001,44020000,1,2,2,3,1,1
chr22,44020001,44120000,2,1,2,3,0,1
chr22,44120001,44220000,2,1,3,5,3,1
chr22,44220001,44320000,0,4,2,1,1,1
chr22,44320001,44420000,3,0,3,0,1,0
chr22,44420001,44520000,0,2,1,3,1,0
chr22,44520001,44620000,2,2,0,3,0,0
chr22,44620001,44720000,2,2,0,1,1,0
chr22,44720001,44820000,1,3,1,1,0,1
chr22,44820001,44920000,2,4,3,2,1,0
chr22,44920001,45020000,3,3,1,3,0,0
chr22,45020001,45120000,2,1,0,3,2,0
chr22,45120001,45220000,3,1,0,0,3,0
chr22,45220001,45320000,1,2,2,2,1,0
chr22,45320001,45420000,3,2,0,2,1,3
chr22,45420001,45520000,3,2,1,5,1,1
chr22,45520001,45620000,2,0,0,2,1,0
chr22,45620001,45720000,3,2,0,3,3,0
chr22,45720001,45820000,3,1,2,6,1,0
chr22,45820001,45920000,4,0,3,1,3,1
chr22,45920001,46020000,2,2,1,3,0,1
chr22,46020001,46120000,3,2,2,1,2,0
chr22,46120001,46220000,2,6,1,1,2,0
chr22,46220001,46320000,4,3,3,0,2,1
chr22,46320001,46420000,2,1,0,0,0,0
chr22,46420001,46520000,5,5,0,3,1,1
chr22,46520001,46620000,3,0,1,1,1,0
chr22,46620001,46720000,3,0,0,4,3,0
chr22,46720001,46820000,2,2,1,0,2,1
chr22,46820001,46920000,3,2,1,2,1,0
chr22,46920001,47020000,1,0,1,2,1,2
chr22,47020001,47120000,4,2,0,2,1,1
chr22,47120001,47220000,3,2,0,4,0,1
chr22,47220001,47320000,1,0,2,4,1,0
chr22,47320001,47420000,2,0,0,3,1,1
chr22,47420001,47520000,2,3,1,1,1,1
chr22,47520001,47620000,2,1,1,1,3,0
chr22,47620001,47720000,4,1,0,2,2,0
chr22,47720001,47820000,1,0,1,2,3,0
chr22,47820001,47920000,2,2,4,6,4,0
chr22,47920001,48020000,2,2,0,7,1,0
chr22,48020001,48120000,3,1,1,10,3,0
chr22,48120001,48220000,4,3,3,8,3,1
chr22,48220001,48320000,1,3,1,1,1,2
chr22,48320001,48420000,3,7,4,5,2,0
chr22,48420001,48520000,2,4,4,9,1,0
chr22,48520001,48620000,5,3,4,4,5,0
chr22,48620001,48720000,0,4,0,5,1,0
chr22,48720001,48820000,2,5,1,4,1,0
chr22,48820001,48920000,2,9,0,2,2,2
chr22,48920001,49020000,1,2,1,4,1,0
chr22,49020001,49120000,3,7,2,4,0,2
chr22,49120001,49220000,3,3,5,3,3,1
chr22,49220001,49320000,3,4,1,2,0,0
chr22,49320001,49420000,0,5,4,4,1,0
chr22,49420001,49520000,2,3,2,5,1,0
chr22,49520001,49620000,3,3,2,3,2,1
chr22,49620001,49720000,4,4,0,4,0,1
chr22,49720001,49820000,0,3,0,4,0,1
chr22,49820001,49920000,4,5,2,4,4,0
chr22,49920001,50020000,0,3,2,2,1,2
chr22,50020001,50120000,6,6,1,4,0,0
chr22,50120001,50220000,4,1,1,1,1,2
chr22,50220001,50320000,3,1,1,0,2,1
chr22,50320001,50420000,1,1,0,1,0,0
chr22,50420001,50520000,2,2,1,1,1,0
chr22,50520001,50620000,3,2,0,1,3,0
chr22,50620001,50720000,1,1,1,1,3,0
chr22,50720001,50820000,2,3,2,1,0,2
chr22,50820001,50920000,1,2,1,5,0,1
chr22,50920001,51020000,2,2,0,3,1,1
chr22,51020001,51160000,3,0,1,7,0,0
chr3,1,100000,3,0,2,6,1,0
chr3,100001,200000,5,2,5,8,7,0
chr3,200001,300000,1,3,9,9,4,0
chr3,300001,400000,5,2,8,7,5,0
chr3,400001,500000,4,4,9,12,1,1
chr3,500001,600000,7,6,5,5,1,1
chr3,600001,760000,6,5,8,19,1,3
chr3,760001,860000,6,2,2,18,1,3
chr3,860001,960000,1,8,4,10,2,1
chr3,960001,1060000,5,8,6,15,4,1
chr3,1060001,1160000,6,6,5,7,5,0
chr3,1160001,1260000,2,2,6,7,5,0
chr3,1260001,1360000,6,5,3,10,3,3
chr3,1360001,1460000,2,7,5,14,4,1
chr3,1460001,1560000,5,3,6,14,3,0
chr3,1560001,1660000,5,6,4,8,2,0
chr3,1660001,1760000,5,5,4,10,5,2
chr3,1760001,1860000,5,4,1,6,2,0
chr3,1860001,1960000,4,4,9,11,6,1
chr3,1960001,2060000,3,3,4,17,0,0
chr3,2060001,2160000,5,3,1,6,3,0
chr3,2160001,2260000,3,5,1,11,6,0
chr3,2260001,2360000,5,1,13,11,3,1
chr3,2360001,2460000,4,5,5,13,4,0
chr3,2460001,2560000,6,4,5,9,4,2
chr3,2560001,2660000,2,3,2,9,1,0
chr3,2660001,2760000,7,6,6,7,2,1
chr3,2760001,2860000,1,3,6,6,1,1
chr3,2860001,2960000,2,2,5,11,3,3
chr3,2960001,3060000,6,2,3,3,7,1
chr3,3060001,3160000,2,3,4,4,2,4
chr3,3160001,3260000,2,2,1,7,1,2
chr3,3260001,3360000,3,7,4,6,2,1
chr3,3360001,3460000,3,5,3,9,1,3
chr3,3460001,3560000,7,2,3,6,1,3
chr3,3560001,3660000,6,2,4,4,1,0
chr3,3660001,3760000,0,2,1,3,0,0
chr3,3770001,3870000,3,1,3,1,1,1
chr3,3870001,3970000,0,2,3,8,3,0
chr3,3970001,4070000,2,2,2,2,3,0
chr3,4070001,4170000,0,1,1,7,1,0
chr3,4170001,4270000,2,4,2,4,1,1
chr3,4270001,4370000,0,5,3,4,4,2
chr3,4370001,4470000,3,1,1,5,3,1
chr3,4470001,4570000,8,0,4,4,1,0
chr3,4570001,4670000,3,3,1,5,1,0
chr3,4670001,4770000,0,1,1,0,1,0
chr3,4770001,4870000,2,0,1,1,2,1
chr3,4870001,4990000,2,2,2,3,0,0
chr3,4990001,5090000,4,0,1,1,2,2
chr3,5090001,5190000,3,4,1,2,2,0
chr3,5190001,5290000,0,4,1,1,1,0
chr3,5290001,5390000,2,2,1,2,2,2
chr3,5390001,5490000,3,4,1,1,1,0
chr3,5490001,5590000,1,4,2,3,5,3
chr3,5590001,5690000,2,3,0,8,2,0
chr3,5690001,5790000,0,4,2,8,2,1
chr3,5790001,5890000,3,3,2,6,3,1
chr3,5890001,5990000,1,7,1,4,2,2
chr3,5990001,6090000,3,2,3,7,0,2
chr3,6090001,6190000,1,2,2,5,1,2
chr3,6190001,6290000,4,2,1,7,4,4
chr3,6290001,6390000,4,8,8,6,2,2
chr3,6390001,6490000,7,5,3,11,2,1
chr3,6490001,6590000,8,4,3,2,2,0
chr3,6590001,6690000,4,5,3,7,2,1
chr3,6690001,6790000,3,9,6,4,4,1
chr3,6790001,6890000,1,1,3,7,1,1
chr3,6890001,6990000,4,7,2,7,0,1
chr3,6990001,7090000,3,6,2,4,0,0
chr3,7090001,7190000,3,5,3,10,3,0
chr3,7190001,7290000,4,3,4,3,1,1
chr3,7290001,7390000,2,0,1,10,1,0
chr3,7390001,7490000,1,0,5,1,2,1
chr3,7490001,7590000,4,5,6,4,0,1
chr3,7590001,7690000,4,2,0,5,1,0
chr3,7690001,7790000,4,3,5,4,3,0
chr3,7790001,7890000,4,3,2,5,2,0
chr3,7890001,7990000,5,1,3,9,1,0
chr3,7990001,8090000,1,2,2,3,2,1
chr3,8090001,8190000,3,3,0,4,4,1
chr3,8190001,8290000,1,0,1,2,0,2
chr3,8290001,8390000,0,2,3,2,3,2
chr3,8390001,8520000,1,1,1,3,0,1
chr3,8520001,8620000,1,1,1,1,2,2
chr3,8620001,8720000,2,3,0,3,0,1
chr3,8720001,8820000,1,0,2,6,2,0
chr3,8820001,8920000,1,1,0,2,3,1
chr3,8920001,9020000,5,3,0,1,1,2
chr3,9020001,9120000,1,2,0,0,0,0
chr3,9120001,9220000,1,1,2,1,0,1
chr3,9220001,9320000,4,0,0,2,1,0
chr3,9320001,9420000,2,0,1,2,4,1
chr3,9420001,9520000,5,3,1,0,6,1
chr3,9520001,9620000,3,1,5,1,3,0
chr3,9620001,9720000,2,0,2,1,2,2
chr3,9720001,9820000,3,2,1,0,1,1
chr3,9820001,9920000,3,2,1,2,0,0
chr3,9920001,10020000,3,0,0,4,1,0
chr3,10020001,10120000,1,1,1,2,2,1
chr3,10120001,10220000,1,2,1,0,3,1
chr3,10220001,10320000,2,1,0,2,0,0
chr3,10320001,10420000,3,0,1,1,0,0
chr3,10420001,10520000,3,1,4,2,1,0
chr3,10520001,10620000,0,4,0,3,0,0
chr3,10620001,10720000,1,3,1,5,1,0
chr3,10720001,10820000,1,1,3,2,1,1
chr3,10820001,10920000,4,3,2,4,0,4
chr3,10920001,11020000,1,3,0,4,1,3
chr3,11020001,11120000,3,2,1,0,4,1
chr3,11120001,11220000,3,0,1,2,0,1
chr3,11220001,11320000,1,2,3,1,1,1
chr3,11320001,11420000,4,6,0,1,0,0
chr3,11420001,11520000,2,2,1,3,4,1
chr3,11520001,11620000,2,1,1,2,0,0
chr3,11620001,11720000,3,2,1,2,2,0
chr3,11720001,11820000,5,1,1,1,2,0
chr3,11820001,11920000,2,3,5,3,2,0
chr3,11920001,12020000,8,2,1,3,0,2
chr3,12020001,12120000,2,1,1,2,2,1
chr3,12120001,12220000,3,0,1,3,0,1
chr3,12220001,12320000,2,3,1,1,5,0
chr3,12320001,12420000,3,2,1,2,2,1
chr3,12420001,12520000,4,2,3,1,0,1
chr3,12520001,12620000,2,0,2,3,0,1
chr3,12620001,12720000,2,5,0,1,3,0
chr3,12720001,12820000,4,2,2,0,0,1
chr3,12820001,12920000,3,2,1,3,1,1
chr3,12920001,13020000,2,1,0,1,1,0
chr3,13020001,13120000,2,3,0,2,1,0
chr3,13120001,13220000,1,4,1,0,0,2
chr3,13220001,13320000,4,2,1,2,0,0
chr3,13320001,13420000,3,4,0,2,1,1
chr3,13420001,13520000,5,1,0,4,2,0
chr3,13520001,13620000,1,0,1,0,1,0
chr3,13620001,13720000,1,4,0,5,1,0
chr3,13720001,13820000,3,4,1,1,2,0
chr3,13820001,13920000,2,5,2,1,3,0
chr3,13920001,14020000,6,3,2,4,3,1
chr3,14020001,14120000,2,0,1,1,0,2
chr3,14120001,14220000,3,1,0,3,0,1
chr3,14220001,14320000,4,2,1,1,2,1
chr3,14320001,14420000,6,1,1,1,1,2
chr3,14420001,14520000,1,3,1,1,2,0
chr3,14520001,14620000,2,0,2,1,0,0
chr3,14620001,14720000,1,0,4,1,1,0
chr3,14720001,14820000,3,1,2,6,1,0
chr3,14820001,14920000,5,0,3,0,2,2
chr3,14920001,15040000,5,3,1,2,1,0
chr3,15040001,15140000,3,1,1,0,3,1
chr3,15140001,15270000,2,3,4,6,2,1
chr3,15270001,15370000,1,1,1,2,1,0
chr3,15370001,15470000,0,0,0,3,1,0
chr3,15470001,15570000,0,0,0,2,0,1
chr3,15570001,15670000,3,1,1,2,1,1
chr3,15670001,15770000,6,1,0,1,4,1
chr3,15770001,15870000,7,1,1,2,1,1
chr3,15870001,15970000,2,0,2,4,4,2
chr3,15970001,16070000,0,4,1,6,0,1
chr3,16070001,16170000,3,2,2,6,1,0
chr3,16170001,16270000,2,1,3,7,1,0
chr3,16270001,16370000,4,0,2,4,2,0
chr3,16370001,16470000,2,0,2,2,0,1
chr3,16470001,16570000,2,2,4,3,1,4
chr3,16570001,16670000,2,3,1,6,1,0
chr3,16670001,16770000,7,7,1,4,3,0
chr3,16770001,16870000,4,2,3,5,1,0
chr3,16870001,16970000,2,4,5,3,2,2
chr3,16970001,17100000,1,3,0,4,0,1
chr3,17100001,17200000,3,3,2,2,4,0
chr3,17200001,17300000,1,0,3,4,2,0
chr3,17300001,17400000,5,0,2,6,1,2
chr3,17400001,17500000,3,0,1,6,4,0
chr3,17500001,17600000,2,1,3,6,1,0
chr3,17600001,17700000,1,3,1,3,1,0
chr3,17700001,17800000,2,0,1,0,0,0
chr3,17800001,17900000,4,0,2,7,1,0
chr3,17900001,18000000,3,0,3,4,1,1
chr3,18000001,18100000,3,1,2,2,3,1
chr3,18100001,18200000,1,3,5,3,4,2
chr3,18200001,18300000,4,2,1,4,3,3
chr3,18300001,18400000,2,7,2,6,5,2
chr3,18400001,18500000,4,2,2,5,3,0
chr3,18500001,18600000,2,1,2,10,2,3
chr3,18600001,18700000,3,3,2,3,1,1
chr3,18700001,18800000,4,2,0,1,1,1
chr3,18800001,18900000,8,6,1,3,1,0
chr3,18900001,19000000,3,2,9,5,0,0
chr3,19000001,19100000,5,4,0,5,4,2
chr3,19100001,19200000,3,7,4,10,0,4
chr3,19200001,19300000,4,2,3,3,3,2
chr3,19300001,19400000,5,4,1,2,5,0
chr3,19400001,19500000,7,6,0,1,1,1
chr3,19500001,19600000,6,5,0,2,2,1
chr3,19600001,19700000,3,2,6,5,4,3
chr3,19700001,19800000,2,5,6,7,1,2
chr3,19800001,19900000,3,5,2,5,2,1
chr3,19900001,20000000,0,4,4,4,7,2
chr3,20000001,20100000,3,1,2,3,4,2
chr3,20100001,20200000,4,1,2,5,1,1
chr3,20200001,20300000,3,3,2,11,2,1
chr3,20300001,20400000,8,4,4,3,3,0
chr3,20400001,20500000,3,6,3,7,0,1
chr3,20500001,20600000,1,1,4,4,1,2
chr3,20600001,20700000,5,3,3,6,1,1
chr3,20700001,20800000,5,4,7,5,3,3
chr3,20800001,20900000,4,3,3,11,1,0
chr3,20900001,21000000,5,2,7,8,3,1
chr3,21000001,21100000,2,4,4,12,4,3
chr3,21100001,21200000,3,2,3,10,3,1
chr3,21200001,21300000,3,4,4,9,4,1
chr3,21300001,21400000,3,4,7,6,2,0
chr3,21400001,21500000,5,7,3,4,2,0
chr3,21500001,21600000,3,8,8,12,3,1
chr3,21600001,21700000,4,3,3,12,3,3
chr3,21700001,21800000,2,3,6,7,1,3
chr3,21800001,21900000,1,8,5,7,2,1
chr3,21900001,22000000,7,5,5,14,2,2
chr3,22000001,22100000,5,7,8,8,2,3
chr3,22100001,22200000,3,6,3,8,5,1
chr3,22200001,22300000,4,3,1,5,1,2
chr3,22300001,22400000,5,5,6,12,3,1
chr3,22400001,22500000,3,3,6,11,0,2
chr3,22500001,22600000,5,3,7,11,2,2
chr3,22600001,22700000,4,6,6,8,2,1
chr3,22700001,22800000,4,2,3,8,3,0
chr3,22800001,22900000,1,3,2,10,1,0
chr3,22900001,23000000,1,3,7,10,2,1
chr3,23000001,23100000,8,4,2,11,2,1
chr3,23100001,23200000,4,1,5,6,2,3
chr3,23200001,23300000,5,0,5,0,1,0
chr3,23300001,23400000,2,2,2,5,1,3
chr3,23400001,23500000,2,1,5,3,0,0
chr3,23500001,23600000,2,1,5,2,3,1
chr3,23600001,23700000,5,4,4,5,0,1
chr3,23700001,23800000,2,2,3,3,0,2
chr3,23800001,23900000,2,3,1,1,0,1
chr3,23900001,24000000,5,2,2,6,0,0
chr3,24000001,24100000,3,6,1,4,2,0
chr3,24100001,24200000,3,0,1,5,1,1
chr3,24200001,24300000,2,0,3,4,2,1
chr3,24300001,24400000,2,3,2,4,4,2
chr3,24400001,24500000,1,2,2,3,5,3
chr3,24500001,24600000,1,2,0,4,6,0
chr3,24600001,24700000,1,3,1,6,0,0
chr3,24700001,24800000,0,3,5,4,0,0
chr3,24800001,24900000,1,3,6,8,0,1
chr3,24900001,25000000,1,2,4,0,1,0
chr3,25000001,25100000,2,2,5,1,0,2
chr3,25100001,25200000,7,1,5,6,4,1
chr3,25200001,25300000,4,1,1,6,4,2
chr3,25300001,25400000,4,1,3,2,1,1
chr3,25400001,25500000,3,3,2,3,1,0
chr3,25500001,25600000,3,1,6,3,1,2
chr3,25600001,25700000,4,2,0,4,4,1
chr3,25700001,25820000,1,0,3,0,0,0
chr3,25820001,25920000,0,3,2,4,0,1
chr3,25920001,26020000,5,6,2,6,1,1
chr3,26020001,26120000,8,3,4,3,6,2
chr3,26120001,26220000,4,4,8,11,3,2
chr3,26220001,26320000,2,3,3,5,1,2
chr3,26320001,26420000,3,6,3,5,2,1
chr3,26450001,26550000,3,5,3,6,5,2
chr3,26550001,26650000,3,2,4,12,1,0
chr3,26650001,26750000,4,2,1,12,1,5
chr3,26750001,26850000,4,5,5,8,4,0
chr3,26850001,26950000,2,2,6,7,1,0
chr3,26950001,27050000,7,3,5,9,4,2
chr3,27050001,27150000,1,3,1,7,2,1
chr3,27150001,27250000,0,1,0,8,1,1
chr3,27250001,27350000,4,2,2,1,4,0
chr3,27350001,27450000,6,2,1,2,4,0
chr3,27450001,27550000,5,1,5,3,3,1
chr3,27550001,27650000,1,0,1,0,1,1
chr3,27650001,27750000,2,2,2,3,1,2
chr3,27750001,27850000,2,1,3,5,4,1
chr3,27850001,27950000,6,0,6,6,3,0
chr3,27950001,28050000,4,3,0,6,4,3
chr3,28050001,28150000,6,4,2,3,0,0
chr3,28150001,28250000,5,6,3,1,1,0
chr3,28250001,28350000,3,1,2,1,3,0
chr3,28350001,28450000,3,2,3,3,2,1
chr3,28450001,28550000,4,3,7,5,2,1
chr3,28550001,28650000,2,2,2,3,2,0
chr3,28650001,28750000,8,2,2,12,2,0
chr3,28750001,28850000,3,1,3,8,2,0
chr3,28850001,28950000,2,2,4,14,3,0
chr3,28950001,29050000,3,1,7,6,1,0
chr3,29050001,29150000,3,1,5,11,2,0
chr3,29150001,29250000,7,3,3,7,3,1
chr3,29250001,29350000,2,1,6,9,0,2
chr3,29350001,29450000,2,1,2,8,2,0
chr3,29450001,29550000,6,1,2,2,3,1
chr3,29550001,29650000,1,3,4,5,1,0
chr3,29650001,29750000,7,0,4,10,2,2
chr3,29750001,29850000,4,1,3,8,2,0
chr3,29850001,29950000,3,0,5,5,3,0
chr3,29950001,30050000,3,0,1,5,1,4
chr3,30050001,30150000,1,1,1,2,1,0
chr3,30150001,30250000,1,3,2,5,1,0
chr3,30250001,30350000,6,0,0,2,1,0
chr3,30350001,30450000,2,0,1,3,1,2
chr3,30450001,30550000,5,0,4,1,5,2
chr3,30550001,30650000,2,0,0,8,1,1
chr3,30650001,30750000,2,0,2,7,2,2
chr3,30750001,30850000,3,1,0,3,1,0
chr3,30850001,30950000,1,1,2,3,1,0
chr3,30950001,31050000,4,3,1,6,1,1
chr3,31050001,31150000,2,0,1,4,1,1
chr3,31150001,31250000,1,0,2,5,5,1
chr3,31250001,31350000,0,2,1,2,0,3
chr3,31350001,31450000,2,2,0,2,2,0
chr3,31450001,31550000,5,1,1,4,0,0
chr3,31550001,31650000,3,1,3,2,2,1
chr3,31650001,31750000,3,0,0,5,3,2
chr3,31750001,31850000,2,2,2,1,0,0
chr3,31850001,31950000,1,2,0,2,0,1
chr3,31950001,32050000,1,1,2,3,1,0
chr3,32050001,32150000,1,2,1,1,2,0
chr3,32150001,32250000,5,1,1,6,0,0
chr3,32250001,32350000,0,1,3,2,0,0
chr3,32350001,32450000,2,1,0,1,1,0
chr3,32450001,32550000,0,1,1,2,3,2
chr3,32550001,32650000,4,0,0,6,1,1
chr3,32650001,32750000,1,1,2,3,1,3
chr3,32750001,32850000,0,0,4,4,1,0
chr3,32850001,32950000,0,0,2,3,1,3
chr3,32950001,33050000,0,0,3,3,1,2
chr3,33050001,33150000,1,0,0,3,1,0
chr3,33150001,33250000,6,4,0,1,4,1
chr3,33250001,33350000,3,1,4,3,4,0
chr3,33350001,33450000,2,1,8,5,1,1
chr3,33450001,33550000,5,2,2,2,0,0
chr3,33550001,33650000,1,2,3,3,0,1
chr3,33650001,33750000,1,3,1,3,2,0
chr3,33750001,33850000,2,2,2,3,2,2
chr3,33850001,33950000,6,3,5,3,0,0
chr3,33950001,34050000,1,4,4,2,1,0
chr3,34050001,34150000,2,1,4,7,4,1
chr3,34150001,34250000,0,5,2,4,2,2
chr3,34250001,34350000,5,2,1,1,1,3
chr3,34350001,34450000,2,4,5,1,1,1
chr3,34450001,34550000,2,4,3,3,1,2
chr3,34550001,34650000,2,5,4,5,2,4
chr3,34650001,34750000,5,3,2,7,0,0
chr3,34750001,34850000,2,3,5,8,3,2
chr3,34850001,34950000,5,8,7,7,3,0
chr3,34950001,35050000,1,8,2,6,1,2
chr3,35050001,35150000,3,6,3,14,5,3
chr3,35150001,35250000,6,6,2,12,3,1
chr3,35250001,35350000,4,3,4,13,4,0
chr3,35350001,35450000,3,6,5,11,3,2
chr3,35450001,35550000,1,1,2,19,5,1
chr3,35550001,35650000,5,4,2,7,3,0
chr3,35650001,35750000,6,4,3,7,1,1
chr3,35750001,35850000,3,3,7,6,1,3
chr3,35850001,35950000,2,5,5,5,4,3
chr3,35950001,36050000,2,2,8,4,2,3
chr3,36050001,36150000,1,7,4,6,2,0
chr3,36150001,36250000,4,3,4,15,2,0
chr3,36250001,36350000,1,3,4,4,3,3
chr3,36350001,36450000,0,3,5,3,3,1
chr3,36450001,36550000,3,0,7,12,2,1
chr3,36550001,36650000,2,2,5,5,4,1
chr3,36650001,36750000,4,4,5,4,3,1
chr3,36750001,36850000,2,1,3,6,5,0
chr3,36850001,36950000,2,2,1,0,3,1
chr3,36950001,37050000,2,0,1,1,0,0
chr3,37050001,37150000,2,0,1,2,2,0
chr3,37150001,37250000,1,1,0,0,1,0
chr3,37250001,37350000,1,2,0,1,0,1
chr3,37350001,37450000,2,2,1,3,2,0
chr3,37450001,37550000,6,0,5,1,5,0
chr3,37550001,37650000,2,0,1,2,1,0
chr3,37650001,37750000,3,2,1,3,3,1
chr3,37750001,37850000,0,1,1,2,1,2
chr3,37850001,37950000,3,0,0,1,5,2
chr3,37950001,38050000,2,0,1,2,0,1
chr3,38050001,38150000,0,0,1,1,5,0
chr3,38150001,38250000,0,1,2,2,3,1
chr3,38250001,38350000,1,0,0,1,1,0
chr3,38350001,38450000,0,1,0,2,4,0
chr3,38450001,38550000,2,4,2,1,0,1
chr3,38550001,38650000,2,0,0,3,0,1
chr3,38650001,38750000,1,0,1,4,3,1
chr3,38750001,38850000,2,3,1,4,0,3
chr3,38850001,38950000,2,2,3,3,4,0
chr3,38950001,39050000,6,4,1,3,1,1
chr3,39050001,39150000,2,2,1,1,2,1
chr3,39150001,39250000,3,3,0,0,2,0
chr3,39250001,39350000,1,4,0,1,3,1
chr3,39350001,39450000,3,0,1,3,0,0
chr3,39450001,39550000,4,2,1,1,0,0
chr3,39550001,39650000,0,5,1,5,3,1
chr3,39650001,39750000,2,2,2,7,7,0
chr3,39750001,39850000,4,1,3,5,6,2
chr3,39850001,39980000,1,1,1,4,2,0
chr3,39980001,40080000,1,2,0,5,2,0
chr3,40080001,40180000,1,1,1,4,0,1
chr3,40180001,40280000,0,1,1,3,1,0
chr3,40280001,40380000,1,1,4,5,2,1
chr3,40380001,40480000,1,1,0,2,3,0
chr3,40480001,40580000,3,4,1,1,1,1
chr3,40580001,40680000,2,4,4,2,0,0
chr3,40680001,40780000,1,2,0,3,0,0
chr3,40780001,40880000,0,2,0,4,2,1
chr3,40880001,40980000,2,1,1,1,1,0
chr3,40980001,41080000,1,3,0,3,2,1
chr3,41080001,41180000,4,0,1,4,1,0
chr3,41180001,41280000,5,2,1,5,1,2
chr3,41280001,41380000,2,1,2,0,0,1
chr3,41380001,41480000,0,0,1,5,3,0
chr3,41480001,41580000,3,1,2,3,2,0
chr3,41580001,41680000,3,0,1,1,1,1
chr3,41680001,41780000,1,0,0,2,1,2
chr3,41780001,41880000,1,4,1,5,1,1
chr3,41880001,41980000,4,0,4,4,4,0
chr3,41980001,42080000,2,3,3,1,2,0
chr3,42080001,42180000,3,3,2,3,1,0
chr3,42180001,42280000,3,1,3,2,2,0
chr3,42280001,42380000,3,1,2,3,0,0
chr3,42380001,42480000,2,3,2,1,1,1
chr3,42480001,42580000,3,0,0,4,0,1
chr3,42580001,42680000,1,4,0,0,0,1
chr3,42680001,42780000,0,1,0,3,0,1
chr3,42780001,42880000,2,0,1,3,3,0
chr3,42880001,42980000,2,0,1,2,1,1
chr3,42980001,43080000,3,2,2,2,1,1
chr3,43080001,43180000,2,1,1,1,2,0
chr3,43180001,43280000,6,4,1,2,2,2
chr3,43280001,43380000,3,3,3,3,2,2
chr3,43380001,43480000,0,2,2,5,1,0
chr3,43480001,43600000,1,2,2,1,6,0
chr3,43600001,43700000,2,1,1,3,2,0
chr3,43700001,43800000,3,2,0,2,2,2
chr3,43800001,43900000,1,2,7,6,1,1
chr3,43900001,44000000,1,3,2,3,2,0
chr3,44000001,44100000,1,1,1,3,0,1
chr3,44100001,44200000,5,1,3,7,2,1
chr3,44200001,44300000,4,3,6,4,1,0
chr3,44300001,44400000,3,2,3,4,1,1
chr3,44400001,44500000,2,1,1,2,1,1
chr3,44500001,44600000,3,3,0,3,3,1
chr3,44600001,44700000,0,2,0,2,1,2
chr3,44700001,44800000,3,2,2,1,3,1
chr3,44800001,44900000,4,2,5,4,0,0
chr3,44900001,45000000,0,2,1,2,1,0
chr3,45000001,45100000,4,3,0,3,4,1
chr3,45100001,45200000,3,0,1,4,3,1
chr3,45200001,45300000,0,1,1,0,4,1
chr3,45300001,45400000,2,2,5,1,2,0
chr3,45400001,45500000,2,2,2,1,3,0
chr3,45500001,45600000,0,0,0,2,1,1
chr3,45600001,45700000,2,1,1,1,0,0
chr3,45700001,45800000,2,1,1,2,5,1
chr3,45800001,45900000,1,1,1,5,2,1
chr3,45900001,46000000,0,1,0,0,3,0
chr3,46000001,46100000,2,0,1,3,1,0
chr3,46100001,46200000,2,1,2,1,3,1
chr3,46200001,46300000,4,1,3,2,1,2
chr3,46300001,46400000,2,1,1,2,1,1
chr3,46400001,46500000,2,3,2,3,1,0
chr3,46500001,46600000,2,1,1,2,1,1
chr3,46600001,46700000,1,1,0,3,4,1
chr3,46700001,46800000,2,5,1,3,0,0
chr3,46800001,46900000,0,5,2,2,0,0
chr3,46900001,47000000,3,1,1,4,1,0
chr3,47000001,47100000,3,2,0,4,3,1
chr3,47100001,47200000,1,4,2,2,7,1
chr3,47200001,47300000,3,1,1,1,0,2
chr3,47300001,47400000,6,1,0,1,1,1
chr3,47400001,47500000,4,1,2,1,0,2
chr3,47500001,47600000,3,0,3,2,3,0
chr3,47600001,47700000,5,2,1,3,2,0
chr3,47700001,47800000,0,1,1,2,4,1
chr3,47800001,47900000,0,0,0,0,2,2
chr3,47900001,48000000,2,1,2,3,1,0
chr3,48000001,48100000,3,0,3,4,3,0
chr3,48100001,48200000,3,1,0,5,1,0
chr3,48200001,48300000,4,2,2,3,1,0
chr3,48300001,48400000,1,0,1,4,1,0
chr3,48400001,48500000,4,2,2,3,2,1
chr3,48500001,48600000,1,0,2,1,1,0
chr3,48600001,48700000,0,3,0,5,1,0
chr3,48700001,48800000,3,0,1,3,0,0
chr3,48800001,48900000,5,0,2,1,0,1
chr3,48900001,49000000,0,1,0,2,3,1
chr3,49000001,49100000,2,1,1,1,0,1
chr3,49100001,49200000,1,2,1,2,2,0
chr3,49200001,49300000,2,2,0,3,2,0
chr3,49300001,49400000,1,1,0,2,0,1
chr3,49400001,49500000,2,1,1,0,0,1
chr3,49500001,49600000,2,0,0,1,1,0
chr3,49600001,49700000,1,1,2,2,3,0
chr3,49700001,49800000,1,1,0,0,3,1
chr3,49800001,49900000,0,0,0,4,2,0
chr3,49900001,50000000,3,2,0,3,1,0
chr3,50000001,50100000,0,1,3,6,2,0
chr3,50100001,50200000,0,1,0,1,0,0
chr3,50200001,50300000,3,1,0,4,1,0
chr3,50300001,50400000,3,1,2,2,1,1
chr3,50400001,50500000,3,0,0,2,3,1
chr3,50500001,50600000,2,1,0,1,1,0
chr3,50600001,50700000,3,0,3,1,1,0
chr3,50700001,50800000,2,3,3,7,0,2
chr3,50800001,50900000,3,2,2,8,2,0
chr3,50900001,51000000,1,0,2,10,4,1
chr3,51000001,51100000,2,2,5,8,0,0
chr3,51100001,51200000,1,0,1,7,1,0
chr3,51200001,51300000,4,0,2,4,1,3
chr3,51300001,51400000,2,3,0,3,2,1
chr3,51400001,51510000,2,1,0,1,2,0
chr3,51510001,51610000,0,0,0,1,0,0
chr3,51610001,51710000,2,1,0,6,1,4
chr3,51710001,51810000,1,2,0,2,2,2
chr3,51810001,51910000,3,0,2,5,0,1
chr3,51910001,52010000,1,3,1,0,3,1
chr3,52010001,52110000,4,1,1,3,0,0
chr3,52110001,52210000,2,3,1,1,1,0
chr3,52210001,52310000,1,1,0,1,4,0
chr3,52310001,52410000,0,0,1,1,3,0
chr3,52410001,52510000,4,2,2,3,2,0
chr3,52510001,52610000,3,1,0,1,1,1
chr3,52610001,52710000,4,0,2,3,2,1
chr3,52710001,52810000,1,0,1,2,0,0
chr3,52810001,52910000,0,2,0,1,1,1
chr3,52910001,53010000,1,2,2,2,2,0
chr3,53010001,53110000,5,0,0,1,3,0
chr3,53110001,53210000,4,0,0,5,0,1
chr3,53210001,53310000,2,0,0,4,2,0
chr3,53310001,53410000,2,0,0,2,0,1
chr3,53410001,53510000,1,1,3,3,1,1
chr3,53510001,53610000,2,0,0,0,1,0
chr3,53610001,53710000,4,0,0,1,0,3
chr3,53710001,53810000,2,5,1,0,1,0
chr3,53810001,53910000,0,0,0,1,0,1
chr3,53910001,54010000,3,3,3,6,3,1
chr3,54010001,54110000,3,1,2,3,1,4
chr3,54110001,54210000,2,2,3,6,3,1
chr3,54210001,54310000,0,2,2,5,2,3
chr3,54310001,54410000,2,6,3,6,2,1
chr3,54410001,54510000,2,2,3,3,3,3
chr3,54510001,54610000,3,1,1,5,2,1
chr3,54610001,54710000,1,1,4,6,2,2
chr3,54710001,54810000,2,0,3,6,0,0
chr3,54810001,54910000,2,1,2,5,0,2
chr3,54910001,55010000,4,2,4,4,2,2
chr3,55010001,55110000,2,2,4,7,1,0
chr3,55110001,55210000,4,1,2,4,3,1
chr3,55210001,55310000,1,2,7,9,1,0
chr3,55310001,55410000,1,0,0,8,2,0
chr3,55410001,55510000,1,1,1,9,0,1
chr3,55510001,55610000,5,0,0,4,2,2
chr3,55610001,55710000,0,1,4,4,2,0
chr3,55710001,55810000,0,2,0,6,2,0
chr3,55810001,55910000,0,3,2,7,3,1
chr3,55910001,56010000,4,0,1,8,0,0
chr3,56010001,56110000,5,2,1,8,1,0
chr3,56110001,56210000,1,2,6,7,1,0
chr3,56210001,56310000,1,2,2,5,3,0
chr3,56310001,56410000,2,2,2,3,0,1
chr3,56410001,56510000,4,0,7,7,0,1
chr3,56510001,56610000,3,2,2,4,2,4
chr3,56610001,56710000,1,1,0,2,1,1
chr3,56710001,56810000,2,3,3,3,2,1
chr3,56810001,56910000,2,1,3,0,1,2
chr3,56910001,57010000,1,1,1,2,1,0
chr3,57010001,57110000,1,0,1,2,2,1
chr3,57110001,57210000,1,3,2,0,1,1
chr3,57210001,57310000,2,1,3,4,1,0
chr3,57310001,57410000,1,1,3,1,3,0
chr3,57410001,57510000,3,1,3,0,0,1
chr3,57510001,57610000,2,1,3,2,3,1
chr3,57610001,57710000,0,0,0,7,5,0
chr3,57710001,57810000,2,2,0,1,2,0
chr3,57810001,57910000,2,1,2,1,5,0
chr3,57910001,58010000,4,1,0,1,2,0
chr3,58010001,58110000,3,1,2,2,2,3
chr3,58110001,58210000,2,1,2,2,3,0
chr3,58210001,58310000,0,3,0,1,1,2
chr3,58310001,58410000,1,2,0,2,0,0
chr3,58410001,58510000,1,2,2,3,0,0
chr3,58510001,58610000,2,1,0,0,2,1
chr3,58610001,58710000,2,1,2,5,0,2
chr3,58710001,58810000,1,1,0,4,1,1
chr3,58810001,58910000,2,4,2,4,1,1
chr3,58910001,59010000,0,1,2,5,2,1
chr3,59010001,59110000,3,0,7,4,1,0
chr3,59110001,59210000,6,2,0,5,2,0
chr3,59210001,59310000,2,2,1,9,1,1
chr3,59310001,59410000,0,4,2,1,0,1
chr3,59410001,59510000,2,2,1,4,2,0
chr3,59510001,59610000,2,1,2,2,1,0
chr3,59610001,59710000,1,3,1,4,3,0
chr3,59710001,59810000,0,1,0,4,1,0
chr3,59810001,59910000,5,2,3,1,3,0
chr3,59910001,60010000,2,2,4,5,2,0
chr3,60010001,60110000,2,1,2,2,3,2
chr3,60110001,60210000,0,2,6,5,3,1
chr3,60210001,60310000,4,6,2,4,1,0
chr3,60310001,60410000,3,0,1,5,3,1
chr3,60410001,60510000,1,5,4,6,2,0
chr3,60510001,60610000,5,0,3,5,0,0
chr3,60610001,60710000,5,4,6,7,0,1
chr3,60710001,60810000,3,3,1,3,0,1
chr3,60810001,60910000,1,1,0,3,3,1
chr3,60910001,61010000,1,0,1,2,1,1
chr3,61010001,61110000,2,3,2,1,2,1
chr3,61110001,61210000,1,4,1,4,4,1
chr3,61210001,61310000,2,1,5,4,2,0
chr3,61310001,61410000,2,2,2,4,1,0
chr3,61410001,61510000,1,3,3,5,4,0
chr3,61510001,61610000,1,1,0,1,3,2
chr3,61610001,61710000,3,4,3,3,3,0
chr3,61710001,61810000,4,2,5,2,2,0
chr3,61810001,61910000,1,1,3,3,4,1
chr3,61910001,62010000,2,3,2,1,2,0
chr3,62010001,62110000,2,0,0,4,1,0
chr3,62110001,62210000,1,1,2,4,2,2
chr3,62210001,62310000,0,1,6,3,2,0
chr3,62310001,62410000,0,1,2,0,1,1
chr3,62410001,62510000,2,2,1,1,0,3
chr3,62510001,62610000,2,1,3,1,3,0
chr3,62610001,62710000,0,0,3,6,3,0
chr3,62710001,62810000,1,3,2,2,2,0
chr3,62810001,62910000,2,3,2,7,3,0
chr3,62910001,63010000,0,4,0,2,1,0
chr3,63010001,63110000,2,1,1,4,1,1
chr3,63110001,63210000,2,4,1,2,2,1
chr3,63210001,63310000,6,2,5,5,0,0
chr3,63310001,63410000,0,2,1,1,3,0
chr3,63410001,63510000,1,3,0,2,1,3
chr3,63510001,63610000,0,4,2,0,3,1
chr3,63610001,63710000,3,1,2,2,0,1
chr3,63730001,63830000,5,0,1,2,2,1
chr3,63830001,63930000,0,1,1,1,1,1
chr3,63930001,64030000,6,0,0,2,2,2
chr3,64030001,64130000,4,1,1,5,1,0
chr3,64130001,64230000,0,0,0,4,0,1
chr3,64230001,64330000,2,1,3,5,0,2
chr3,64330001,64430000,1,1,1,3,0,1
chr3,64430001,64530000,4,0,2,2,2,0
chr3,64530001,64630000,4,0,0,4,0,2
chr3,64630001,64730000,2,0,0,1,3,1
chr3,64730001,64830000,1,0,2,4,3,0
chr3,64830001,64930000,2,0,1,4,3,1
chr3,64930001,65030000,3,2,2,4,1,0
chr3,65030001,65130000,0,3,2,3,3,0
chr3,65130001,65230000,3,1,4,6,2,0
chr3,65230001,65330000,6,2,1,7,0,1
chr3,65330001,65430000,0,0,1,3,1,0
chr3,65430001,65530000,3,3,2,1,1,3
chr3,65530001,65630000,4,2,4,5,1,1
chr3,65630001,65730000,7,3,2,3,0,0
chr3,65730001,65830000,2,1,3,2,2,0
chr3,65830001,65930000,0,2,1,1,1,1
chr3,65930001,66030000,0,0,1,1,1,3
chr3,66030001,66130000,2,2,6,4,0,0
chr3,66130001,66230000,1,0,2,1,0,1
chr3,66230001,66330000,1,0,2,0,1,0
chr3,66330001,66430000,1,0,0,7,1,0
chr3,66430001,66530000,2,0,0,2,2,1
chr3,66530001,66630000,4,0,1,4,3,1
chr3,66630001,66730000,4,1,0,2,2,1
chr3,66730001,66830000,2,0,2,3,1,2
chr3,66830001,66930000,0,2,0,3,1,2
chr3,66930001,67030000,2,1,4,4,1,3
chr3,67030001,67130000,3,3,2,9,4,1
chr3,67130001,67230000,5,6,2,2,0,1
chr3,67230001,67330000,4,2,1,3,0,2
chr3,67330001,67430000,2,2,2,4,3,1
chr3,67430001,67530000,2,0,1,4,5,0
chr3,67530001,67630000,3,2,2,4,2,0
chr3,67630001,67730000,1,3,1,0,1,0
chr3,67730001,67830000,5,0,4,4,3,2
chr3,67830001,67930000,5,4,4,9,0,0
chr3,67930001,68030000,2,3,3,6,3,1
chr3,68030001,68130000,3,4,1,8,1,2
chr3,68130001,68230000,1,5,2,6,1,2
chr3,68230001,68330000,5,3,6,1,1,1
chr3,68330001,68430000,5,3,6,9,2,1
chr3,68430001,68530000,3,4,4,9,1,1
chr3,68530001,68630000,6,3,6,7,2,2
chr3,68630001,68730000,7,1,2,10,2,5
chr3,68730001,68830000,4,4,3,10,1,1
chr3,68830001,68930000,2,3,2,6,0,2
chr3,68930001,69030000,1,4,3,4,2,0
chr3,69030001,69130000,1,1,2,5,3,0
chr3,69130001,69230000,3,1,2,2,0,0
chr3,69230001,69330000,2,0,1,1,1,0
chr3,69330001,69430000,1,3,6,2,2,1
chr3,69430001,69530000,0,1,2,5,0,0
chr3,69530001,69630000,2,0,3,3,2,1
chr3,69630001,69730000,3,2,3,7,0,1
chr3,69730001,69830000,2,1,0,3,2,1
chr3,69830001,69930000,3,0,4,2,4,3
chr3,69930001,70030000,2,2,6,3,2,4
chr3,70030001,70130000,6,1,9,6,1,0
chr3,70130001,70230000,1,2,2,6,0,0
chr3,70230001,70330000,4,1,6,9,3,0
chr3,70330001,70430000,4,1,3,8,1,1
chr3,70430001,70530000,2,3,3,5,1,1
chr3,70530001,70630000,4,1,5,3,6,1
chr3,70630001,70730000,0,5,6,9,1,3
chr3,70730001,70830000,5,2,3,5,1,0
chr3,70830001,70930000,4,3,3,3,2,1
chr3,70930001,71030000,3,1,1,6,2,0
chr3,71030001,71130000,3,3,1,5,7,1
chr3,71130001,71230000,2,2,3,3,1,0
chr3,71230001,71330000,2,0,2,1,3,1
chr3,71330001,71430000,0,3,5,3,3,1
chr3,71430001,71530000,5,0,0,6,4,1
chr3,71530001,71630000,6,1,0,3,1,1
chr3,71630001,71730000,3,1,2,3,3,1
chr3,71730001,71830000,2,1,0,3,4,1
chr3,71830001,71930000,3,2,1,1,2,2
chr3,71930001,72030000,1,3,2,3,2,0
chr3,72030001,72130000,2,5,1,1,2,5
chr3,72130001,72230000,1,1,1,4,0,0
chr3,72230001,72330000,3,2,1,5,2,0
chr3,72330001,72430000,2,1,0,4,3,1
chr3,72430001,72530000,2,1,0,2,3,1
chr3,72530001,72630000,2,2,1,2,0,0
chr3,72630001,72730000,3,4,2,4,3,0
chr3,72730001,72830000,2,2,2,1,2,0
chr3,72830001,72930000,4,3,2,6,3,1
chr3,72930001,73030000,5,0,1,4,0,2
chr3,73030001,73130000,4,3,1,6,1,1
chr3,73130001,73250000,2,5,1,2,1,1
chr3,73250001,73350000,2,3,2,3,4,1
chr3,73350001,73450000,4,4,1,4,2,0
chr3,73450001,73550000,3,5,4,8,0,0
chr3,73550001,73650000,1,1,2,4,4,2
chr3,73650001,73750000,2,3,0,2,2,1
chr3,73750001,73850000,2,2,1,6,1,0
chr3,73850001,73950000,2,1,2,4,0,1
chr3,73950001,74050000,2,2,1,12,0,2
chr3,74050001,74150000,0,7,4,6,1,0
chr3,74150001,74250000,6,6,2,10,4,1
chr3,74250001,74350000,2,2,3,11,0,1
chr3,74350001,74450000,1,1,2,8,1,0
chr3,74450001,74550000,3,4,4,2,3,0
chr3,74550001,74650000,1,3,3,7,2,0
chr3,74650001,74750000,2,1,1,11,2,3
chr3,74750001,74850000,2,7,6,12,4,3
chr3,74850001,74950000,6,3,3,8,5,2
chr3,74950001,75050000,0,1,6,12,3,2
chr3,75050001,75150000,3,6,3,4,6,3
chr3,75150001,75250000,4,5,1,5,2,3
chr3,75250001,75350000,5,5,1,8,1,5
chr3,75350001,75450000,1,5,0,0,1,0
chr3,75450001,75550000,1,1,2,0,0,0
chr3,75550001,75650000,1,0,1,1,0,1
chr3,75650001,76020000,3,6,5,6,0,1
chr3,76020001,76120000,3,3,4,8,1,0
chr3,76120001,76220000,3,5,2,5,4,2
chr3,76220001,76320000,2,3,6,5,3,1
chr3,76320001,76420000,2,3,6,13,3,0
chr3,76420001,76520000,3,4,4,16,6,2
chr3,76520001,76620000,3,6,1,6,3,1
chr3,76620001,76720000,6,2,4,6,4,3
chr3,76720001,76820000,8,7,2,8,3,1
chr3,76820001,76920000,2,3,2,7,6,1
chr3,76920001,77020000,2,3,1,4,4,0
chr3,77020001,77120000,5,0,0,6,4,3
chr3,77120001,77220000,6,3,2,7,4,0
chr3,77220001,77320000,3,2,3,8,6,1
chr3,77320001,77420000,1,4,0,5,2,0
chr3,77420001,77520000,1,2,2,10,5,1
chr3,77520001,77620000,3,0,5,5,2,0
chr3,77620001,77720000,1,0,7,10,4,1
chr3,77720001,77820000,4,2,4,10,1,0
chr3,77820001,77920000,3,0,7,7,1,0
chr3,77920001,78020000,2,3,4,10,6,2
chr3,78020001,78120000,5,2,6,14,4,1
chr3,78120001,78220000,2,0,6,8,0,1
chr3,78220001,78320000,5,2,2,10,2,3
chr3,78320001,78420000,5,2,9,9,1,0
chr3,78420001,78520000,1,2,5,9,3,1
chr3,78520001,78620000,5,3,0,11,3,5
chr3,78620001,78720000,3,3,2,8,0,1
chr3,78720001,78820000,6,2,7,6,0,0
chr3,78820001,78920000,1,2,4,4,2,1
chr3,78920001,79030000,4,2,5,7,3,3
chr3,79030001,79130000,4,1,4,7,1,2
chr3,79130001,79230000,7,7,3,14,3,0
chr3,79230001,79330000,2,1,6,10,0,0
chr3,79330001,79430000,5,2,9,11,2,0
chr3,79430001,79530000,6,5,1,16,3,1
chr3,79530001,79630000,5,3,5,8,3,0
chr3,79630001,79730000,5,7,8,6,4,1
chr3,79730001,79830000,6,5,3,6,4,3
chr3,79830001,79930000,6,6,2,4,3,3
chr3,79930001,80030000,3,2,7,2,3,1
chr3,80030001,80130000,1,6,8,7,5,4
chr3,80130001,80230000,8,7,15,10,2,1
chr3,80230001,80330000,3,7,7,14,3,1
chr3,80330001,80430000,4,9,2,8,1,5
chr3,80430001,80540000,0,6,2,12,5,1
chr3,80540001,80640000,6,3,8,9,2,1
chr3,80640001,80740000,4,3,5,6,1,0
chr3,80740001,80840000,4,7,2,5,2,7
chr3,80840001,80980000,2,7,4,6,3,2
chr3,80980001,81080000,2,5,1,7,1,2
chr3,81080001,81180000,6,5,3,8,5,1
chr3,81180001,81280000,7,3,4,12,3,2
chr3,81280001,81380000,3,3,2,10,2,3
chr3,81380001,81480000,4,1,5,12,6,0
chr3,81480001,81580000,3,4,2,8,2,1
chr3,81580001,81680000,2,0,3,3,1,0
chr3,81680001,81780000,3,1,1,7,2,0
chr3,81780001,81880000,1,4,3,8,1,1
chr3,81880001,81980000,5,1,0,5,5,0
chr3,81980001,82080000,4,6,3,11,3,1
chr3,82080001,82180000,2,3,4,12,0,0
chr3,82180001,82280000,4,2,8,12,2,0
chr3,82280001,82380000,7,4,6,19,6,2
chr3,82380001,82480000,6,4,7,18,5,0
chr3,82480001,82580000,2,4,8,11,3,1
chr3,82580001,82680000,2,5,11,4,3,2
chr3,82680001,82780000,1,1,6,8,6,1
chr3,82780001,82880000,2,2,7,22,10,2
chr3,82880001,82980000,4,7,10,18,6,1
chr3,82980001,83080000,3,5,4,7,0,1
chr3,83080001,83180000,3,6,6,10,8,0
chr3,83180001,83280000,6,8,11,18,5,3
chr3,83280001,83380000,7,6,5,6,2,0
chr3,83380001,83480000,2,7,7,13,7,1
chr3,83480001,83580000,3,7,10,14,6,0
chr3,83580001,83680000,3,7,4,17,6,1
chr3,83680001,83780000,2,14,12,16,7,4
chr3,83780001,83880000,7,3,13,13,6,1
chr3,83880001,83980000,6,6,9,8,10,0
chr3,83980001,84080000,2,5,14,13,6,1
chr3,84080001,84180000,3,10,8,13,4,2
chr3,84180001,84280000,4,12,6,14,9,1
chr3,84280001,84380000,6,9,11,9,2,0
chr3,84380001,84480000,1,8,9,8,3,1
chr3,84480001,84580000,6,4,10,5,3,2
chr3,84580001,84680000,2,10,4,10,5,2
chr3,84680001,84780000,2,12,8,12,6,3
chr3,84780001,84880000,4,7,3,9,3,0
chr3,84880001,84980000,3,8,6,10,2,4
chr3,84980001,85080000,3,3,9,12,2,2
chr3,85080001,85180000,3,3,8,9,4,2
chr3,85180001,85280000,6,5,6,10,2,2
chr3,85280001,85380000,7,10,7,13,1,1
chr3,85380001,85480000,3,4,7,10,3,4
chr3,85480001,85580000,1,6,9,11,4,2
chr3,85580001,85680000,4,7,5,15,6,2
chr3,85680001,85780000,2,5,4,5,1,2
chr3,85780001,85880000,5,9,3,8,5,5
chr3,85880001,85980000,1,8,4,9,3,2
chr3,85980001,86080000,4,5,4,10,3,1
chr3,86080001,86180000,4,11,7,11,3,6
chr3,86180001,86280000,6,5,4,8,4,2
chr3,86280001,86380000,6,9,5,16,6,1
chr3,86380001,86480000,6,9,4,13,4,4
chr3,86480001,86580000,7,11,5,12,4,2
chr3,86580001,86680000,3,9,5,11,3,3
chr3,86680001,86780000,2,3,6,6,1,0
chr3,86780001,86880000,4,6,5,6,1,2
chr3,86880001,86980000,5,9,9,16,3,2
chr3,86980001,87080000,4,6,5,8,6,0
chr3,87080001,87180000,2,3,3,7,0,3
chr3,87180001,87280000,0,5,4,7,3,1
chr3,87280001,87380000,3,3,3,2,3,2
chr3,87380001,87480000,6,1,3,6,2,1
chr3,87480001,87580000,3,2,0,4,1,0
chr3,87580001,87680000,6,4,3,8,5,2
chr3,87680001,87780000,8,3,3,9,0,1
chr3,87780001,87880000,7,4,4,4,5,1
chr3,87880001,87980000,7,6,5,14,4,1
chr3,87980001,88080000,2,3,2,6,0,2
chr3,88080001,88180000,2,0,0,2,2,1
chr3,88180001,88280000,1,6,1,2,2,1
chr3,88280001,88380000,8,5,3,7,0,1
chr3,88380001,88480000,3,3,1,8,1,0
chr3,88480001,88580000,2,3,3,12,4,1
chr3,88580001,88680000,6,4,4,8,5,2
chr3,88680001,88780000,5,4,11,11,6,1
chr3,88780001,88880000,4,7,4,11,7,2
chr3,88880001,88980000,7,10,6,7,3,0
chr3,88980001,89080000,6,8,5,19,6,0
chr3,89080001,89180000,7,6,4,7,3,1
chr3,89180001,89280000,4,10,7,6,8,1
chr3,89280001,89380000,7,4,10,18,4,1
chr3,89380001,89480000,5,7,3,9,2,0
chr3,89480001,89580000,4,3,3,7,2,5
chr3,89580001,89680000,2,4,6,8,6,1
chr3,89680001,89780000,2,6,5,5,4,2
chr3,89780001,89880000,4,8,7,8,6,2
chr3,89880001,89980000,7,7,1,3,4,2
chr3,89980001,90080000,5,7,1,5,6,1
chr3,90080001,90180000,3,10,4,2,3,0
chr3,90180001,90310000,3,2,3,6,2,1
chr3,93520001,93620000,3,8,4,8,1,1
chr3,93620001,93720000,6,4,3,5,4,1
chr3,93720001,93820000,3,1,3,1,2,1
chr3,93820001,93920000,6,5,1,4,4,1
chr3,93920001,94030000,5,12,2,10,2,1
chr3,94030001,94130000,4,5,0,4,3,1
chr3,94130001,94230000,2,13,3,6,0,2
chr3,94230001,94330000,3,6,2,7,0,2
chr3,94330001,94430000,10,8,6,9,3,2
chr3,94430001,94530000,5,7,3,10,2,2
chr3,94530001,94630000,2,5,6,14,7,4
chr3,94630001,94730000,5,6,3,16,6,1
chr3,94730001,94830000,6,7,9,12,1,0
chr3,94830001,94930000,6,9,3,9,1,2
chr3,94930001,95030000,4,12,3,10,2,1
chr3,95030001,95130000,3,11,2,13,1,3
chr3,95130001,95230000,3,7,4,9,2,3
chr3,95230001,95330000,4,11,1,13,3,1
chr3,95330001,95430000,4,11,10,13,1,2
chr3,95430001,95530000,3,11,8,13,4,1
chr3,95530001,95630000,5,10,1,17,4,2
chr3,95630001,95730000,6,10,8,13,5,3
chr3,95730001,95830000,3,6,6,11,3,4
chr3,95830001,95930000,2,7,6,11,7,1
chr3,95930001,96030000,6,14,5,5,8,0
chr3,96030001,96130000,4,9,5,17,4,1
chr3,96130001,96230000,2,10,1,14,3,2
chr3,96230001,96330000,8,13,2,19,4,3
chr3,96340001,96440000,7,13,1,17,1,3
chr3,96440001,96550000,4,8,11,8,7,1
chr3,96550001,96650000,4,7,12,14,1,0
chr3,96650001,96750000,2,4,8,11,1,2
chr3,96750001,96850000,3,5,0,13,2,0
chr3,96850001,96950000,2,4,8,20,5,3
chr3,96950001,97050000,6,2,5,12,2,3
chr3,97050001,97150000,4,3,6,15,5,1
chr3,97150001,97250000,4,8,2,10,2,0
chr3,97250001,97350000,6,7,3,6,3,0
chr3,97350001,97450000,6,1,4,15,2,0
chr3,97450001,97550000,2,1,2,6,0,1
chr3,97550001,97650000,0,1,2,1,2,0
chr3,97650001,97750000,6,2,0,3,1,1
chr3,97750001,97850000,2,6,4,6,3,3
chr3,97850001,97950000,5,7,0,8,3,1
chr3,97950001,98050000,3,4,4,6,1,0
chr3,98050001,98150000,4,7,4,11,4,1
chr3,98150001,98260000,7,6,4,2,5,1
chr3,98260001,98360000,6,4,2,2,2,1
chr3,98360001,98460000,2,5,4,9,1,3
chr3,98460001,98560000,4,2,2,10,0,4
chr3,98560001,98660000,2,3,7,3,2,0
chr3,98660001,98760000,6,2,3,8,3,0
chr3,98760001,98860000,6,8,1,7,5,0
chr3,98860001,98960000,4,4,4,11,2,3
chr3,98960001,99060000,4,3,3,7,4,1
chr3,99060001,99160000,7,6,4,11,5,0
chr3,99160001,99260000,3,6,2,7,2,2
chr3,99260001,99360000,7,10,4,9,3,0
chr3,99360001,99460000,6,4,3,8,2,0
chr3,99460001,99560000,2,2,3,6,1,0
chr3,99560001,99660000,1,2,0,3,2,1
chr3,99660001,99760000,2,2,7,2,0,1
chr3,99760001,99860000,2,2,2,5,2,0
chr3,99860001,99960000,4,3,3,1,0,0
chr3,99960001,100060000,7,1,1,3,3,1
chr3,100060001,100160000,2,2,2,4,2,1
chr3,100160001,100260000,5,3,6,1,1,0
chr3,100260001,100360000,0,2,4,3,4,2
chr3,100360001,100460000,2,4,1,2,4,1
chr3,100460001,100560000,4,2,4,3,3,0
chr3,100560001,100660000,4,4,2,7,2,2
chr3,100660001,100760000,6,6,3,1,2,1
chr3,100760001,100880000,3,3,4,4,2,2
chr3,100880001,100980000,6,2,3,7,0,0
chr3,100980001,101080000,0,2,5,7,4,1
chr3,101080001,101180000,3,2,2,4,4,0
chr3,101180001,101280000,3,2,4,3,3,1
chr3,101280001,101380000,4,2,2,1,2,1
chr3,101380001,101480000,3,4,1,5,0,0
chr3,101480001,101580000,3,3,2,6,2,0
chr3,101580001,101680000,5,0,1,3,0,1
chr3,101680001,101780000,4,7,1,3,1,0
chr3,101780001,101880000,5,5,2,5,0,1
chr3,101880001,101980000,2,2,1,3,1,0
chr3,101980001,102080000,3,2,4,9,2,1
chr3,102080001,102180000,4,7,2,10,2,1
chr3,102180001,102280000,2,2,5,8,4,1
chr3,102280001,102380000,3,9,7,10,2,2
chr3,102380001,102480000,2,5,1,7,4,0
chr3,102480001,102580000,3,10,4,9,1,4
chr3,102580001,102680000,4,4,0,9,1,8
chr3,102680001,102780000,7,4,5,10,4,1
chr3,102780001,102880000,5,9,4,8,5,1
chr3,102880001,102980000,3,5,4,6,0,0
chr3,102980001,103080000,2,8,9,10,3,1
chr3,103080001,103180000,6,9,5,8,3,1
chr3,103180001,103280000,4,9,6,5,4,5
chr3,103280001,103380000,3,5,6,8,0,2
chr3,103380001,103480000,3,8,6,10,1,3
chr3,103480001,103580000,9,6,5,11,1,1
chr3,103580001,103680000,3,9,9,15,6,1
chr3,103680001,103780000,2,4,0,8,4,4
chr3,103780001,103880000,7,8,6,8,3,3
chr3,103880001,103980000,3,8,6,7,3,0
chr3,103980001,104080000,5,7,9,18,6,0
chr3,104080001,104180000,3,5,10,17,1,1
chr3,104180001,104280000,4,5,9,12,2,1
chr3,104280001,104380000,6,4,2,13,1,1
chr3,104380001,104480000,4,5,3,7,3,3
chr3,104480001,104580000,1,7,4,10,5,0
chr3,104580001,104680000,1,6,2,10,2,2
chr3,104680001,104780000,5,7,7,8,6,1
chr3,104780001,104880000,3,4,4,12,1,2
chr3,104880001,104980000,11,2,4,8,2,0
chr3,104980001,105080000,1,7,7,11,2,1
chr3,105080001,105180000,8,0,0,1,1,0
chr3,105180001,105280000,3,4,3,2,1,2
chr3,105280001,105380000,2,2,1,5,2,0
chr3,105380001,105480000,1,2,2,2,2,1
chr3,105480001,105580000,2,3,2,2,2,1
chr3,105580001,105680000,3,3,2,6,0,2
chr3,105680001,105780000,5,2,1,4,4,0
chr3,105780001,105880000,5,2,1,9,1,0
chr3,105880001,105980000,4,2,4,5,4,1
chr3,105980001,106080000,3,4,1,5,2,0
chr3,106080001,106180000,4,7,2,9,2,2
chr3,106180001,106280000,2,2,4,4,2,1
chr3,106280001,106380000,2,1,5,8,2,0
chr3,106380001,106480000,2,2,6,6,1,2
chr3,106480001,106580000,3,2,3,5,3,1
chr3,106580001,106680000,4,3,2,4,2,0
chr3,106680001,106780000,4,6,6,7,3,1
chr3,106780001,106880000,0,8,1,7,0,2
chr3,106880001,106980000,5,6,5,3,2,0
chr3,106980001,107090000,1,0,4,4,0,1
chr3,107090001,107190000,1,3,2,5,3,1
chr3,107190001,107290000,3,2,5,5,1,1
chr3,107290001,107390000,2,1,3,4,2,0
chr3,107390001,107490000,5,1,2,2,3,2
chr3,107490001,107590000,1,5,3,2,2,0
chr3,107590001,107690000,2,2,3,4,0,0
chr3,107690001,107790000,2,1,1,1,3,0
chr3,107790001,107890000,4,1,0,1,3,0
chr3,107890001,107990000,3,2,0,2,1,1
chr3,107990001,108090000,4,3,2,2,0,0
chr3,108090001,108190000,2,2,2,3,0,2
chr3,108190001,108290000,0,5,0,7,0,2
chr3,108290001,108390000,4,3,2,1,2,1
chr3,108390001,108490000,5,5,2,4,1,2
chr3,108490001,108590000,4,6,1,5,1,3
chr3,108590001,108690000,5,0,2,4,4,1
chr3,108690001,108790000,6,8,7,10,0,2
chr3,108790001,108890000,6,11,2,4,1,0
chr3,108890001,108990000,5,5,1,4,1,1
chr3,108990001,109090000,5,8,5,5,1,1
chr3,109090001,109190000,6,10,7,6,2,1
chr3,109190001,109290000,8,12,3,8,3,2
chr3,109290001,109390000,7,8,7,9,2,3
chr3,109390001,109490000,8,7,4,1,1,0
chr3,109490001,109590000,6,9,3,7,1,0
chr3,109590001,109690000,4,9,2,7,2,1
chr3,109690001,109790000,4,8,6,3,5,1
chr3,109790001,109890000,4,7,6,19,1,2
chr3,109890001,109990000,4,17,4,14,1,2
chr3,109990001,110090000,7,9,0,2,4,2
chr3,110090001,110190000,4,6,5,1,0,1
chr3,110190001,110290000,5,5,1,6,1,1
chr3,110290001,110390000,8,9,0,2,2,1
chr3,110390001,110490000,4,6,0,4,2,1
chr3,110490001,110590000,6,10,3,2,0,0
chr3,110590001,110690000,1,4,1,2,4,0
chr3,110690001,110790000,4,7,4,3,2,2
chr3,110790001,110890000,10,2,3,5,3,1
chr3,110890001,110990000,5,2,4,3,4,1
chr3,110990001,111090000,3,3,6,1,2,1
chr3,111090001,111190000,6,7,4,4,3,0
chr3,111190001,111290000,5,1,2,2,1,1
chr3,111290001,111390000,5,1,2,5,1,0
chr3,111390001,111490000,2,2,2,2,7,3
chr3,111490001,111590000,3,1,1,2,1,1
chr3,111590001,111690000,2,0,3,3,2,0
chr3,111690001,111790000,3,1,1,4,0,0
chr3,111790001,111890000,1,2,2,2,0,0
chr3,111890001,111990000,0,2,1,4,1,1
chr3,111990001,112090000,4,5,2,6,1,1
chr3,112090001,112190000,6,3,1,9,5,3
chr3,112190001,112290000,3,3,2,2,2,1
chr3,112290001,112390000,7,2,0,6,2,0
chr3,112390001,112490000,4,6,1,4,0,2
chr3,112490001,112590000,3,4,2,2,0,1
chr3,112590001,112690000,1,3,3,6,2,0
chr3,112690001,112790000,2,3,3,2,2,1
chr3,112790001,112890000,1,4,1,3,1,0
chr3,112890001,112990000,2,5,2,3,4,2
chr3,112990001,113090000,1,4,0,2,4,3
chr3,113090001,113190000,3,3,2,2,1,0
chr3,113190001,113290000,5,0,0,2,0,0
chr3,113290001,113390000,1,7,0,7,2,1
chr3,113390001,113490000,3,2,1,4,2,0
chr3,113490001,113590000,3,2,0,4,2,3
chr3,113590001,113690000,3,4,0,2,1,1
chr3,113690001,113790000,2,2,2,4,1,1
chr3,113790001,113890000,3,3,2,5,2,2
chr3,113890001,113990000,8,8,3,6,1,2
chr3,113990001,114090000,1,2,4,4,2,2
chr3,114090001,114190000,5,7,3,2,3,0
chr3,114190001,114290000,4,5,4,4,2,0
chr3,114290001,114390000,3,4,2,4,4,0
chr3,114390001,114490000,6,3,1,4,1,0
chr3,114490001,114590000,2,6,2,4,5,1
chr3,114590001,114690000,5,3,3,5,5,0
chr3,114690001,114790000,7,1,2,7,5,2
chr3,114790001,114890000,4,3,0,1,2,1
chr3,114890001,114990000,1,4,1,6,1,2
chr3,114990001,115090000,0,5,6,10,2,0
chr3,115090001,115190000,0,9,2,12,1,0
chr3,115190001,115290000,6,9,1,10,1,0
chr3,115290001,115390000,0,8,5,9,1,0
chr3,115390001,115490000,4,5,0,5,3,0
chr3,115490001,115590000,1,5,0,6,2,0
chr3,115590001,115690000,1,5,6,8,4,0
chr3,115690001,115790000,4,6,6,2,4,0
chr3,115790001,115890000,10,12,7,9,4,0
chr3,115890001,115990000,2,13,2,5,0,2
chr3,115990001,116090000,8,13,6,1,1,3
chr3,116090001,116190000,3,14,3,2,2,0
chr3,116190001,116290000,3,7,5,5,3,2
chr3,116290001,116390000,4,14,4,4,0,0
chr3,116390001,116490000,4,10,2,7,1,1
chr3,116490001,116590000,7,6,2,7,2,1
chr3,116590001,116690000,4,13,3,10,2,4
chr3,116690001,116790000,2,10,3,4,3,2
chr3,116790001,116890000,1,9,1,0,1,0
chr3,116890001,116990000,3,10,1,8,2,2
chr3,116990001,117090000,3,12,1,5,4,2
chr3,117090001,117190000,5,5,5,9,0,2
chr3,117190001,117290000,6,6,4,14,4,3
chr3,117290001,117390000,5,7,6,9,1,3
chr3,117390001,117490000,3,11,3,13,1,3
chr3,117490001,117590000,10,8,6,14,1,1
chr3,117590001,117690000,4,8,7,2,2,1
chr3,117690001,117790000,5,10,4,10,1,1
chr3,117790001,117890000,6,5,5,10,1,0
chr3,117890001,117990000,5,6,6,12,9,3
chr3,117990001,118090000,5,5,3,6,3,0
chr3,118090001,118190000,5,15,2,8,0,3
chr3,118190001,118290000,4,5,1,7,3,2
chr3,118290001,118390000,1,9,6,6,2,1
chr3,118390001,118490000,1,8,3,12,3,4
chr3,118490001,118590000,1,8,5,3,3,1
chr3,118590001,118700000,4,7,2,7,3,1
chr3,118700001,118800000,3,2,2,11,9,0
chr3,118800001,118900000,5,4,5,2,1,0
chr3,118900001,119000000,2,2,0,2,2,1
chr3,119000001,119100000,2,5,3,4,3,2
chr3,119100001,119200000,0,4,2,5,0,0
chr3,119200001,119300000,5,3,2,1,2,0
chr3,119300001,119400000,4,6,2,3,0,0
chr3,119400001,119500000,5,0,3,2,1,0
chr3,119500001,119600000,3,4,0,6,3,3
chr3,119600001,119700000,6,2,2,4,5,1
chr3,119700001,119800000,2,3,1,3,1,1
chr3,119800001,119900000,2,3,0,4,0,0
chr3,119900001,120000000,2,0,2,4,2,1
chr3,120000001,120100000,2,4,0,0,1,0
chr3,120100001,120200000,1,3,2,4,4,1
chr3,120200001,120300000,1,2,1,3,3,0
chr3,120300001,120400000,7,4,2,2,3,0
chr3,120400001,120500000,3,1,1,3,1,0
chr3,120500001,120600000,0,3,0,9,0,1
chr3,120600001,120700000,1,10,4,5,5,1
chr3,120700001,120800000,4,2,5,9,2,2
chr3,120800001,120900000,3,7,2,5,1,3
chr3,120900001,121000000,2,5,2,12,3,2
chr3,121000001,121100000,4,5,6,4,1,1
chr3,121100001,121200000,1,1,1,3,1,0
chr3,121200001,121300000,1,1,1,0,4,1
chr3,121300001,121400000,2,4,2,2,2,1
chr3,121400001,121500000,1,4,3,5,1,0
chr3,121500001,121600000,1,1,0,2,0,1
chr3,121600001,121700000,2,2,10,2,1,0
chr3,121700001,121800000,4,4,4,4,2,0
chr3,121800001,121900000,2,6,3,3,2,2
chr3,121900001,122000000,2,3,1,5,1,2
chr3,122000001,122100000,2,2,3,1,2,2
chr3,122100001,122200000,5,1,0,2,2,0
chr3,122200001,122300000,5,0,1,2,0,0
chr3,122300001,122400000,6,0,2,2,0,0
chr3,122400001,122500000,1,2,0,1,1,1
chr3,122500001,122600000,5,1,3,4,1,0
chr3,122600001,122700000,3,7,4,2,1,0
chr3,122700001,122800000,6,3,1,3,1,0
chr3,122800001,122900000,0,2,2,1,3,0
chr3,122900001,123000000,2,0,2,3,0,1
chr3,123000001,123100000,3,2,1,2,0,0
chr3,123100001,123200000,6,3,1,3,2,0
chr3,123200001,123300000,6,2,0,4,1,0
chr3,123300001,123400000,2,1,0,4,1,0
chr3,123400001,123500000,5,4,1,3,0,0
chr3,123500001,123600000,2,1,9,2,0,1
chr3,123600001,123700000,4,1,2,4,1,1
chr3,123700001,123800000,3,5,3,5,0,0
chr3,123800001,123900000,3,2,1,3,0,0
chr3,123900001,124000000,0,8,3,8,2,2
chr3,124000001,124100000,2,8,5,5,2,2
chr3,124100001,124200000,3,0,6,3,1,0
chr3,124200001,124300000,3,5,2,5,0,0
chr3,124300001,124400000,2,0,1,0,2,0
chr3,124400001,124500000,1,3,1,5,1,1
chr3,124500001,124600000,2,0,1,2,1,0
chr3,124600001,124700000,2,1,3,4,3,0
chr3,124700001,124800000,3,3,1,1,1,0
chr3,124800001,124900000,3,2,1,2,2,1
chr3,124900001,125000000,1,2,0,0,3,0
chr3,125000001,125100000,4,2,0,1,1,0
chr3,125100001,125200000,7,4,1,3,0,1
chr3,125200001,125300000,2,2,1,0,1,0
chr3,125300001,125400000,3,2,0,2,2,1
chr3,125400001,125500000,1,3,0,0,0,1
chr3,125500001,125600000,2,0,1,1,1,0
chr3,125600001,125700000,2,2,1,4,2,0
chr3,125700001,125800000,2,1,0,2,2,0
chr3,125800001,125900000,2,2,1,4,0,1
chr3,125900001,126000000,6,3,3,6,2,0
chr3,126000001,126100000,4,2,1,3,1,0
chr3,126100001,126200000,2,5,0,5,2,1
chr3,126200001,126300000,4,0,0,5,1,1
chr3,126300001,126400000,2,2,2,3,4,0
chr3,126400001,126500000,2,2,3,1,1,1
chr3,126500001,126600000,1,1,3,2,2,1
chr3,126600001,126700000,0,1,1,1,0,2
chr3,126700001,126800000,7,2,1,1,2,0
chr3,126800001,126900000,4,4,3,4,2,0
chr3,126900001,127000000,3,1,2,5,2,0
chr3,127000001,127100000,3,2,2,6,2,2
chr3,127100001,127200000,4,4,0,6,1,0
chr3,127200001,127300000,3,1,0,6,2,0
chr3,127300001,127400000,4,2,2,0,2,0
chr3,127400001,127500000,3,3,2,1,0,0
chr3,127500001,127600000,2,1,1,2,1,0
chr3,127600001,127700000,0,0,1,0,2,1
chr3,127700001,127800000,0,0,1,1,2,2
chr3,127800001,127900000,1,0,1,3,1,0
chr3,127900001,128000000,1,2,1,1,0,1
chr3,128000001,128100000,2,1,2,2,1,0
chr3,128100001,128200000,1,4,0,2,2,0
chr3,128200001,128300000,2,4,1,0,0,2
chr3,128300001,128400000,0,2,2,3,0,0
chr3,128400001,128500000,2,1,2,3,2,3
chr3,128500001,128600000,2,0,2,2,4,0
chr3,128600001,128700000,2,2,3,4,0,0
chr3,128700001,128800000,2,2,1,2,3,1
chr3,128800001,128900000,3,5,2,4,3,1
chr3,128900001,129000000,6,4,1,4,2,1
chr3,129000001,129100000,0,1,2,3,0,1
chr3,129100001,129200000,1,2,3,2,0,1
chr3,129200001,129300000,4,2,1,1,2,0
chr3,129300001,129400000,3,2,1,1,2,1
chr3,129400001,129500000,5,2,2,4,2,0
chr3,129500001,129600000,3,2,5,0,4,3
chr3,129600001,129700000,2,1,1,0,1,1
chr3,129700001,129800000,2,4,0,1,4,1
chr3,129800001,129900000,1,0,1,1,1,0
chr3,129900001,130000000,3,3,1,3,2,2
chr3,130000001,130100000,6,7,6,11,4,1
chr3,130100001,130200000,6,2,5,6,2,1
chr3,130200001,130300000,5,4,4,3,5,0
chr3,130300001,130400000,1,3,4,4,1,0
chr3,130400001,130500000,5,5,4,2,5,1
chr3,130500001,130600000,3,3,3,2,3,0
chr3,130600001,130700000,3,1,1,2,2,0
chr3,130700001,130800000,3,3,4,4,0,0
chr3,130800001,130900000,3,0,2,3,2,1
chr3,130900001,131000000,2,2,2,1,3,1
chr3,131000001,131100000,4,4,0,2,3,0
chr3,131100001,131200000,4,5,2,6,2,2
chr3,131200001,131300000,3,4,5,5,3,0
chr3,131300001,131400000,0,1,2,4,3,0
chr3,131400001,131500000,9,2,2,8,4,3
chr3,131500001,131600000,4,3,4,5,4,0
chr3,131600001,131700000,2,5,3,6,3,1
chr3,131700001,131800000,2,2,3,1,2,0
chr3,131800001,131900000,5,7,3,6,4,1
chr3,131900001,132000000,3,3,0,2,1,1
chr3,132000001,132100000,1,1,4,2,11,1
chr3,132100001,132200000,4,1,3,3,3,2
chr3,132200001,132300000,1,0,2,3,2,1
chr3,132300001,132400000,2,3,1,4,4,0
chr3,132400001,132500000,3,2,1,5,3,2
chr3,132500001,132600000,6,3,2,3,1,0
chr3,132600001,132700000,2,6,4,5,1,0
chr3,132700001,132800000,5,3,3,10,5,2
chr3,132800001,132900000,4,3,3,8,2,0
chr3,132900001,133000000,2,5,4,3,1,0
chr3,133000001,133100000,1,5,2,8,2,1
chr3,133100001,133200000,1,3,3,2,1,1
chr3,133200001,133300000,4,5,2,5,1,0
chr3,133300001,133400000,3,0,0,4,3,2
chr3,133400001,133500000,4,3,0,6,2,0
chr3,133500001,133600000,2,3,1,1,2,1
chr3,133600001,133700000,4,1,1,1,1,0
chr3,133700001,133800000,4,4,0,3,1,0
chr3,133800001,133900000,3,3,1,2,1,1
chr3,133900001,134000000,1,1,1,6,2,0
chr3,134000001,134100000,2,6,1,2,2,3
chr3,134100001,134200000,3,2,1,3,3,1
chr3,134200001,134300000,3,1,1,3,2,0
chr3,134300001,134400000,2,4,3,3,0,0
chr3,134400001,134500000,4,2,4,5,2,2
chr3,134500001,134600000,0,3,4,1,0,0
chr3,134600001,134700000,7,4,4,2,1,2
chr3,134700001,134800000,3,8,6,6,2,0
chr3,134800001,134900000,2,2,2,2,3,0
chr3,134900001,135000000,4,6,5,3,3,0
chr3,135000001,135100000,0,3,3,5,4,0
chr3,135100001,135210000,3,6,6,8,1,1
chr3,135210001,135340000,2,5,3,6,5,1
chr3,135340001,135440000,4,4,3,12,2,0
chr3,135440001,135540000,3,9,2,11,1,1
chr3,135540001,135640000,1,5,4,10,0,1
chr3,135640001,135740000,3,5,0,5,1,0
chr3,135740001,135840000,3,1,0,2,1,0
chr3,135840001,135940000,1,1,0,3,3,1
chr3,135940001,136040000,0,2,1,6,0,0
chr3,136040001,136140000,3,2,1,2,1,0
chr3,136140001,136240000,1,3,2,3,2,1
chr3,136240001,136340000,1,4,4,5,3,0
chr3,136340001,136440000,4,6,1,5,3,0
chr3,136440001,136540000,2,1,3,1,1,0
chr3,136540001,136640000,1,2,1,5,1,0
chr3,136640001,136740000,3,1,2,4,2,1
chr3,136740001,136840000,7,4,0,6,1,2
chr3,136840001,136940000,3,5,3,4,3,2
chr3,136940001,137040000,4,2,3,6,2,1
chr3,137040001,137140000,2,7,8,8,4,0
chr3,137140001,137240000,3,12,6,9,0,1
chr3,137240001,137340000,6,7,4,5,4,3
chr3,137340001,137440000,5,9,3,5,5,1
chr3,137440001,137540000,5,9,6,5,2,1
chr3,137540001,137640000,2,6,5,6,5,2
chr3,137640001,137740000,5,7,1,7,1,1
chr3,137740001,137840000,2,5,0,7,1,0
chr3,137840001,137940000,1,3,3,10,1,0
chr3,137940001,138040000,2,0,0,0,0,2
chr3,138040001,138140000,3,4,3,2,2,0
chr3,138140001,138240000,1,3,1,2,3,3
chr3,138240001,138340000,2,4,0,4,0,0
chr3,138340001,138440000,2,1,1,3,0,1
chr3,138440001,138540000,5,1,0,5,1,0
chr3,138540001,138640000,4,7,0,5,1,0
chr3,138640001,138740000,3,10,2,2,1,0
chr3,138740001,138840000,2,7,3,4,1,1
chr3,138840001,138940000,4,2,3,3,1,1
chr3,138940001,139040000,2,6,3,5,2,1
chr3,139040001,139140000,1,3,1,3,1,0
chr3,139140001,139240000,2,3,2,3,3,2
chr3,139240001,139380000,1,2,2,4,3,1
chr3,139380001,139480000,4,3,1,1,2,2
chr3,139480001,139580000,2,3,3,0,4,3
chr3,139580001,139680000,3,3,5,4,1,0
chr3,139680001,139780000,4,3,1,9,1,0
chr3,139780001,139880000,3,3,1,5,6,0
chr3,139880001,139980000,2,5,4,7,1,1
chr3,139980001,140080000,3,1,2,4,5,0
chr3,140080001,140180000,5,4,0,7,1,1
chr3,140180001,140280000,1,4,2,5,1,1
chr3,140280001,140380000,0,2,3,9,3,2
chr3,140380001,140480000,2,2,1,2,2,1
chr3,140480001,140580000,4,2,1,3,5,0
chr3,140580001,140680000,3,0,1,3,4,0
chr3,140680001,140780000,8,3,1,5,2,0
chr3,140780001,140880000,6,2,0,4,2,0
chr3,140880001,140980000,1,0,1,7,2,0
chr3,140980001,141080000,3,3,0,1,2,1
chr3,141080001,141180000,6,2,0,2,2,0
chr3,141180001,141280000,6,1,1,4,4,0
chr3,141280001,141380000,3,5,0,1,3,0
chr3,141380001,141480000,3,1,0,5,1,2
chr3,141480001,141580000,4,2,2,2,3,2
chr3,141580001,141680000,2,0,0,3,4,1
chr3,141680001,141780000,2,4,1,5,0,0
chr3,141780001,141880000,2,2,2,1,0,0
chr3,141880001,141980000,6,4,3,2,1,0
chr3,141980001,142080000,0,3,3,3,2,1
chr3,142080001,142180000,7,1,1,1,3,2
chr3,142180001,142280000,5,6,1,0,1,0
chr3,142280001,142380000,2,1,1,3,2,2
chr3,142380001,142480000,4,3,2,8,1,0
chr3,142480001,142580000,4,4,5,7,2,1
chr3,142580001,142680000,3,1,1,7,3,1
chr3,142680001,142780000,1,1,2,0,1,0
chr3,142780001,142880000,0,3,1,3,1,1
chr3,142880001,142980000,3,2,2,4,1,5
chr3,142980001,143080000,4,1,5,3,4,0
chr3,143080001,143180000,4,6,2,5,2,0
chr3,143180001,143280000,7,2,4,6,4,1
chr3,143280001,143380000,2,1,3,3,0,0
chr3,143380001,143480000,3,1,0,4,1,3
chr3,143480001,143580000,6,4,4,9,1,0
chr3,143580001,143680000,5,4,3,7,3,2
chr3,143680001,143780000,9,7,2,7,1,2
chr3,143780001,143880000,7,2,6,8,3,0
chr3,143880001,143980000,9,5,5,12,3,1
chr3,143980001,144080000,5,3,3,11,2,1
chr3,144080001,144180000,4,6,3,5,4,4
chr3,144180001,144280000,5,7,5,11,4,1
chr3,144280001,144380000,3,3,8,3,0,2
chr3,144380001,144480000,5,4,6,12,5,3
chr3,144480001,144580000,4,3,5,13,3,0
chr3,144580001,144680000,2,11,2,23,4,2
chr3,144680001,144780000,2,10,5,7,3,2
chr3,144780001,144880000,2,9,4,25,4,0
chr3,144880001,144980000,3,7,8,16,5,2
chr3,144980001,145080000,2,5,4,12,1,1
chr3,145080001,145180000,5,9,7,12,4,2
chr3,145180001,145280000,6,8,8,13,0,1
chr3,145280001,145380000,4,11,4,11,4,0
chr3,145380001,145480000,3,10,4,7,3,0
chr3,145480001,145580000,3,11,2,11,0,1
chr3,145580001,145680000,5,5,4,9,3,3
chr3,145680001,145780000,2,4,1,7,4,2
chr3,145780001,145880000,1,5,1,9,2,0
chr3,145880001,145980000,2,5,2,5,6,2
chr3,145980001,146080000,4,6,2,6,2,0
chr3,146080001,146180000,5,4,2,6,3,0
chr3,146180001,146280000,5,7,0,5,2,1
chr3,146280001,146380000,5,4,2,6,2,1
chr3,146380001,146480000,3,7,4,10,2,0
chr3,146480001,146580000,3,15,8,9,5,1
chr3,146580001,146680000,8,11,7,12,5,0
chr3,146680001,146780000,2,15,5,10,4,0
chr3,146780001,146880000,0,11,10,8,1,3
chr3,146880001,146980000,4,11,5,12,6,3
chr3,146980001,147080000,7,13,6,7,2,1
chr3,147080001,147180000,5,14,3,5,2,2
chr3,147180001,147280000,12,14,7,12,7,2
chr3,147280001,147380000,5,11,8,16,3,1
chr3,147380001,147480000,8,11,5,16,8,1
chr3,147480001,147580000,2,9,6,5,4,1
chr3,147580001,147680000,6,8,4,12,2,0
chr3,147680001,147780000,2,4,7,15,7,3
chr3,147780001,147880000,4,11,4,11,0,2
chr3,147880001,147980000,4,5,5,8,5,0
chr3,147980001,148080000,5,11,2,9,5,3
chr3,148080001,148180000,5,3,6,6,2,1
chr3,148180001,148280000,3,9,0,5,3,0
chr3,148280001,148380000,6,7,6,3,5,1
chr3,148380001,148480000,3,6,1,5,2,1
chr3,148480001,148580000,4,3,2,6,2,1
chr3,148580001,148680000,2,5,4,9,1,0
chr3,148680001,148780000,4,3,3,3,1,2
chr3,148780001,148880000,4,1,5,4,3,1
chr3,148880001,148980000,4,2,0,2,1,0
chr3,148980001,149080000,5,3,4,1,1,0
chr3,149080001,149180000,5,5,2,2,1,2
chr3,149180001,149280000,4,4,1,2,3,1
chr3,149280001,149380000,8,2,2,8,3,0
chr3,149380001,149480000,5,1,1,4,3,0
chr3,149480001,149580000,3,2,1,6,3,1
chr3,149580001,149680000,1,1,2,1,2,0
chr3,149680001,149780000,3,5,0,6,3,0
chr3,149780001,149880000,2,7,1,5,1,0
chr3,149880001,149980000,2,2,1,5,2,0
chr3,149980001,150080000,2,0,4,2,3,0
chr3,150080001,150180000,4,4,2,4,4,0
chr3,150180001,150280000,5,2,5,3,1,1
chr3,150280001,150380000,5,2,0,5,2,0
chr3,150380001,150480000,2,5,1,5,3,1
chr3,150480001,150580000,4,3,1,2,1,1
chr3,150580001,150680000,1,4,8,7,0,0
chr3,150680001,150780000,2,6,4,2,1,1
chr3,150780001,150880000,6,1,1,5,1,1
chr3,150880001,150980000,7,2,5,2,3,1
chr3,150980001,151080000,2,1,1,6,4,0
chr3,151080001,151180000,1,1,2,6,2,1
chr3,151180001,151280000,7,2,2,4,1,1
chr3,151280001,151380000,2,1,6,6,2,3
chr3,151380001,151480000,5,2,2,5,1,0
chr3,151480001,151580000,1,4,1,3,1,4
chr3,151580001,151680000,4,3,1,0,1,1
chr3,151680001,151780000,2,1,6,0,1,2
chr3,151780001,151880000,3,4,2,2,4,1
chr3,151880001,151980000,6,2,2,2,2,1
chr3,151980001,152080000,5,1,1,7,4,1
chr3,152080001,152180000,3,2,2,3,3,3
chr3,152180001,152280000,1,4,3,6,0,2
chr3,152280001,152380000,4,3,2,3,3,1
chr3,152380001,152480000,3,6,2,7,1,0
chr3,152480001,152580000,9,3,3,6,3,0
chr3,152580001,152680000,7,5,5,1,2,1
chr3,152680001,152780000,3,3,1,3,5,1
chr3,152780001,152880000,7,4,1,3,1,1
chr3,152880001,152980000,5,3,4,3,5,1
chr3,152980001,153080000,12,5,5,5,4,0
chr3,153080001,153180000,4,5,4,6,2,0
chr3,153180001,153280000,5,4,5,11,6,2
chr3,153280001,153380000,4,1,1,11,2,0
chr3,153380001,153480000,4,6,2,8,2,1
chr3,153480001,153580000,9,7,4,5,3,2
chr3,153580001,153680000,6,3,1,10,1,2
chr3,153680001,153780000,1,7,4,5,5,0
chr3,153780001,153880000,2,5,2,5,1,1
chr3,153880001,153980000,5,4,1,4,4,1
chr3,153980001,154080000,5,4,5,5,3,2
chr3,154080001,154180000,7,11,1,11,1,2
chr3,154180001,154280000,8,9,3,8,0,1
chr3,154280001,154380000,9,5,10,4,5,1
chr3,154380001,154480000,6,5,8,6,1,0
chr3,154480001,154580000,6,5,1,8,4,1
chr3,154580001,154680000,7,3,6,13,3,2
chr3,154680001,154780000,2,4,2,15,1,0
chr3,154780001,154880000,6,1,4,3,0,2
chr3,154880001,154980000,6,6,5,5,2,0
chr3,154980001,155080000,5,1,2,4,2,1
chr3,155080001,155180000,6,7,2,3,3,1
chr3,155180001,155280000,3,4,1,0,0,0
chr3,155280001,155380000,3,2,2,1,4,2
chr3,155380001,155480000,5,2,2,5,1,2
chr3,155480001,155580000,1,4,3,1,0,0
chr3,155580001,155680000,3,3,0,0,2,0
chr3,155680001,155780000,3,4,2,5,0,1
chr3,155780001,155880000,3,7,3,3,4,0
chr3,155880001,155980000,4,4,1,2,3,2
chr3,155980001,156100000,3,5,4,1,0,0
chr3,156100001,156200000,2,6,4,4,1,0
chr3,156200001,156300000,6,2,1,3,4,0
chr3,156300001,156400000,5,5,1,4,1,2
chr3,156400001,156500000,2,0,3,4,4,0
chr3,156500001,156600000,1,2,2,9,3,0
chr3,156600001,156700000,5,2,5,5,1,1
chr3,156700001,156800000,4,1,2,3,0,2
chr3,156800001,156900000,5,3,1,1,2,0
chr3,156900001,157000000,2,1,4,4,1,2
chr3,157000001,157100000,7,2,1,4,0,2
chr3,157100001,157200000,7,3,3,7,5,1
chr3,157200001,157300000,3,7,4,4,1,0
chr3,157300001,157400000,2,8,4,5,2,0
chr3,157400001,157500000,8,8,2,6,5,2
chr3,157500001,157640000,4,7,2,3,6,2
chr3,157640001,157740000,4,5,3,17,7,1
chr3,157740001,157840000,5,3,4,7,4,3
chr3,157840001,157940000,5,4,2,0,0,1
chr3,157940001,158040000,1,2,0,11,3,1
chr3,158040001,158140000,2,4,2,11,1,0
chr3,158140001,158240000,4,4,1,4,5,1
chr3,158240001,158340000,3,4,4,7,4,0
chr3,158340001,158440000,6,2,1,4,1,0
chr3,158440001,158540000,2,4,1,5,5,2
chr3,158540001,158640000,5,8,5,5,2,3
chr3,158640001,158740000,5,6,3,6,3,1
chr3,158740001,158840000,2,8,4,3,5,0
chr3,158840001,158940000,3,10,3,3,2,0
chr3,158940001,159040000,2,5,3,6,4,0
chr3,159040001,159140000,4,5,3,5,5,1
chr3,159140001,159240000,3,6,3,4,4,1
chr3,159240001,159340000,8,2,3,7,5,2
chr3,159340001,159440000,5,1,4,2,1,3
chr3,159440001,159540000,5,3,3,3,2,1
chr3,159540001,159640000,6,3,1,5,1,0
chr3,159640001,159740000,5,2,2,2,0,0
chr3,159740001,159840000,5,2,1,4,0,2
chr3,159840001,159940000,2,3,2,1,1,1
chr3,159940001,160040000,3,1,3,3,1,0
chr3,160040001,160140000,3,4,3,3,2,0
chr3,160140001,160240000,5,4,2,5,0,0
chr3,160240001,160340000,5,2,1,2,1,2
chr3,160340001,160440000,3,5,2,3,3,1
chr3,160440001,160540000,2,8,0,3,2,2
chr3,160540001,160640000,2,7,1,3,2,2
chr3,160640001,160760000,2,4,4,3,3,1
chr3,160760001,160860000,7,2,4,2,3,0
chr3,160860001,160960000,4,5,1,1,2,0
chr3,160960001,161060000,3,6,1,2,2,2
chr3,161060001,161160000,6,3,1,3,2,0
chr3,161160001,161260000,5,5,2,4,1,1
chr3,161260001,161360000,3,7,4,8,1,2
chr3,161360001,161460000,2,7,2,8,3,1
chr3,161460001,161560000,9,8,2,7,2,0
chr3,161560001,161660000,6,9,6,5,3,1
chr3,161660001,161760000,5,9,2,10,4,2
chr3,161760001,161860000,3,10,1,8,4,1
chr3,161860001,161960000,7,5,4,11,3,3
chr3,161960001,162060000,2,16,11,8,5,1
chr3,162060001,162160000,4,7,4,8,3,0
chr3,162160001,162260000,5,8,7,14,2,2
chr3,162260001,162360000,4,16,4,11,3,3
chr3,162360001,162460000,4,8,1,16,2,3
chr3,162460001,162560000,3,7,3,10,2,2
chr3,162560001,162660000,2,6,1,16,5,0
chr3,162660001,162760000,4,11,4,17,9,0
chr3,162760001,162860000,2,5,10,11,4,2
chr3,162860001,162960000,6,11,4,14,5,4
chr3,162960001,163060000,7,7,7,16,5,2
chr3,163060001,163160000,3,13,6,16,8,3
chr3,163160001,163260000,8,12,6,15,4,2
chr3,163260001,163360000,5,13,15,11,4,1
chr3,163360001,163460000,1,17,5,15,3,1
chr3,163460001,163560000,9,13,6,19,6,2
chr3,163560001,163660000,7,11,4,11,7,1
chr3,163660001,163760000,6,15,3,5,2,1
chr3,163760001,163860000,3,18,6,6,4,1
chr3,163860001,163960000,5,15,4,15,3,1
chr3,163960001,164060000,4,14,1,11,0,1
chr3,164060001,164160000,10,6,4,9,5,1
chr3,164160001,164260000,7,11,5,12,0,0
chr3,164260001,164360000,5,17,3,15,5,0
chr3,164360001,164460000,5,7,6,11,5,0
chr3,164460001,164560000,2,12,6,9,4,2
chr3,164560001,164660000,7,6,0,8,1,1
chr3,164660001,164760000,9,11,3,19,3,0
chr3,164760001,164860000,5,7,2,3,2,1
chr3,164860001,164960000,7,12,3,9,8,0
chr3,164960001,165060000,2,8,5,13,2,4
chr3,165060001,165160000,5,7,6,9,4,0
chr3,165160001,165260000,1,8,5,13,2,1
chr3,165260001,165360000,7,6,4,16,5,0
chr3,165360001,165460000,6,10,6,15,0,0
chr3,165460001,165560000,9,7,4,10,5,2
chr3,165560001,165660000,3,7,6,9,3,1
chr3,165660001,165760000,8,8,4,10,5,1
chr3,165760001,165860000,2,4,2,17,6,3
chr3,165860001,165960000,4,7,6,7,4,1
chr3,165960001,166060000,2,6,6,11,7,2
chr3,166060001,166160000,5,4,7,15,1,1
chr3,166160001,166260000,7,5,3,12,2,3
chr3,166260001,166360000,6,4,3,22,1,2
chr3,166360001,166460000,8,5,5,15,1,1
chr3,166460001,166560000,2,9,1,9,3,1
chr3,166560001,166660000,0,6,10,15,0,3
chr3,166660001,166760000,6,5,4,12,3,1
chr3,166760001,166860000,4,12,3,15,1,0
chr3,166860001,166960000,6,9,8,8,2,1
chr3,166960001,167060000,0,5,3,11,0,1
chr3,167060001,167160000,10,6,2,3,1,0
chr3,167160001,167260000,6,5,4,7,4,1
chr3,167260001,167360000,5,4,4,6,3,1
chr3,167360001,167460000,5,4,4,1,2,1
chr3,167460001,167560000,2,2,4,8,1,0
chr3,167560001,167660000,3,7,3,6,2,0
chr3,167660001,167760000,1,1,2,3,1,0
chr3,167760001,167860000,4,5,2,1,4,1
chr3,167860001,167960000,4,4,1,8,3,1
chr3,167960001,168060000,5,9,3,11,3,3
chr3,168060001,168160000,7,4,4,6,3,0
chr3,168160001,168260000,4,5,2,6,2,0
chr3,168260001,168360000,3,6,4,7,2,2
chr3,168360001,168460000,10,10,7,10,4,0
chr3,168460001,168560000,4,5,2,8,6,0
chr3,168560001,168660000,3,3,2,4,2,1
chr3,168660001,168760000,2,5,4,2,1,1
chr3,168760001,168860000,5,6,1,1,1,0
chr3,168860001,168960000,4,5,4,5,2,1
chr3,168960001,169060000,3,1,4,7,1,0
chr3,169060001,169160000,4,5,1,6,5,2
chr3,169160001,169260000,4,5,2,3,3,0
chr3,169260001,169360000,4,5,2,5,1,1
chr3,169360001,169530000,1,4,2,2,3,3
chr3,169530001,169630000,1,3,0,2,1,1
chr3,169630001,169730000,6,5,1,5,1,0
chr3,169730001,169830000,9,4,1,2,5,0
chr3,169830001,169930000,3,4,5,3,4,2
chr3,169930001,170030000,1,2,5,6,2,0
chr3,170030001,170130000,1,4,0,4,6,1
chr3,170130001,170230000,4,1,2,3,2,1
chr3,170230001,170330000,4,3,1,6,1,1
chr3,170330001,170430000,1,3,3,6,1,1
chr3,170430001,170530000,1,5,3,6,1,0
chr3,170530001,170630000,6,6,4,2,2,0
chr3,170630001,170730000,2,5,3,5,3,2
chr3,170730001,170830000,7,5,2,0,2,0
chr3,170830001,170930000,3,2,0,1,1,0
chr3,170930001,171030000,6,4,3,4,3,1
chr3,171030001,171130000,4,5,2,2,2,0
chr3,171130001,171230000,2,2,0,2,0,0
chr3,171230001,171330000,4,5,2,4,2,0
chr3,171330001,171430000,1,2,0,2,1,1
chr3,171430001,171530000,4,2,2,2,0,0
chr3,171530001,171630000,5,1,0,3,2,0
chr3,171630001,171730000,3,5,2,4,1,0
chr3,171730001,171830000,3,4,3,1,4,1
chr3,171830001,171930000,3,4,0,3,3,0
chr3,171930001,172030000,5,3,0,0,0,0
chr3,172030001,172130000,3,0,0,4,3,1
chr3,172130001,172230000,2,4,3,2,4,0
chr3,172230001,172330000,6,3,3,1,1,1
chr3,172330001,172430000,4,0,4,1,2,0
chr3,172430001,172530000,2,4,0,1,0,0
chr3,172530001,172630000,1,6,6,2,1,4
chr3,172630001,172730000,1,5,1,5,3,2
chr3,172730001,172830000,3,6,3,4,4,2
chr3,172830001,172930000,2,10,2,5,1,1
chr3,172930001,173030000,2,5,1,11,2,0
chr3,173030001,173130000,0,13,5,10,2,2
chr3,173130001,173230000,5,8,4,8,0,2
chr3,173230001,173330000,8,9,2,10,7,0
chr3,173330001,173430000,1,2,0,14,0,1
chr3,173430001,173530000,6,12,2,5,1,0
chr3,173530001,173630000,9,11,2,10,1,0
chr3,173630001,173730000,3,5,5,7,1,2
chr3,173730001,173830000,6,6,3,8,3,3
chr3,173830001,173930000,2,3,4,11,2,2
chr3,173930001,174050000,5,9,5,9,2,3
chr3,174050001,174150000,4,3,1,11,3,2
chr3,174150001,174250000,3,2,4,6,2,1
chr3,174250001,174350000,3,2,0,9,2,1
chr3,174350001,174450000,1,5,1,6,2,0
chr3,174450001,174550000,2,3,1,3,2,0
chr3,174550001,174650000,7,1,2,3,2,2
chr3,174650001,174750000,5,5,2,4,2,0
chr3,174750001,174850000,0,6,3,1,1,0
chr3,174850001,174950000,2,3,2,4,0,3
chr3,174950001,175050000,6,5,3,8,2,2
chr3,175050001,175150000,4,8,5,8,2,2
chr3,175150001,175250000,2,5,0,3,1,2
chr3,175250001,175350000,4,7,1,3,1,1
chr3,175350001,175450000,4,3,1,6,2,2
chr3,175450001,175570000,5,5,0,5,1,2
chr3,175570001,175670000,5,3,3,5,2,2
chr3,175670001,175770000,8,4,4,5,2,3
chr3,175770001,175870000,3,8,3,11,1,2
chr3,175870001,175970000,7,5,4,14,3,1
chr3,175970001,176070000,12,5,5,4,2,1
chr3,176070001,176170000,5,11,8,10,2,3
chr3,176170001,176270000,3,7,2,7,1,1
chr3,176270001,176370000,4,6,6,6,3,0
chr3,176370001,176470000,7,1,2,9,3,0
chr3,176470001,176570000,4,2,2,9,2,0
chr3,176570001,176670000,4,5,4,5,1,0
chr3,176670001,176770000,6,2,1,2,4,1
chr3,176770001,176870000,5,2,1,8,2,1
chr3,176870001,176970000,2,5,1,2,1,2
chr3,176970001,177070000,4,8,1,6,3,1
chr3,177070001,177170000,6,4,2,1,1,2
chr3,177170001,177270000,3,2,0,2,5,1
chr3,177270001,177370000,6,3,1,3,1,3
chr3,177370001,177470000,4,3,2,4,0,0
chr3,177470001,177570000,3,3,0,5,0,0
chr3,177570001,177670000,2,2,2,6,0,1
chr3,177670001,177770000,1,10,4,7,1,1
chr3,177770001,177870000,5,3,2,6,2,1
chr3,177870001,177970000,3,7,1,4,2,1
chr3,177970001,178070000,4,4,1,4,3,2
chr3,178070001,178170000,2,7,2,10,1,1
chr3,178170001,178270000,5,6,2,2,5,2
chr3,178270001,178370000,3,9,2,6,1,2
chr3,178370001,178470000,5,4,5,4,5,0
chr3,178470001,178570000,7,5,3,6,1,1
chr3,178570001,178670000,5,4,4,8,2,2
chr3,178670001,178770000,2,8,2,4,2,1
chr3,178770001,178870000,11,4,1,5,1,0
chr3,178870001,178970000,11,5,3,2,2,0
chr3,178970001,179070000,5,3,4,2,1,0
chr3,179070001,179170000,1,3,5,3,4,2
chr3,179170001,179270000,2,13,1,6,3,1
chr3,179270001,179370000,1,4,2,5,2,1
chr3,179370001,179470000,4,1,4,3,2,0
chr3,179470001,179570000,4,3,3,4,0,1
chr3,179570001,179670000,5,4,2,10,1,1
chr3,179670001,179770000,3,13,2,17,6,4
chr3,179770001,179870000,5,8,6,12,2,2
chr3,179870001,179970000,2,14,2,8,3,2
chr3,179970001,180070000,4,6,5,10,4,0
chr3,180070001,180170000,5,11,8,10,3,1
chr3,180170001,180270000,3,13,2,13,1,1
chr3,180270001,180370000,9,6,3,6,2,0
chr3,180370001,180470000,6,5,3,16,3,2
chr3,180470001,180570000,5,9,4,7,6,0
chr3,180570001,180670000,4,5,6,9,6,2
chr3,180670001,180770000,7,8,8,5,6,3
chr3,180770001,180870000,4,5,4,12,2,3
chr3,180870001,180970000,8,3,3,6,3,0
chr3,180970001,181070000,8,8,6,8,4,0
chr3,181070001,181170000,10,5,6,10,0,0
chr3,181170001,181270000,2,4,1,7,1,1
chr3,181270001,181370000,1,7,2,12,3,1
chr3,181370001,181470000,5,4,3,11,0,0
chr3,181470001,181570000,3,5,4,5,3,0
chr3,181570001,181670000,3,3,2,9,0,0
chr3,181670001,181770000,5,2,4,9,1,0
chr3,181770001,181870000,1,3,4,6,1,1
chr3,181870001,181970000,1,0,2,4,3,1
chr3,181970001,182070000,4,2,2,2,3,0
chr3,182070001,182170000,4,3,3,6,2,0
chr3,182170001,182270000,6,8,4,3,2,2
chr3,182270001,182370000,4,4,2,2,3,0
chr3,182370001,182470000,2,15,2,3,3,0
chr3,182470001,182570000,4,5,0,3,1,0
chr3,182570001,182670000,1,2,3,3,3,1
chr3,182670001,182780000,2,3,2,3,2,0
chr3,182780001,182880000,0,9,1,6,1,1
chr3,182880001,182980000,6,3,1,2,2,0
chr3,182980001,183080000,4,1,3,1,3,1
chr3,183080001,183180000,2,8,2,1,0,0
chr3,183180001,183280000,2,1,0,2,2,1
chr3,183280001,183380000,6,2,3,2,1,0
chr3,183380001,183480000,3,6,1,2,1,2
chr3,183480001,183580000,4,4,2,0,0,0
chr3,183580001,183690000,6,4,0,3,1,1
chr3,183690001,183790000,3,2,1,2,3,2
chr3,183800001,183900000,0,3,3,6,0,2
chr3,183900001,184000000,2,1,2,1,2,1
chr3,184000001,184100000,2,3,0,1,1,0
chr3,184100001,184200000,1,7,4,2,0,0
chr3,184200001,184300000,0,2,2,1,2,1
chr3,184300001,184400000,2,2,1,1,1,1
chr3,184400001,184500000,1,4,2,5,3,0
chr3,184500001,184600000,4,1,1,2,0,0
chr3,184600001,184700000,3,4,0,0,0,0
chr3,184700001,184800000,3,4,5,5,2,1
chr3,184800001,184900000,3,2,3,2,0,2
chr3,184900001,185000000,0,3,2,6,0,0
chr3,185000001,185100000,4,5,1,4,2,1
chr3,185100001,185200000,5,3,0,3,2,0
chr3,185200001,185350000,4,2,2,1,0,0
chr3,185350001,185450000,1,3,0,2,0,0
chr3,185450001,185550000,2,0,2,5,1,1
chr3,185550001,185650000,4,1,6,7,0,1
chr3,185650001,185750000,5,2,3,5,0,1
chr3,185750001,185850000,8,3,0,1,1,0
chr3,185850001,185950000,3,0,0,2,2,0
chr3,185950001,186050000,2,7,4,3,2,2
chr3,186050001,186150000,2,2,3,3,1,1
chr3,186150001,186250000,4,2,0,1,2,0
chr3,186250001,186350000,1,1,0,4,3,0
chr3,186350001,186450000,2,1,0,1,2,0
chr3,186450001,186550000,3,2,4,9,0,0
chr3,186550001,186650000,0,0,1,3,2,0
chr3,186650001,186750000,3,5,2,1,0,1
chr3,186750001,186850000,3,4,2,6,6,0
chr3,186850001,186950000,1,4,1,1,6,1
chr3,186950001,187050000,1,2,4,5,3,0
chr3,187050001,187150000,6,1,3,4,5,2
chr3,187150001,187250000,1,2,1,2,4,0
chr3,187250001,187350000,3,0,3,4,2,0
chr3,187350001,187450000,4,4,0,8,1,2
chr3,187450001,187550000,3,1,2,2,1,0
chr3,187550001,187650000,7,5,1,2,1,2
chr3,187650001,187750000,2,1,0,5,0,1
chr3,187750001,187850000,3,2,1,1,2,0
chr3,187850001,187950000,8,4,3,3,1,0
chr3,187950001,188050000,8,1,1,1,1,4
chr3,188050001,188150000,6,3,0,1,2,0
chr3,188150001,188250000,8,2,0,1,3,1
chr3,188250001,188350000,2,1,0,3,2,1
chr3,188350001,188450000,5,0,0,0,1,2
chr3,188450001,188550000,4,5,2,1,0,1
chr3,188550001,188650000,2,0,2,0,0,0
chr3,188650001,188750000,1,2,2,5,1,0
chr3,188750001,188850000,4,2,2,4,3,0
chr3,188850001,188950000,2,5,1,3,1,2
chr3,188950001,189050000,4,1,0,2,0,0
chr3,189050001,189150000,2,3,5,1,1,0
chr3,189150001,189260000,3,2,2,2,1,1
chr3,189260001,189360000,4,2,1,1,5,4
chr3,189360001,189460000,4,3,3,4,2,1
chr3,189460001,189560000,8,3,2,2,3,1
chr3,189560001,189660000,4,3,2,3,2,3
chr3,189660001,189760000,8,5,1,2,5,3
chr3,189760001,189860000,3,2,0,3,3,2
chr3,189860001,189960000,3,3,0,3,4,0
chr3,189960001,190060000,3,2,1,8,1,0
chr3,190060001,190160000,4,1,3,3,2,0
chr3,190160001,190260000,4,0,2,6,0,1
chr3,190260001,190360000,1,1,0,1,1,1
chr3,190360001,190460000,0,2,1,5,3,1
chr3,190460001,190560000,1,8,1,6,0,1
chr3,190560001,190660000,5,2,1,10,3,1
chr3,190660001,190760000,4,5,6,7,0,1
chr3,190760001,190860000,2,7,7,6,2,2
chr3,190860001,190960000,6,8,3,13,1,2
chr3,190960001,191060000,3,7,0,5,1,2
chr3,191060001,191160000,2,4,2,3,2,1
chr3,191160001,191260000,6,4,4,9,5,0
chr3,191260001,191360000,8,9,7,5,4,2
chr3,191360001,191460000,4,6,4,14,5,1
chr3,191460001,191560000,3,9,4,11,5,1
chr3,191560001,191660000,5,8,1,8,1,3
chr3,191660001,191760000,8,5,3,10,4,1
chr3,191760001,191860000,4,5,5,10,3,2
chr3,191860001,191960000,4,5,4,6,4,1
chr3,191960001,192060000,2,7,5,7,2,1
chr3,192060001,192160000,2,3,4,5,1,1
chr3,192160001,192260000,6,4,4,9,1,2
chr3,192260001,192360000,5,2,5,10,1,0
chr3,192360001,192460000,3,6,3,2,2,4
chr3,192460001,192560000,2,4,3,4,2,2
chr3,192560001,192660000,4,4,3,1,1,0
chr3,192660001,192760000,2,6,2,3,1,0
chr3,192760001,192860000,9,3,1,8,1,1
chr3,192860001,192960000,3,4,3,6,3,1
chr3,192960001,193060000,7,3,5,1,2,3
chr3,193060001,193160000,5,2,1,6,2,2
chr3,193160001,193260000,5,5,5,7,3,1
chr3,193260001,193360000,2,2,2,1,2,0
chr3,193360001,193460000,3,2,1,0,2,0
chr3,193460001,193560000,0,4,1,3,0,0
chr3,193560001,193660000,2,6,3,1,1,0
chr3,193660001,193760000,2,3,1,1,1,0
chr3,193760001,193860000,6,4,0,3,1,0
chr3,193860001,193960000,2,6,1,1,2,0
chr3,193960001,194060000,4,1,1,3,2,0
chr3,194060001,194160000,3,5,1,2,3,1
chr3,194160001,194260000,5,5,4,0,2,0
chr3,194260001,194360000,0,3,1,0,2,0
chr3,194360001,194460000,2,5,2,1,1,0
chr3,194460001,194560000,4,0,1,0,3,1
chr3,194560001,194660000,1,4,0,3,3,1
chr3,194660001,194760000,2,7,0,2,0,1
chr3,194760001,194860000,2,3,1,5,2,0
chr3,194860001,194960000,1,3,2,4,1,3
chr3,194960001,195060000,3,5,0,4,0,1
chr3,195060001,195160000,4,5,0,2,1,2
chr3,195160001,195300000,0,3,2,3,1,0
chr3,195300001,195560000,0,3,2,2,0,0
chr3,195560001,195770000,3,4,1,1,1,2
chr3,195770001,195870000,1,1,1,2,2,0
chr3,195870001,195970000,2,5,0,1,0,1
chr3,195970001,196070000,2,3,2,2,0,1
chr3,196070001,196170000,4,2,2,2,4,0
chr3,196170001,196270000,3,3,2,1,3,0
chr3,196270001,196370000,4,1,0,3,1,1
chr3,196370001,196470000,2,2,3,3,1,0
chr3,196470001,196570000,4,5,1,3,1,0
chr3,196570001,196690000,2,4,1,1,3,0
chr3,196690001,196810000,5,2,0,2,1,1
chr3,196810001,196910000,3,1,1,3,1,2
chr3,196910001,197010000,7,3,1,1,2,0
chr3,197010001,197110000,4,1,2,6,3,1
chr3,197190001,197290000,2,2,0,1,4,0
chr3,197290001,197480000,1,3,0,0,2,2
chr3,197480001,197580000,3,1,1,2,2,0
chr3,197580001,197680000,4,2,1,2,1,2
chr3,197680001,197780000,1,0,0,2,3,0
chr4,70001,170000,3,2,1,1,5,1
chr4,170001,270000,2,1,2,4,2,1
chr4,270001,370000,3,2,3,7,2,0
chr4,370001,470000,2,0,3,5,1,0
chr4,470001,570000,0,0,0,5,4,0
chr4,570001,670000,1,2,1,1,0,1
chr4,670001,770000,1,2,0,1,1,0
chr4,770001,870000,1,2,0,1,0,0
chr4,870001,970000,1,1,0,1,1,1
chr4,970001,1070000,5,0,0,0,1,1
chr4,1070001,1170000,2,0,0,1,3,0
chr4,1170001,1270000,2,2,1,3,2,1
chr4,1270001,1370000,2,2,0,1,0,0
chr4,1370001,1530000,4,4,1,3,2,0
chr4,1530001,1630000,3,0,0,0,2,1
chr4,1630001,1730000,0,1,2,4,0,2
chr4,1730001,1830000,0,2,4,0,0,0
chr4,1830001,1930000,4,0,2,2,2,1
chr4,1930001,2030000,2,2,1,1,2,1
chr4,2030001,2130000,1,1,3,0,2,0
chr4,2130001,2230000,1,1,1,0,1,0
chr4,2230001,2330000,1,0,0,1,0,0
chr4,2330001,2430000,3,1,2,1,1,0
chr4,2430001,2530000,0,0,1,4,2,1
chr4,2530001,2630000,2,2,1,6,3,0
chr4,2630001,2730000,0,0,1,2,1,0
chr4,2730001,2830000,4,3,1,4,1,2
chr4,2830001,2930000,3,3,1,0,1,0
chr4,2930001,3030000,2,1,1,2,0,0
chr4,3030001,3130000,1,2,1,3,1,0
chr4,3130001,3230000,3,3,0,2,2,1
chr4,3230001,3330000,2,0,0,1,0,1
chr4,3330001,3430000,1,1,1,3,2,1
chr4,3430001,3530000,2,3,0,1,2,0
chr4,3530001,3630000,5,5,0,0,2,0
chr4,3630001,3730000,3,2,1,1,0,0
chr4,3730001,3830000,0,2,0,1,1,1
chr4,3830001,3930000,2,3,0,0,3,1
chr4,3930001,4030000,0,3,0,0,1,2
chr4,4030001,4130000,1,2,0,5,1,1
chr4,4130001,4230000,0,5,2,0,2,1
chr4,4230001,4330000,5,0,2,2,0,1
chr4,4330001,4430000,1,2,0,3,3,0
chr4,4430001,4530000,4,4,4,2,1,1
chr4,4530001,4630000,5,4,2,5,5,1
chr4,4630001,4730000,4,3,2,3,1,1
chr4,4730001,4830000,0,5,0,2,1,0
chr4,4830001,4930000,2,4,3,3,1,0
chr4,4930001,5030000,3,4,1,4,3,0
chr4,5030001,5130000,4,4,5,6,3,1
chr4,5130001,5230000,2,5,2,7,5,1
chr4,5230001,5330000,1,2,0,8,3,0
chr4,5330001,5430000,1,1,0,7,2,0
chr4,5430001,5530000,4,5,4,3,5,1
chr4,5530001,5630000,3,2,0,5,1,0
chr4,5630001,5730000,4,3,2,1,0,0
chr4,5730001,5830000,0,1,1,1,1,1
chr4,5830001,5930000,3,7,2,4,1,0
chr4,5930001,6030000,1,2,3,4,2,0
chr4,6030001,6130000,1,4,1,3,1,0
chr4,6130001,6230000,3,2,4,2,0,1
chr4,6230001,6330000,2,1,1,1,1,0
chr4,6330001,6430000,3,3,1,3,0,0
chr4,6430001,6530000,3,3,0,1,1,0
chr4,6530001,6630000,3,2,0,1,2,1
chr4,6630001,6730000,3,5,1,1,1,0
chr4,6730001,6830000,4,3,0,2,0,0
chr4,6830001,6930000,2,2,1,5,1,1
chr4,6930001,7030000,2,3,0,1,1,1
chr4,7030001,7130000,2,1,0,1,0,1
chr4,7130001,7230000,2,0,1,4,0,1
chr4,7230001,7330000,3,0,0,0,3,0
chr4,7330001,7430000,2,0,2,1,1,0
chr4,7430001,7530000,4,0,1,0,2,1
chr4,7530001,7630000,2,1,2,3,0,0
chr4,7630001,7730000,1,2,1,1,0,0
chr4,7730001,7830000,1,2,0,1,1,0
chr4,7830001,7930000,2,1,0,3,0,0
chr4,7930001,8030000,1,1,1,2,1,0
chr4,8030001,8130000,1,1,0,2,2,1
chr4,8130001,8230000,0,1,2,2,2,1
chr4,8230001,8330000,3,0,0,2,1,0
chr4,8330001,8430000,2,1,2,2,3,0
chr4,8430001,8530000,3,1,0,1,2,0
chr4,8530001,8630000,3,3,0,0,1,1
chr4,8630001,8730000,2,1,1,2,2,1
chr4,8730001,8830000,4,1,0,1,1,0
chr4,8830001,8930000,4,6,2,2,1,0
chr4,8930001,9030000,0,2,2,4,0,3
chr4,9030001,9130000,2,3,0,7,2,1
chr4,9130001,9420000,2,5,2,2,1,1
chr4,9420001,9520000,0,2,4,0,2,0
chr4,9520001,9620000,2,4,0,2,2,1
chr4,9620001,9720000,4,2,0,1,1,0
chr4,9720001,9820000,2,3,2,0,1,1
chr4,9820001,9920000,5,1,1,2,0,1
chr4,9920001,10020000,1,2,1,1,0,0
chr4,10020001,10120000,1,4,1,1,0,1
chr4,10120001,10220000,2,2,2,2,0,1
chr4,10220001,10320000,0,1,0,0,1,0
chr4,10320001,10420000,1,3,3,2,1,1
chr4,10420001,10520000,1,3,2,7,2,0
chr4,10520001,10620000,2,0,2,7,3,0
chr4,10620001,10720000,4,1,2,2,3,0
chr4,10720001,10820000,2,3,0,1,3,3
chr4,10820001,10920000,2,7,1,2,0,3
chr4,10920001,11020000,2,4,1,1,2,2
chr4,11020001,11120000,1,4,3,5,4,2
chr4,11120001,11220000,4,3,2,3,1,0
chr4,11220001,11320000,3,2,1,4,1,1
chr4,11320001,11420000,1,2,0,2,3,0
chr4,11420001,11520000,3,1,0,5,2,1
chr4,11520001,11620000,3,4,2,2,0,0
chr4,11620001,11720000,4,1,2,4,1,1
chr4,11720001,11820000,5,3,3,2,1,0
chr4,11820001,11920000,4,5,4,3,1,3
chr4,11920001,12020000,7,7,1,7,4,1
chr4,12020001,12120000,5,7,2,8,4,0
chr4,12120001,12220000,3,2,2,9,5,0
chr4,12220001,12320000,3,3,6,11,1,1
chr4,12320001,12420000,3,3,3,8,1,2
chr4,12420001,12520000,2,2,2,9,3,2
chr4,12520001,12620000,3,4,5,7,2,1
chr4,12620001,12720000,1,3,2,4,4,2
chr4,12720001,12820000,3,5,4,6,3,1
chr4,12820001,12920000,0,5,4,6,2,1
chr4,12920001,13020000,3,4,1,5,2,2
chr4,13020001,13120000,3,6,4,7,3,0
chr4,13120001,13220000,2,5,2,1,1,1
chr4,13220001,13320000,0,3,1,5,3,2
chr4,13320001,13420000,2,1,1,6,2,2
chr4,13420001,13520000,1,0,0,5,4,3
chr4,13520001,13620000,6,2,1,2,1,0
chr4,13620001,13720000,1,5,4,9,5,1
chr4,13720001,13820000,0,5,4,4,4,0
chr4,13820001,13920000,2,2,3,7,3,1
chr4,13920001,14020000,1,7,2,5,1,1
chr4,14020001,14120000,4,6,7,7,0,0
chr4,14120001,14220000,6,5,5,5,0,1
chr4,14220001,14320000,1,4,2,3,3,2
chr4,14320001,14420000,1,5,2,5,4,1
chr4,14420001,14520000,2,1,3,5,2,0
chr4,14520001,14620000,2,2,9,3,1,1
chr4,14620001,14720000,2,2,3,5,2,0
chr4,14720001,14820000,1,0,0,6,2,0
chr4,14820001,14920000,0,1,1,3,6,1
chr4,14920001,15020000,3,2,2,2,3,4
chr4,15020001,15120000,2,1,2,2,4,9
chr4,15120001,15220000,3,1,1,5,0,0
chr4,15220001,15320000,2,4,2,6,3,1
chr4,15320001,15420000,2,1,1,4,0,0
chr4,15420001,15520000,1,1,4,3,2,0
chr4,15520001,15620000,0,1,0,1,0,1
chr4,15620001,15720000,2,1,1,5,4,0
chr4,15720001,15820000,6,0,4,2,0,1
chr4,15820001,15920000,0,2,2,1,2,1
chr4,15920001,16020000,2,1,3,2,1,0
chr4,16020001,16120000,2,3,3,3,2,1
chr4,16120001,16220000,2,5,0,1,0,1
chr4,16220001,16320000,3,0,0,1,0,0
chr4,16320001,16420000,4,2,4,2,3,2
chr4,16420001,16520000,2,4,3,5,1,1
chr4,16520001,16620000,2,6,3,6,2,1
chr4,16620001,16720000,1,6,5,3,4,0
chr4,16720001,16820000,5,8,2,10,5,0
chr4,16820001,16920000,1,2,7,6,5,1
chr4,16920001,17020000,2,8,4,1,1,1
chr4,17020001,17120000,4,9,1,7,2,1
chr4,17120001,17220000,3,7,1,11,5,1
chr4,17220001,17320000,3,6,1,9,5,1
chr4,17320001,17420000,4,7,1,7,3,0
chr4,17420001,17520000,2,4,0,4,0,0
chr4,17520001,17620000,2,5,3,7,2,1
chr4,17620001,17720000,3,0,1,1,1,0
chr4,17720001,17820000,2,0,4,3,2,2
chr4,17820001,17920000,4,3,5,2,4,1
chr4,17920001,18020000,1,3,0,1,4,1
chr4,18020001,18120000,1,5,3,1,1,0
chr4,18120001,18220000,6,5,2,3,7,0
chr4,18220001,18320000,2,5,2,5,5,4
chr4,18320001,18420000,5,6,0,2,4,2
chr4,18420001,18520000,2,10,6,3,4,0
chr4,18520001,18620000,4,8,7,2,2,1
chr4,18620001,18720000,1,9,3,5,1,1
chr4,18720001,18820000,3,3,7,8,3,1
chr4,18820001,18920000,2,8,4,9,3,0
chr4,18920001,19020000,2,10,3,12,5,3
chr4,19020001,19120000,5,4,3,6,2,1
chr4,19120001,19220000,1,6,4,6,6,2
chr4,19220001,19320000,2,6,5,6,4,2
chr4,19320001,19420000,6,5,2,7,3,2
chr4,19420001,19520000,1,0,3,5,4,1
chr4,19520001,19620000,1,1,5,13,7,2
chr4,19620001,19720000,0,9,5,8,4,0
chr4,19720001,19820000,5,5,6,10,2,2
chr4,19820001,19920000,2,9,3,6,8,2
chr4,19920001,20020000,2,5,6,8,3,1
chr4,20020001,20120000,4,5,2,8,1,0
chr4,20120001,20220000,5,8,4,11,4,1
chr4,20220001,20320000,2,1,0,7,6,1
chr4,20320001,20420000,2,3,4,11,0,0
chr4,20420001,20520000,3,2,5,8,4,2
chr4,20520001,20620000,4,2,6,6,4,2
chr4,20620001,20720000,3,3,2,10,2,2
chr4,20720001,20820000,2,3,1,6,3,1
chr4,20820001,20920000,3,7,1,8,1,4
chr4,20920001,21020000,8,3,1,9,4,2
chr4,21020001,21120000,3,7,3,11,1,2
chr4,21120001,21220000,1,2,0,5,5,0
chr4,21220001,21320000,3,5,3,8,8,3
chr4,21320001,21420000,4,2,5,10,1,1
chr4,21420001,21520000,2,5,3,11,2,3
chr4,21520001,21620000,3,7,4,6,1,1
chr4,21620001,21720000,2,4,4,5,4,3
chr4,21720001,21820000,1,7,1,4,2,1
chr4,21820001,21920000,4,6,4,5,2,1
chr4,21920001,22020000,6,4,0,5,0,1
chr4,22020001,22120000,3,6,0,5,3,0
chr4,22120001,22220000,2,7,2,6,4,0
chr4,22220001,22320000,0,4,0,3,2,0
chr4,22320001,22420000,1,2,3,2,3,0
chr4,22420001,22520000,2,0,0,2,1,0
chr4,22520001,22620000,2,4,1,2,2,0
chr4,22620001,22720000,4,1,0,1,0,0
chr4,22720001,22820000,7,2,4,6,1,1
chr4,22820001,22920000,3,3,2,0,2,0
chr4,22920001,23020000,3,5,2,4,3,0
chr4,23020001,23120000,4,5,3,2,3,2
chr4,23120001,23220000,0,0,3,1,6,1
chr4,23220001,23320000,3,8,5,3,2,0
chr4,23320001,23420000,4,3,4,3,4,0
chr4,23420001,23520000,4,5,4,6,3,3
chr4,23520001,23620000,3,0,3,6,3,3
chr4,23620001,23720000,2,2,7,3,2,0
chr4,23720001,23820000,0,3,1,2,1,0
chr4,23820001,23920000,2,1,0,5,0,0
chr4,23920001,24020000,3,3,4,2,1,4
chr4,24020001,24120000,1,3,1,2,3,1
chr4,24120001,24220000,2,2,0,3,1,0
chr4,24220001,24320000,2,5,2,7,1,0
chr4,24320001,24420000,3,3,4,0,3,0
chr4,24420001,24520000,1,2,0,3,4,0
chr4,24520001,24620000,6,1,2,3,2,1
chr4,24620001,24720000,4,3,0,2,1,0
chr4,24720001,24820000,4,3,1,0,1,2
chr4,24820001,24920000,2,0,0,1,0,0
chr4,24920001,25020000,5,1,2,4,1,1
chr4,25020001,25120000,0,1,2,2,1,0
chr4,25120001,25220000,2,0,2,2,7,0
chr4,25220001,25320000,4,1,0,1,2,2
chr4,25320001,25420000,3,0,0,0,1,0
chr4,25420001,25520000,2,1,2,3,1,0
chr4,25520001,25620000,2,3,5,1,1,0
chr4,25620001,25720000,5,5,6,2,1,1
chr4,25720001,25820000,3,0,2,2,2,0
chr4,25820001,25920000,1,3,0,4,3,0
chr4,25920001,26020000,1,1,1,1,1,1
chr4,26020001,26120000,2,2,0,7,1,0
chr4,26120001,26220000,2,2,0,1,0,0
chr4,26220001,26320000,1,2,6,3,4,2
chr4,26320001,26420000,1,1,1,3,3,0
chr4,26420001,26520000,2,2,1,3,3,0
chr4,26520001,26620000,3,0,0,1,0,1
chr4,26620001,26720000,1,1,0,6,4,0
chr4,26720001,26820000,2,0,3,2,0,1
chr4,26820001,26920000,1,0,4,4,1,2
chr4,26920001,27020000,1,3,4,3,3,1
chr4,27020001,27120000,1,6,2,3,1,0
chr4,27120001,27220000,0,1,2,6,4,2
chr4,27220001,27320000,5,4,4,9,0,1
chr4,27320001,27420000,6,5,4,7,0,1
chr4,27420001,27520000,3,4,2,6,3,0
chr4,27520001,27620000,4,3,4,7,5,1
chr4,27620001,27720000,0,3,3,10,3,0
chr4,27720001,27820000,2,1,6,15,1,2
chr4,27820001,27920000,4,5,5,11,4,1
chr4,27920001,28020000,1,7,4,9,2,0
chr4,28020001,28120000,6,6,5,10,1,1
chr4,28120001,28220000,4,5,2,10,1,5
chr4,28220001,28320000,4,5,4,9,2,1
chr4,28320001,28420000,5,13,5,9,4,0
chr4,28420001,28520000,2,4,4,10,3,1
chr4,28520001,28620000,2,7,5,9,5,0
chr4,28620001,28720000,2,8,2,11,1,3
chr4,28720001,28820000,4,4,9,18,0,5
chr4,28820001,28920000,3,10,13,13,3,2
chr4,28920001,29020000,3,8,6,11,4,2
chr4,29020001,29120000,1,9,6,19,1,2
chr4,29120001,29220000,5,11,5,15,3,1
chr4,29220001,29320000,0,10,4,10,4,3
chr4,29320001,29420000,4,5,8,17,2,1
chr4,29420001,29520000,6,4,1,9,6,1
chr4,29520001,29620000,4,5,10,11,2,2
chr4,29620001,29720000,2,2,10,11,3,1
chr4,29720001,29820000,2,4,6,8,3,1
chr4,29820001,29920000,4,8,4,10,4,0
chr4,29920001,30020000,5,8,6,12,5,2
chr4,30020001,30120000,9,1,7,10,5,0
chr4,30120001,30220000,3,3,8,17,2,1
chr4,30220001,30320000,7,4,9,13,1,0
chr4,30320001,30420000,4,5,7,10,1,0
chr4,30420001,30520000,2,4,4,5,5,2
chr4,30520001,30620000,2,6,6,7,1,0
chr4,30620001,30720000,1,3,2,9,1,0
chr4,30720001,30820000,3,3,4,7,2,0
chr4,30820001,30920000,3,2,2,3,6,0
chr4,30920001,31020000,5,2,5,0,3,2
chr4,31020001,31120000,5,0,4,2,1,2
chr4,31120001,31220000,3,3,6,1,5,0
chr4,31220001,31320000,6,2,3,4,0,1
chr4,31320001,31420000,2,3,2,8,5,0
chr4,31420001,31520000,4,6,3,9,5,0
chr4,31520001,31620000,5,4,6,11,1,0
chr4,31620001,31720000,2,3,8,7,3,0
chr4,31720001,31820000,4,4,8,8,3,0
chr4,31820001,31920000,6,4,7,14,1,1
chr4,31920001,32020000,6,2,6,15,2,1
chr4,32020001,32120000,4,4,6,14,6,0
chr4,32120001,32220000,1,3,7,14,1,1
chr4,32220001,32320000,2,3,6,10,4,1
chr4,32320001,32420000,3,2,5,18,6,4
chr4,32420001,32520000,2,5,4,14,7,1
chr4,32520001,32620000,4,6,8,17,3,2
chr4,32620001,32720000,3,5,4,8,5,1
chr4,32720001,32820000,1,3,4,12,8,0
chr4,32820001,32920000,3,4,6,20,5,0
chr4,32920001,33020000,6,7,7,8,6,1
chr4,33020001,33120000,7,6,9,10,4,0
chr4,33120001,33220000,3,3,10,9,4,1
chr4,33220001,33320000,6,3,8,14,5,4
chr4,33320001,33420000,3,6,8,12,7,0
chr4,33420001,33520000,3,7,8,14,2,1
chr4,33520001,33620000,3,7,1,17,2,3
chr4,33620001,33720000,4,6,10,13,4,5
chr4,33720001,33820000,3,10,4,11,6,0
chr4,33820001,33920000,2,14,5,13,8,2
chr4,33920001,34020000,5,4,9,7,4,0
chr4,34020001,34120000,6,9,6,15,9,1
chr4,34120001,34220000,2,9,6,9,3,2
chr4,34220001,34320000,0,5,5,5,3,2
chr4,34320001,34420000,1,6,11,12,5,2
chr4,34420001,34520000,3,8,12,10,4,0
chr4,34520001,34620000,4,4,7,17,6,3
chr4,34620001,34720000,6,6,8,7,4,0
chr4,34720001,34820000,2,4,6,10,2,3
chr4,34820001,34920000,3,10,11,18,2,0
chr4,34920001,35020000,2,2,9,8,3,4
chr4,35020001,35120000,4,7,3,8,7,1
chr4,35120001,35220000,2,7,4,5,16,1
chr4,35220001,35320000,1,6,6,9,4,2
chr4,35320001,35420000,3,3,8,10,5,1
chr4,35420001,35520000,2,5,5,7,4,1
chr4,35520001,35620000,3,9,7,6,1,1
chr4,35620001,35720000,3,7,2,10,3,0
chr4,35720001,35820000,2,4,2,11,5,2
chr4,35820001,35920000,5,2,3,8,1,0
chr4,35920001,36020000,5,6,1,7,2,2
chr4,36020001,36120000,5,3,2,5,0,1
chr4,36120001,36220000,6,1,2,1,3,1
chr4,36220001,36320000,1,3,3,3,2,2
chr4,36320001,36420000,2,3,2,4,1,1
chr4,36420001,36520000,4,4,4,6,3,0
chr4,36520001,36620000,1,3,2,6,5,0
chr4,36620001,36720000,3,8,3,7,3,1
chr4,36720001,36820000,2,6,3,2,2,0
chr4,36820001,36920000,3,3,0,1,5,0
chr4,36920001,37020000,2,3,2,2,2,0
chr4,37020001,37120000,4,2,0,8,1,1
chr4,37120001,37220000,3,0,3,3,1,2
chr4,37220001,37320000,3,2,1,4,7,0
chr4,37320001,37420000,3,2,2,3,1,2
chr4,37420001,37520000,2,1,1,1,1,1
chr4,37520001,37620000,3,1,2,2,1,2
chr4,37620001,37720000,1,3,0,0,1,0
chr4,37720001,37820000,1,2,1,0,6,0
chr4,37820001,37920000,5,2,0,1,2,0
chr4,37920001,38020000,0,3,2,1,2,0
chr4,38020001,38120000,1,2,1,3,3,1
chr4,38120001,38220000,3,0,1,2,0,0
chr4,38220001,38320000,4,2,1,0,3,1
chr4,38320001,38420000,0,3,0,2,1,1
chr4,38420001,38520000,2,1,0,3,1,1
chr4,38520001,38620000,1,2,2,1,0,1
chr4,38620001,38720000,1,3,0,7,0,3
chr4,38720001,38820000,3,2,1,3,2,2
chr4,38820001,38920000,3,1,0,2,1,0
chr4,38920001,39020000,2,1,0,0,2,1
chr4,39020001,39120000,4,3,6,4,1,0
chr4,39120001,39220000,1,1,2,4,0,2
chr4,39220001,39320000,0,0,2,1,3,0
chr4,39320001,39420000,4,1,1,3,1,0
chr4,39420001,39520000,2,3,0,3,1,1
chr4,39520001,39620000,2,0,2,3,2,0
chr4,39620001,39720000,1,2,2,2,3,0
chr4,39720001,39820000,0,1,2,2,2,1
chr4,39820001,39920000,2,2,0,3,2,4
chr4,39920001,40020000,1,0,1,3,1,0
chr4,40020001,40120000,1,1,1,3,1,1
chr4,40120001,40220000,0,2,6,0,2,0
chr4,40220001,40380000,0,3,0,1,0,0
chr4,40380001,40480000,6,3,3,3,1,0
chr4,40480001,40580000,1,2,1,3,2,0
chr4,40580001,40680000,4,1,0,2,0,1
chr4,40680001,40780000,3,1,2,1,2,1
chr4,40780001,40880000,3,1,4,2,3,1
chr4,40880001,40980000,5,1,3,2,1,0
chr4,40980001,41080000,1,0,0,1,0,0
chr4,41080001,41180000,1,2,3,3,0,1
chr4,41180001,41280000,3,1,2,0,1,0
chr4,41280001,41380000,2,3,0,2,0,0
chr4,41380001,41480000,1,1,1,2,1,2
chr4,41480001,41580000,3,1,1,3,2,0
chr4,41580001,41680000,3,1,2,3,3,0
chr4,41680001,41780000,0,0,2,1,2,1
chr4,41780001,41880000,3,4,2,2,2,1
chr4,41880001,41980000,2,2,4,2,1,0
chr4,41980001,42080000,2,1,3,4,0,2
chr4,42080001,42180000,2,1,2,4,0,3
chr4,42180001,42280000,3,2,4,3,0,2
chr4,42280001,42380000,4,0,0,2,1,2
chr4,42380001,42480000,3,4,4,3,0,1
chr4,42480001,42580000,3,1,0,2,5,0
chr4,42580001,42680000,2,6,0,2,3,2
chr4,42680001,42780000,1,3,1,4,3,2
chr4,42780001,42880000,11,6,2,5,2,3
chr4,42880001,42980000,2,6,1,4,3,2
chr4,42980001,43080000,1,4,8,5,5,2
chr4,43080001,43180000,2,4,5,10,6,2
chr4,43180001,43280000,1,6,8,9,4,1
chr4,43280001,43380000,5,5,10,5,5,3
chr4,43380001,43480000,7,6,9,3,3,4
chr4,43480001,43580000,3,6,8,8,4,1
chr4,43580001,43680000,7,6,8,12,2,1
chr4,43680001,43780000,3,13,6,13,4,1
chr4,43780001,43880000,10,6,5,8,3,0
chr4,43880001,43980000,3,13,5,7,4,5
chr4,43980001,44080000,2,11,2,11,8,2
chr4,44080001,44180000,6,8,9,15,6,2
chr4,44180001,44280000,6,7,9,7,4,5
chr4,44280001,44380000,7,9,2,10,2,1
chr4,44380001,44480000,2,4,3,12,2,4
chr4,44480001,44580000,5,10,2,14,4,3
chr4,44580001,44680000,5,5,2,8,2,2
chr4,44680001,44780000,4,5,5,6,4,0
chr4,44780001,44880000,5,5,5,13,3,1
chr4,44880001,44980000,5,7,4,9,2,5
chr4,44980001,45080000,3,9,5,6,3,0
chr4,45080001,45180000,6,6,7,9,5,1
chr4,45180001,45280000,4,8,2,9,5,3
chr4,45280001,45380000,2,3,1,4,2,3
chr4,45380001,45480000,5,7,6,5,1,5
chr4,45480001,45580000,2,9,1,4,3,4
chr4,45580001,45680000,3,9,4,7,3,5
chr4,45680001,45780000,5,8,4,7,10,4
chr4,45780001,45880000,5,13,5,9,8,5
chr4,45880001,45980000,6,13,2,13,1,1
chr4,45980001,46080000,7,8,0,9,8,0
chr4,46080001,46180000,2,12,2,6,2,2
chr4,46180001,46280000,4,4,1,9,4,2
chr4,46280001,46380000,7,10,2,6,2,0
chr4,46380001,46480000,3,10,2,13,4,0
chr4,46480001,46580000,5,12,3,9,1,1
chr4,46580001,46680000,6,10,2,13,6,2
chr4,46680001,46780000,3,14,4,10,4,2
chr4,46780001,46880000,5,7,1,8,4,0
chr4,46880001,46980000,0,3,4,7,6,1
chr4,46980001,47080000,7,1,2,11,7,1
chr4,47080001,47180000,3,11,2,8,4,0
chr4,47180001,47280000,8,5,5,5,3,1
chr4,47280001,47380000,2,6,0,3,2,2
chr4,47380001,47480000,5,6,0,6,2,0
chr4,47480001,47580000,2,3,1,3,3,0
chr4,47580001,47680000,5,0,2,5,3,0
chr4,47680001,47780000,5,1,5,2,0,1
chr4,47780001,47880000,3,4,1,4,3,0
chr4,47880001,47980000,3,0,2,2,2,0
chr4,47980001,48080000,6,1,1,2,1,3
chr4,48080001,48180000,4,3,2,3,1,0
chr4,48180001,48280000,6,1,2,0,0,0
chr4,48280001,48380000,1,0,1,3,2,0
chr4,48380001,48480000,0,4,1,2,3,0
chr4,48480001,48580000,3,1,1,3,3,1
chr4,48580001,48680000,3,3,1,6,1,2
chr4,48680001,48780000,4,3,1,1,4,2
chr4,48780001,48880000,1,3,4,1,6,3
chr4,48880001,48980000,3,5,2,3,0,0
chr4,48980001,52700000,7,5,4,4,0,1
chr4,52700001,52800000,3,0,3,4,1,3
chr4,52800001,52900000,5,5,1,3,3,0
chr4,52900001,53000000,1,2,0,4,3,0
chr4,53000001,53100000,3,5,2,5,2,1
chr4,53100001,53200000,3,6,2,5,3,0
chr4,53200001,53300000,7,6,4,3,5,0
chr4,53300001,53400000,2,3,1,4,2,1
chr4,53400001,53500000,1,0,1,2,2,2
chr4,53500001,53600000,2,0,1,1,3,0
chr4,53600001,53700000,8,2,4,5,4,1
chr4,53700001,53800000,4,2,1,2,2,0
chr4,53800001,53900000,0,6,1,3,2,2
chr4,53900001,54000000,1,3,5,3,5,3
chr4,54000001,54100000,3,2,1,2,4,0
chr4,54100001,54200000,3,1,1,2,2,2
chr4,54200001,54300000,3,2,2,1,3,0
chr4,54300001,54400000,2,2,1,6,3,0
chr4,54400001,54500000,2,4,2,4,1,1
chr4,54500001,54600000,4,3,1,4,1,1
chr4,54600001,54700000,1,7,2,2,0,0
chr4,54700001,54800000,1,3,0,4,1,0
chr4,54800001,54900000,3,4,0,2,2,1
chr4,54900001,55000000,7,1,3,0,0,1
chr4,55000001,55100000,4,4,3,5,1,2
chr4,55100001,55200000,1,6,2,3,0,2
chr4,55200001,55300000,1,3,3,3,0,0
chr4,55300001,55400000,2,3,3,3,4,1
chr4,55400001,55500000,3,4,2,5,3,0
chr4,55500001,55600000,4,3,1,2,1,1
chr4,55600001,55700000,6,3,1,3,0,0
chr4,55700001,55800000,2,8,2,6,3,0
chr4,55800001,55900000,3,6,6,5,2,0
chr4,55900001,56000000,5,4,0,8,2,1
chr4,56000001,56100000,1,3,5,3,3,2
chr4,56100001,56200000,6,5,7,5,2,0
chr4,56200001,56300000,2,1,1,0,5,1
chr4,56300001,56400000,2,1,2,3,1,0
chr4,56400001,56500000,1,4,3,1,3,1
chr4,56500001,56600000,2,3,5,4,0,0
chr4,56600001,56700000,4,3,2,4,1,1
chr4,56700001,56800000,3,1,0,2,6,0
chr4,56800001,56900000,2,0,0,1,0,1
chr4,56900001,57000000,3,3,7,1,3,0
chr4,57000001,57100000,0,5,1,4,3,2
chr4,57100001,57200000,4,6,0,0,1,1
chr4,57200001,57300000,0,0,5,3,1,1
chr4,57300001,57400000,3,0,1,2,1,2
chr4,57400001,57500000,3,4,4,2,0,1
chr4,57500001,57600000,1,0,1,3,0,2
chr4,57600001,57700000,7,1,3,2,2,2
chr4,57700001,57800000,0,1,1,4,3,2
chr4,57800001,57900000,2,1,2,0,1,1
chr4,57900001,58000000,0,1,2,5,5,0
chr4,58000001,58100000,2,1,3,6,0,0
chr4,58100001,58200000,3,5,1,8,4,0
chr4,58200001,58300000,0,2,1,6,2,0
chr4,58300001,58400000,3,8,5,11,2,4
chr4,58400001,58500000,5,6,4,5,2,2
chr4,58500001,58600000,2,5,5,5,4,1
chr4,58600001,58700000,5,7,2,7,0,2
chr4,58700001,58800000,5,10,10,9,2,3
chr4,58800001,58900000,4,6,5,9,6,6
chr4,58900001,59000000,4,7,7,11,3,1
chr4,59000001,59100000,7,9,6,13,1,1
chr4,59100001,59200000,4,9,9,15,5,3
chr4,59200001,59300000,10,4,8,14,3,0
chr4,59300001,59400000,7,6,9,7,2,0
chr4,59400001,59500000,1,4,6,2,4,1
chr4,59500001,59600000,2,8,4,6,0,1
chr4,59600001,59700000,3,6,10,6,4,2
chr4,59700001,59800000,2,4,4,3,1,0
chr4,59800001,59900000,5,3,6,11,2,0
chr4,59900001,60000000,1,13,4,15,4,0
chr4,60000001,60100000,9,11,4,6,2,1
chr4,60100001,60200000,8,8,10,16,10,3
chr4,60200001,60300000,2,8,4,8,4,4
chr4,60300001,60400000,3,10,7,17,4,0
chr4,60400001,60500000,4,6,7,14,6,4
chr4,60500001,60600000,7,8,10,7,1,0
chr4,60600001,60700000,1,6,5,7,5,0
chr4,60700001,60800000,5,4,5,11,2,0
chr4,60800001,60900000,2,6,4,9,0,0
chr4,60900001,61000000,3,3,4,6,3,3
chr4,61000001,61100000,6,4,6,10,6,1
chr4,61100001,61200000,2,8,6,8,4,1
chr4,61200001,61300000,4,4,6,8,8,3
chr4,61300001,61400000,1,6,3,7,5,2
chr4,61400001,61500000,7,8,7,5,4,0
chr4,61500001,61600000,7,10,6,13,4,2
chr4,61600001,61700000,3,5,8,9,0,1
chr4,61700001,61800000,8,2,6,11,5,1
chr4,61800001,61900000,2,6,9,2,2,2
chr4,61900001,62000000,4,6,15,13,1,4
chr4,62000001,62100000,2,3,5,5,5,3
chr4,62100001,62200000,9,1,5,2,1,0
chr4,62200001,62300000,6,4,5,5,7,1
chr4,62300001,62400000,4,4,4,4,3,2
chr4,62400001,62500000,2,6,2,1,2,2
chr4,62500001,62600000,3,8,6,1,5,4
chr4,62600001,62700000,1,5,2,4,3,1
chr4,62700001,62800000,4,5,5,7,3,0
chr4,62800001,62900000,5,5,4,15,2,2
chr4,62900001,63000000,8,5,4,13,3,2
chr4,63000001,63100000,8,7,6,14,8,0
chr4,63100001,63200000,7,8,8,6,1,3
chr4,63200001,63300000,4,5,7,13,1,0
chr4,63300001,63400000,1,4,4,12,6,2
chr4,63400001,63500000,4,6,2,7,3,1
chr4,63500001,63600000,6,3,4,16,4,1
chr4,63600001,63700000,9,10,4,14,6,0
chr4,63700001,63800000,8,3,3,11,6,1
chr4,63800001,63900000,8,12,9,14,4,1
chr4,63900001,64000000,8,20,10,10,7,0
chr4,64000001,64100000,9,12,3,17,7,1
chr4,64100001,64200000,2,7,1,11,5,0
chr4,64200001,64300000,6,10,8,10,5,1
chr4,64300001,64400000,5,12,4,19,5,0
chr4,64400001,64500000,8,11,5,3,3,2
chr4,64500001,64600000,4,9,7,10,8,3
chr4,64600001,64700000,2,9,8,13,1,0
chr4,64700001,64800000,8,10,10,12,2,2
chr4,64800001,64900000,5,8,10,9,4,5
chr4,64900001,65000000,9,7,7,9,1,2
chr4,65000001,65100000,5,5,9,10,2,2
chr4,65100001,65200000,5,10,4,12,3,2
chr4,65200001,65300000,9,15,9,11,3,1
chr4,65300001,65400000,5,6,4,5,3,3
chr4,65400001,65500000,3,6,3,11,3,0
chr4,65500001,65600000,8,10,5,10,2,0
chr4,65600001,65700000,5,3,8,8,3,3
chr4,65700001,65800000,1,9,8,16,2,5
chr4,65800001,65900000,6,10,3,13,4,1
chr4,65900001,66000000,3,5,5,19,2,0
chr4,66000001,66100000,5,8,8,7,3,2
chr4,66100001,66200000,3,3,8,9,2,1
chr4,66200001,66300000,6,4,12,11,2,0
chr4,66300001,66400000,8,8,6,14,3,0
chr4,66400001,66500000,6,4,9,18,1,0
chr4,66500001,66600000,5,8,2,8,3,0
chr4,66600001,66700000,2,6,6,15,1,0
chr4,66700001,66800000,6,9,6,12,1,2
chr4,66800001,66900000,7,10,10,11,3,1
chr4,66900001,67000000,2,5,13,12,3,2
chr4,67000001,67100000,4,6,11,19,2,6
chr4,67100001,67200000,6,4,5,13,4,3
chr4,67200001,67300000,4,12,4,10,1,1
chr4,67300001,67400000,1,6,9,13,5,1
chr4,67400001,67500000,2,3,8,4,1,0
chr4,67500001,67600000,5,1,2,11,3,0
chr4,67600001,67700000,6,6,14,13,6,3
chr4,67700001,67800000,1,3,6,12,2,1
chr4,67800001,67900000,3,3,6,8,1,2
chr4,67900001,68000000,2,5,4,9,1,0
chr4,68000001,68100000,4,4,3,6,2,1
chr4,68100001,68200000,1,2,3,7,3,3
chr4,68200001,68320000,3,3,1,8,0,1
chr4,68320001,68420000,3,1,0,3,4,0
chr4,68420001,68520000,9,2,2,3,2,4
chr4,68520001,68620000,2,3,0,3,2,3
chr4,68620001,68720000,3,4,6,8,3,0
chr4,68720001,68820000,0,2,4,3,3,0
chr4,68820001,68920000,2,2,2,4,3,0
chr4,68920001,69020000,3,5,4,5,1,0
chr4,69020001,69120000,0,3,3,9,1,1
chr4,69120001,69220000,1,3,1,6,3,1
chr4,69220001,69320000,3,1,2,0,3,1
chr4,69320001,69420000,2,0,4,6,2,2
chr4,69420001,69520000,0,3,1,4,1,2
chr4,69520001,69620000,1,3,1,7,1,0
chr4,69620001,69720000,0,2,2,1,2,2
chr4,69720001,69820000,1,0,1,1,2,2
chr4,69820001,69920000,1,2,1,3,2,2
chr4,69920001,70020000,4,4,3,3,1,1
chr4,70020001,70120000,4,7,2,2,2,2
chr4,70120001,70220000,0,5,2,3,2,1
chr4,70220001,70330000,3,3,3,4,0,1
chr4,70330001,70430000,3,5,4,7,1,1
chr4,70430001,70530000,1,5,3,5,0,1
chr4,70530001,70630000,1,4,3,2,3,1
chr4,70630001,70730000,6,2,1,3,1,2
chr4,70730001,70830000,7,3,1,0,3,0
chr4,70830001,70930000,2,7,0,4,1,0
chr4,70930001,71030000,5,5,2,5,1,1
chr4,71030001,71130000,3,5,3,2,2,1
chr4,71130001,71230000,4,2,0,9,3,1
chr4,71230001,71330000,7,5,9,7,1,3
chr4,71330001,71430000,3,4,3,2,1,1
chr4,71430001,71530000,0,2,1,2,1,0
chr4,71530001,71630000,2,1,3,3,2,0
chr4,71630001,71730000,3,0,0,3,1,1
chr4,71730001,71830000,12,1,1,3,1,0
chr4,71830001,71930000,2,2,2,3,2,0
chr4,71930001,72030000,5,1,2,1,3,0
chr4,72030001,72130000,8,0,2,3,6,1
chr4,72130001,72230000,2,8,2,2,4,0
chr4,72230001,72330000,2,1,4,2,3,0
chr4,72330001,72430000,3,5,1,0,3,2
chr4,72430001,72530000,2,2,2,5,1,1
chr4,72530001,72630000,1,1,3,1,1,2
chr4,72630001,72730000,1,2,3,3,1,1
chr4,72730001,72830000,1,2,4,6,0,0
chr4,72830001,72930000,3,4,2,8,4,0
chr4,72930001,73030000,0,4,7,5,3,2
chr4,73030001,73130000,12,6,3,4,0,1
chr4,73130001,73230000,1,5,5,3,3,0
chr4,73230001,73330000,2,3,4,12,3,0
chr4,73330001,73430000,1,4,3,12,1,2
chr4,73430001,73530000,6,4,0,3,1,2
chr4,73530001,73630000,1,0,4,11,1,0
chr4,73630001,73730000,4,1,5,12,0,0
chr4,73730001,73830000,2,2,4,7,1,3
chr4,73830001,73930000,8,7,4,2,1,2
chr4,73930001,74030000,3,4,3,4,2,3
chr4,74030001,74130000,7,2,0,3,0,0
chr4,74130001,74230000,1,2,2,1,0,3
chr4,74230001,74330000,4,4,3,5,0,0
chr4,74330001,74430000,1,4,0,2,1,0
chr4,74430001,74530000,0,0,1,3,3,1
chr4,74530001,74630000,6,3,4,3,1,0
chr4,74630001,74730000,3,3,2,4,2,1
chr4,74730001,74830000,2,1,0,1,2,2
chr4,74830001,74930000,5,2,2,2,2,1
chr4,74930001,75030000,3,4,1,2,2,1
chr4,75030001,75130000,1,3,1,3,2,1
chr4,75130001,75230000,2,4,3,3,0,2
chr4,75230001,75330000,3,0,1,2,0,3
chr4,75330001,75430000,3,5,1,4,1,2
chr4,75430001,75530000,1,0,0,0,2,1
chr4,75530001,75630000,1,1,2,5,2,4
chr4,75630001,75730000,1,0,1,2,3,2
chr4,75730001,75830000,1,1,2,5,2,0
chr4,75830001,75930000,3,1,2,4,1,3
chr4,75930001,76030000,1,0,2,1,1,3
chr4,76030001,76130000,1,4,2,2,3,0
chr4,76130001,76230000,1,5,1,4,4,2
chr4,76230001,76330000,3,5,2,3,0,0
chr4,76330001,76430000,4,2,0,6,1,2
chr4,76430001,76530000,2,1,4,2,1,0
chr4,76530001,76630000,2,3,1,2,1,0
chr4,76630001,76730000,5,2,0,1,2,1
chr4,76730001,76840000,3,1,1,2,4,0
chr4,76840001,76940000,0,4,1,4,1,1
chr4,76940001,77040000,4,0,0,5,0,0
chr4,77040001,77140000,2,1,1,0,1,1
chr4,77140001,77240000,3,4,0,2,0,0
chr4,77240001,77340000,3,3,2,2,1,2
chr4,77340001,77440000,4,1,1,1,2,0
chr4,77440001,77540000,3,2,3,2,3,0
chr4,77540001,77640000,5,2,0,3,2,2
chr4,77640001,77740000,5,1,0,0,3,2
chr4,77740001,77840000,2,1,4,6,2,0
chr4,77840001,77940000,1,1,0,1,1,0
chr4,77940001,78040000,3,2,3,4,1,0
chr4,78040001,78140000,2,2,0,1,1,0
chr4,78140001,78240000,1,0,0,0,0,0
chr4,78240001,78340000,4,2,0,1,2,0
chr4,78340001,78440000,2,2,1,1,5,0
chr4,78440001,78540000,3,4,2,5,0,1
chr4,78540001,78640000,3,1,3,2,0,0
chr4,78640001,78740000,7,2,3,3,2,0
chr4,78740001,78840000,5,3,0,1,3,1
chr4,78840001,78940000,5,2,0,4,1,0
chr4,78940001,79040000,3,1,3,1,0,0
chr4,79040001,79140000,2,4,7,6,1,0
chr4,79140001,79240000,4,0,3,2,3,2
chr4,79240001,79340000,1,0,1,1,2,2
chr4,79340001,79440000,3,1,0,0,2,1
chr4,79440001,79540000,3,1,0,1,2,0
chr4,79540001,79640000,3,1,1,2,0,1
chr4,79640001,79740000,4,1,1,4,3,4
chr4,79740001,79840000,3,0,2,3,1,1
chr4,79840001,79940000,0,1,0,6,1,0
chr4,79940001,80040000,2,2,2,9,1,1
chr4,80040001,80140000,4,3,1,3,3,3
chr4,80140001,80240000,0,3,2,4,2,0
chr4,80240001,80350000,5,4,4,8,2,1
chr4,80350001,80450000,5,2,3,10,1,1
chr4,80450001,80550000,6,6,2,6,3,2
chr4,80550001,80650000,1,1,5,5,2,8
chr4,80650001,80750000,4,3,3,4,0,1
chr4,80750001,80850000,1,0,0,4,1,0
chr4,80850001,80950000,2,0,0,3,3,1
chr4,80950001,81050000,2,4,5,5,3,2
chr4,81050001,81150000,6,5,3,1,1,3
chr4,81150001,81250000,4,4,4,2,4,0
chr4,81250001,81350000,3,1,2,7,3,2
chr4,81350001,81450000,9,5,5,9,3,4
chr4,81450001,81550000,4,1,9,10,0,2
chr4,81550001,81650000,4,2,3,5,4,1
chr4,81650001,81750000,1,3,6,10,3,1
chr4,81750001,81850000,7,4,5,10,3,2
chr4,81850001,81950000,1,0,3,10,5,0
chr4,81950001,82050000,3,1,0,3,0,1
chr4,82050001,82150000,3,4,1,2,1,0
chr4,82150001,82250000,3,1,4,3,1,0
chr4,82250001,82350000,5,2,2,2,2,2
chr4,82350001,82450000,5,3,1,3,1,3
chr4,82450001,82550000,0,2,0,0,2,1
chr4,82550001,82650000,2,3,3,1,1,0
chr4,82650001,82750000,0,1,1,3,0,1
chr4,82750001,82850000,1,0,1,3,0,2
chr4,82850001,82950000,1,6,1,5,3,3
chr4,82950001,83050000,1,2,4,6,2,2
chr4,83050001,83150000,5,2,3,3,3,0
chr4,83150001,83250000,7,3,6,2,1,0
chr4,83250001,83350000,5,1,3,3,0,3
chr4,83350001,83450000,0,0,2,0,2,0
chr4,83450001,83550000,3,2,6,1,2,1
chr4,83550001,83650000,2,1,0,4,5,0
chr4,83650001,83750000,2,1,2,1,0,1
chr4,83750001,83850000,0,1,1,2,0,0
chr4,83850001,83950000,2,2,0,4,3,0
chr4,83950001,84050000,2,0,1,2,3,1
chr4,84050001,84150000,0,4,1,4,1,1
chr4,84150001,84250000,1,4,1,1,2,0
chr4,84250001,84350000,1,0,2,3,3,1
chr4,84350001,84450000,6,1,0,3,3,1
chr4,84450001,84550000,1,1,1,4,1,0
chr4,84550001,84650000,2,4,2,2,3,0
chr4,84650001,84750000,0,5,0,2,1,2
chr4,84750001,84850000,3,3,2,7,3,1
chr4,84850001,84950000,2,3,4,3,1,1
chr4,84950001,85050000,5,3,3,9,1,1
chr4,85050001,85150000,3,4,1,5,4,0
chr4,85150001,85250000,3,3,1,6,0,0
chr4,85250001,85350000,2,12,3,4,4,2
chr4,85350001,85450000,3,4,3,6,1,0
chr4,85450001,85550000,4,4,0,2,1,2
chr4,85550001,85650000,4,3,0,2,1,1
chr4,85650001,85750000,1,1,1,0,2,0
chr4,85750001,85850000,3,0,0,2,3,1
chr4,85850001,85950000,2,6,4,3,3,3
chr4,85950001,86050000,1,2,6,4,1,0
chr4,86050001,86150000,1,4,3,6,0,1
chr4,86150001,86250000,1,0,7,2,1,2
chr4,86250001,86350000,7,0,3,4,3,0
chr4,86350001,86450000,4,2,1,1,1,0
chr4,86450001,86550000,4,2,2,0,1,1
chr4,86550001,86650000,2,3,1,2,2,2
chr4,86650001,86750000,6,2,2,2,2,0
chr4,86750001,86850000,2,2,2,3,2,2
chr4,86850001,86950000,3,1,5,3,4,0
chr4,86950001,87050000,2,2,0,5,0,1
chr4,87050001,87150000,1,2,3,4,2,0
chr4,87150001,87250000,2,3,3,6,2,0
chr4,87250001,87350000,1,2,2,3,1,0
chr4,87350001,87450000,3,4,3,4,7,1
chr4,87450001,87550000,0,4,0,4,1,0
chr4,87550001,87650000,1,4,0,5,1,2
chr4,87650001,87750000,3,2,3,4,1,1
chr4,87750001,87850000,2,4,1,2,0,0
chr4,87850001,87950000,3,2,4,2,1,1
chr4,87950001,88050000,5,1,0,2,1,0
chr4,88050001,88150000,1,2,1,4,1,1
chr4,88150001,88250000,3,1,1,2,2,2
chr4,88250001,88350000,3,1,2,0,1,1
chr4,88350001,88450000,3,2,3,0,3,0
chr4,88450001,88550000,3,1,3,5,1,0
chr4,88550001,88650000,3,4,3,6,1,0
chr4,88650001,88750000,5,1,3,10,3,1
chr4,88750001,88850000,2,2,1,1,1,0
chr4,88850001,88950000,3,2,0,1,0,0
chr4,88950001,89050000,3,1,0,4,0,0
chr4,89050001,89150000,0,2,3,3,3,0
chr4,89150001,89250000,2,1,1,2,0,0
chr4,89250001,89350000,3,2,3,2,3,0
chr4,89350001,89450000,2,1,1,4,3,0
chr4,89450001,89550000,4,2,1,3,1,0
chr4,89550001,89650000,3,1,2,2,2,1
chr4,89650001,89750000,5,0,3,2,2,0
chr4,89750001,89850000,0,3,1,2,0,1
chr4,89850001,89950000,3,0,0,3,0,0
chr4,89950001,90050000,1,3,1,2,1,0
chr4,90050001,90150000,1,2,2,2,0,0
chr4,90150001,90250000,5,0,0,3,1,0
chr4,90250001,90350000,2,3,3,5,1,1
chr4,90350001,90450000,4,0,2,2,2,1
chr4,90450001,90550000,4,2,1,1,4,2
chr4,90550001,90650000,8,3,1,1,2,0
chr4,90650001,90750000,3,3,7,3,1,4
chr4,90750001,90850000,3,2,4,1,1,0
chr4,90850001,90950000,5,3,2,4,3,1
chr4,90950001,91050000,3,0,3,2,2,0
chr4,91050001,91150000,4,0,1,1,3,3
chr4,91150001,91250000,0,0,3,2,0,1
chr4,91250001,91350000,1,4,4,6,2,0
chr4,91350001,91450000,1,1,1,2,1,0
chr4,91450001,91550000,1,1,2,5,5,2
chr4,91550001,91650000,3,3,4,7,3,0
chr4,91650001,91750000,1,7,1,6,5,0
chr4,91750001,91850000,5,1,2,4,1,0
chr4,91850001,91950000,6,1,3,6,4,3
chr4,91950001,92050000,4,0,0,5,2,1
chr4,92050001,92150000,5,4,3,6,2,3
chr4,92150001,92250000,2,1,2,3,2,2
chr4,92250001,92350000,2,2,2,2,5,1
chr4,92350001,92450000,2,6,2,3,1,4
chr4,92450001,92550000,3,5,2,6,2,3
chr4,92550001,92650000,2,5,2,7,1,2
chr4,92650001,92750000,3,8,3,5,1,2
chr4,92750001,92850000,5,2,2,5,4,0
chr4,92850001,92950000,2,2,5,6,1,0
chr4,92950001,93050000,2,5,1,3,0,3
chr4,93050001,93150000,1,4,4,5,3,5
chr4,93150001,93250000,3,5,4,8,1,1
chr4,93250001,93350000,2,6,1,5,1,2
chr4,93350001,93450000,1,9,1,1,0,6
chr4,93450001,93550000,6,2,3,2,3,0
chr4,93550001,93650000,2,4,7,9,6,3
chr4,93650001,93750000,3,8,3,10,2,0
chr4,93750001,93850000,4,4,8,8,6,1
chr4,93850001,93950000,4,2,4,8,3,1
chr4,93950001,94050000,1,3,5,8,3,0
chr4,94050001,94150000,4,5,5,5,3,4
chr4,94150001,94250000,6,3,3,7,1,1
chr4,94250001,94350000,6,6,3,6,3,2
chr4,94350001,94450000,10,4,7,4,1,1
chr4,94450001,94550000,4,6,3,4,4,3
chr4,94550001,94650000,2,6,6,4,5,0
chr4,94650001,94750000,2,5,2,1,1,1
chr4,94750001,94850000,3,8,2,1,1,1
chr4,94850001,94950000,9,10,4,1,0,0
chr4,94950001,95050000,4,3,3,4,4,2
chr4,95050001,95150000,1,1,2,3,1,1
chr4,95150001,95250000,1,0,1,3,2,0
chr4,95250001,95350000,5,4,2,0,5,0
chr4,95350001,95450000,3,4,2,3,1,0
chr4,95450001,95550000,4,1,2,1,4,0
chr4,95550001,95650000,1,2,2,4,1,0
chr4,95650001,95750000,2,2,4,2,3,1
chr4,95750001,95850000,2,3,5,0,2,2
chr4,95850001,95950000,3,2,4,5,1,2
chr4,95950001,96050000,6,5,0,3,1,0
chr4,96050001,96150000,5,3,5,4,0,3
chr4,96150001,96250000,0,4,6,7,0,1
chr4,96250001,96350000,1,3,3,7,5,1
chr4,96350001,96450000,5,5,4,4,0,0
chr4,96450001,96550000,3,5,3,8,2,1
chr4,96550001,96650000,2,1,4,11,2,0
chr4,96650001,96750000,3,4,7,6,5,0
chr4,96750001,96850000,0,4,4,9,5,2
chr4,96850001,96950000,3,5,5,9,1,2
chr4,96950001,97050000,3,5,3,10,4,0
chr4,97050001,97150000,4,2,6,10,5,2
chr4,97150001,97250000,2,6,4,13,0,1
chr4,97250001,97350000,3,10,4,8,0,1
chr4,97350001,97450000,4,4,5,7,2,2
chr4,97450001,97550000,3,4,8,7,0,2
chr4,97550001,97650000,2,8,5,11,0,1
chr4,97650001,97750000,1,9,2,11,2,2
chr4,97750001,97850000,0,6,6,16,3,3
chr4,97850001,97950000,7,9,6,8,3,2
chr4,97950001,98050000,1,6,5,9,1,3
chr4,98050001,98150000,2,11,3,8,2,1
chr4,98150001,98250000,7,4,0,8,0,0
chr4,98250001,98350000,2,4,5,9,4,5
chr4,98350001,98450000,2,4,6,11,2,0
chr4,98450001,98550000,4,5,2,9,3,3
chr4,98550001,98650000,5,3,3,4,5,0
chr4,98650001,98750000,2,3,4,6,0,2
chr4,98750001,98850000,2,4,0,8,12,2
chr4,98850001,98950000,3,0,8,10,2,2
chr4,98950001,99050000,3,3,4,5,5,1
chr4,99050001,99150000,2,1,0,4,3,1
chr4,99150001,99250000,4,1,4,3,0,2
chr4,99250001,99350000,5,0,1,2,3,0
chr4,99350001,99450000,2,1,0,2,0,1
chr4,99450001,99550000,4,0,3,2,3,1
chr4,99550001,99650000,2,3,4,2,3,0
chr4,99650001,99750000,4,1,2,1,3,1
chr4,99750001,99850000,6,4,1,2,4,0
chr4,99850001,99950000,2,2,2,2,0,1
chr4,99950001,100050000,1,1,2,3,1,0
chr4,100050001,100150000,2,2,2,2,4,1
chr4,100150001,100250000,4,3,3,0,3,0
chr4,100250001,100350000,1,1,0,0,1,0
chr4,100350001,100450000,7,3,1,0,3,2
chr4,100450001,100550000,2,1,3,3,4,1
chr4,100550001,100650000,4,1,4,1,4,0
chr4,100650001,100750000,2,6,1,1,3,2
chr4,100750001,100850000,2,3,1,4,4,0
chr4,100850001,100950000,2,1,2,2,2,1
chr4,100950001,101050000,5,5,2,2,1,2
chr4,101050001,101150000,1,5,6,3,4,1
chr4,101150001,101250000,3,7,3,5,1,1
chr4,101250001,101350000,3,3,5,5,1,0
chr4,101350001,101450000,1,5,3,9,0,1
chr4,101450001,101550000,4,1,2,4,3,0
chr4,101550001,101650000,1,7,1,2,3,2
chr4,101650001,101750000,8,3,6,2,2,1
chr4,101750001,101850000,4,0,5,2,4,1
chr4,101850001,101950000,3,2,3,3,2,3
chr4,101950001,102050000,3,5,1,2,2,2
chr4,102050001,102150000,4,2,1,2,4,0
chr4,102150001,102250000,2,2,1,1,4,0
chr4,102250001,102350000,3,2,4,2,2,0
chr4,102350001,102450000,4,0,4,3,1,0
chr4,102450001,102550000,3,1,5,3,1,3
chr4,102550001,102650000,5,2,0,2,1,1
chr4,102650001,102750000,3,2,2,4,1,1
chr4,102750001,102850000,0,1,3,4,1,0
chr4,102850001,102950000,1,2,2,1,0,1
chr4,102950001,103050000,3,1,3,8,5,2
chr4,103050001,103150000,3,3,3,5,6,0
chr4,103150001,103250000,2,1,0,1,1,0
chr4,103250001,103350000,3,5,3,3,1,0
chr4,103350001,103450000,5,1,1,6,3,0
chr4,103450001,103550000,6,3,1,0,2,1
chr4,103550001,103650000,2,1,0,0,1,0
chr4,103650001,103750000,6,3,4,1,1,1
chr4,103750001,103850000,3,0,2,5,3,0
chr4,103850001,103950000,1,2,5,3,3,0
chr4,103950001,104050000,2,2,4,3,5,1
chr4,104050001,104150000,2,5,2,0,2,1
chr4,104150001,104250000,2,9,2,2,1,2
chr4,104250001,104350000,1,3,3,7,5,2
chr4,104350001,104450000,2,0,5,4,3,0
chr4,104450001,104550000,3,6,5,3,7,4
chr4,104550001,104650000,0,2,2,9,4,1
chr4,104650001,104750000,6,3,6,5,11,1
chr4,104750001,104850000,7,9,4,7,3,0
chr4,104850001,104950000,4,3,3,6,5,1
chr4,104950001,105050000,2,4,2,5,2,1
chr4,105050001,105150000,4,7,6,8,0,1
chr4,105150001,105250000,3,6,6,8,4,1
chr4,105250001,105350000,2,2,2,5,5,0
chr4,105350001,105450000,7,3,3,7,3,1
chr4,105450001,105550000,1,2,4,5,1,2
chr4,105550001,105650000,4,3,1,1,1,2
chr4,105650001,105750000,1,4,1,7,4,0
chr4,105750001,105850000,2,3,2,3,2,1
chr4,105850001,105950000,2,1,5,3,3,2
chr4,105950001,106050000,1,1,2,5,2,1
chr4,106050001,106150000,5,3,3,1,1,0
chr4,106150001,106250000,3,3,0,5,2,0
chr4,106250001,106350000,3,1,0,4,3,0
chr4,106350001,106450000,1,1,2,3,1,1
chr4,106450001,106550000,4,4,3,1,1,0
chr4,106550001,106650000,1,1,2,3,5,0
chr4,106650001,106750000,0,4,1,1,1,1
chr4,106750001,106850000,5,4,4,3,0,1
chr4,106850001,106950000,3,1,2,3,6,2
chr4,106950001,107050000,0,0,0,3,1,1
chr4,107050001,107150000,3,1,1,4,5,1
chr4,107150001,107250000,2,1,3,1,1,1
chr4,107250001,107350000,3,3,0,5,5,2
chr4,107350001,107450000,1,10,0,6,1,1
chr4,107450001,107550000,3,3,5,4,3,3
chr4,107550001,107650000,4,2,4,9,4,0
chr4,107650001,107750000,1,4,7,8,5,0
chr4,107750001,107850000,4,6,2,5,1,2
chr4,107850001,107950000,4,3,4,4,2,2
chr4,107950001,108050000,4,3,2,3,3,0
chr4,108050001,108150000,4,6,2,9,1,1
chr4,108150001,108250000,1,4,1,7,1,2
chr4,108250001,108350000,4,4,1,1,0,0
chr4,108350001,108450000,2,2,1,4,0,1
chr4,108450001,108550000,2,2,4,3,1,0
chr4,108550001,108650000,1,0,2,2,1,3
chr4,108650001,108750000,4,0,5,5,2,0
chr4,108750001,108850000,4,1,4,4,1,2
chr4,108850001,108950000,2,0,2,3,3,1
chr4,108950001,109050000,2,2,3,4,3,2
chr4,109050001,109150000,7,3,2,3,1,1
chr4,109150001,109250000,3,2,1,8,3,0
chr4,109250001,109350000,2,1,2,1,0,1
chr4,109350001,109450000,1,3,1,4,1,1
chr4,109450001,109550000,6,1,3,7,2,2
chr4,109550001,109650000,4,2,1,2,1,1
chr4,109650001,109750000,5,6,0,8,0,1
chr4,109750001,109850000,4,5,2,2,5,2
chr4,109850001,109950000,4,1,2,6,3,0
chr4,109950001,110050000,5,2,4,11,2,0
chr4,110050001,110150000,5,3,2,4,4,0
chr4,110150001,110250000,5,3,1,5,2,0
chr4,110250001,110350000,4,1,1,9,1,0
chr4,110350001,110450000,3,0,2,1,3,1
chr4,110450001,110550000,3,3,0,1,2,0
chr4,110550001,110650000,2,2,2,4,3,0
chr4,110650001,110750000,2,1,3,2,3,0
chr4,110750001,110850000,3,1,2,5,2,2
chr4,110850001,110950000,5,1,1,3,1,0
chr4,110950001,111050000,1,1,0,2,3,0
chr4,111050001,111150000,0,0,0,3,4,1
chr4,111150001,111250000,0,3,2,4,0,1
chr4,111250001,111350000,3,3,2,6,4,4
chr4,111350001,111450000,3,5,4,4,2,1
chr4,111450001,111550000,3,1,3,8,3,0
chr4,111550001,111650000,1,7,2,1,6,0
chr4,111650001,111750000,3,4,2,3,4,0
chr4,111750001,111850000,3,6,5,6,4,1
chr4,111850001,111950000,3,6,2,3,7,2
chr4,111950001,112050000,2,7,3,7,6,0
chr4,112050001,112150000,3,3,0,5,4,0
chr4,112150001,112250000,1,4,4,11,2,1
chr4,112250001,112350000,3,6,2,6,2,1
chr4,112350001,112450000,3,6,5,10,4,0
chr4,112450001,112550000,5,3,5,5,5,0
chr4,112550001,112650000,8,5,6,5,3,0
chr4,112650001,112750000,3,4,2,6,2,0
chr4,112750001,112850000,1,1,0,7,1,1
chr4,112850001,112950000,5,1,1,4,4,2
chr4,112950001,113050000,3,4,2,3,0,0
chr4,113050001,113150000,4,2,4,1,5,0
chr4,113150001,113250000,1,0,0,3,1,3
chr4,113250001,113350000,6,4,0,2,3,0
chr4,113350001,113450000,8,2,4,3,3,0
chr4,113450001,113550000,3,0,2,3,0,0
chr4,113550001,113650000,0,1,0,11,6,0
chr4,113650001,113750000,6,4,6,8,2,1
chr4,113750001,113850000,2,4,0,2,2,0
chr4,113850001,113950000,5,6,3,7,1,0
chr4,113950001,114050000,3,4,6,6,3,0
chr4,114050001,114150000,1,7,4,8,3,0
chr4,114150001,114250000,7,2,3,7,3,1
chr4,114250001,114350000,3,4,0,8,2,1
chr4,114350001,114450000,5,5,1,2,0,0
chr4,114450001,114550000,1,2,1,3,1,0
chr4,114550001,114650000,3,2,1,2,3,1
chr4,114650001,114750000,3,2,1,0,0,0
chr4,114750001,114850000,3,2,2,2,1,1
chr4,114850001,114970000,1,3,2,2,1,0
chr4,114970001,115070000,7,1,2,7,5,2
chr4,115070001,115170000,3,3,3,3,2,0
chr4,115170001,115270000,2,2,6,3,4,1
chr4,115270001,115370000,3,1,3,4,4,0
chr4,115370001,115470000,6,7,0,5,0,0
chr4,115470001,115570000,6,2,0,2,1,1
chr4,115570001,115670000,5,2,2,5,6,1
chr4,115670001,115770000,3,4,4,5,1,0
chr4,115770001,115870000,2,3,2,5,2,0
chr4,115870001,115970000,4,4,3,4,5,0
chr4,115970001,116070000,5,3,1,7,6,0
chr4,116070001,116170000,4,7,4,5,6,2
chr4,116170001,116270000,4,5,3,7,5,1
chr4,116270001,116370000,5,2,2,4,1,1
chr4,116370001,116470000,4,5,7,9,5,1
chr4,116470001,116570000,2,8,5,4,3,1
chr4,116570001,116670000,2,11,2,10,3,0
chr4,116670001,116770000,2,8,4,8,5,2
chr4,116770001,116870000,4,11,3,4,2,5
chr4,116870001,116970000,8,9,1,6,2,2
chr4,116970001,117070000,4,6,8,4,5,1
chr4,117070001,117170000,6,6,2,15,2,4
chr4,117170001,117270000,5,7,7,10,2,1
chr4,117270001,117370000,6,9,4,16,6,0
chr4,117370001,117470000,2,9,4,5,9,1
chr4,117470001,117570000,7,5,4,9,4,1
chr4,117570001,117670000,6,7,2,7,4,3
chr4,117670001,117770000,7,10,7,13,6,5
chr4,117770001,117870000,7,6,7,5,7,0
chr4,117870001,117970000,5,3,6,9,1,3
chr4,117970001,118070000,2,3,8,7,2,0
chr4,118070001,118170000,2,9,7,18,5,3
chr4,118170001,118270000,5,4,4,11,7,3
chr4,118270001,118370000,5,7,3,4,1,2
chr4,118370001,118470000,6,3,2,8,4,1
chr4,118470001,118570000,1,3,4,3,2,4
chr4,118570001,118670000,3,7,2,8,9,2
chr4,118670001,118770000,4,5,5,5,4,3
chr4,118770001,118870000,2,6,7,6,4,1
chr4,118870001,118970000,2,3,2,4,4,2
chr4,118970001,119070000,3,3,5,5,3,0
chr4,119070001,119170000,2,5,0,7,5,1
chr4,119170001,119270000,5,2,1,4,2,0
chr4,119270001,119370000,1,3,1,0,1,2
chr4,119370001,119470000,3,1,2,2,1,0
chr4,119470001,119570000,0,0,2,3,2,0
chr4,119570001,119670000,1,1,0,1,2,1
chr4,119670001,119770000,6,1,2,1,0,2
chr4,119770001,119870000,1,2,1,9,3,2
chr4,119870001,119970000,3,1,0,0,3,0
chr4,119970001,120070000,3,0,2,4,6,0
chr4,120070001,120250000,1,2,3,4,3,2
chr4,120250001,120350000,0,5,2,1,3,0
chr4,120350001,120450000,1,0,2,4,3,1
chr4,120450001,120550000,7,1,2,3,3,1
chr4,120550001,120650000,2,2,3,2,2,2
chr4,120650001,120750000,6,3,1,3,2,0
chr4,120750001,120850000,3,3,2,6,1,1
chr4,120850001,120950000,5,5,4,5,1,2
chr4,120950001,121050000,4,1,8,2,1,1
chr4,121050001,121150000,6,6,3,9,3,0
chr4,121150001,121250000,2,6,1,2,2,2
chr4,121250001,121350000,1,5,0,8,2,0
chr4,121350001,121450000,6,1,3,3,0,1
chr4,121450001,121550000,0,1,2,9,2,0
chr4,121550001,121650000,5,2,1,3,2,0
chr4,121650001,121750000,3,2,0,1,2,2
chr4,121750001,121850000,1,1,1,4,1,1
chr4,121850001,121950000,4,3,0,4,0,1
chr4,121950001,122050000,4,2,0,6,1,2
chr4,122050001,122150000,2,1,0,4,7,2
chr4,122150001,122250000,3,2,4,2,1,0
chr4,122250001,122350000,2,2,2,6,6,0
chr4,122350001,122450000,4,5,2,4,4,0
chr4,122450001,122550000,6,6,4,3,2,1
chr4,122550001,122650000,3,2,2,1,0,1
chr4,122650001,122750000,4,0,1,3,1,1
chr4,122750001,122850000,5,2,3,2,0,0
chr4,122850001,122950000,6,9,6,0,2,1
chr4,122950001,123050000,2,5,2,7,3,3
chr4,123050001,123150000,1,4,0,4,1,0
chr4,123150001,123250000,3,1,2,4,1,0
chr4,123250001,123350000,4,4,5,2,0,2
chr4,123350001,123450000,3,2,4,5,2,0
chr4,123450001,123550000,2,4,2,1,1,0
chr4,123550001,123650000,1,2,1,1,2,1
chr4,123650001,123750000,3,2,3,6,0,0
chr4,123750001,123850000,2,4,0,1,1,2
chr4,123850001,123950000,6,2,1,1,3,1
chr4,123950001,124050000,4,0,0,2,0,1
chr4,124050001,124150000,2,1,2,0,0,1
chr4,124150001,124250000,0,2,6,3,2,0
chr4,124250001,124350000,4,3,4,0,2,1
chr4,124350001,124450000,3,2,3,3,0,0
chr4,124450001,124550000,2,2,0,2,1,1
chr4,124550001,124650000,3,0,2,2,0,0
chr4,124650001,124750000,2,1,4,2,4,0
chr4,124750001,124850000,2,2,3,2,1,1
chr4,124850001,124950000,2,0,5,2,2,2
chr4,124950001,125050000,4,2,5,4,1,2
chr4,125050001,125150000,3,2,3,4,3,3
chr4,125150001,125250000,1,2,3,4,3,0
chr4,125250001,125350000,2,2,2,1,4,0
chr4,125350001,125450000,1,1,6,6,4,1
chr4,125450001,125550000,2,4,4,3,1,0
chr4,125550001,125650000,5,2,1,2,3,1
chr4,125650001,125750000,2,4,7,7,3,1
chr4,125750001,125850000,5,2,3,3,4,2
chr4,125850001,125950000,4,3,4,2,3,1
chr4,125950001,126050000,4,6,4,8,4,0
chr4,126050001,126150000,4,3,4,10,2,1
chr4,126150001,126250000,1,3,5,5,3,2
chr4,126250001,126350000,5,1,7,11,2,1
chr4,126350001,126450000,2,4,4,6,4,0
chr4,126450001,126550000,1,2,4,10,4,1
chr4,126550001,126650000,6,3,5,9,4,2
chr4,126650001,126750000,5,3,4,7,1,0
chr4,126750001,126850000,4,3,8,10,8,0
chr4,126850001,126950000,2,5,3,10,3,3
chr4,126950001,127050000,9,4,9,10,1,3
chr4,127050001,127150000,4,3,3,8,0,0
chr4,127150001,127250000,6,3,3,6,3,4
chr4,127250001,127350000,3,4,8,14,3,4
chr4,127350001,127450000,4,6,5,8,2,0
chr4,127450001,127550000,7,5,3,8,5,2
chr4,127550001,127650000,6,5,7,7,1,3
chr4,127650001,127750000,7,4,4,15,4,3
chr4,127750001,127850000,4,4,8,12,2,2
chr4,127850001,127950000,2,7,4,9,0,2
chr4,127950001,128050000,2,5,4,4,3,0
chr4,128050001,128150000,5,6,4,4,2,3
chr4,128150001,128250000,2,9,5,4,3,2
chr4,128250001,128350000,3,3,5,6,4,1
chr4,128350001,128450000,3,6,3,7,6,0
chr4,128450001,128550000,1,1,0,5,4,1
chr4,128550001,128650000,7,1,2,0,3,3
chr4,128650001,128750000,3,1,3,3,2,0
chr4,128750001,128850000,3,1,1,4,2,2
chr4,128850001,128950000,2,1,0,2,2,1
chr4,128950001,129050000,2,2,1,1,1,2
chr4,129050001,129150000,1,2,0,0,4,1
chr4,129150001,129250000,2,2,1,3,1,1
chr4,129250001,129350000,3,4,0,3,2,1
chr4,129350001,129450000,0,2,1,1,4,1
chr4,129450001,129550000,1,0,3,1,2,0
chr4,129550001,129650000,5,4,1,5,1,0
chr4,129650001,129750000,1,2,3,1,3,0
chr4,129750001,129850000,2,3,2,1,5,0
chr4,129850001,129950000,0,3,2,1,1,2
chr4,129950001,130050000,0,1,2,1,5,1
chr4,130050001,130150000,6,6,2,4,4,2
chr4,130150001,130250000,2,3,1,3,2,0
chr4,130250001,130350000,8,5,2,5,1,0
chr4,130350001,130450000,0,7,3,10,5,0
chr4,130450001,130550000,6,3,1,6,5,1
chr4,130550001,130650000,2,4,4,7,3,0
chr4,130650001,130750000,8,9,1,6,3,0
chr4,130750001,130850000,2,6,8,9,5,2
chr4,130850001,130950000,5,11,1,8,1,1
chr4,130950001,131050000,3,6,2,15,7,2
chr4,131050001,131150000,0,9,11,13,6,1
chr4,131150001,131250000,4,2,10,12,4,0
chr4,131250001,131350000,1,7,5,12,3,1
chr4,131350001,131450000,1,5,7,13,2,1
chr4,131450001,131550000,9,11,4,10,5,0
chr4,131550001,131650000,2,8,5,10,3,1
chr4,131650001,131750000,2,8,7,15,2,3
chr4,131750001,131850000,5,6,8,10,2,0
chr4,131850001,131950000,0,5,9,12,5,2
chr4,131950001,132050000,7,7,6,14,0,1
chr4,132050001,132150000,5,14,6,20,6,0
chr4,132150001,132250000,0,8,5,17,2,4
chr4,132250001,132350000,5,8,1,8,7,2
chr4,132350001,132450000,2,6,6,18,7,4
chr4,132450001,132550000,2,4,8,14,3,2
chr4,132550001,132650000,3,3,5,11,7,2
chr4,132650001,132750000,3,1,4,8,3,2
chr4,132750001,132850000,2,4,5,6,0,0
chr4,132850001,132950000,4,4,5,19,4,2
chr4,132950001,133050000,5,10,11,14,8,2
chr4,133050001,133150000,4,7,8,8,3,0
chr4,133150001,133250000,5,7,4,10,6,0
chr4,133250001,133350000,2,5,12,9,7,2
chr4,133350001,133450000,1,8,9,10,5,1
chr4,133450001,133550000,1,3,10,14,2,0
chr4,133550001,133650000,5,10,4,18,2,2
chr4,133650001,133750000,5,6,10,13,5,1
chr4,133750001,133850000,4,7,6,11,4,0
chr4,133850001,133950000,5,5,3,16,5,1
chr4,133950001,134050000,5,8,5,16,6,5
chr4,134050001,134150000,1,6,10,18,4,4
chr4,134150001,134250000,1,11,4,13,4,2
chr4,134250001,134350000,4,9,6,12,1,2
chr4,134350001,134450000,4,7,5,14,3,1
chr4,134450001,134550000,2,7,7,6,0,0
chr4,134550001,134650000,8,10,9,11,6,4
chr4,134650001,134750000,3,10,7,8,2,2
chr4,134750001,134850000,3,5,2,8,2,2
chr4,134850001,134950000,3,11,5,8,4,1
chr4,134950001,135050000,3,10,8,12,2,1
chr4,135050001,135150000,4,1,5,14,4,2
chr4,135150001,135250000,9,12,5,15,4,1
chr4,135250001,135350000,7,9,0,10,3,2
chr4,135350001,135450000,0,11,3,10,4,5
chr4,135450001,135550000,6,3,4,5,3,6
chr4,135550001,135650000,6,9,1,8,3,3
chr4,135650001,135750000,3,11,8,14,0,2
chr4,135750001,135850000,3,7,4,7,2,3
chr4,135850001,135950000,6,7,10,11,1,6
chr4,135950001,136050000,4,11,4,13,1,2
chr4,136050001,136150000,2,6,6,13,5,2
chr4,136150001,136250000,6,16,6,9,9,0
chr4,136250001,136350000,9,7,7,10,3,1
chr4,136350001,136450000,3,8,14,30,5,8
chr4,136450001,136550000,4,11,7,18,4,2
chr4,136550001,136650000,3,7,7,17,5,3
chr4,136650001,136750000,2,6,3,12,6,3
chr4,136750001,136850000,5,11,9,11,1,2
chr4,136850001,136950000,3,12,7,13,4,2
chr4,136950001,137050000,2,10,8,8,5,0
chr4,137050001,137150000,1,13,9,10,5,2
chr4,137150001,137250000,4,6,7,15,7,1
chr4,137250001,137350000,5,8,8,6,2,3
chr4,137350001,137450000,6,6,7,14,5,0
chr4,137450001,137550000,4,5,4,15,3,3
chr4,137550001,137650000,6,6,3,8,4,2
chr4,137650001,137750000,3,5,3,7,2,2
chr4,137750001,137850000,2,6,4,13,0,0
chr4,137850001,137950000,6,8,5,14,3,1
chr4,137950001,138050000,1,6,4,8,1,2
chr4,138050001,138150000,3,5,4,12,1,2
chr4,138150001,138250000,3,5,3,17,5,2
chr4,138250001,138350000,2,4,7,13,1,1
chr4,138350001,138450000,2,3,1,7,2,2
chr4,138450001,138550000,4,2,3,9,2,3
chr4,138550001,138650000,6,2,5,5,3,1
chr4,138650001,138750000,5,3,4,9,2,1
chr4,138750001,138850000,3,5,2,10,0,1
chr4,138850001,138950000,6,6,2,5,1,1
chr4,138950001,139050000,4,2,1,1,2,1
chr4,139050001,139150000,6,3,1,5,0,1
chr4,139150001,139250000,3,1,4,5,3,0
chr4,139250001,139350000,4,6,0,1,0,0
chr4,139350001,139450000,1,1,6,5,4,1
chr4,139450001,139550000,2,3,2,7,2,2
chr4,139550001,139650000,1,3,1,6,1,0
chr4,139650001,139750000,3,3,3,5,0,0
chr4,139750001,139850000,0,0,3,0,0,0
chr4,139850001,139950000,3,2,1,3,1,1
chr4,139950001,140050000,1,2,1,4,2,0
chr4,140050001,140150000,3,1,1,1,1,0
chr4,140150001,140250000,3,2,2,3,2,2
chr4,140250001,140350000,3,1,1,0,2,0
chr4,140350001,140450000,1,4,1,1,4,0
chr4,140450001,140550000,4,1,1,1,1,1
chr4,140550001,140650000,1,3,1,0,1,0
chr4,140650001,140750000,2,0,0,0,3,1
chr4,140750001,140850000,2,1,2,0,2,0
chr4,140850001,140950000,3,5,1,3,2,0
chr4,140950001,141050000,2,0,0,1,2,1
chr4,141050001,141150000,3,0,0,1,2,2
chr4,141150001,141250000,4,0,1,3,3,0
chr4,141250001,141350000,4,2,0,2,3,0
chr4,141350001,141450000,6,2,0,3,2,3
chr4,141450001,141550000,3,1,1,2,1,0
chr4,141550001,141650000,4,1,1,5,2,1
chr4,141650001,141750000,2,2,5,5,2,0
chr4,141750001,141850000,0,1,0,4,2,0
chr4,141850001,141950000,0,2,5,1,0,1
chr4,141950001,142050000,5,2,3,3,3,0
chr4,142050001,142150000,4,2,2,3,1,0
chr4,142150001,142250000,1,3,4,1,5,2
chr4,142250001,142350000,1,5,2,3,3,0
chr4,142350001,142450000,1,0,0,5,4,1
chr4,142450001,142550000,5,0,5,5,1,1
chr4,142550001,142650000,4,3,1,7,1,1
chr4,142650001,142750000,4,6,1,4,4,0
chr4,142750001,142850000,4,4,4,2,4,1
chr4,142850001,142950000,1,3,2,1,4,1
chr4,142950001,143050000,4,5,2,1,2,3
chr4,143050001,143150000,2,2,2,7,2,0
chr4,143150001,143250000,1,2,0,1,2,5
chr4,143250001,143350000,3,0,1,4,5,3
chr4,143350001,143450000,10,3,1,2,3,0
chr4,143450001,143550000,2,2,0,2,4,0
chr4,143550001,143650000,7,2,4,4,4,2
chr4,143650001,143750000,2,5,0,4,2,0
chr4,143750001,143850000,4,3,2,3,2,2
chr4,143850001,143950000,3,2,4,5,3,1
chr4,143950001,144050000,4,3,3,7,1,3
chr4,144050001,144150000,5,1,1,9,3,0
chr4,144150001,144250000,1,5,1,3,0,1
chr4,144250001,144350000,3,5,1,1,1,1
chr4,144350001,144450000,0,3,3,5,5,1
chr4,144450001,144550000,0,3,1,5,1,0
chr4,144550001,144650000,5,2,3,0,2,1
chr4,144650001,144750000,2,0,3,5,3,0
chr4,144750001,144850000,3,7,1,9,1,0
chr4,144850001,144950000,2,4,3,8,2,2
chr4,144950001,145050000,1,3,1,8,5,2
chr4,145050001,145150000,1,0,2,2,4,0
chr4,145150001,145250000,2,2,2,6,5,1
chr4,145250001,145350000,2,5,4,7,4,3
chr4,145350001,145450000,2,3,4,6,2,0
chr4,145450001,145550000,2,6,0,3,5,6
chr4,145550001,145650000,0,3,2,10,3,2
chr4,145650001,145750000,5,2,4,3,1,1
chr4,145750001,145850000,3,3,5,7,4,1
chr4,145850001,145950000,4,2,0,7,1,1
chr4,145950001,146050000,2,1,1,1,0,2
chr4,146050001,146150000,4,1,2,2,3,1
chr4,146150001,146250000,4,4,4,3,5,1
chr4,146250001,146350000,1,2,0,5,1,0
chr4,146350001,146450000,3,3,1,3,0,2
chr4,146450001,146550000,2,4,0,8,3,0
chr4,146550001,146650000,0,1,0,2,0,2
chr4,146650001,146750000,1,1,3,2,3,0
chr4,146750001,146850000,2,1,4,2,5,1
chr4,146850001,146950000,0,0,2,1,1,3
chr4,146950001,147050000,2,0,1,3,0,0
chr4,147050001,147150000,3,3,0,2,2,1
chr4,147150001,147250000,2,2,1,1,1,2
chr4,147250001,147350000,1,2,0,2,0,2
chr4,147350001,147450000,2,1,3,3,0,2
chr4,147450001,147550000,0,2,4,7,0,2
chr4,147550001,147650000,2,4,3,5,2,1
chr4,147650001,147750000,2,0,5,6,5,1
chr4,147750001,147850000,5,4,3,5,2,0
chr4,147850001,147950000,2,2,0,1,3,2
chr4,147950001,148050000,0,0,3,10,1,0
chr4,148050001,148150000,1,2,3,3,2,2
chr4,148150001,148250000,1,4,3,7,2,3
chr4,148250001,148350000,5,2,3,9,3,1
chr4,148350001,148450000,1,0,4,5,2,0
chr4,148450001,148550000,0,0,2,1,1,0
chr4,148550001,148650000,6,0,2,1,1,1
chr4,148650001,148750000,1,1,4,2,1,0
chr4,148750001,148850000,1,3,3,1,3,0
chr4,148850001,148950000,0,2,0,3,2,0
chr4,148950001,149050000,0,2,0,0,1,1
chr4,149050001,149150000,1,1,1,0,2,1
chr4,149150001,149250000,2,3,7,4,0,0
chr4,149250001,149350000,4,4,1,3,1,2
chr4,149350001,149450000,1,5,4,2,2,0
chr4,149450001,149550000,4,1,2,5,3,1
chr4,149550001,149650000,5,3,2,4,1,1
chr4,149650001,149750000,1,1,3,3,1,2
chr4,149750001,149850000,9,3,1,7,3,1
chr4,149850001,149950000,1,0,0,6,3,0
chr4,149950001,150050000,2,2,3,2,2,3
chr4,150050001,150150000,2,2,0,6,3,1
chr4,150150001,150250000,1,3,0,5,3,1
chr4,150250001,150350000,3,1,2,6,4,0
chr4,150350001,150450000,2,4,2,5,5,0
chr4,150450001,150550000,1,2,3,11,2,1
chr4,150550001,150650000,4,5,3,10,3,0
chr4,150650001,150750000,1,2,3,5,5,2
chr4,150750001,150850000,2,5,0,7,1,1
chr4,150850001,150950000,2,6,2,6,3,2
chr4,150950001,151050000,3,3,1,5,2,0
chr4,151050001,151150000,0,2,2,8,2,2
chr4,151150001,151250000,4,0,1,3,2,1
chr4,151250001,151350000,0,2,2,4,4,0
chr4,151350001,151450000,0,1,5,6,2,0
chr4,151450001,151550000,0,0,0,0,0,0
chr4,151550001,151650000,6,2,2,3,0,1
chr4,151650001,151750000,4,1,2,3,2,1
chr4,151750001,151850000,2,4,0,5,3,0
chr4,151850001,151950000,2,6,1,3,2,0
chr4,151950001,152050000,2,2,3,2,3,4
chr4,152050001,152150000,1,1,2,3,5,1
chr4,152150001,152250000,1,1,2,1,1,0
chr4,152250001,152350000,2,1,2,3,3,1
chr4,152350001,152450000,3,1,2,4,3,0
chr4,152450001,152550000,4,1,1,3,2,0
chr4,152550001,152650000,2,3,0,1,1,1
chr4,152650001,152750000,4,1,2,4,1,0
chr4,152750001,152850000,1,6,2,5,1,1
chr4,152850001,152950000,1,2,2,3,7,0
chr4,152950001,153050000,1,0,1,2,1,0
chr4,153050001,153150000,2,2,0,2,6,0
chr4,153150001,153250000,1,2,2,6,2,1
chr4,153250001,153350000,1,3,2,3,2,0
chr4,153350001,153450000,3,0,2,4,4,3
chr4,153450001,153550000,2,1,2,0,3,1
chr4,153550001,153650000,1,0,0,3,3,1
chr4,153650001,153750000,5,4,0,2,1,0
chr4,153750001,153860000,2,0,1,2,5,1
chr4,153860001,153960000,3,0,0,0,3,1
chr4,153960001,154060000,4,2,0,2,1,0
chr4,154060001,154160000,4,1,2,2,1,2
chr4,154160001,154260000,5,1,2,5,0,1
chr4,154260001,154360000,1,0,2,6,1,0
chr4,154360001,154460000,3,2,1,0,1,0
chr4,154460001,154560000,4,4,1,0,3,0
chr4,154560001,154660000,1,2,0,4,2,1
chr4,154660001,154760000,1,6,1,2,3,0
chr4,154760001,154860000,4,3,1,5,4,1
chr4,154860001,154960000,2,3,1,0,3,1
chr4,154960001,155060000,4,3,2,4,3,0
chr4,155060001,155160000,0,2,2,4,4,1
chr4,155160001,155260000,3,3,4,6,2,1
chr4,155260001,155360000,2,1,5,5,7,0
chr4,155360001,155460000,5,5,7,3,3,1
chr4,155460001,155560000,2,4,2,4,0,1
chr4,155560001,155660000,7,0,3,8,3,1
chr4,155660001,155760000,4,3,8,7,1,1
chr4,155760001,155860000,2,3,4,7,0,0
chr4,155860001,155960000,1,6,2,6,3,1
chr4,155960001,156060000,2,2,0,5,0,1
chr4,156060001,156160000,2,3,4,10,0,0
chr4,156160001,156260000,3,4,1,5,3,2
chr4,156260001,156360000,1,1,0,6,3,2
chr4,156360001,156460000,3,1,3,4,1,2
chr4,156460001,156560000,6,3,4,7,1,0
chr4,156560001,156660000,3,1,6,9,3,0
chr4,156660001,156760000,5,2,3,3,1,1
chr4,156760001,156860000,2,3,3,3,3,2
chr4,156860001,156960000,1,1,3,4,0,0
chr4,156960001,157060000,3,5,2,8,1,0
chr4,157060001,157160000,0,4,6,11,3,2
chr4,157160001,157260000,7,3,4,6,6,1
chr4,157260001,157360000,3,3,4,10,6,2
chr4,157360001,157460000,3,3,3,10,1,1
chr4,157460001,157560000,4,3,6,12,3,0
chr4,157560001,157660000,1,2,3,7,5,2
chr4,157660001,157760000,1,2,7,3,1,1
chr4,157760001,157860000,1,4,4,6,2,0
chr4,157860001,157960000,3,2,3,7,1,1
chr4,157960001,158060000,3,0,7,8,4,2
chr4,158060001,158160000,3,2,3,7,2,0
chr4,158160001,158260000,1,4,5,9,4,2
chr4,158260001,158360000,0,3,2,11,4,0
chr4,158360001,158460000,1,8,3,7,6,0
chr4,158460001,158560000,3,7,2,6,5,4
chr4,158560001,158660000,2,4,5,6,7,0
chr4,158660001,158760000,1,2,0,0,3,1
chr4,158760001,158860000,2,5,1,3,0,0
chr4,158860001,158960000,2,9,1,1,2,1
chr4,158960001,159060000,0,4,2,5,5,0
chr4,159060001,159160000,1,2,2,3,1,0
chr4,159160001,159260000,4,0,0,3,2,1
chr4,159260001,159360000,1,2,3,7,3,2
chr4,159360001,159460000,3,5,3,2,4,3
chr4,159460001,159560000,1,2,4,6,0,0
chr4,159560001,159660000,2,2,0,4,3,0
chr4,159660001,159760000,0,1,3,2,1,0
chr4,159760001,159860000,2,2,0,2,2,0
chr4,159860001,159960000,3,0,5,3,2,0
chr4,159960001,160060000,5,2,1,3,1,0
chr4,160060001,160160000,1,2,0,2,2,0
chr4,160160001,160260000,2,3,0,1,1,1
chr4,160260001,160360000,1,2,0,5,0,0
chr4,160360001,160460000,5,2,4,4,4,1
chr4,160460001,160560000,0,6,2,8,3,2
chr4,160560001,160660000,4,3,3,17,2,5
chr4,160660001,160760000,3,4,5,9,2,5
chr4,160760001,160860000,3,6,2,7,2,1
chr4,160860001,160960000,2,3,2,7,3,2
chr4,160960001,161060000,2,12,0,6,0,0
chr4,161060001,161160000,1,3,0,7,3,0
chr4,161160001,161260000,2,6,5,9,2,2
chr4,161260001,161360000,3,5,1,9,1,1
chr4,161360001,161460000,3,8,6,13,0,3
chr4,161460001,161560000,4,11,7,9,2,3
chr4,161560001,161660000,5,11,7,10,3,1
chr4,161660001,161760000,5,11,3,10,3,1
chr4,161760001,161860000,5,5,6,11,1,0
chr4,161860001,161960000,0,11,6,16,2,2
chr4,161960001,162060000,5,6,9,18,3,2
chr4,162060001,162160000,1,3,5,4,4,1
chr4,162160001,162260000,2,5,7,17,4,1
chr4,162260001,162360000,3,4,5,11,7,1
chr4,162360001,162460000,2,4,3,10,3,1
chr4,162460001,162560000,3,3,6,8,6,4
chr4,162560001,162660000,3,3,4,10,3,2
chr4,162660001,162760000,5,2,6,6,5,0
chr4,162760001,162860000,6,4,1,8,4,1
chr4,162860001,162960000,4,8,3,13,4,3
chr4,162960001,163060000,3,2,4,6,3,7
chr4,163060001,163160000,1,7,3,5,1,0
chr4,163160001,163260000,2,8,0,11,4,2
chr4,163260001,163360000,5,9,5,2,3,4
chr4,163360001,163460000,4,8,5,5,5,1
chr4,163460001,163560000,3,15,7,6,3,1
chr4,163560001,163660000,3,9,2,6,3,4
chr4,163660001,163760000,8,6,1,7,2,0
chr4,163760001,163860000,5,2,4,7,4,1
chr4,163860001,163960000,3,6,3,6,3,2
chr4,163960001,164060000,6,4,0,4,0,0
chr4,164060001,164160000,3,4,7,5,1,0
chr4,164160001,164260000,1,3,3,3,2,0
chr4,164260001,164360000,2,6,1,5,3,2
chr4,164360001,164460000,2,3,3,3,4,2
chr4,164460001,164560000,2,4,4,4,2,2
chr4,164560001,164660000,4,8,3,13,2,3
chr4,164660001,164760000,3,6,6,13,5,0
chr4,164760001,164860000,5,8,5,7,3,3
chr4,164860001,164960000,4,1,7,9,5,2
chr4,164960001,165060000,1,9,2,6,0,0
chr4,165060001,165160000,1,7,7,10,0,0
chr4,165160001,165260000,4,7,1,10,2,2
chr4,165260001,165360000,7,9,5,7,1,1
chr4,165360001,165460000,2,5,2,7,5,2
chr4,165460001,165560000,4,1,2,4,5,2
chr4,165560001,165660000,3,11,3,9,5,1
chr4,165660001,165760000,3,2,4,2,2,1
chr4,165760001,165860000,0,3,2,5,2,0
chr4,165860001,165960000,2,2,3,5,1,0
chr4,165960001,166060000,0,1,2,5,6,0
chr4,166060001,166160000,2,4,1,3,2,0
chr4,166160001,166260000,1,2,2,2,3,0
chr4,166260001,166360000,3,1,1,7,3,0
chr4,166360001,166460000,3,2,1,2,2,0
chr4,166460001,166560000,0,3,4,6,0,2
chr4,166560001,166660000,4,3,7,11,0,4
chr4,166660001,166760000,6,3,4,7,0,1
chr4,166760001,166860000,4,4,7,9,6,2
chr4,166860001,166960000,1,5,6,9,0,0
chr4,166960001,167060000,3,8,7,9,2,1
chr4,167060001,167160000,4,6,3,6,2,5
chr4,167160001,167260000,3,5,5,7,2,0
chr4,167260001,167360000,6,4,0,5,3,5
chr4,167360001,167460000,4,3,3,1,6,1
chr4,167460001,167600000,2,3,5,14,5,4
chr4,167600001,167700000,9,0,3,6,4,4
chr4,167700001,167800000,4,4,4,13,4,2
chr4,167800001,167900000,2,2,5,8,3,1
chr4,167900001,168000000,1,0,6,3,2,3
chr4,168000001,168100000,2,6,6,7,3,2
chr4,168100001,168200000,5,6,5,10,1,3
chr4,168200001,168300000,0,5,2,9,5,9
chr4,168300001,168400000,2,6,2,12,3,1
chr4,168400001,168500000,4,6,4,12,1,1
chr4,168500001,168600000,3,2,5,7,2,4
chr4,168600001,168700000,4,5,1,7,3,1
chr4,168700001,168800000,1,3,3,1,2,2
chr4,168800001,168900000,2,2,1,6,4,3
chr4,168900001,169000000,2,8,2,1,2,2
chr4,169000001,169100000,1,4,4,3,1,1
chr4,169100001,169200000,1,1,2,1,2,0
chr4,169200001,169300000,2,3,2,1,5,0
chr4,169300001,169400000,3,1,2,2,2,1
chr4,169400001,169500000,2,2,2,1,1,0
chr4,169500001,169600000,4,2,3,2,3,2
chr4,169600001,169700000,3,4,1,2,1,0
chr4,169700001,169800000,2,2,1,2,4,2
chr4,169800001,169900000,1,2,2,4,1,1
chr4,169900001,170000000,2,0,0,5,2,0
chr4,170000001,170100000,3,2,3,2,1,1
chr4,170100001,170200000,4,0,0,1,1,0
chr4,170200001,170300000,2,0,2,2,2,0
chr4,170300001,170400000,0,3,3,7,0,2
chr4,170400001,170500000,1,1,1,2,1,1
chr4,170500001,170600000,4,2,3,2,5,0
chr4,170600001,170700000,0,0,2,3,2,0
chr4,170700001,170800000,4,1,1,1,0,0
chr4,170800001,170900000,2,2,2,2,2,0
chr4,170900001,171000000,3,1,2,4,2,2
chr4,171000001,171100000,4,3,2,3,0,2
chr4,171100001,171200000,3,5,2,5,3,1
chr4,171200001,171300000,2,4,1,7,4,4
chr4,171300001,171400000,8,9,4,4,7,3
chr4,171400001,171500000,5,8,4,6,3,2
chr4,171500001,171600000,2,12,3,13,1,2
chr4,171600001,171700000,4,8,7,3,0,1
chr4,171700001,171800000,4,8,2,12,4,1
chr4,171800001,171900000,2,6,4,6,3,0
chr4,171900001,172000000,2,13,3,8,1,2
chr4,172000001,172100000,7,4,7,13,4,2
chr4,172100001,172200000,3,7,7,6,3,4
chr4,172200001,172300000,2,13,5,12,6,1
chr4,172300001,172400000,5,5,12,8,3,0
chr4,172400001,172500000,3,3,5,23,3,3
chr4,172500001,172600000,1,4,4,14,6,4
chr4,172600001,172700000,5,7,10,8,4,1
chr4,172700001,172800000,1,5,6,9,3,1
chr4,172800001,172900000,1,8,1,7,3,0
chr4,172900001,173000000,4,3,2,8,6,0
chr4,173000001,173100000,2,6,5,5,9,0
chr4,173100001,173200000,4,5,4,9,7,2
chr4,173200001,173300000,3,7,3,9,5,0
chr4,173300001,173400000,7,4,6,4,4,1
chr4,173400001,173500000,1,4,0,4,1,0
chr4,173500001,173600000,3,4,4,3,3,2
chr4,173600001,173700000,2,4,3,4,7,0
chr4,173700001,173800000,4,3,2,2,1,1
chr4,173800001,173900000,6,0,0,1,3,2
chr4,173900001,174000000,2,1,0,2,2,1
chr4,174000001,174100000,3,2,1,1,2,1
chr4,174100001,174200000,1,1,2,5,2,3
chr4,174200001,174300000,3,1,2,3,1,0
chr4,174300001,174400000,0,1,2,2,1,1
chr4,174400001,174500000,3,3,3,6,4,0
chr4,174500001,174600000,2,3,2,4,5,2
chr4,174600001,174700000,2,9,2,4,2,1
chr4,174700001,174800000,5,5,4,6,3,3
chr4,174800001,174900000,3,5,2,14,4,3
chr4,174900001,175000000,6,9,4,7,1,1
chr4,175000001,175100000,3,5,2,2,2,1
chr4,175100001,175200000,4,0,0,7,4,0
chr4,175200001,175300000,1,2,1,4,4,0
chr4,175300001,175400000,5,3,6,5,2,0
chr4,175400001,175500000,1,5,2,4,0,0
chr4,175500001,175600000,4,2,1,2,1,3
chr4,175600001,175700000,3,5,2,3,5,1
chr4,175700001,175800000,6,3,4,5,2,2
chr4,175800001,175900000,5,3,7,7,4,3
chr4,175900001,176000000,4,3,6,12,3,1
chr4,176000001,176100000,2,5,6,9,4,1
chr4,176100001,176200000,3,4,1,5,1,2
chr4,176200001,176300000,3,3,8,5,1,1
chr4,176300001,176400000,6,2,6,6,6,1
chr4,176400001,176500000,8,6,6,8,2,1
chr4,176500001,176600000,5,11,2,10,0,1
chr4,176600001,176700000,0,15,4,5,1,1
chr4,176700001,176800000,1,6,3,7,2,0
chr4,176800001,176900000,3,8,8,8,7,0
chr4,176900001,177000000,3,9,5,4,1,1
chr4,177000001,177100000,4,6,4,5,3,1
chr4,177100001,177200000,4,7,3,6,4,3
chr4,177200001,177300000,2,4,2,2,3,0
chr4,177300001,177400000,5,3,5,8,2,0
chr4,177400001,177500000,2,7,5,7,8,0
chr4,177500001,177600000,1,6,4,8,4,1
chr4,177600001,177700000,2,5,2,9,0,3
chr4,177700001,177800000,4,5,2,7,3,0
chr4,177800001,177900000,6,3,6,12,4,0
chr4,177900001,178000000,4,4,5,5,5,2
chr4,178000001,178100000,6,3,7,9,7,1
chr4,178100001,178200000,3,4,4,4,1,0
chr4,178200001,178300000,3,2,3,7,0,3
chr4,178300001,178400000,3,4,0,5,2,0
chr4,178400001,178500000,1,4,0,4,2,0
chr4,178500001,178600000,2,0,4,8,5,2
chr4,178600001,178700000,1,5,4,3,4,1
chr4,178700001,178800000,1,5,2,11,3,1
chr4,178800001,178900000,5,6,4,11,2,2
chr4,178900001,179000000,4,10,1,11,1,1
chr4,179000001,179100000,2,10,2,8,3,0
chr4,179100001,179200000,2,12,1,7,3,5
chr4,179200001,179300000,5,3,6,11,5,5
chr4,179300001,179400000,3,8,4,11,4,3
chr4,179400001,179500000,7,11,6,4,3,1
chr4,179500001,179600000,6,9,9,5,7,1
chr4,179600001,179700000,5,12,5,10,5,1
chr4,179700001,179800000,4,11,3,10,2,1
chr4,179800001,179900000,7,7,3,10,5,0
chr4,179900001,180000000,7,7,9,9,5,1
chr4,180000001,180100000,3,12,6,17,3,1
chr4,180100001,180200000,8,8,5,12,1,0
chr4,180200001,180300000,6,12,8,8,1,0
chr4,180300001,180400000,2,8,4,11,6,2
chr4,180400001,180500000,3,9,6,11,4,0
chr4,180500001,180600000,2,7,3,10,4,0
chr4,180600001,180700000,7,6,7,10,3,2
chr4,180700001,180800000,4,6,5,12,6,0
chr4,180800001,180900000,6,14,5,16,9,0
chr4,180900001,181000000,2,9,6,12,7,0
chr4,181000001,181100000,5,6,6,10,7,0
chr4,181100001,181200000,4,6,3,10,4,0
chr4,181200001,181300000,3,11,2,15,4,2
chr4,181300001,181400000,0,10,5,4,4,0
chr4,181400001,181500000,3,10,5,21,5,0
chr4,181500001,181600000,9,14,6,8,4,0
chr4,181600001,181700000,4,11,7,11,4,1
chr4,181700001,181800000,6,14,6,8,3,2
chr4,181800001,181900000,8,15,7,9,2,2
chr4,181900001,182000000,6,8,3,10,1,3
chr4,182000001,182100000,2,8,4,8,5,4
chr4,182100001,182200000,6,3,4,11,5,0
chr4,182200001,182300000,7,13,2,7,4,2
chr4,182300001,182400000,7,8,0,7,4,3
chr4,182400001,182500000,2,7,4,5,0,3
chr4,182500001,182600000,2,9,1,5,2,2
chr4,182600001,182700000,3,5,5,9,5,2
chr4,182700001,182800000,7,9,2,12,3,4
chr4,182800001,182900000,3,7,5,7,2,5
chr4,182900001,183000000,5,5,5,8,1,2
chr4,183000001,183100000,6,3,5,13,2,1
chr4,183100001,183200000,0,2,6,10,1,0
chr4,183200001,183300000,2,3,2,5,4,0
chr4,183300001,183400000,7,6,3,9,4,1
chr4,183400001,183500000,1,6,5,4,1,3
chr4,183500001,183600000,7,6,4,3,2,1
chr4,183600001,183700000,5,5,4,1,3,3
chr4,183700001,183800000,2,2,0,3,2,1
chr4,183800001,183900000,1,1,2,2,1,1
chr4,183900001,184000000,3,2,0,6,1,1
chr4,184000001,184100000,1,2,1,1,4,0
chr4,184100001,184200000,1,0,2,3,3,0
chr4,184200001,184300000,2,1,0,2,1,1
chr4,184300001,184400000,1,2,2,3,1,0
chr4,184400001,184500000,0,0,2,5,2,0
chr4,184500001,184600000,4,1,0,3,3,0
chr4,184600001,184700000,1,1,0,0,1,0
chr4,184700001,184800000,0,0,1,1,2,1
chr4,184800001,184900000,1,1,1,4,2,0
chr4,184900001,185000000,2,3,1,4,3,0
chr4,185000001,185100000,0,2,0,2,0,1
chr4,185100001,185200000,1,0,0,0,0,0
chr4,185200001,185300000,1,0,1,0,3,0
chr4,185300001,185400000,1,2,0,2,5,1
chr4,185400001,185500000,4,1,2,1,1,1
chr4,185500001,185600000,2,2,1,1,1,0
chr4,185600001,185700000,3,0,1,1,2,2
chr4,185700001,185800000,0,5,0,2,1,2
chr4,185800001,185900000,3,1,0,1,1,0
chr4,185900001,186000000,5,3,2,0,0,1
chr4,186000001,186100000,0,6,3,4,2,0
chr4,186100001,186200000,3,1,2,2,1,0
chr4,186200001,186300000,1,0,1,4,2,0
chr4,186300001,186400000,1,1,4,0,1,0
chr4,186400001,186500000,3,1,0,3,2,0
chr4,186500001,186600000,1,1,0,7,3,0
chr4,186600001,186700000,0,4,3,3,5,0
chr4,186700001,186800000,2,2,1,5,2,0
chr4,186800001,186900000,1,1,2,1,1,3
chr4,186900001,187000000,2,3,0,5,2,2
chr4,187000001,187100000,3,1,2,0,0,0
chr4,187100001,187200000,3,2,2,3,1,1
chr4,187200001,187300000,3,2,4,3,0,0
chr4,187300001,187400000,3,4,0,3,3,6
chr4,187400001,187500000,1,1,0,1,0,4
chr4,187500001,187600000,4,2,0,3,1,1
chr4,187600001,187700000,1,1,0,3,1,1
chr4,187700001,187800000,0,0,1,2,2,3
chr4,187800001,187900000,5,0,0,3,1,0
chr4,187900001,188000000,2,2,1,4,1,0
chr4,188000001,188100000,6,0,1,5,1,2
chr4,188100001,188200000,2,3,1,8,2,0
chr4,188200001,188300000,1,4,1,9,1,2
chr4,188300001,188400000,3,2,4,5,0,0
chr4,188400001,188500000,1,1,5,8,1,0
chr4,188500001,188600000,3,5,3,9,2,1
chr4,188600001,188700000,0,3,4,8,0,0
chr4,188700001,188800000,1,3,2,8,4,2
chr4,188800001,188900000,6,2,5,6,1,0
chr4,188900001,189000000,6,3,2,6,2,3
chr4,189000001,189100000,0,10,3,8,4,0
chr4,189100001,189200000,2,4,2,6,1,0
chr4,189200001,189300000,1,4,4,6,3,0
chr4,189300001,189400000,5,4,6,6,3,1
chr4,189400001,189500000,1,7,2,6,1,2
chr4,189500001,189600000,7,6,6,8,3,2
chr4,189600001,189700000,4,3,4,8,7,2
chr4,189700001,189800000,2,2,7,6,1,1
chr4,189800001,189900000,3,2,4,8,2,1
chr4,189900001,190000000,2,4,6,3,3,0
chr4,190000001,190100000,3,1,6,10,2,2
chr4,190100001,190260000,1,3,6,11,4,0
chr4,190260001,190360000,1,7,4,7,0,1
chr4,190360001,190460000,0,10,0,12,3,0
chr5,90001,190000,5,0,1,1,0,0
chr5,190001,290000,1,1,0,2,2,0
chr5,290001,390000,3,2,0,3,0,1
chr5,390001,490000,3,1,0,0,0,1
chr5,490001,590000,2,3,1,2,2,1
chr5,590001,730000,0,1,0,2,2,0
chr5,730001,830000,2,3,3,3,3,2
chr5,830001,930000,1,1,2,1,1,0
chr5,930001,1030000,2,4,2,5,2,1
chr5,1030001,1130000,2,1,0,2,1,2
chr5,1130001,1230000,3,6,2,0,1,0
chr5,1230001,1350000,2,1,0,2,0,0
chr5,1350001,1450000,5,3,0,4,0,0
chr5,1450001,1550000,5,2,2,2,1,0
chr5,1550001,1650000,2,3,1,2,0,0
chr5,1650001,1750000,3,1,0,6,1,0
chr5,1750001,1850000,3,5,0,4,1,1
chr5,1850001,1950000,2,6,0,3,2,0
chr5,1950001,2050000,2,2,5,6,0,0
chr5,2050001,2160000,2,1,2,5,0,2
chr5,2160001,2260000,2,7,2,5,1,2
chr5,2260001,2360000,3,8,1,3,1,1
chr5,2360001,2460000,1,6,4,7,1,1
chr5,2460001,2570000,3,8,0,3,2,2
chr5,2570001,2670000,3,9,3,6,1,1
chr5,2670001,2770000,3,1,2,5,3,0
chr5,2770001,2870000,4,6,7,8,2,2
chr5,2870001,2970000,6,7,5,7,2,2
chr5,2970001,3070000,4,3,2,5,1,2
chr5,3070001,3170000,1,10,3,8,2,1
chr5,3170001,3270000,2,10,2,3,2,0
chr5,3270001,3380000,5,8,0,7,0,1
chr5,3380001,3480000,3,7,5,14,0,0
chr5,3480001,3580000,2,3,6,12,2,5
chr5,3580001,3680000,2,8,2,6,3,1
chr5,3680001,3780000,3,7,6,12,0,0
chr5,3780001,3880000,9,6,6,12,0,0
chr5,3880001,3980000,5,10,4,16,4,2
chr5,3980001,4080000,4,11,3,12,4,4
chr5,4080001,4180000,4,9,9,13,5,3
chr5,4180001,4280000,4,8,6,15,7,0
chr5,4280001,4380000,5,8,8,10,1,0
chr5,4380001,4480000,7,5,4,19,3,1
chr5,4480001,4580000,5,2,7,13,4,1
chr5,4580001,4680000,5,3,7,13,0,3
chr5,4680001,4780000,3,5,1,11,3,2
chr5,4780001,4880000,3,7,3,6,3,0
chr5,4880001,4980000,6,5,6,6,1,0
chr5,4980001,5080000,7,6,1,13,0,1
chr5,5080001,5180000,5,12,3,9,3,3
chr5,5180001,5280000,7,7,0,4,1,0
chr5,5280001,5380000,3,6,4,6,1,0
chr5,5380001,5480000,3,6,4,5,1,0
chr5,5480001,5580000,2,15,3,2,3,1
chr5,5580001,5680000,8,11,1,8,1,5
chr5,5680001,5780000,2,7,1,9,2,2
chr5,5780001,5880000,5,5,0,10,2,2
chr5,5880001,5980000,1,11,4,4,1,1
chr5,5980001,6080000,7,6,2,9,1,0
chr5,6080001,6180000,6,10,4,7,2,1
chr5,6180001,6280000,3,5,2,3,3,1
chr5,6280001,6380000,3,3,2,4,2,2
chr5,6380001,6480000,3,5,0,2,0,0
chr5,6480001,6580000,5,2,3,4,4,0
chr5,6580001,6680000,3,5,4,1,1,4
chr5,6680001,6780000,4,0,1,3,0,0
chr5,6780001,6880000,2,3,2,4,1,1
chr5,6880001,7000000,6,2,6,8,1,1
chr5,7000001,7100000,1,7,5,7,1,4
chr5,7100001,7200000,2,5,1,9,3,0
chr5,7200001,7300000,1,6,6,8,4,2
chr5,7300001,7400000,3,7,5,5,1,1
chr5,7400001,7500000,1,7,1,9,3,0
chr5,7500001,7600000,6,6,5,7,3,0
chr5,7600001,7700000,4,8,5,4,2,0
chr5,7700001,7800000,4,6,2,8,3,1
chr5,7800001,7900000,2,6,2,3,1,0
chr5,7900001,8000000,10,10,5,5,2,0
chr5,8000001,8100000,6,15,4,8,6,1
chr5,8100001,8200000,3,13,3,6,2,1
chr5,8200001,8300000,5,13,1,6,1,2
chr5,8300001,8400000,11,8,4,9,4,2
chr5,8400001,8500000,8,18,5,6,4,1
chr5,8500001,8600000,8,4,3,5,5,1
chr5,8600001,8700000,7,11,3,10,2,0
chr5,8700001,8800000,1,9,2,4,3,1
chr5,8800001,8900000,4,16,3,7,2,3
chr5,8900001,9000000,4,9,4,8,2,0
chr5,9000001,9100000,4,2,0,4,3,1
chr5,9100001,9200000,8,9,1,5,3,3
chr5,9200001,9300000,12,2,1,4,3,1
chr5,9300001,9400000,4,6,1,4,1,0
chr5,9400001,9500000,4,3,1,3,3,0
chr5,9500001,9600000,7,1,0,5,5,1
chr5,9600001,9700000,7,11,2,6,4,0
chr5,9700001,9800000,3,13,0,4,8,2
chr5,9800001,9900000,8,6,3,7,5,1
chr5,9900001,10000000,2,2,2,3,0,0
chr5,10000001,10100000,3,7,1,5,2,0
chr5,10100001,10200000,3,3,0,3,1,0
chr5,10200001,10300000,2,4,2,3,5,1
chr5,10300001,10400000,3,1,2,2,3,1
chr5,10400001,10500000,1,2,1,1,1,0
chr5,10500001,10600000,3,4,2,0,4,0
chr5,10600001,10700000,1,2,3,3,0,0
chr5,10700001,10800000,2,7,1,4,2,1
chr5,10800001,10900000,4,1,2,5,1,0
chr5,10900001,11000000,2,5,3,3,4,2
chr5,11000001,11100000,1,5,2,11,1,1
chr5,11100001,11200000,5,6,3,6,1,1
chr5,11200001,11300000,1,9,5,6,0,3
chr5,11300001,11400000,1,6,4,6,1,0
chr5,11400001,11500000,2,7,5,2,0,0
chr5,11500001,11600000,2,4,5,9,2,1
chr5,11600001,11700000,3,10,1,5,3,1
chr5,11700001,11800000,4,12,6,12,1,1
chr5,11800001,11900000,6,8,4,14,2,4
chr5,11900001,12000000,4,9,6,15,2,1
chr5,12000001,12100000,3,14,4,9,4,0
chr5,12100001,12200000,3,15,4,15,1,2
chr5,12200001,12300000,3,13,3,13,6,4
chr5,12300001,12400000,4,21,7,9,3,1
chr5,12400001,12500000,7,11,4,12,1,4
chr5,12500001,12600000,5,18,7,12,2,0
chr5,12600001,12700000,5,7,6,8,4,2
chr5,12700001,12800000,8,14,3,11,2,2
chr5,12800001,12900000,4,7,1,12,6,3
chr5,12900001,13000000,6,10,10,7,5,1
chr5,13000001,13100000,7,9,3,11,4,1
chr5,13100001,13200000,4,10,6,14,4,1
chr5,13200001,13300000,5,9,4,8,2,0
chr5,13300001,13400000,0,6,0,9,3,1
chr5,13400001,13500000,6,5,5,8,2,3
chr5,13500001,13600000,8,8,1,9,2,0
chr5,13600001,13700000,7,11,3,3,2,4
chr5,13700001,13800000,5,6,3,10,1,1
chr5,13800001,13900000,6,1,1,7,1,4
chr5,13900001,14000000,2,1,2,3,1,0
chr5,14000001,14100000,2,3,1,4,2,0
chr5,14100001,14200000,5,1,4,4,1,1
chr5,14200001,14300000,1,1,3,3,4,0
chr5,14300001,14400000,3,3,1,1,2,0
chr5,14400001,14500000,2,4,1,3,0,1
chr5,14500001,14600000,2,5,3,2,1,0
chr5,14600001,14730000,3,1,1,5,2,2
chr5,14730001,14830000,5,1,1,7,1,1
chr5,14830001,14930000,1,3,1,0,2,1
chr5,14930001,15030000,1,4,0,4,0,1
chr5,15030001,15130000,2,7,5,2,4,3
chr5,15130001,15230000,3,5,1,4,4,0
chr5,15230001,15330000,6,4,2,9,0,1
chr5,15330001,15430000,1,3,3,4,0,0
chr5,15430001,15530000,4,10,3,8,2,0
chr5,15530001,15630000,5,7,3,6,3,0
chr5,15630001,15730000,5,5,3,9,2,2
chr5,15730001,15830000,3,6,8,7,1,1
chr5,15830001,15930000,4,6,3,5,3,0
chr5,15930001,16030000,3,10,3,7,2,1
chr5,16030001,16130000,4,8,3,4,1,1
chr5,16130001,16230000,1,5,1,4,8,0
chr5,16230001,16330000,1,13,3,6,2,4
chr5,16350001,16450000,5,7,2,5,2,1
chr5,16450001,16550000,2,3,0,4,2,0
chr5,16550001,16650000,0,3,1,0,0,0
chr5,16650001,16750000,3,3,1,7,1,3
chr5,16750001,16850000,3,1,1,3,1,5
chr5,16850001,16950000,1,3,0,5,0,6
chr5,16950001,17050000,1,5,2,2,1,0
chr5,17050001,17150000,5,4,3,4,0,1
chr5,17150001,17250000,3,1,1,0,2,0
chr5,17250001,17350000,3,4,1,5,1,2
chr5,17350001,17450000,1,6,3,1,2,0
chr5,17450001,17660000,6,3,5,4,5,0
chr5,17660001,17760000,7,7,3,10,2,0
chr5,17760001,17860000,4,5,4,6,3,3
chr5,17860001,17960000,7,4,3,10,1,2
chr5,17960001,18060000,4,10,5,13,3,0
chr5,18060001,18160000,3,8,4,7,3,5
chr5,18160001,18260000,5,8,4,14,2,1
chr5,18260001,18360000,0,5,1,10,4,0
chr5,18360001,18460000,5,4,6,11,4,1
chr5,18460001,18560000,6,8,3,8,1,0
chr5,18560001,18660000,2,8,5,13,6,2
chr5,18660001,18760000,2,3,6,9,4,1
chr5,18760001,18860000,7,6,5,4,8,2
chr5,18860001,18960000,7,11,4,15,4,1
chr5,18960001,19060000,3,17,5,9,5,1
chr5,19060001,19160000,6,14,9,19,7,2
chr5,19160001,19260000,4,9,2,14,1,1
chr5,19260001,19360000,1,8,5,11,7,4
chr5,19360001,19460000,5,11,8,15,2,0
chr5,19460001,19560000,2,7,7,19,8,2
chr5,19560001,19660000,2,10,5,13,5,2
chr5,19660001,19760000,4,10,7,14,5,2
chr5,19760001,19860000,6,11,9,9,4,1
chr5,19860001,19960000,5,5,4,6,3,2
chr5,19960001,20060000,7,6,9,17,3,0
chr5,20060001,20160000,2,13,7,19,7,1
chr5,20160001,20260000,9,10,6,14,2,1
chr5,20260001,20360000,4,12,11,15,1,1
chr5,20360001,20460000,7,16,3,12,1,3
chr5,20460001,20560000,6,22,7,18,1,2
chr5,20560001,20660000,1,8,6,11,5,0
chr5,20660001,20760000,5,7,4,18,1,3
chr5,20760001,20860000,5,6,8,15,4,2
chr5,20860001,20960000,6,12,8,10,3,1
chr5,20960001,21060000,3,7,6,19,5,2
chr5,21060001,21160000,9,11,8,11,7,1
chr5,21160001,21260000,3,11,4,15,1,1
chr5,21260001,21360000,5,13,11,8,2,0
chr5,21360001,21600000,5,8,6,5,2,0
chr5,21600001,21700000,6,7,8,9,4,1
chr5,21700001,21800000,5,10,6,15,5,0
chr5,21800001,21900000,5,10,3,12,4,1
chr5,21900001,22000000,7,10,7,11,1,1
chr5,22000001,22100000,9,8,6,14,7,3
chr5,22100001,22200000,3,9,4,17,0,0
chr5,22200001,22300000,4,8,5,14,1,1
chr5,22300001,22400000,5,11,7,16,4,4
chr5,22400001,22500000,1,11,7,7,1,3
chr5,22500001,22600000,3,8,9,10,7,1
chr5,22600001,22700000,4,14,5,4,4,5
chr5,22700001,22800000,6,13,9,13,7,2
chr5,22800001,22900000,7,12,6,17,2,3
chr5,22900001,23000000,3,10,4,6,3,1
chr5,23000001,23100000,5,11,8,10,2,5
chr5,23100001,23200000,4,11,7,5,5,2
chr5,23200001,23300000,2,13,8,6,4,3
chr5,23300001,23400000,9,8,11,10,2,2
chr5,23400001,23500000,6,15,2,4,6,3
chr5,23500001,23600000,3,14,6,16,3,2
chr5,23600001,23700000,1,8,9,13,2,1
chr5,23700001,23800000,4,11,5,12,2,5
chr5,23800001,23900000,10,10,14,12,4,4
chr5,23900001,24000000,3,17,6,17,4,5
chr5,24000001,24100000,4,18,10,14,2,1
chr5,24100001,24200000,6,17,4,14,6,1
chr5,24200001,24300000,5,17,7,8,3,3
chr5,24300001,24400000,5,22,4,9,3,3
chr5,24400001,24500000,9,24,5,20,0,2
chr5,24500001,24600000,4,12,9,10,2,2
chr5,24600001,24700000,6,8,3,18,2,1
chr5,24700001,24800000,2,26,10,18,2,5
chr5,24800001,24900000,6,21,9,14,2,0
chr5,24900001,25000000,7,22,12,21,7,1
chr5,25000001,25100000,3,18,6,9,3,1
chr5,25100001,25200000,4,14,5,17,6,2
chr5,25200001,25300000,6,7,14,17,5,4
chr5,25300001,25430000,6,13,0,8,6,2
chr5,25430001,25530000,5,15,5,10,4,1
chr5,25530001,25630000,10,9,9,10,7,1
chr5,25630001,25730000,4,9,4,15,4,2
chr5,25730001,25830000,6,18,8,19,4,3
chr5,25830001,25930000,2,12,7,10,2,7
chr5,25930001,26030000,4,9,8,17,2,1
chr5,26030001,26130000,7,16,9,20,7,3
chr5,26130001,26230000,4,11,6,16,4,3
chr5,26230001,26330000,8,19,8,12,4,1
chr5,26330001,26430000,5,13,4,21,5,1
chr5,26430001,26530000,3,18,12,8,6,3
chr5,26530001,26630000,5,10,8,17,4,1
chr5,26630001,26730000,6,9,8,19,2,4
chr5,26730001,26830000,3,15,5,7,6,4
chr5,26830001,26930000,7,7,7,16,3,3
chr5,26930001,27030000,3,7,10,13,5,4
chr5,27030001,27130000,5,11,9,11,5,3
chr5,27130001,27230000,7,9,4,21,6,5
chr5,27230001,27330000,6,4,8,13,3,1
chr5,27330001,27430000,1,8,5,18,1,3
chr5,27430001,27530000,5,5,7,10,6,1
chr5,27530001,27630000,5,5,7,13,10,5
chr5,27630001,27730000,6,17,5,14,5,6
chr5,27730001,27830000,7,10,7,19,4,3
chr5,27830001,27930000,12,5,2,14,3,6
chr5,27930001,28030000,5,13,8,11,1,4
chr5,28030001,28130000,9,10,10,12,5,0
chr5,28130001,28230000,9,5,8,10,5,4
chr5,28230001,28330000,8,4,6,12,2,3
chr5,28330001,28430000,4,7,9,10,4,4
chr5,28430001,28530000,5,9,13,17,3,0
chr5,28530001,28630000,8,12,8,19,5,3
chr5,28630001,28730000,5,11,8,20,2,2
chr5,28730001,28830000,3,2,7,17,7,2
chr5,28830001,28930000,6,5,7,6,4,0
chr5,28930001,29030000,7,11,4,4,5,4
chr5,29030001,29130000,7,20,7,7,3,4
chr5,29130001,29230000,5,14,4,12,2,0
chr5,29230001,29330000,2,12,1,10,3,4
chr5,29330001,29430000,5,9,6,13,2,1
chr5,29430001,29530000,12,14,8,17,3,3
chr5,29530001,29630000,8,16,5,10,0,4
chr5,29630001,29730000,3,10,7,16,1,4
chr5,29730001,29830000,4,10,5,9,1,2
chr5,29830001,29930000,6,11,2,9,3,3
chr5,29930001,30030000,9,14,8,9,5,0
chr5,30030001,30130000,6,6,7,9,1,3
chr5,30130001,30230000,4,16,5,11,3,0
chr5,30230001,30330000,3,11,7,17,1,4
chr5,30330001,30430000,4,12,7,13,2,0
chr5,30430001,30530000,3,13,6,16,3,3
chr5,30530001,30630000,11,9,6,16,1,3
chr5,30630001,30730000,7,5,6,9,2,3
chr5,30730001,30830000,5,8,2,18,0,1
chr5,30830001,30930000,7,4,3,12,4,2
chr5,30930001,31030000,10,8,3,6,4,0
chr5,31030001,31130000,6,12,2,7,3,2
chr5,31130001,31230000,6,5,2,6,3,1
chr5,31230001,31330000,4,4,0,4,3,1
chr5,31330001,31430000,3,4,2,3,3,2
chr5,31430001,31530000,3,3,1,1,2,0
chr5,31530001,31630000,1,9,8,3,2,0
chr5,31630001,31730000,4,3,2,6,2,0
chr5,31730001,31830000,3,3,6,6,0,0
chr5,31830001,31930000,2,5,1,4,6,0
chr5,31930001,32030000,7,2,2,5,1,0
chr5,32030001,32130000,5,1,1,3,3,1
chr5,32130001,32230000,2,4,0,2,4,2
chr5,32230001,32330000,5,2,3,2,2,0
chr5,32330001,32470000,3,3,3,3,3,0
chr5,32470001,32570000,6,4,1,1,3,0
chr5,32570001,32670000,4,2,0,4,1,0
chr5,32670001,32770000,2,3,1,7,2,2
chr5,32770001,32870000,1,3,2,2,1,1
chr5,32870001,32970000,1,5,0,5,0,0
chr5,32970001,33070000,3,4,1,10,1,2
chr5,33070001,33170000,4,2,2,7,3,2
chr5,33170001,33270000,4,4,3,9,4,2
chr5,33270001,33370000,5,5,3,7,0,1
chr5,33370001,33470000,5,0,0,9,2,3
chr5,33470001,33570000,3,6,2,3,1,2
chr5,33570001,33670000,1,12,2,4,1,0
chr5,33670001,33770000,3,7,2,3,4,2
chr5,33770001,33870000,3,7,4,6,3,0
chr5,33870001,33970000,4,11,4,6,2,0
chr5,33970001,34070000,7,1,4,2,9,2
chr5,34070001,34170000,3,3,3,9,0,0
chr5,34250001,34350000,4,1,1,5,0,1
chr5,34350001,34450000,2,4,2,5,1,2
chr5,34450001,34550000,1,3,3,1,0,1
chr5,34550001,34650000,2,2,1,1,0,1
chr5,34650001,34750000,1,3,0,4,4,1
chr5,34750001,34850000,6,1,0,1,2,1
chr5,34850001,34950000,2,2,3,4,0,0
chr5,34950001,35050000,3,2,2,5,2,1
chr5,35050001,35150000,8,6,0,4,1,1
chr5,35150001,35250000,7,7,4,1,3,1
chr5,35250001,35350000,4,10,4,5,1,1
chr5,35350001,35450000,0,6,3,8,0,0
chr5,35450001,35550000,0,2,5,12,2,1
chr5,35550001,35650000,1,6,1,4,1,2
chr5,35650001,35750000,5,6,2,6,2,0
chr5,35750001,35850000,5,2,2,5,2,2
chr5,35850001,35950000,7,5,3,5,1,1
chr5,35950001,36050000,1,4,2,5,4,1
chr5,36050001,36150000,5,2,1,2,3,1
chr5,36150001,36250000,3,4,0,2,1,1
chr5,36250001,36350000,4,5,7,5,1,2
chr5,36350001,36450000,7,2,2,5,3,1
chr5,36450001,36550000,3,3,7,3,1,1
chr5,36550001,36650000,1,3,4,3,1,0
chr5,36650001,36750000,0,2,2,5,3,0
chr5,36750001,36850000,2,5,3,2,4,0
chr5,36850001,36950000,5,3,2,3,0,0
chr5,36950001,37050000,6,5,0,3,1,0
chr5,37050001,37150000,4,1,1,5,2,2
chr5,37150001,37250000,3,0,2,3,3,1
chr5,37250001,37350000,3,2,2,1,0,0
chr5,37350001,37450000,7,0,0,3,3,0
chr5,37450001,37550000,4,3,4,3,3,1
chr5,37550001,37650000,0,3,3,3,1,1
chr5,37650001,37750000,2,4,1,0,0,2
chr5,37750001,37850000,3,8,2,6,1,0
chr5,37850001,37950000,4,6,1,4,1,1
chr5,37950001,38050000,3,4,4,3,1,0
chr5,38050001,38150000,4,2,3,5,4,0
chr5,38150001,38250000,4,6,3,2,2,1
chr5,38250001,38350000,9,2,4,7,3,2
chr5,38350001,38450000,4,1,1,5,0,0
chr5,38450001,38550000,3,4,3,3,1,0
chr5,38550001,38650000,3,4,1,5,1,1
chr5,38650001,38750000,2,3,5,3,2,1
chr5,38750001,38850000,2,3,4,4,1,2
chr5,38850001,38950000,3,1,1,3,3,0
chr5,38950001,39050000,2,0,1,3,0,2
chr5,39050001,39150000,4,3,2,4,0,0
chr5,39150001,39250000,2,3,2,6,1,0
chr5,39250001,39350000,1,4,3,5,4,0
chr5,39350001,39450000,5,3,2,2,3,1
chr5,39450001,39550000,5,7,2,3,2,0
chr5,39550001,39650000,3,4,1,2,3,1
chr5,39650001,39750000,4,7,3,6,2,0
chr5,39750001,39850000,4,8,3,6,2,0
chr5,39850001,39950000,8,8,2,4,1,0
chr5,39950001,40050000,7,5,2,6,2,2
chr5,40050001,40150000,4,1,3,4,4,2
chr5,40150001,40250000,3,3,1,2,2,2
chr5,40250001,40350000,4,6,3,2,2,1
chr5,40350001,40450000,5,3,3,4,1,1
chr5,40450001,40550000,2,5,2,4,4,2
chr5,40550001,40650000,4,4,4,1,4,2
chr5,40650001,40750000,3,2,1,0,0,1
chr5,40750001,40850000,2,3,2,4,2,2
chr5,40850001,40950000,3,5,0,4,0,0
chr5,40950001,41050000,2,6,3,8,3,3
chr5,41050001,41150000,6,11,1,3,3,1
chr5,41150001,41250000,4,3,3,1,5,1
chr5,41250001,41350000,4,3,4,3,3,3
chr5,41350001,41450000,3,9,6,8,3,3
chr5,41450001,41550000,3,5,6,9,4,2
chr5,41550001,41650000,8,14,4,10,2,1
chr5,41650001,41750000,3,5,1,3,0,2
chr5,41750001,41850000,2,3,2,3,2,3
chr5,41850001,41950000,3,2,2,6,1,1
chr5,41950001,42050000,1,4,4,4,3,0
chr5,42050001,42150000,5,6,3,10,4,4
chr5,42150001,42250000,5,7,4,9,3,2
chr5,42250001,42350000,3,6,4,14,0,2
chr5,42350001,42450000,0,6,3,11,4,2
chr5,42450001,42550000,1,4,1,6,1,1
chr5,42550001,42650000,3,0,5,6,5,2
chr5,42650001,42750000,5,4,2,9,1,0
chr5,42750001,42850000,6,2,1,9,6,1
chr5,42850001,42950000,4,3,2,4,0,0
chr5,42950001,43050000,4,5,0,4,1,0
chr5,43050001,43150000,4,5,1,3,0,0
chr5,43150001,43250000,3,3,1,2,1,1
chr5,43250001,43350000,3,2,1,2,0,1
chr5,43350001,43450000,3,2,3,4,1,1
chr5,43450001,43550000,2,2,1,2,1,0
chr5,43550001,43650000,0,1,2,3,6,0
chr5,43650001,43750000,5,1,3,2,8,0
chr5,43750001,43850000,3,7,4,5,4,2
chr5,43850001,43950000,5,15,2,5,6,2
chr5,43950001,44050000,3,11,2,6,6,1
chr5,44050001,44150000,6,10,4,9,1,2
chr5,44150001,44250000,3,15,4,9,5,0
chr5,44250001,44350000,4,13,7,6,4,0
chr5,44350001,44450000,3,12,4,9,5,1
chr5,44450001,44550000,1,5,7,10,3,0
chr5,44550001,44650000,5,12,2,7,5,1
chr5,44650001,44750000,4,8,5,5,5,2
chr5,44750001,44850000,4,2,3,2,1,1
chr5,44850001,44950000,2,9,1,6,5,1
chr5,44950001,45050000,6,9,2,15,10,0
chr5,45050001,45150000,6,12,6,8,6,1
chr5,45150001,45250000,4,11,2,10,5,0
chr5,45250001,45350000,3,16,3,7,3,2
chr5,45350001,45450000,5,10,0,8,3,1
chr5,45450001,45590000,6,9,1,9,2,1
chr5,45590001,45690000,7,11,3,21,3,5
chr5,45690001,45790000,4,19,5,8,4,1
chr5,45790001,45890000,7,22,5,13,5,1
chr5,45890001,46040000,11,18,8,16,0,2
chr5,46040001,46170000,9,16,3,15,3,3
chr5,46170001,49630000,6,15,1,3,1,3
chr5,49630001,49730000,6,1,4,0,2,2
chr5,49730001,49830000,1,5,1,7,1,1
chr5,49830001,49930000,6,6,2,2,5,4
chr5,49930001,50030000,5,3,0,1,2,1
chr5,50030001,50130000,2,1,1,6,3,2
chr5,50130001,50230000,1,7,2,5,4,0
chr5,50230001,50330000,4,4,2,4,3,1
chr5,50330001,50430000,4,6,3,12,3,0
chr5,50430001,50530000,6,6,8,8,2,2
chr5,50530001,50630000,3,6,3,4,2,0
chr5,50630001,50730000,7,4,4,3,3,1
chr5,50730001,50830000,3,3,6,6,3,3
chr5,50830001,50930000,7,3,3,6,4,1
chr5,50930001,51030000,2,7,3,9,5,1
chr5,51030001,51130000,5,4,2,10,2,2
chr5,51130001,51230000,4,3,2,6,2,1
chr5,51230001,51330000,5,1,3,9,2,3
chr5,51330001,51430000,6,7,7,8,0,2
chr5,51430001,51530000,5,2,6,8,4,2
chr5,51530001,51630000,6,6,2,8,2,3
chr5,51630001,51730000,2,6,1,8,1,1
chr5,51730001,51830000,4,1,5,3,1,1
chr5,51830001,51930000,2,2,5,9,1,0
chr5,51930001,52030000,2,1,2,2,1,2
chr5,52030001,52130000,2,2,0,5,0,1
chr5,52130001,52230000,2,1,1,0,2,1
chr5,52230001,52330000,1,3,1,5,1,1
chr5,52330001,52430000,4,1,3,1,0,0
chr5,52430001,52530000,1,2,3,3,1,0
chr5,52530001,52630000,3,2,5,4,3,1
chr5,52630001,52730000,3,1,3,2,0,1
chr5,52730001,52830000,4,0,4,4,6,1
chr5,52830001,52930000,2,2,3,1,1,1
chr5,52930001,53030000,1,2,6,5,2,2
chr5,53030001,53130000,4,3,2,1,4,0
chr5,53130001,53230000,3,2,2,4,2,0
chr5,53230001,53330000,3,3,1,6,2,0
chr5,53330001,53430000,0,1,1,4,3,0
chr5,53430001,53530000,1,1,0,3,1,1
chr5,53530001,53630000,3,0,0,2,2,2
chr5,53630001,53730000,4,4,2,2,1,0
chr5,53730001,53830000,4,3,0,1,1,0
chr5,53830001,53930000,1,2,2,1,2,0
chr5,53930001,54030000,0,0,1,2,4,0
chr5,54030001,54130000,1,3,2,3,1,0
chr5,54130001,54230000,0,1,0,1,0,1
chr5,54230001,54330000,5,2,2,4,1,1
chr5,54330001,54430000,2,2,5,4,4,2
chr5,54430001,54530000,5,1,4,3,0,1
chr5,54530001,54630000,2,2,0,2,0,1
chr5,54630001,54730000,1,2,3,2,3,3
chr5,54730001,54830000,1,0,1,5,4,1
chr5,54830001,54930000,1,0,0,0,0,0
chr5,54930001,55030000,6,0,1,2,4,3
chr5,55030001,55130000,0,0,3,1,2,2
chr5,55130001,55230000,1,0,0,3,3,0
chr5,55230001,55330000,5,1,3,2,3,1
chr5,55330001,55430000,4,3,2,3,0,2
chr5,55430001,55530000,3,4,1,3,0,1
chr5,55530001,55630000,7,3,1,6,2,2
chr5,55630001,55730000,0,1,2,3,2,0
chr5,55730001,55830000,0,0,0,1,1,1
chr5,55830001,55930000,3,2,1,5,1,0
chr5,55930001,56030000,3,0,2,2,1,1
chr5,56030001,56130000,1,2,2,1,2,2
chr5,56130001,56230000,18,3,3,0,0,0
chr5,56230001,56330000,5,3,2,2,2,2
chr5,56330001,56430000,2,1,2,3,2,1
chr5,56430001,56530000,2,2,2,3,2,0
chr5,56530001,56630000,2,2,3,4,1,0
chr5,56630001,56730000,4,2,2,1,6,1
chr5,56730001,56830000,4,3,2,4,1,2
chr5,56830001,56930000,1,4,6,5,3,1
chr5,56930001,57030000,1,2,3,3,1,1
chr5,57030001,57130000,1,1,4,3,1,0
chr5,57130001,57230000,7,1,3,3,2,1
chr5,57230001,57330000,0,4,1,2,1,1
chr5,57330001,57430000,3,1,1,2,2,0
chr5,57430001,57530000,1,0,3,6,2,0
chr5,57530001,57630000,2,1,4,2,1,3
chr5,57630001,57730000,4,2,1,2,2,0
chr5,57730001,57830000,7,3,3,4,5,0
chr5,57830001,57930000,2,1,4,1,2,1
chr5,57930001,58030000,2,1,5,4,2,1
chr5,58030001,58130000,2,2,4,2,1,0
chr5,58130001,58230000,0,0,2,0,0,0
chr5,58230001,58330000,3,1,2,2,4,0
chr5,58330001,58430000,5,0,1,1,0,0
chr5,58430001,58530000,4,2,2,2,2,1
chr5,58530001,58630000,1,3,1,3,2,2
chr5,58630001,58730000,2,0,2,1,4,2
chr5,58730001,58830000,1,1,0,4,3,4
chr5,58830001,58930000,6,3,1,4,6,0
chr5,58930001,59030000,4,1,2,1,1,1
chr5,59030001,59130000,2,1,3,5,2,1
chr5,59130001,59230000,4,1,3,4,1,2
chr5,59230001,59330000,2,0,0,4,6,1
chr5,59330001,59430000,5,1,2,2,2,0
chr5,59430001,59530000,1,5,2,2,0,1
chr5,59530001,59630000,4,1,3,2,6,1
chr5,59630001,59730000,1,4,7,5,4,0
chr5,59730001,59830000,3,3,1,2,2,1
chr5,59830001,59930000,3,1,2,2,2,1
chr5,59930001,60030000,3,1,2,2,0,0
chr5,60030001,60140000,2,1,1,2,0,1
chr5,60140001,60240000,0,0,0,5,7,0
chr5,60240001,60340000,0,2,0,4,0,0
chr5,60340001,60440000,2,0,6,4,2,1
chr5,60440001,60540000,1,2,5,2,1,1
chr5,60540001,60640000,1,4,3,2,3,1
chr5,60640001,60740000,1,2,0,3,1,0
chr5,60740001,60840000,4,1,4,0,0,1
chr5,60840001,60940000,6,2,1,0,0,1
chr5,60940001,61040000,5,1,1,3,1,0
chr5,61040001,61140000,3,1,2,4,2,2
chr5,61140001,61240000,4,1,9,1,1,0
chr5,61240001,61340000,8,4,5,3,2,1
chr5,61340001,61440000,2,1,1,5,6,1
chr5,61440001,61540000,2,2,4,1,0,0
chr5,61540001,61640000,4,0,2,0,1,1
chr5,61640001,61740000,3,1,2,1,2,0
chr5,61740001,61840000,2,1,1,0,1,0
chr5,61840001,61940000,3,3,2,1,1,0
chr5,61940001,62040000,2,1,4,5,1,1
chr5,62040001,62140000,0,2,0,3,1,0
chr5,62140001,62240000,4,6,2,11,1,0
chr5,62240001,62340000,5,3,6,1,4,0
chr5,62340001,62440000,4,1,5,2,2,1
chr5,62440001,62540000,1,0,4,6,6,1
chr5,62540001,62640000,4,3,7,8,1,0
chr5,62640001,62740000,4,7,1,6,3,2
chr5,62740001,62840000,4,8,4,12,2,5
chr5,62840001,62940000,2,7,7,5,5,1
chr5,62940001,63040000,3,6,5,12,4,0
chr5,63040001,63140000,4,8,3,5,2,3
chr5,63140001,63240000,6,7,5,7,4,2
chr5,63240001,63340000,7,7,5,8,2,3
chr5,63340001,63440000,4,5,11,3,5,2
chr5,63440001,63540000,3,0,5,6,1,1
chr5,63540001,63640000,1,3,3,7,2,1
chr5,63640001,63740000,5,3,5,13,4,1
chr5,63740001,63840000,0,2,3,5,1,1
chr5,63840001,63940000,3,4,0,2,1,1
chr5,63940001,64040000,2,5,1,2,1,1
chr5,64040001,64140000,1,2,2,4,1,3
chr5,64140001,64240000,3,2,2,1,1,1
chr5,64240001,64340000,1,1,0,2,1,0
chr5,64340001,64440000,2,3,4,1,1,0
chr5,64440001,64540000,2,5,3,1,2,0
chr5,64540001,64640000,3,1,4,3,3,2
chr5,64640001,64740000,4,5,3,6,0,2
chr5,64740001,64840000,4,1,0,4,0,1
chr5,64840001,64940000,5,3,3,3,3,3
chr5,64940001,65040000,1,1,1,1,0,1
chr5,65040001,65140000,0,2,1,0,3,2
chr5,65140001,65240000,2,2,1,5,1,0
chr5,65240001,65340000,1,2,0,3,0,1
chr5,65340001,65440000,2,0,2,2,4,3
chr5,65440001,65540000,2,0,1,3,2,1
chr5,65540001,65640000,1,1,2,1,2,0
chr5,65640001,65740000,3,3,2,2,4,0
chr5,65740001,65840000,1,0,3,5,0,3
chr5,65840001,65940000,2,3,2,7,3,1
chr5,65940001,66040000,0,1,4,5,3,2
chr5,66040001,66140000,0,0,2,4,7,2
chr5,66140001,66240000,1,1,2,1,0,0
chr5,66240001,66340000,2,3,1,2,4,1
chr5,66340001,66440000,4,1,3,4,0,1
chr5,66440001,66540000,4,3,0,0,3,0
chr5,66540001,66640000,1,2,2,2,1,1
chr5,66640001,66740000,4,2,0,3,0,0
chr5,66740001,66840000,4,5,3,4,5,1
chr5,66840001,66940000,0,1,6,4,4,0
chr5,66940001,67040000,3,2,2,0,2,0
chr5,67040001,67140000,1,2,1,4,2,0
chr5,67140001,67240000,3,1,1,5,2,1
chr5,67240001,67340000,1,2,1,2,2,0
chr5,67340001,67440000,0,1,1,0,3,0
chr5,67440001,67540000,4,1,1,3,3,0
chr5,67540001,67640000,8,0,1,2,2,0
chr5,67640001,67740000,3,2,2,1,4,0
chr5,67740001,67840000,3,4,1,1,0,0
chr5,67840001,67940000,0,5,1,4,2,0
chr5,67940001,68040000,1,3,1,4,0,1
chr5,68040001,68140000,3,2,3,1,5,1
chr5,68140001,68240000,3,3,3,4,2,0
chr5,68240001,68340000,1,1,4,2,1,1
chr5,68340001,68440000,4,0,1,2,2,1
chr5,68440001,68540000,2,3,2,1,0,1
chr5,68540001,68640000,5,0,0,2,1,1
chr5,68640001,68740000,1,0,2,2,3,1
chr5,68740001,70680000,4,4,3,5,3,0
chr5,70680001,70780000,0,1,0,4,2,0
chr5,70780001,70880000,2,0,1,3,3,0
chr5,70880001,70980000,1,1,2,0,1,1
chr5,70980001,71080000,2,3,4,1,0,0
chr5,71080001,71190000,7,3,3,1,2,1
chr5,71190001,71290000,1,6,2,4,0,0
chr5,71290001,71390000,1,3,2,5,1,1
chr5,71390001,71490000,6,0,5,1,1,1
chr5,71490001,71590000,2,0,1,3,1,0
chr5,71590001,71690000,0,1,2,3,2,0
chr5,71690001,71790000,3,2,3,3,1,1
chr5,71790001,71890000,1,1,0,1,0,1
chr5,71890001,71990000,5,0,1,2,4,2
chr5,71990001,72090000,2,1,2,2,2,1
chr5,72090001,72190000,2,1,4,2,0,0
chr5,72190001,72290000,0,2,1,2,1,1
chr5,72290001,72390000,2,0,2,2,1,2
chr5,72390001,72490000,2,1,0,1,0,2
chr5,72490001,72590000,1,2,0,1,0,0
chr5,72590001,72690000,3,1,1,2,4,0
chr5,72690001,72790000,1,0,2,2,4,1
chr5,72790001,72890000,4,2,2,2,0,0
chr5,72890001,72990000,2,1,2,3,1,1
chr5,72990001,73090000,1,1,1,0,1,0
chr5,73090001,73190000,1,0,0,0,1,1
chr5,73190001,73290000,2,2,0,0,2,2
chr5,73290001,73390000,1,1,1,0,1,0
chr5,73390001,73490000,2,1,2,2,1,0
chr5,73490001,73590000,0,5,1,2,1,0
chr5,73590001,73690000,2,0,1,0,1,0
chr5,73690001,73790000,4,1,0,2,2,1
chr5,73790001,73890000,1,1,2,3,1,0
chr5,73890001,74020000,2,3,1,4,1,0
chr5,74020001,74120000,3,1,0,2,4,1
chr5,74120001,74220000,1,3,3,2,1,1
chr5,74220001,74320000,0,2,5,4,1,1
chr5,74320001,74420000,4,1,0,2,2,0
chr5,74420001,74520000,0,2,5,2,1,1
chr5,74520001,74620000,0,1,4,1,3,1
chr5,74620001,74720000,0,0,4,4,1,1
chr5,74720001,74820000,2,3,4,3,2,0
chr5,74820001,74920000,2,1,2,2,2,1
chr5,74920001,75020000,2,1,3,1,1,2
chr5,75020001,75120000,2,4,1,4,4,0
chr5,75120001,75220000,2,6,1,4,1,1
chr5,75220001,75320000,1,6,3,2,1,0
chr5,75320001,75420000,4,4,4,2,3,1
chr5,75420001,75520000,1,4,4,2,2,0
chr5,75520001,75620000,3,3,1,3,0,0
chr5,75620001,75720000,1,0,1,0,3,1
chr5,75720001,75820000,3,6,0,2,0,1
chr5,75820001,75920000,3,1,2,4,1,1
chr5,75920001,76020000,2,3,1,1,0,3
chr5,76020001,76120000,1,1,2,1,1,1
chr5,76120001,76220000,1,6,3,5,1,0
chr5,76220001,76320000,1,3,4,3,0,0
chr5,76320001,76420000,1,0,2,5,2,0
chr5,76420001,76520000,3,1,2,5,0,0
chr5,76520001,76620000,3,3,1,5,3,1
chr5,76620001,76720000,1,0,1,2,1,0
chr5,76720001,76820000,3,2,5,2,2,1
chr5,76820001,76920000,1,4,3,2,1,3
chr5,76920001,77020000,3,1,0,2,1,2
chr5,77020001,77120000,3,4,5,8,0,1
chr5,77120001,77220000,3,3,4,1,2,0
chr5,77220001,77320000,1,1,1,2,0,1
chr5,77320001,77420000,2,1,1,2,1,2
chr5,77420001,77520000,2,1,0,1,3,0
chr5,77520001,77620000,3,3,0,4,2,0
chr5,77620001,77720000,2,5,2,5,2,0
chr5,77720001,77820000,1,3,1,3,1,0
chr5,77820001,77920000,3,1,1,1,0,0
chr5,77920001,78020000,3,2,1,2,3,1
chr5,78020001,78120000,1,2,2,3,2,0
chr5,78120001,78220000,0,2,2,5,3,0
chr5,78220001,78320000,3,0,2,1,0,0
chr5,78320001,78420000,4,3,3,4,1,0
chr5,78420001,78520000,2,2,2,3,2,2
chr5,78520001,78620000,1,0,1,4,0,0
chr5,78620001,78720000,2,1,2,5,1,0
chr5,78720001,78820000,1,2,1,3,1,0
chr5,78820001,78920000,1,1,3,2,1,0
chr5,78920001,79020000,1,2,2,4,1,1
chr5,79020001,79120000,1,0,0,1,1,0
chr5,79120001,79220000,1,2,1,3,1,0
chr5,79220001,79320000,1,3,2,4,0,1
chr5,79320001,79420000,2,2,1,2,2,0
chr5,79420001,79520000,1,2,2,5,2,0
chr5,79520001,79620000,1,2,2,1,5,1
chr5,79620001,79720000,0,2,2,2,1,0
chr5,79720001,79820000,4,1,1,2,3,0
chr5,79820001,79920000,3,1,6,3,0,3
chr5,79920001,80030000,2,0,2,0,5,0
chr5,80030001,80130000,2,1,2,4,2,1
chr5,80130001,80230000,1,3,0,3,0,0
chr5,80230001,80370000,2,3,1,3,3,1
chr5,80370001,80470000,2,1,3,3,1,1
chr5,80470001,80570000,2,1,3,5,0,1
chr5,80570001,80670000,3,4,0,4,2,0
chr5,80670001,80770000,3,0,1,1,2,0
chr5,80770001,80870000,2,1,0,3,2,1
chr5,80870001,80970000,3,0,1,5,1,1
chr5,80970001,81070000,1,1,2,3,2,1
chr5,81070001,81170000,3,0,4,3,1,0
chr5,81170001,81270000,1,1,3,3,1,2
chr5,81270001,81370000,7,1,3,1,1,0
chr5,81370001,81470000,3,1,0,5,2,2
chr5,81470001,81570000,4,1,0,3,2,0
chr5,81570001,81670000,3,0,3,2,3,1
chr5,81670001,81770000,3,1,0,2,2,0
chr5,81770001,81870000,4,2,1,3,7,2
chr5,81870001,81970000,2,2,1,4,3,0
chr5,81970001,82070000,2,7,3,4,3,1
chr5,82070001,82170000,1,3,1,1,1,1
chr5,82170001,82270000,3,2,3,1,0,0
chr5,82270001,82370000,1,1,3,0,3,1
chr5,82370001,82470000,0,1,4,0,1,0
chr5,82470001,82570000,1,1,2,5,4,2
chr5,82570001,82670000,1,2,2,5,2,0
chr5,82670001,82770000,1,2,7,8,3,2
chr5,82770001,82870000,2,3,0,4,2,1
chr5,82870001,82970000,6,3,1,7,3,1
chr5,82970001,83070000,1,2,3,3,3,1
chr5,83070001,83170000,3,5,3,1,3,0
chr5,83170001,83270000,4,7,4,3,5,4
chr5,83270001,83370000,2,4,5,8,8,0
chr5,83370001,83470000,3,2,2,10,2,1
chr5,83470001,83570000,2,5,7,3,2,0
chr5,83570001,83670000,4,6,5,7,9,1
chr5,83670001,83770000,2,1,4,13,4,0
chr5,83770001,83870000,6,6,11,6,6,2
chr5,83870001,83970000,2,3,4,13,2,1
chr5,83970001,84070000,2,2,4,10,2,5
chr5,84070001,84170000,3,6,2,9,3,2
chr5,84170001,84270000,1,9,3,6,2,2
chr5,84270001,84370000,1,8,9,13,2,1
chr5,84370001,84470000,3,3,4,9,9,1
chr5,84470001,84570000,5,3,4,19,4,2
chr5,84570001,84670000,3,6,6,7,2,1
chr5,84670001,84770000,2,8,4,7,2,1
chr5,84770001,84870000,9,8,7,14,5,0
chr5,84870001,85000000,5,10,6,12,1,4
chr5,85000001,85100000,5,11,5,7,3,1
chr5,85100001,85200000,4,5,7,7,4,5
chr5,85200001,85300000,2,11,1,5,5,0
chr5,85300001,85400000,3,7,5,14,2,3
chr5,85400001,85500000,6,10,4,9,7,1
chr5,85500001,85600000,4,5,5,7,2,2
chr5,85600001,85700000,2,6,2,13,7,1
chr5,85700001,85800000,3,7,2,8,2,0
chr5,85800001,85900000,6,9,3,7,7,2
chr5,85900001,86000000,4,10,7,10,4,1
chr5,86000001,86100000,3,7,4,8,3,1
chr5,86100001,86200000,1,3,2,4,3,0
chr5,86200001,86300000,6,6,1,2,3,2
chr5,86300001,86400000,2,1,2,1,3,1
chr5,86400001,86500000,0,1,1,4,3,1
chr5,86500001,86600000,2,3,4,2,1,0
chr5,86600001,86700000,3,4,5,0,1,1
chr5,86700001,86800000,8,3,2,8,1,1
chr5,86800001,86900000,2,7,3,8,0,0
chr5,86900001,87000000,4,5,5,9,4,2
chr5,87000001,87100000,5,2,6,7,3,2
chr5,87100001,87200000,6,9,4,14,2,0
chr5,87200001,87300000,3,8,3,7,4,1
chr5,87300001,87400000,5,4,6,4,2,1
chr5,87400001,87500000,3,5,1,4,2,2
chr5,87500001,87600000,4,3,1,4,2,1
chr5,87600001,87700000,4,9,3,11,1,0
chr5,87700001,87800000,2,4,2,9,5,2
chr5,87800001,87900000,5,4,1,6,4,3
chr5,87900001,88000000,3,6,0,5,1,1
chr5,88000001,88100000,2,2,2,8,1,1
chr5,88100001,88200000,3,4,2,10,3,0
chr5,88200001,88300000,0,1,4,9,2,1
chr5,88300001,88400000,9,5,5,7,3,1
chr5,88400001,88500000,6,4,1,9,2,1
chr5,88500001,88600000,2,4,0,10,2,1
chr5,88600001,88700000,2,1,3,9,1,0
chr5,88700001,88800000,8,6,3,8,2,0
chr5,88800001,88900000,3,3,3,6,2,1
chr5,88900001,89000000,5,3,3,9,5,0
chr5,89000001,89100000,7,7,3,8,6,0
chr5,89100001,89200000,3,0,1,8,5,0
chr5,89200001,89300000,4,3,5,7,1,2
chr5,89300001,89400000,2,2,1,2,0,1
chr5,89400001,89500000,4,0,2,2,6,0
chr5,89500001,89600000,0,3,1,6,1,1
chr5,89600001,89700000,2,1,2,7,2,0
chr5,89700001,89800000,0,1,2,6,2,2
chr5,89800001,89900000,1,3,1,3,0,0
chr5,89900001,90000000,2,1,2,4,3,0
chr5,90000001,90100000,3,1,1,6,3,1
chr5,90100001,90200000,1,2,1,7,3,1
chr5,90200001,90300000,3,1,1,4,0,0
chr5,90300001,90400000,2,1,2,3,1,1
chr5,90400001,90520000,5,1,2,1,1,0
chr5,90520001,90620000,3,1,3,4,3,0
chr5,90620001,90720000,0,0,3,5,7,0
chr5,90720001,90820000,3,1,4,3,4,1
chr5,90820001,90920000,2,2,4,2,1,2
chr5,90920001,91020000,2,2,3,7,2,1
chr5,91020001,91120000,2,1,2,7,4,2
chr5,91120001,91220000,2,1,4,14,4,1
chr5,91220001,91320000,3,7,9,7,2,2
chr5,91320001,91420000,4,3,4,7,1,0
chr5,91420001,91520000,4,4,0,5,4,0
chr5,91520001,91620000,3,3,8,7,3,2
chr5,91620001,91720000,3,1,5,1,0,0
chr5,91720001,91820000,3,3,5,8,3,1
chr5,91820001,91920000,5,4,3,9,4,2
chr5,91920001,92020000,3,2,2,3,2,1
chr5,92020001,92120000,4,2,6,5,3,1
chr5,92120001,92220000,5,2,2,1,1,2
chr5,92220001,92320000,2,2,3,4,3,0
chr5,92320001,92420000,2,2,1,7,3,1
chr5,92420001,92520000,3,3,2,5,2,3
chr5,92520001,92620000,0,4,3,3,1,0
chr5,92620001,92720000,1,1,3,1,1,0
chr5,92720001,92820000,1,3,4,7,1,2
chr5,92820001,92920000,3,3,4,7,2,0
chr5,92920001,93020000,1,2,0,5,3,0
chr5,93020001,93120000,2,1,2,5,0,1
chr5,93120001,93220000,1,2,1,5,3,0
chr5,93220001,93330000,4,0,3,3,3,1
chr5,93330001,93430000,0,2,1,3,1,1
chr5,93430001,93530000,0,1,2,7,3,1
chr5,93530001,93630000,1,1,1,3,0,2
chr5,93630001,93730000,5,4,0,6,2,1
chr5,93730001,93830000,0,1,2,4,0,0
chr5,93830001,93940000,0,2,2,6,1,1
chr5,93940001,94040000,2,0,3,3,1,0
chr5,94040001,94140000,3,1,6,5,2,0
chr5,94140001,94240000,3,1,7,2,1,2
chr5,94240001,94340000,2,2,2,6,0,4
chr5,94340001,94440000,1,1,3,7,4,3
chr5,94440001,94540000,4,1,4,3,2,1
chr5,94540001,94640000,7,4,2,10,3,2
chr5,94640001,94740000,0,4,4,2,1,1
chr5,94740001,94840000,1,2,3,2,0,1
chr5,94840001,94940000,1,0,3,0,1,3
chr5,94940001,95040000,2,1,2,4,1,1
chr5,95040001,95140000,2,1,3,1,1,0
chr5,95140001,95240000,8,4,1,0,3,1
chr5,95240001,95340000,3,2,1,2,3,0
chr5,95340001,95440000,2,0,3,2,0,1
chr5,95440001,95540000,3,1,3,3,4,1
chr5,95540001,95640000,4,2,1,0,0,2
chr5,95640001,95740000,1,1,1,6,1,0
chr5,95740001,95840000,2,1,3,9,0,0
chr5,95840001,95940000,2,2,2,1,2,2
chr5,95940001,96040000,3,1,0,1,1,0
chr5,96040001,96140000,0,2,0,1,1,1
chr5,96140001,96240000,1,1,2,1,4,1
chr5,96240001,96340000,3,2,2,0,1,1
chr5,96340001,96440000,1,3,2,2,1,0
chr5,96440001,96540000,4,1,1,7,2,0
chr5,96540001,96640000,2,0,2,10,0,4
chr5,96640001,96740000,1,3,0,2,0,1
chr5,96740001,96840000,2,2,2,6,3,2
chr5,96840001,96940000,3,5,2,6,2,1
chr5,96940001,97040000,1,1,1,7,2,0
chr5,97040001,97140000,5,3,2,7,3,1
chr5,97140001,97240000,1,5,4,6,3,2
chr5,97240001,97340000,2,2,5,4,4,1
chr5,97340001,97440000,2,4,2,3,2,0
chr5,97440001,97540000,4,4,3,4,4,1
chr5,97540001,97640000,4,2,2,4,2,1
chr5,97640001,97740000,2,6,0,3,3,0
chr5,97740001,97840000,3,1,4,3,3,2
chr5,97840001,97940000,1,1,1,9,0,0
chr5,97940001,98040000,2,6,3,3,3,0
chr5,98040001,98140000,2,1,6,4,2,0
chr5,98140001,98240000,1,0,1,2,3,1
chr5,98240001,98340000,4,5,0,1,4,1
chr5,98340001,98440000,5,4,1,8,0,0
chr5,98440001,98540000,1,3,3,3,0,0
chr5,98540001,98640000,5,8,2,4,6,0
chr5,98640001,98740000,5,1,3,1,3,0
chr5,98740001,98840000,4,1,1,4,1,0
chr5,98840001,98940000,1,5,5,7,3,2
chr5,98940001,99040000,2,5,5,10,1,1
chr5,99040001,99140000,4,6,5,13,3,1
chr5,99140001,99240000,0,5,2,6,5,0
chr5,99240001,99340000,8,1,8,12,7,1
chr5,99340001,99490000,1,4,1,11,2,4
chr5,99490001,99590000,3,4,7,11,2,1
chr5,99590001,99690000,5,1,3,10,3,0
chr5,99690001,99790000,3,1,4,0,2,0
chr5,99790001,99890000,1,1,4,11,3,4
chr5,99890001,99990000,2,1,3,7,1,1
chr5,99990001,100090000,3,0,6,12,4,2
chr5,100090001,100190000,4,2,2,9,1,3
chr5,100190001,100290000,2,7,3,12,5,1
chr5,100290001,100390000,2,2,4,14,4,0
chr5,100390001,100490000,5,3,5,9,3,2
chr5,100490001,100590000,9,1,3,8,4,0
chr5,100590001,100690000,2,0,2,12,3,1
chr5,100690001,100790000,3,1,2,16,2,2
chr5,100790001,100890000,2,3,2,8,4,4
chr5,100890001,100990000,2,3,5,12,3,1
chr5,100990001,101090000,5,2,1,12,4,1
chr5,101090001,101190000,3,2,2,10,3,0
chr5,101190001,101290000,0,3,1,13,2,3
chr5,101290001,101390000,1,4,1,11,4,2
chr5,101390001,101490000,5,2,7,3,2,1
chr5,101490001,101590000,3,5,4,9,1,1
chr5,101590001,101690000,2,3,3,7,4,0
chr5,101690001,101790000,3,4,1,8,5,0
chr5,101790001,101890000,2,4,2,10,0,1
chr5,101890001,101990000,0,4,1,7,5,1
chr5,101990001,102090000,1,1,2,8,2,0
chr5,102090001,102190000,2,2,0,3,1,2
chr5,102190001,102290000,0,3,3,4,1,0
chr5,102290001,102390000,1,1,2,7,2,0
chr5,102390001,102490000,1,4,2,1,2,0
chr5,102490001,102590000,1,3,4,6,4,0
chr5,102590001,102690000,4,2,0,3,2,0
chr5,102690001,102790000,6,6,1,1,2,2
chr5,102790001,102890000,2,3,1,0,2,0
chr5,102890001,102990000,2,4,2,1,1,1
chr5,102990001,103090000,3,5,6,6,5,1
chr5,103090001,103190000,4,2,5,9,3,2
chr5,103190001,103290000,3,2,3,6,3,0
chr5,103290001,103390000,1,3,4,12,1,1
chr5,103390001,103490000,5,5,3,7,4,1
chr5,103490001,103590000,4,7,2,7,4,0
chr5,103590001,103690000,2,2,3,4,2,5
chr5,103690001,103790000,4,7,2,9,9,2
chr5,103790001,103890000,3,6,2,11,5,0
chr5,103890001,103990000,5,4,5,6,1,1
chr5,103990001,104090000,4,4,0,7,7,2
chr5,104090001,104190000,3,5,2,10,2,0
chr5,104190001,104290000,6,9,0,11,2,0
chr5,104290001,104390000,3,5,1,5,2,1
chr5,104390001,104490000,6,3,1,11,4,0
chr5,104490001,104590000,2,7,3,10,2,1
chr5,104590001,104690000,4,6,2,11,2,1
chr5,104690001,104790000,1,5,5,12,2,2
chr5,104790001,104890000,3,4,3,7,3,1
chr5,104890001,104990000,2,5,5,14,3,3
chr5,104990001,105090000,3,7,6,15,3,0
chr5,105090001,105190000,4,2,3,7,6,1
chr5,105190001,105290000,3,4,6,12,3,1
chr5,105290001,105390000,0,2,6,13,3,1
chr5,105390001,105490000,3,5,6,9,2,0
chr5,105490001,105590000,2,4,7,8,2,0
chr5,105590001,105690000,4,7,7,13,7,2
chr5,105690001,105790000,1,4,3,8,2,1
chr5,105790001,105890000,3,3,8,7,0,1
chr5,105890001,105990000,0,2,3,8,1,2
chr5,105990001,106090000,3,3,3,4,3,1
chr5,106090001,106190000,1,2,1,4,4,3
chr5,106190001,106290000,3,4,3,2,2,1
chr5,106290001,106390000,5,1,1,2,3,1
chr5,106390001,106490000,3,0,6,7,4,1
chr5,106490001,106590000,1,4,3,3,6,3
chr5,106590001,106690000,2,2,2,2,2,1
chr5,106690001,106790000,4,1,2,3,2,0
chr5,106790001,106890000,0,1,2,1,1,1
chr5,106890001,106990000,1,0,1,2,3,0
chr5,106990001,107090000,2,2,3,4,3,1
chr5,107090001,107190000,4,7,3,6,3,2
chr5,107190001,107290000,4,3,2,2,2,0
chr5,107290001,107390000,3,1,3,5,4,0
chr5,107390001,107490000,3,1,5,2,2,0
chr5,107490001,107590000,1,1,2,3,4,0
chr5,107590001,107690000,2,3,3,2,2,1
chr5,107690001,107790000,3,0,3,1,1,1
chr5,107790001,107890000,0,2,2,5,2,0
chr5,107890001,107990000,0,6,1,4,3,0
chr5,107990001,108090000,1,0,2,2,1,1
chr5,108090001,108190000,5,2,3,2,2,3
chr5,108190001,108290000,3,0,2,2,2,1
chr5,108290001,108390000,4,0,1,4,3,1
chr5,108390001,108490000,2,5,2,1,1,1
chr5,108490001,108590000,1,1,0,4,2,0
chr5,108590001,108690000,5,0,2,1,1,1
chr5,108690001,108790000,1,1,1,2,1,1
chr5,108790001,108890000,5,1,4,5,0,0
chr5,108890001,108990000,1,4,3,3,1,0
chr5,108990001,109090000,2,2,2,3,4,3
chr5,109090001,109190000,5,2,1,4,2,1
chr5,109190001,109290000,6,4,4,4,2,0
chr5,109290001,109390000,1,3,3,2,3,0
chr5,109390001,109490000,0,7,5,4,1,1
chr5,109490001,109590000,1,2,5,5,4,3
chr5,109590001,109690000,4,4,7,10,7,3
chr5,109690001,109790000,2,3,2,3,5,2
chr5,109790001,109890000,6,0,4,16,0,2
chr5,109890001,109990000,4,3,6,9,5,0
chr5,109990001,110090000,2,3,5,0,2,1
chr5,110090001,110190000,1,3,6,11,2,1
chr5,110190001,110290000,3,1,4,5,2,2
chr5,110290001,110390000,1,3,3,8,2,0
chr5,110390001,110490000,3,1,4,6,1,2
chr5,110490001,110590000,3,5,3,7,4,0
chr5,110590001,110690000,5,3,4,6,4,4
chr5,110690001,110790000,3,4,2,11,4,2
chr5,110790001,110890000,0,6,2,3,4,4
chr5,110890001,110990000,4,1,3,1,4,0
chr5,110990001,111090000,5,1,3,1,3,1
chr5,111090001,111190000,1,2,2,4,2,1
chr5,111190001,111290000,2,2,6,2,2,2
chr5,111290001,111390000,3,1,2,4,7,2
chr5,111390001,111490000,2,4,4,6,2,2
chr5,111490001,111590000,3,2,1,2,1,2
chr5,111590001,111690000,1,1,1,5,1,0
chr5,111690001,111790000,0,0,2,0,2,3
chr5,111790001,111890000,3,1,2,3,2,1
chr5,111890001,111990000,1,0,6,4,1,0
chr5,111990001,112090000,1,2,4,8,1,2
chr5,112090001,112190000,1,1,29,11,3,0
chr5,112190001,112290000,2,0,1,3,0,0
chr5,112290001,112390000,2,0,1,5,0,0
chr5,112390001,112490000,3,2,2,5,1,1
chr5,112490001,112590000,2,1,4,6,3,0
chr5,112590001,112690000,1,0,3,4,1,2
chr5,112690001,112790000,0,2,5,5,1,0
chr5,112790001,112890000,1,0,2,3,3,0
chr5,112890001,112990000,4,0,3,3,2,2
chr5,112990001,113090000,6,5,3,7,3,3
chr5,113090001,113190000,2,3,7,8,2,0
chr5,113190001,113290000,1,7,5,6,0,1
chr5,113290001,113390000,2,2,3,4,0,3
chr5,113390001,113520000,3,9,3,7,1,1
chr5,113520001,113620000,4,8,4,3,3,2
chr5,113620001,113720000,1,3,1,10,0,0
chr5,113720001,113820000,1,0,2,10,0,1
chr5,113820001,113920000,5,6,3,9,0,1
chr5,113920001,114020000,1,6,4,5,2,0
chr5,114020001,114120000,3,4,6,5,1,1
chr5,114120001,114220000,3,10,5,7,2,1
chr5,114220001,114320000,4,6,8,7,0,4
chr5,114320001,114420000,2,3,3,5,0,0
chr5,114420001,114520000,2,1,3,3,0,1
chr5,114520001,114620000,2,2,2,4,0,0
chr5,114620001,114720000,4,1,2,4,2,0
chr5,114720001,114820000,1,1,1,2,1,3
chr5,114820001,114920000,2,2,2,6,4,0
chr5,114920001,115020000,4,5,2,1,0,1
chr5,115020001,115120000,2,3,1,1,0,2
chr5,115120001,115220000,2,5,4,2,1,0
chr5,115220001,115320000,3,3,2,4,1,0
chr5,115320001,115420000,1,6,2,3,1,0
chr5,115420001,115520000,4,5,2,0,3,1
chr5,115520001,115620000,3,5,2,2,2,0
chr5,115620001,115720000,0,4,2,0,2,0
chr5,115720001,115820000,1,3,1,3,1,3
chr5,115820001,115920000,2,3,0,3,4,3
chr5,115920001,116020000,1,3,1,1,2,0
chr5,116020001,116120000,4,1,3,8,0,0
chr5,116120001,116220000,0,0,2,7,4,0
chr5,116220001,116320000,3,1,3,7,0,0
chr5,116320001,116420000,9,5,3,5,3,0
chr5,116420001,116520000,1,4,5,5,2,0
chr5,116520001,116620000,1,3,3,3,0,0
chr5,116620001,116720000,2,3,3,5,3,0
chr5,116720001,116820000,7,2,3,8,4,1
chr5,116820001,116920000,1,8,3,8,4,0
chr5,116920001,117020000,4,3,2,9,0,0
chr5,117020001,117120000,4,6,4,9,4,0
chr5,117120001,117220000,5,2,3,15,0,0
chr5,117220001,117320000,0,4,4,5,3,2
chr5,117320001,117420000,1,2,0,6,1,3
chr5,117420001,117520000,4,4,4,10,1,1
chr5,117520001,117620000,2,7,7,11,0,1
chr5,117620001,117720000,2,4,7,6,2,1
chr5,117720001,117820000,3,6,5,8,2,1
chr5,117820001,117920000,2,4,1,9,4,3
chr5,117920001,118020000,6,2,2,6,0,1
chr5,118020001,118120000,1,1,3,3,2,0
chr5,118120001,118220000,1,4,4,3,3,0
chr5,118220001,118320000,3,2,0,5,0,1
chr5,118320001,118420000,4,2,4,6,0,0
chr5,118420001,118520000,2,2,2,0,4,1
chr5,118520001,118620000,2,0,1,0,2,0
chr5,118620001,118720000,3,2,1,4,1,3
chr5,118720001,118820000,0,1,1,2,1,2
chr5,118820001,118920000,3,1,1,2,2,1
chr5,118920001,119020000,2,1,6,3,2,5
chr5,119020001,119120000,3,7,3,4,4,3
chr5,119120001,119220000,5,8,3,11,3,0
chr5,119220001,119320000,2,3,1,3,4,2
chr5,119320001,119420000,3,5,5,5,1,1
chr5,119420001,119520000,4,4,6,5,4,3
chr5,119520001,119620000,1,6,5,11,1,2
chr5,119620001,119720000,4,2,7,13,3,0
chr5,119720001,119820000,4,4,3,6,3,0
chr5,119820001,119920000,3,4,1,7,1,5
chr5,119920001,120020000,2,7,6,5,2,1
chr5,120020001,120120000,1,4,4,9,5,2
chr5,120120001,120220000,2,7,3,9,2,1
chr5,120220001,120320000,2,3,1,10,4,0
chr5,120320001,120420000,1,6,2,13,2,0
chr5,120420001,120520000,0,1,3,9,2,0
chr5,120520001,120620000,1,5,5,8,8,1
chr5,120620001,120720000,1,5,6,6,2,3
chr5,120720001,120820000,3,5,9,13,3,0
chr5,120820001,120920000,3,9,7,4,2,1
chr5,120920001,121020000,1,5,3,10,1,0
chr5,121020001,121120000,4,4,3,7,1,1
chr5,121120001,121220000,4,6,6,4,1,1
chr5,121220001,121320000,4,0,6,5,1,0
chr5,121320001,121420000,4,2,2,4,1,1
chr5,121420001,121520000,4,2,2,1,2,2
chr5,121520001,121620000,5,3,1,7,0,1
chr5,121620001,121720000,3,1,3,4,3,1
chr5,121720001,121820000,2,0,3,5,1,1
chr5,121820001,121920000,0,1,2,6,4,3
chr5,121920001,122020000,4,0,1,5,4,1
chr5,122020001,122120000,4,4,3,6,1,0
chr5,122120001,122220000,1,2,1,3,2,0
chr5,122220001,122320000,1,3,1,5,2,1
chr5,122320001,122420000,3,0,4,0,4,2
chr5,122420001,122520000,2,0,2,8,0,0
chr5,122520001,122620000,3,2,5,4,0,1
chr5,122620001,122720000,2,1,5,1,1,4
chr5,122720001,122820000,1,1,0,2,1,0
chr5,122820001,122920000,4,1,3,4,2,1
chr5,122920001,123020000,3,0,1,5,3,0
chr5,123020001,123120000,1,5,3,4,0,1
chr5,123120001,123220000,2,2,2,7,0,1
chr5,123220001,123320000,2,3,1,3,1,0
chr5,123320001,123420000,3,2,1,5,2,1
chr5,123420001,123520000,4,3,0,1,1,1
chr5,123520001,123620000,3,1,1,0,1,2
chr5,123620001,123720000,2,1,0,2,3,1
chr5,123720001,123820000,1,4,2,0,0,0
chr5,123820001,123920000,3,2,3,3,0,0
chr5,123920001,124020000,2,1,2,2,1,1
chr5,124020001,124120000,3,2,3,4,1,0
chr5,124120001,124220000,6,3,2,1,2,0
chr5,124220001,124320000,1,3,3,0,1,1
chr5,124320001,124420000,0,1,1,4,1,1
chr5,124420001,124520000,1,0,1,4,3,0
chr5,124520001,124620000,0,5,0,2,2,2
chr5,124620001,124720000,3,2,2,4,3,1
chr5,124720001,124820000,6,4,1,3,1,1
chr5,124820001,124920000,2,3,3,1,1,1
chr5,124920001,125020000,5,4,4,2,2,1
chr5,125020001,125120000,1,1,4,4,1,1
chr5,125120001,125220000,2,0,3,2,1,1
chr5,125220001,125320000,0,0,1,2,1,0
chr5,125320001,125420000,4,2,0,1,2,2
chr5,125420001,125520000,5,2,0,4,0,1
chr5,125520001,125620000,2,4,4,2,1,0
chr5,125620001,125720000,2,0,3,4,2,2
chr5,125720001,125820000,1,1,2,1,2,0
chr5,125820001,125920000,3,0,3,1,2,0
chr5,125920001,126020000,1,2,1,3,1,1
chr5,126020001,126120000,2,1,2,4,2,0
chr5,126120001,126220000,4,3,1,3,4,0
chr5,126220001,126320000,6,0,3,1,1,1
chr5,126320001,126420000,0,0,0,2,2,1
chr5,126420001,126560000,2,6,2,5,1,0
chr5,126560001,126660000,3,1,6,4,1,1
chr5,126660001,126760000,0,5,3,5,2,2
chr5,126760001,126860000,3,2,2,6,1,3
chr5,126860001,126960000,6,2,0,5,2,0
chr5,126960001,127060000,2,2,1,3,3,2
chr5,127060001,127160000,2,2,2,1,2,1
chr5,127160001,127260000,3,1,1,1,3,0
chr5,127260001,127360000,1,0,0,6,1,1
chr5,127360001,127460000,3,2,3,9,2,0
chr5,127460001,127560000,6,1,3,9,3,1
chr5,127560001,127660000,5,3,2,7,1,0
chr5,127660001,127760000,1,0,4,8,1,1
chr5,127760001,127860000,5,5,3,5,1,0
chr5,127860001,127960000,3,5,9,4,0,3
chr5,127960001,128060000,2,3,1,5,1,1
chr5,128060001,128160000,3,5,3,5,3,0
chr5,128160001,128260000,3,2,5,10,0,4
chr5,128260001,128360000,2,2,6,6,0,1
chr5,128360001,128460000,1,4,5,7,3,0
chr5,128460001,128560000,6,8,2,3,3,1
chr5,128560001,128660000,4,3,5,8,3,0
chr5,128660001,128760000,0,4,2,3,1,1
chr5,128760001,128860000,4,1,5,6,1,3
chr5,128860001,128960000,3,5,3,5,6,5
chr5,128960001,129060000,3,2,6,8,6,1
chr5,129060001,129160000,4,4,3,7,2,1
chr5,129160001,129260000,2,2,1,8,0,0
chr5,129260001,129360000,6,2,3,7,3,3
chr5,129360001,129460000,3,2,5,8,6,1
chr5,129460001,129560000,0,3,3,8,0,4
chr5,129560001,129660000,5,4,0,4,4,0
chr5,129660001,129760000,2,0,4,8,3,3
chr5,129760001,129860000,3,2,5,9,1,1
chr5,129860001,129960000,4,4,1,3,4,1
chr5,129960001,130060000,3,2,1,5,4,1
chr5,130060001,130160000,3,4,0,1,2,2
chr5,130160001,130280000,1,4,2,5,6,1
chr5,130280001,130380000,1,3,1,4,1,4
chr5,130380001,130480000,0,1,2,4,0,5
chr5,130480001,130580000,3,0,3,1,3,1
chr5,130580001,130680000,2,2,2,7,6,3
chr5,130680001,130780000,2,0,2,5,3,0
chr5,130780001,130880000,2,2,1,0,3,0
chr5,130880001,130980000,3,0,0,4,1,1
chr5,130980001,131080000,2,0,1,1,7,1
chr5,131080001,131180000,3,2,3,5,5,3
chr5,131180001,131280000,3,0,2,6,3,0
chr5,131280001,131380000,0,3,4,3,1,3
chr5,131380001,131480000,3,3,4,2,2,0
chr5,131480001,131580000,1,1,2,6,0,1
chr5,131580001,131680000,3,1,0,1,1,1
chr5,131680001,131780000,4,0,1,0,2,0
chr5,131780001,131880000,0,0,1,2,1,1
chr5,131880001,131980000,1,4,1,2,0,1
chr5,131980001,132080000,5,0,2,0,1,0
chr5,132080001,132180000,2,3,1,1,0,0
chr5,132180001,132280000,4,2,4,0,1,1
chr5,132280001,132380000,4,0,4,0,4,1
chr5,132380001,132480000,1,5,2,4,2,2
chr5,132480001,132580000,2,0,4,3,2,0
chr5,132580001,132680000,1,1,0,0,1,0
chr5,132680001,132780000,1,1,1,2,3,0
chr5,132780001,132880000,5,2,2,1,2,1
chr5,132880001,132980000,2,0,2,1,1,2
chr5,132980001,133080000,1,1,1,2,1,0
chr5,133080001,133180000,3,2,1,4,1,0
chr5,133180001,133280000,2,2,2,2,1,0
chr5,133280001,133380000,4,0,0,3,1,1
chr5,133380001,133480000,6,0,0,3,0,0
chr5,133480001,133580000,3,2,0,4,1,0
chr5,133580001,133680000,1,2,0,4,1,1
chr5,133680001,133780000,3,1,1,0,2,0
chr5,133780001,133880000,1,2,3,3,0,0
chr5,133880001,133980000,2,1,1,0,0,0
chr5,133980001,134080000,2,2,2,2,0,0
chr5,134080001,134180000,2,0,3,2,2,1
chr5,134180001,134300000,4,1,0,1,1,0
chr5,134300001,134400000,1,1,1,1,3,0
chr5,134400001,134500000,2,1,1,2,1,0
chr5,134500001,134600000,2,1,1,3,1,1
chr5,134600001,134700000,2,2,0,4,3,0
chr5,134700001,134800000,1,1,3,1,3,0
chr5,134800001,134900000,1,1,1,6,2,3
chr5,134900001,135000000,5,0,1,4,3,1
chr5,135000001,135100000,3,4,0,5,2,0
chr5,135100001,135200000,1,2,3,5,2,1
chr5,135200001,135300000,2,0,1,1,2,2
chr5,135300001,135400000,1,2,1,6,1,2
chr5,135400001,135500000,1,1,0,2,1,0
chr5,135500001,135600000,5,1,2,2,5,0
chr5,135600001,135700000,1,4,3,2,2,1
chr5,135700001,135800000,5,4,0,5,3,1
chr5,135800001,135900000,2,5,7,5,4,2
chr5,135900001,136000000,3,1,7,6,3,2
chr5,136000001,136100000,3,2,4,8,5,0
chr5,136100001,136200000,2,0,3,3,2,2
chr5,136200001,136300000,2,2,5,10,1,2
chr5,136300001,136400000,3,6,1,6,1,0
chr5,136400001,136500000,1,0,5,2,1,0
chr5,136500001,136600000,2,3,2,7,1,1
chr5,136600001,136700000,1,1,0,5,0,1
chr5,136700001,136800000,2,4,3,4,1,2
chr5,136800001,136960000,2,1,1,2,1,0
chr5,136960001,137060000,1,2,2,6,1,0
chr5,137060001,137160000,1,4,3,0,2,2
chr5,137160001,137260000,1,0,0,5,2,0
chr5,137260001,137380000,2,3,0,1,3,2
chr5,137380001,137480000,3,1,5,4,1,1
chr5,137480001,137580000,2,1,1,5,4,0
chr5,137580001,137680000,0,2,2,3,1,0
chr5,137680001,137780000,5,1,1,2,1,1
chr5,137780001,137880000,6,1,2,0,0,0
chr5,137880001,137980000,0,2,1,2,3,0
chr5,137980001,138080000,3,0,1,2,1,0
chr5,138080001,138180000,2,3,1,1,2,1
chr5,138180001,138280000,2,0,0,2,2,1
chr5,138280001,138390000,2,1,0,1,3,0
chr5,138390001,138490000,4,3,0,3,1,0
chr5,138490001,138590000,2,0,0,2,2,2
chr5,138590001,138690000,4,1,2,3,4,1
chr5,138690001,138790000,3,1,1,0,1,0
chr5,138790001,138890000,1,2,1,2,1,0
chr5,138890001,138990000,4,1,2,4,3,0
chr5,138990001,139090000,0,1,0,1,1,0
chr5,139090001,139190000,0,3,1,2,0,0
chr5,139190001,139290000,2,2,0,4,1,0
chr5,139290001,139390000,2,4,1,3,1,0
chr5,139390001,139490000,1,1,3,4,2,0
chr5,139490001,139590000,0,1,1,2,0,1
chr5,139590001,139690000,2,0,1,1,2,1
chr5,139690001,139790000,2,0,1,1,1,0
chr5,139790001,139890000,3,3,0,4,1,0
chr5,139890001,139990000,1,1,0,1,2,1
chr5,139990001,140090000,4,3,0,2,1,0
chr5,140090001,140190000,5,4,5,2,6,0
chr5,140190001,140290000,3,3,6,8,5,1
chr5,140290001,140390000,2,1,3,2,2,1
chr5,140390001,140490000,0,3,2,9,4,0
chr5,140490001,140590000,3,1,1,5,6,3
chr5,140590001,140690000,0,1,4,7,1,1
chr5,140690001,140790000,3,5,3,6,3,0
chr5,140790001,140890000,0,2,3,2,4,0
chr5,140890001,140990000,1,1,1,3,3,0
chr5,140990001,141090000,1,2,0,1,1,1
chr5,141090001,141190000,3,3,0,1,2,0
chr5,141190001,141290000,5,1,2,1,3,0
chr5,141290001,141390000,3,1,2,3,0,0
chr5,141390001,141490000,1,2,1,3,2,2
chr5,141490001,141590000,6,4,1,3,1,1
chr5,141590001,141690000,3,1,2,1,2,0
chr5,141690001,141790000,3,1,0,2,2,0
chr5,141790001,141890000,1,0,3,3,1,0
chr5,141890001,141990000,0,1,4,3,1,0
chr5,141990001,142090000,6,1,2,5,1,1
chr5,142090001,142190000,0,1,0,3,2,2
chr5,142190001,142290000,5,0,3,3,4,0
chr5,142290001,142390000,5,2,1,4,1,0
chr5,142390001,142490000,2,0,2,1,1,0
chr5,142490001,142590000,2,0,0,3,1,0
chr5,142590001,142710000,1,3,1,0,0,1
chr5,142710001,142810000,2,0,2,8,0,2
chr5,142810001,142910000,3,1,2,3,3,1
chr5,142910001,143010000,3,3,4,2,0,0
chr5,143020001,143120000,2,0,4,5,2,1
chr5,143120001,143220000,5,2,0,10,0,2
chr5,143220001,143320000,4,2,1,4,2,7
chr5,143320001,143420000,1,2,3,5,5,0
chr5,143420001,143520000,4,5,3,5,4,0
chr5,143520001,143620000,2,1,0,5,0,2
chr5,143620001,143720000,2,3,1,4,2,2
chr5,143720001,143820000,4,0,3,9,2,1
chr5,143820001,143920000,4,3,2,5,2,0
chr5,143920001,144020000,4,5,3,4,1,2
chr5,144020001,144120000,4,3,4,11,2,1
chr5,144120001,144220000,6,6,2,10,2,0
chr5,144220001,144320000,3,2,5,7,0,2
chr5,144320001,144420000,2,4,3,6,1,1
chr5,144420001,144520000,1,1,5,8,1,0
chr5,144520001,144620000,1,4,2,2,0,1
chr5,144620001,144720000,4,4,5,7,0,1
chr5,144720001,144820000,2,1,0,4,2,1
chr5,144820001,144920000,0,1,4,2,3,0
chr5,144920001,145020000,2,0,1,2,0,0
chr5,145020001,145120000,3,1,0,2,1,1
chr5,145120001,145220000,2,0,0,3,0,0
chr5,145220001,145320000,2,0,0,0,0,1
chr5,145320001,145420000,1,0,1,1,2,0
chr5,145420001,145520000,0,2,0,2,2,0
chr5,145520001,145620000,1,1,0,1,2,0
chr5,145620001,145720000,6,1,6,3,3,0
chr5,145720001,145820000,5,2,3,4,4,0
chr5,145820001,145920000,3,1,1,4,3,0
chr5,145920001,146020000,5,2,1,5,1,2
chr5,146020001,146120000,5,3,2,3,2,0
chr5,146120001,146220000,4,1,2,2,3,0
chr5,146220001,146320000,1,5,4,4,9,0
chr5,146320001,146420000,6,1,8,8,2,0
chr5,146420001,146520000,1,3,5,4,3,0
chr5,146520001,146620000,3,2,1,3,2,0
chr5,146620001,146720000,2,2,1,2,1,2
chr5,146720001,146820000,3,0,6,4,3,0
chr5,146820001,146920000,1,2,3,6,1,0
chr5,146920001,147020000,2,1,3,3,3,0
chr5,147020001,147120000,3,3,1,6,3,1
chr5,147120001,147220000,2,0,2,6,0,1
chr5,147220001,147320000,1,0,1,2,1,1
chr5,147320001,147420000,0,1,3,3,3,0
chr5,147420001,147520000,0,0,4,3,0,1
chr5,147520001,147620000,1,0,2,4,1,0
chr5,147620001,147720000,1,3,2,2,1,0
chr5,147720001,147820000,2,2,4,2,1,2
chr5,147820001,147920000,3,3,0,5,3,1
chr5,147920001,148020000,3,3,0,5,0,3
chr5,148020001,148120000,1,2,2,2,3,0
chr5,148120001,148220000,3,1,1,5,3,3
chr5,148220001,148320000,1,4,2,3,3,0
chr5,148320001,148420000,2,0,1,1,1,2
chr5,148420001,148520000,3,2,0,4,4,1
chr5,148520001,148620000,3,0,1,2,0,0
chr5,148620001,148720000,2,0,2,2,0,1
chr5,148720001,148820000,2,2,4,4,3,0
chr5,148820001,148920000,3,0,0,1,2,2
chr5,148920001,149020000,1,1,5,2,1,0
chr5,149020001,149120000,0,2,0,3,0,1
chr5,149120001,149220000,2,4,0,2,0,2
chr5,149220001,149320000,0,0,4,3,0,1
chr5,149320001,149420000,1,1,1,3,1,1
chr5,149420001,149520000,0,1,2,0,2,0
chr5,149520001,149620000,1,1,0,2,2,0
chr5,149620001,149720000,1,3,4,0,0,0
chr5,149720001,149820000,1,2,1,0,0,0
chr5,149820001,149920000,0,0,0,1,1,1
chr5,149920001,150020000,1,2,3,1,2,0
chr5,150020001,150120000,0,0,1,2,2,0
chr5,150120001,150220000,1,3,5,2,1,1
chr5,150220001,150320000,1,4,0,2,2,1
chr5,150320001,150420000,3,4,1,2,0,0
chr5,150420001,150520000,1,1,1,0,1,0
chr5,150520001,150620000,2,1,0,3,3,0
chr5,150620001,150720000,2,4,3,6,2,1
chr5,150720001,150820000,4,1,3,4,1,0
chr5,150820001,150920000,0,0,2,3,0,1
chr5,150920001,151020000,1,4,0,2,5,0
chr5,151020001,151120000,3,3,1,5,0,0
chr5,151120001,151220000,3,0,1,3,0,1
chr5,151220001,151320000,3,0,1,4,4,0
chr5,151320001,151420000,0,2,3,8,3,2
chr5,151420001,151520000,2,1,0,3,4,0
chr5,151520001,151620000,5,2,1,0,1,0
chr5,151620001,151720000,1,3,3,6,5,1
chr5,151720001,151820000,2,2,4,3,3,0
chr5,151820001,151920000,2,0,1,7,2,0
chr5,151920001,152020000,2,2,2,4,5,4
chr5,152020001,152120000,4,5,5,5,6,2
chr5,152120001,152220000,4,5,6,4,5,4
chr5,152220001,152320000,5,2,2,5,8,2
chr5,152320001,152420000,3,5,6,7,6,0
chr5,152420001,152520000,3,3,5,5,2,1
chr5,152520001,152620000,3,3,6,11,3,3
chr5,152620001,152720000,2,2,2,4,6,1
chr5,152720001,152820000,3,6,8,3,1,2
chr5,152820001,152920000,2,2,2,6,3,2
chr5,152920001,153020000,1,0,4,1,1,0
chr5,153020001,153120000,4,0,1,5,4,0
chr5,153120001,153220000,4,3,3,5,1,1
chr5,153220001,153320000,5,1,2,5,3,1
chr5,153320001,153420000,4,2,1,3,0,1
chr5,153420001,153520000,3,3,3,5,2,1
chr5,153520001,153620000,1,1,1,2,2,0
chr5,153620001,153720000,5,1,1,1,2,0
chr5,153720001,153820000,7,1,2,0,1,1
chr5,153820001,153920000,3,3,0,4,1,0
chr5,153920001,154020000,2,3,2,1,0,0
chr5,154020001,154120000,6,3,2,1,0,2
chr5,154120001,154220000,0,1,1,1,0,0
chr5,154220001,154320000,2,0,0,5,4,0
chr5,154320001,154420000,4,5,4,4,1,0
chr5,154420001,154520000,3,6,5,2,2,2
chr5,154520001,154620000,2,3,1,3,2,1
chr5,154620001,154720000,5,7,1,4,2,1
chr5,154720001,154820000,1,4,3,4,1,1
chr5,154820001,154920000,5,7,7,12,2,1
chr5,154920001,155020000,5,1,2,12,5,1
chr5,155020001,155120000,1,9,3,6,2,1
chr5,155120001,155280000,5,5,4,2,3,0
chr5,155280001,155380000,1,6,2,6,1,0
chr5,155380001,155480000,6,10,1,9,2,0
chr5,155480001,155580000,2,4,8,8,2,0
chr5,155580001,155680000,2,5,2,12,4,0
chr5,155680001,155780000,2,10,1,7,3,3
chr5,155780001,155880000,3,7,0,8,1,0
chr5,155880001,155980000,6,5,4,6,1,2
chr5,155980001,156080000,0,1,6,3,1,0
chr5,156100001,156200000,4,6,2,7,3,1
chr5,156200001,156300000,1,4,1,4,1,1
chr5,156300001,156400000,1,3,1,3,3,2
chr5,156400001,156500000,4,7,1,4,2,1
chr5,156500001,156600000,3,5,1,7,4,1
chr5,156600001,156700000,2,4,3,2,2,1
chr5,156700001,156800000,4,1,1,5,1,0
chr5,156800001,156900000,3,1,2,5,3,1
chr5,156900001,157000000,1,3,1,1,1,0
chr5,157000001,157100000,1,3,0,5,4,0
chr5,157100001,157200000,3,1,1,1,0,1
chr5,157200001,157300000,2,0,0,4,1,2
chr5,157300001,157400000,3,4,2,2,2,0
chr5,157400001,157500000,2,4,1,4,0,1
chr5,157500001,157600000,2,4,4,6,2,2
chr5,157600001,157700000,2,3,2,2,2,0
chr5,157700001,157800000,6,2,1,3,3,2
chr5,157800001,157900000,1,3,4,5,2,0
chr5,157900001,158000000,3,4,6,1,3,1
chr5,158000001,158100000,2,1,4,5,3,1
chr5,158100001,158200000,1,7,3,9,1,0
chr5,158200001,158300000,7,2,2,9,2,0
chr5,158300001,158400000,5,1,2,11,0,0
chr5,158400001,158500000,3,0,1,3,3,0
chr5,158500001,158600000,2,0,2,2,1,1
chr5,158600001,158700000,0,1,3,4,1,2
chr5,158700001,158800000,2,3,1,3,2,0
chr5,158800001,158900000,4,3,1,4,0,0
chr5,158900001,159000000,2,1,0,4,0,1
chr5,159000001,159100000,1,1,5,8,5,0
chr5,159100001,159200000,0,2,2,14,1,2
chr5,159200001,159300000,6,0,2,3,1,0
chr5,159300001,159400000,5,1,0,5,0,2
chr5,159400001,159500000,4,0,1,1,0,0
chr5,159500001,159600000,5,1,1,2,1,0
chr5,159600001,159700000,0,1,1,3,1,0
chr5,159700001,159800000,3,0,1,1,2,0
chr5,159800001,159900000,3,0,4,1,1,1
chr5,159900001,160000000,6,3,0,2,2,0
chr5,160000001,160100000,2,4,1,4,4,1
chr5,160100001,160200000,1,1,0,4,1,1
chr5,160200001,160300000,2,1,1,4,1,1
chr5,160300001,160400000,1,1,4,3,2,1
chr5,160400001,160500000,3,5,1,3,1,1
chr5,160500001,160600000,7,6,3,1,2,0
chr5,160600001,160700000,3,2,2,5,5,0
chr5,160700001,160800000,6,2,8,2,6,2
chr5,160800001,160900000,2,1,6,10,2,1
chr5,160900001,161000000,4,3,1,3,3,1
chr5,161000001,161100000,5,4,3,5,8,1
chr5,161100001,161200000,5,7,3,7,2,1
chr5,161200001,161300000,3,5,1,6,3,2
chr5,161300001,161400000,2,6,3,6,2,2
chr5,161400001,161500000,2,9,2,12,3,0
chr5,161500001,161600000,4,9,0,11,5,0
chr5,161600001,161700000,5,5,6,15,2,2
chr5,161700001,161800000,2,8,6,9,5,4
chr5,161800001,161900000,1,6,5,7,5,0
chr5,161900001,162000000,3,8,5,6,6,2
chr5,162000001,162100000,3,10,1,3,8,0
chr5,162100001,162200000,4,9,4,4,3,3
chr5,162200001,162300000,1,8,7,8,3,1
chr5,162300001,162400000,5,7,2,12,1,2
chr5,162400001,162500000,8,5,6,8,1,2
chr5,162500001,162600000,3,5,4,9,5,3
chr5,162600001,162700000,3,9,4,4,6,0
chr5,162700001,162800000,1,0,2,4,3,1
chr5,162800001,162900000,2,4,6,3,1,0
chr5,162900001,163000000,0,1,1,2,1,0
chr5,163000001,163100000,3,4,0,4,2,0
chr5,163100001,163200000,7,8,3,9,1,0
chr5,163200001,163300000,2,7,1,12,5,0
chr5,163300001,163400000,4,8,5,5,5,0
chr5,163400001,163500000,3,5,5,5,7,0
chr5,163500001,163600000,4,7,2,6,2,0
chr5,163600001,163700000,4,4,7,7,3,0
chr5,163700001,163800000,5,5,6,15,2,0
chr5,163800001,163900000,6,9,0,13,5,2
chr5,163900001,164000000,1,5,5,9,6,1
chr5,164000001,164100000,1,11,8,9,3,3
chr5,164100001,164200000,3,9,2,11,5,2
chr5,164200001,164300000,5,12,4,15,2,5
chr5,164300001,164400000,6,6,7,6,5,3
chr5,164400001,164500000,3,9,7,12,4,1
chr5,164500001,164600000,2,10,7,18,2,0
chr5,164600001,164700000,5,7,2,7,5,1
chr5,164700001,164800000,4,6,7,12,1,0
chr5,164800001,164900000,2,9,13,11,5,1
chr5,164900001,165000000,6,8,6,11,3,0
chr5,165000001,165100000,3,12,3,8,4,0
chr5,165100001,165200000,4,6,3,9,5,1
chr5,165200001,165300000,5,7,10,24,1,1
chr5,165300001,165400000,7,10,7,21,1,2
chr5,165400001,165500000,4,12,9,11,0,0
chr5,165500001,165600000,3,10,4,6,2,1
chr5,165600001,165700000,5,7,6,8,1,0
chr5,165700001,165800000,5,6,5,15,3,1
chr5,165800001,165900000,10,5,4,6,2,0
chr5,165900001,166000000,6,10,7,11,3,0
chr5,166000001,166100000,9,8,3,10,3,2
chr5,166100001,166200000,3,6,5,16,6,0
chr5,166200001,166300000,4,9,9,18,4,3
chr5,166300001,166400000,6,5,5,4,3,1
chr5,166400001,166500000,6,5,4,10,1,0
chr5,166500001,166600000,3,6,5,10,3,1
chr5,166600001,166700000,6,3,3,10,1,0
chr5,166700001,166800000,2,3,4,15,0,0
chr5,166800001,166900000,2,3,2,9,5,2
chr5,166900001,167000000,4,2,0,15,3,3
chr5,167000001,167100000,4,0,3,5,1,0
chr5,167100001,167200000,3,1,1,1,3,1
chr5,167200001,167300000,4,2,1,9,2,1
chr5,167300001,167400000,2,2,3,3,3,0
chr5,167400001,167500000,3,3,5,9,2,1
chr5,167500001,167600000,5,3,0,0,2,0
chr5,167600001,167700000,2,3,1,0,0,1
chr5,167700001,167800000,5,1,0,2,2,0
chr5,167800001,167900000,1,1,2,1,2,0
chr5,167900001,168000000,6,3,1,5,2,1
chr5,168000001,168100000,5,4,0,2,1,2
chr5,168100001,168200000,0,2,3,0,1,3
chr5,168200001,168300000,0,2,4,1,1,0
chr5,168300001,168400000,2,3,3,3,0,0
chr5,168400001,168500000,3,3,2,3,1,1
chr5,168500001,168600000,5,4,3,2,2,0
chr5,168600001,168700000,2,2,1,5,0,2
chr5,168700001,168800000,4,3,4,11,2,0
chr5,168800001,168900000,1,4,7,9,3,0
chr5,168900001,169000000,7,1,5,6,4,0
chr5,169000001,169100000,4,2,2,5,0,1
chr5,169100001,169200000,2,3,5,3,2,1
chr5,169200001,169300000,3,3,2,7,0,0
chr5,169300001,169400000,3,4,1,5,2,0
chr5,169400001,169500000,1,4,2,6,1,0
chr5,169500001,169600000,4,2,3,3,0,0
chr5,169600001,169700000,2,0,4,6,1,1
chr5,169700001,169800000,0,4,5,4,4,0
chr5,169800001,169900000,6,5,0,3,4,1
chr5,169900001,170000000,3,1,1,2,3,0
chr5,170000001,170100000,0,2,0,3,2,0
chr5,170100001,170200000,4,0,1,4,4,0
chr5,170200001,170300000,2,1,0,2,1,0
chr5,170300001,170400000,2,1,1,7,1,1
chr5,170400001,170500000,2,5,0,9,1,1
chr5,170500001,170610000,2,5,2,1,1,1
chr5,170610001,170710000,5,2,0,7,0,2
chr5,170710001,170810000,3,2,1,3,2,0
chr5,170810001,170910000,3,0,3,0,1,2
chr5,170910001,171010000,4,3,3,6,0,2
chr5,171010001,171110000,2,0,1,4,0,0
chr5,171110001,171210000,3,3,1,2,1,1
chr5,171210001,171310000,3,2,1,7,3,0
chr5,171310001,171410000,1,1,3,3,3,1
chr5,171410001,171510000,1,4,1,1,5,0
chr5,171510001,171610000,1,0,3,2,0,1
chr5,171610001,171710000,1,2,0,2,2,2
chr5,171710001,171810000,0,2,0,4,1,0
chr5,171810001,171910000,1,1,1,0,3,0
chr5,171910001,172010000,4,1,1,3,0,2
chr5,172010001,172110000,0,2,0,0,3,0
chr5,172110001,172210000,4,1,0,4,3,0
chr5,172210001,172310000,1,2,2,0,1,0
chr5,172310001,172410000,0,1,0,0,2,0
chr5,172410001,172510000,4,3,0,4,1,0
chr5,172510001,172610000,0,3,1,5,1,0
chr5,172610001,172710000,2,4,1,6,1,0
chr5,172710001,172810000,7,3,2,6,1,1
chr5,172810001,172910000,1,1,1,3,2,0
chr5,172910001,173010000,4,1,3,5,2,1
chr5,173010001,173110000,1,5,1,3,1,1
chr5,173110001,173210000,2,2,0,1,1,1
chr5,173210001,173310000,2,0,2,1,1,0
chr5,173310001,173410000,3,3,0,2,4,0
chr5,173410001,173520000,2,4,2,6,4,1
chr5,173520001,173620000,3,2,3,2,0,1
chr5,173620001,173720000,3,4,5,7,4,1
chr5,173720001,173820000,3,2,2,2,1,2
chr5,173820001,173920000,1,4,2,5,1,1
chr5,173920001,174020000,3,4,0,1,1,2
chr5,174020001,174120000,2,1,2,4,0,0
chr5,174120001,174220000,0,3,2,2,0,1
chr5,174220001,174320000,0,1,3,0,2,2
chr5,174320001,174420000,3,3,0,2,6,1
chr5,174420001,174520000,5,2,3,2,1,1
chr5,174520001,174650000,1,3,0,2,2,0
chr5,174650001,174750000,3,2,2,3,3,0
chr5,174750001,174850000,1,3,3,1,2,0
chr5,174850001,174950000,0,2,0,1,0,0
chr5,174950001,175050000,1,3,0,3,0,1
chr5,175050001,175150000,3,3,1,2,3,0
chr5,175150001,175250000,5,2,3,2,4,0
chr5,175250001,175570000,1,2,0,3,2,2
chr5,175570001,175670000,0,2,1,4,2,0
chr5,175670001,175770000,0,1,2,0,2,0
chr5,175770001,175870000,1,1,1,1,0,1
chr5,175870001,175970000,5,0,2,0,1,0
chr5,175970001,176080000,3,2,0,1,2,1
chr5,176080001,176180000,3,2,2,2,1,2
chr5,176180001,176280000,0,3,1,1,2,3
chr5,176280001,176380000,2,2,1,1,2,2
chr5,176380001,176480000,1,2,0,1,1,1
chr5,176480001,176580000,0,2,0,1,1,1
chr5,176580001,176680000,4,0,3,2,2,0
chr5,176680001,176780000,3,1,3,1,1,2
chr5,176780001,176880000,1,0,1,3,0,0
chr5,176880001,176980000,4,4,0,0,0,0
chr5,176980001,177420000,0,0,1,1,1,2
chr5,177420001,177520000,2,0,1,5,0,0
chr5,177520001,177620000,2,5,0,1,1,0
chr5,177620001,177720000,1,0,3,1,0,1
chr5,177720001,177820000,2,3,1,3,0,1
chr5,177820001,177920000,3,1,4,1,0,0
chr5,177920001,178030000,1,0,3,0,0,0
chr5,178030001,178130000,4,4,4,9,2,1
chr5,178130001,178230000,4,1,0,2,5,2
chr5,178230001,178330000,3,1,1,3,1,2
chr5,178330001,178430000,0,0,6,5,2,0
chr5,178430001,178530000,2,3,2,4,1,3
chr5,178530001,178630000,2,1,0,2,3,1
chr5,178630001,178730000,2,1,0,2,0,3
chr5,178730001,178830000,0,4,1,2,0,0
chr5,178830001,178930000,1,3,1,3,0,1
chr5,178930001,179030000,3,4,2,4,1,1
chr5,179030001,179130000,3,4,0,3,5,1
chr5,179130001,179230000,2,1,3,4,0,0
chr5,179230001,179330000,1,2,0,1,1,0
chr5,179330001,179430000,2,0,0,5,3,0
chr5,179430001,179530000,4,2,6,3,2,1
chr5,179530001,179630000,2,2,1,3,2,1
chr5,179630001,179730000,1,1,0,3,1,0
chr5,179730001,179830000,2,2,3,0,2,0
chr5,179830001,179930000,2,2,0,2,1,3
chr5,179930001,180030000,2,3,1,3,0,0
chr5,180030001,180130000,3,1,0,3,2,0
chr5,180130001,180230000,2,1,1,2,4,1
chr5,180230001,180330000,2,5,0,3,3,1
chr5,180330001,180430000,1,3,3,3,0,1
chr5,180430001,180530000,0,3,1,3,0,1
chr6,170001,410000,2,1,0,1,1,1
chr6,410001,510000,1,6,1,1,2,1
chr6,530001,630000,3,0,3,0,2,2
chr6,630001,730000,0,2,1,2,2,0
chr6,730001,830000,1,3,2,4,1,1
chr6,830001,950000,5,1,1,4,0,2
chr6,950001,1050000,2,2,0,2,2,2
chr6,1050001,1150000,3,0,1,1,1,0
chr6,1150001,1250000,4,2,1,2,1,0
chr6,1250001,1350000,2,4,1,4,2,0
chr6,1350001,1470000,5,2,0,3,0,0
chr6,1470001,1570000,3,2,3,0,0,0
chr6,1570001,1670000,2,4,1,4,2,2
chr6,1670001,1770000,2,1,2,5,2,0
chr6,1770001,1870000,6,3,0,3,2,3
chr6,1870001,1970000,2,1,1,6,2,0
chr6,1970001,2070000,5,4,2,5,3,0
chr6,2070001,2170000,5,3,2,7,3,1
chr6,2170001,2280000,2,2,1,2,3,0
chr6,2280001,2380000,3,5,2,5,2,0
chr6,2380001,2480000,2,2,0,1,0,1
chr6,2480001,2580000,1,3,2,2,0,0
chr6,2580001,2680000,2,2,2,4,3,0
chr6,2680001,2780000,2,1,3,1,4,1
chr6,2780001,2880000,3,3,1,0,3,2
chr6,2880001,2980000,9,0,0,2,1,0
chr6,2980001,3080000,6,1,1,3,2,1
chr6,3080001,3180000,2,1,1,2,1,1
chr6,3180001,3280000,0,3,2,3,1,0
chr6,3280001,3380000,0,0,0,2,2,1
chr6,3380001,3480000,2,4,2,1,3,0
chr6,3480001,3580000,2,2,2,2,1,2
chr6,3580001,3680000,4,1,2,3,2,1
chr6,3680001,3780000,4,3,0,2,2,0
chr6,3780001,3880000,3,2,2,1,1,0
chr6,3880001,3980000,3,0,1,2,0,1
chr6,3980001,4080000,6,0,2,1,0,1
chr6,4080001,4180000,7,4,2,4,1,1
chr6,4180001,4280000,2,1,0,2,0,1
chr6,4280001,4380000,5,1,4,11,3,0
chr6,4380001,4480000,2,1,1,5,1,2
chr6,4480001,4580000,2,3,0,2,3,0
chr6,4580001,4680000,1,1,2,4,2,1
chr6,4680001,4780000,2,6,1,6,1,1
chr6,4780001,4930000,0,2,0,2,0,1
chr6,4930001,5030000,3,1,2,4,2,0
chr6,5030001,5130000,2,0,1,4,2,1
chr6,5130001,5230000,1,0,1,4,1,1
chr6,5230001,5330000,5,2,0,0,3,1
chr6,5330001,5430000,1,5,2,0,1,0
chr6,5430001,5530000,4,2,3,5,0,0
chr6,5530001,5630000,1,2,0,4,5,2
chr6,5630001,5730000,1,5,1,2,1,1
chr6,5730001,5830000,0,0,1,2,2,0
chr6,5830001,5950000,1,3,1,0,3,2
chr6,5950001,6050000,0,3,1,3,1,0
chr6,6050001,6160000,2,3,4,8,1,1
chr6,6160001,6270000,3,2,2,1,1,4
chr6,6270001,6370000,3,4,4,5,2,1
chr6,6370001,6470000,0,2,2,1,0,0
chr6,6470001,6570000,4,4,0,4,2,0
chr6,6570001,6670000,3,3,2,6,5,2
chr6,6670001,6770000,2,2,1,2,2,0
chr6,6770001,6870000,2,3,3,0,2,0
chr6,6870001,6970000,5,0,1,2,1,4
chr6,6970001,7070000,3,2,1,3,1,0
chr6,7070001,7170000,4,2,0,2,2,1
chr6,7170001,7270000,5,3,3,3,6,0
chr6,7270001,7370000,3,1,1,3,2,2
chr6,7370001,7470000,3,1,2,2,1,0
chr6,7470001,7570000,6,0,5,1,0,1
chr6,7570001,7670000,1,1,1,2,1,1
chr6,7670001,7770000,3,6,6,2,3,2
chr6,7770001,7870000,7,2,1,7,2,0
chr6,7870001,7970000,1,1,0,1,2,0
chr6,7970001,8070000,2,3,3,2,0,0
chr6,8070001,8170000,1,3,5,1,2,2
chr6,8170001,8270000,1,5,2,7,3,1
chr6,8270001,8370000,2,4,1,1,1,2
chr6,8370001,8470000,2,0,2,2,1,0
chr6,8470001,8570000,5,2,1,6,0,3
chr6,8570001,8670000,3,4,2,10,3,0
chr6,8670001,8770000,1,4,2,3,0,0
chr6,8780001,8880000,4,3,2,12,1,0
chr6,8880001,8980000,5,4,4,3,0,2
chr6,8980001,9080000,3,4,4,6,3,0
chr6,9080001,9180000,2,4,10,7,3,1
chr6,9180001,9280000,5,4,3,2,3,1
chr6,9280001,9380000,2,2,5,17,2,0
chr6,9380001,9480000,4,4,3,6,0,1
chr6,9480001,9580000,2,4,5,7,1,2
chr6,9580001,9680000,0,3,5,9,0,1
chr6,9680001,9780000,1,4,3,6,0,0
chr6,9780001,9880000,2,1,3,7,1,2
chr6,9880001,10000000,0,3,5,3,1,1
chr6,10000001,10100000,10,3,5,5,6,1
chr6,10100001,10200000,6,1,1,0,2,1
chr6,10200001,10300000,0,3,2,1,0,1
chr6,10300001,10400000,8,3,2,5,3,2
chr6,10400001,10500000,3,2,0,4,1,1
chr6,10500001,10600000,2,5,2,1,1,0
chr6,10600001,10700000,4,1,2,2,2,0
chr6,10700001,10800000,2,2,2,3,5,2
chr6,10800001,10900000,2,1,1,3,4,1
chr6,10900001,11010000,1,2,4,2,3,3
chr6,11010001,11110000,2,2,3,6,0,0
chr6,11110001,11210000,1,1,4,2,0,0
chr6,11210001,11310000,1,2,2,1,0,2
chr6,11310001,11410000,4,1,2,2,1,3
chr6,11410001,11510000,1,2,0,1,0,1
chr6,11510001,11610000,6,0,1,2,1,2
chr6,11610001,11710000,6,5,1,3,3,0
chr6,11710001,11810000,4,4,0,2,0,1
chr6,11810001,11910000,4,4,0,1,1,1
chr6,11910001,12010000,5,3,2,4,2,0
chr6,12010001,12110000,4,2,3,0,1,0
chr6,12110001,12210000,1,0,1,0,1,2
chr6,12210001,12310000,2,0,2,3,3,0
chr6,12310001,12410000,5,1,0,1,1,1
chr6,12410001,12510000,1,0,4,4,0,2
chr6,12510001,12610000,4,1,0,3,6,0
chr6,12610001,12710000,3,0,1,9,2,1
chr6,12710001,12810000,6,6,5,7,1,4
chr6,12810001,12910000,0,3,5,6,1,0
chr6,12910001,13010000,1,4,0,9,2,2
chr6,13010001,13110000,2,3,5,7,1,0
chr6,13110001,13210000,5,3,4,7,3,1
chr6,13210001,13310000,4,1,2,6,1,1
chr6,13310001,13410000,3,4,2,3,0,0
chr6,13410001,13510000,2,0,1,1,1,1
chr6,13510001,13610000,2,0,1,5,3,0
chr6,13610001,13710000,2,5,2,4,3,2
chr6,13710001,13810000,2,0,2,1,2,2
chr6,13810001,13910000,3,4,2,2,2,0
chr6,13910001,14010000,1,2,2,4,3,0
chr6,14010001,14110000,5,2,1,3,0,2
chr6,14110001,14210000,4,1,4,4,1,0
chr6,14210001,14310000,2,1,4,5,4,0
chr6,14310001,14410000,0,3,4,4,0,2
chr6,14410001,14520000,4,2,0,2,1,3
chr6,14520001,14620000,2,2,6,3,0,1
chr6,14620001,14720000,4,3,1,1,3,1
chr6,14720001,14820000,2,2,1,6,4,1
chr6,14820001,14920000,3,3,2,1,3,0
chr6,14920001,15020000,6,1,0,2,2,1
chr6,15020001,15120000,2,5,1,5,1,0
chr6,15120001,15240000,3,0,2,1,0,1
chr6,15240001,15340000,6,1,1,1,2,1
chr6,15340001,15440000,2,2,1,1,3,2
chr6,15440001,15540000,2,2,3,3,0,0
chr6,15540001,15640000,4,2,2,2,2,2
chr6,15640001,15740000,5,2,0,2,3,0
chr6,15740001,15840000,3,5,1,0,1,3
chr6,15840001,15940000,3,3,1,6,1,3
chr6,15940001,16040000,0,3,1,1,3,1
chr6,16040001,16140000,3,1,1,2,0,1
chr6,16140001,16240000,4,0,1,3,2,0
chr6,16240001,16340000,3,1,2,3,1,3
chr6,16340001,16440000,1,1,3,0,0,0
chr6,16440001,16540000,2,4,2,1,1,0
chr6,16540001,16640000,4,3,0,2,4,3
chr6,16640001,16740000,3,2,5,7,2,1
chr6,16740001,16840000,3,0,2,3,1,1
chr6,16840001,16940000,0,1,8,3,4,0
chr6,16940001,17040000,1,2,3,6,1,1
chr6,17040001,17140000,1,0,4,2,1,2
chr6,17140001,17240000,2,4,4,5,1,0
chr6,17240001,17340000,1,5,4,4,1,4
chr6,17340001,17440000,4,4,4,5,1,4
chr6,17440001,17540000,1,0,7,6,3,0
chr6,17540001,17640000,3,1,0,7,1,1
chr6,17640001,17740000,1,1,3,4,1,4
chr6,17740001,17840000,2,2,4,1,3,0
chr6,17840001,17940000,0,0,2,4,0,2
chr6,17940001,18040000,2,0,1,3,1,4
chr6,18040001,18140000,2,0,2,2,0,0
chr6,18140001,18240000,0,1,2,0,2,0
chr6,18240001,18340000,4,3,1,4,2,0
chr6,18340001,18440000,5,2,1,4,2,0
chr6,18440001,18540000,2,2,3,3,0,0
chr6,18540001,18640000,7,1,2,3,3,0
chr6,18640001,18740000,2,7,5,6,1,1
chr6,18740001,18840000,4,3,2,12,3,3
chr6,18840001,18940000,1,2,7,11,2,2
chr6,18940001,19040000,1,1,2,6,0,0
chr6,19040001,19140000,4,4,4,5,1,1
chr6,19140001,19240000,0,1,3,9,0,2
chr6,19240001,19340000,5,3,3,5,4,2
chr6,19340001,19440000,5,2,5,4,2,1
chr6,19440001,19540000,2,3,3,9,2,0
chr6,19540001,19640000,2,1,4,2,4,0
chr6,19640001,19740000,6,2,2,6,4,1
chr6,19740001,19840000,4,4,3,5,1,0
chr6,19840001,19940000,3,4,4,9,4,0
chr6,19940001,20040000,3,1,1,9,3,1
chr6,20040001,20170000,1,1,2,1,2,1
chr6,20170001,20270000,3,1,1,2,0,0
chr6,20270001,20370000,0,2,3,2,2,1
chr6,20370001,20470000,5,1,2,2,1,1
chr6,20470001,20570000,2,2,0,3,1,0
chr6,20570001,20680000,6,3,1,2,1,0
chr6,20680001,20780000,3,4,3,4,4,2
chr6,20780001,20880000,4,3,1,5,1,1
chr6,20880001,20980000,2,2,2,2,2,1
chr6,20980001,21080000,5,4,3,2,2,1
chr6,21080001,21180000,1,3,2,1,2,1
chr6,21180001,21280000,3,2,3,1,3,2
chr6,21280001,21380000,3,2,1,4,1,1
chr6,21380001,21480000,3,1,4,3,2,0
chr6,21480001,21580000,1,3,3,3,1,2
chr6,21580001,21680000,4,4,2,0,0,2
chr6,21680001,21780000,3,1,1,8,1,1
chr6,21780001,21880000,2,2,3,8,4,1
chr6,21880001,21980000,3,3,1,3,0,1
chr6,21980001,22080000,1,2,1,3,1,0
chr6,22080001,22210000,5,0,2,9,2,1
chr6,22210001,22310000,3,4,2,10,2,2
chr6,22310001,22410000,3,1,2,14,0,0
chr6,22410001,22510000,1,4,6,7,2,2
chr6,22510001,22610000,3,3,4,7,0,0
chr6,22610001,22710000,3,3,1,8,0,2
chr6,22710001,22810000,4,4,1,16,1,0
chr6,22810001,22910000,3,1,2,7,1,1
chr6,22910001,23010000,3,6,4,8,4,1
chr6,23010001,23110000,1,5,6,8,3,1
chr6,23110001,23210000,2,3,4,10,1,0
chr6,23210001,23320000,7,4,4,11,2,1
chr6,23320001,23420000,2,4,3,7,0,1
chr6,23420001,23520000,4,5,6,6,1,0
chr6,23520001,23620000,4,2,4,2,2,0
chr6,23620001,23720000,3,7,1,4,2,0
chr6,23720001,23820000,2,2,5,1,2,1
chr6,23820001,23920000,3,4,4,10,4,1
chr6,23920001,24020000,4,6,3,7,1,1
chr6,24020001,24120000,4,2,0,9,1,0
chr6,24120001,24220000,3,7,1,5,2,2
chr6,24220001,24320000,1,2,1,0,4,0
chr6,24320001,24420000,5,2,0,8,0,0
chr6,24420001,24520000,3,1,0,2,2,0
chr6,24520001,24620000,3,1,3,3,0,0
chr6,24620001,24720000,5,0,3,4,1,2
chr6,24720001,24820000,2,0,2,2,1,2
chr6,24820001,24920000,2,3,2,7,2,0
chr6,24920001,25020000,2,3,1,2,1,0
chr6,25020001,25120000,2,2,2,4,5,0
chr6,25120001,25220000,3,0,6,5,1,3
chr6,25220001,25320000,4,2,3,1,3,1
chr6,25320001,25420000,3,1,3,4,0,1
chr6,25420001,25520000,4,3,1,2,2,1
chr6,25520001,25620000,2,3,2,2,0,2
chr6,25620001,25720000,4,2,3,5,4,0
chr6,25720001,25820000,2,3,1,4,4,0
chr6,25820001,25920000,2,7,2,0,2,1
chr6,25920001,26020000,3,1,0,5,4,1
chr6,26020001,26120000,1,5,2,5,2,0
chr6,26120001,26220000,11,2,1,3,1,2
chr6,26220001,26320000,1,2,2,4,2,2
chr6,26320001,26420000,2,1,1,2,3,1
chr6,26420001,26520000,1,1,2,1,2,1
chr6,26520001,26620000,1,2,2,2,3,2
chr6,26620001,26980000,1,2,2,3,0,1
chr6,26980001,27080000,0,2,5,5,5,1
chr6,27080001,27180000,3,2,0,8,1,1
chr6,27180001,27280000,8,9,3,1,3,1
chr6,27280001,27380000,1,3,2,3,7,0
chr6,27380001,27480000,5,6,2,9,3,3
chr6,27480001,27580000,2,8,2,6,0,4
chr6,27580001,27680000,5,6,4,3,0,0
chr6,27680001,27780000,4,5,3,4,4,3
chr6,27780001,27880000,5,3,3,2,2,1
chr6,27880001,27980000,11,9,4,2,2,0
chr6,27980001,28080000,4,3,0,5,1,2
chr6,28080001,28180000,3,2,1,7,1,0
chr6,28180001,28280000,1,4,2,3,0,1
chr6,28280001,28380000,3,4,1,4,0,0
chr6,28380001,28480000,8,1,7,6,2,5
chr6,28480001,28580000,4,4,1,10,1,2
chr6,28580001,28680000,4,4,3,11,1,0
chr6,28680001,28780000,1,4,3,5,3,2
chr6,28780001,28880000,4,4,1,4,4,0
chr6,28880001,28980000,3,5,4,2,1,0
chr6,28980001,29080000,5,3,4,9,0,1
chr6,29080001,29180000,7,4,1,4,2,1
chr6,29180001,29280000,7,5,2,3,2,1
chr6,29280001,29380000,5,10,2,12,0,0
chr6,29380001,29480000,1,3,1,4,2,1
chr6,29480001,29580000,3,4,1,1,1,2
chr6,29580001,29680000,4,2,3,3,4,1
chr6,29680001,29780000,0,2,2,1,1,0
chr6,29780001,29880000,0,3,2,4,0,1
chr6,29880001,29980000,1,2,2,0,0,0
chr6,29980001,30140000,2,2,0,1,3,0
chr6,30140001,30240000,2,2,1,4,1,2
chr6,30240001,30340000,3,1,1,0,1,0
chr6,30340001,30440000,2,4,0,2,2,1
chr6,30440001,30540000,0,4,3,1,2,0
chr6,30540001,30640000,6,4,2,3,1,0
chr6,30640001,30740000,2,1,2,1,2,2
chr6,30740001,30840000,1,0,0,3,1,0
chr6,30840001,30940000,2,2,2,2,0,1
chr6,30940001,31040000,1,2,1,0,2,1
chr6,31040001,31140000,3,4,1,1,2,1
chr6,31140001,31240000,2,1,1,2,1,0
chr6,31240001,31340000,1,0,0,1,1,1
chr6,31340001,31440000,2,0,0,3,2,0
chr6,31440001,31540000,2,1,2,6,3,1
chr6,31540001,31640000,4,2,2,2,1,0
chr6,31640001,31740000,3,0,1,2,3,0
chr6,31740001,31870000,2,2,1,3,3,2
chr6,31870001,31970000,5,0,1,2,3,0
chr6,31970001,32070000,4,3,1,2,2,0
chr6,32070001,32170000,3,2,3,1,3,0
chr6,32170001,32270000,0,1,3,1,0,2
chr6,32270001,32370000,7,1,0,5,1,0
chr6,32370001,32470000,2,0,0,1,0,0
chr6,32470001,32570000,0,0,0,0,0,0
chr6,32570001,32670000,1,1,0,2,0,1
chr6,32670001,32770000,5,3,1,1,1,0
chr6,32770001,32870000,4,3,0,3,3,0
chr6,32870001,32970000,5,0,2,0,0,1
chr6,32970001,33070000,2,2,2,3,2,1
chr6,33070001,33170000,2,4,1,0,2,1
chr6,33170001,33270000,4,2,1,2,1,0
chr6,33270001,33370000,4,3,1,3,3,0
chr6,33370001,33480000,4,3,2,2,4,0
chr6,33480001,33580000,1,4,3,1,1,0
chr6,33580001,33680000,4,3,0,1,0,3
chr6,33680001,33780000,1,1,1,2,0,0
chr6,33780001,33880000,4,1,2,5,2,0
chr6,33880001,33980000,3,2,1,5,1,1
chr6,33980001,34100000,3,0,1,0,2,2
chr6,34100001,34200000,2,1,3,3,2,0
chr6,34200001,34300000,1,1,3,4,0,1
chr6,34300001,34400000,4,0,1,2,2,0
chr6,34400001,34500000,3,5,1,2,2,0
chr6,34500001,34600000,3,2,1,0,2,0
chr6,34600001,34700000,2,0,2,3,2,3
chr6,34700001,34800000,2,3,1,1,1,1
chr6,34800001,34900000,1,2,0,0,3,0
chr6,34900001,35000000,3,2,2,1,0,2
chr6,35000001,35100000,1,1,2,2,2,0
chr6,35100001,35200000,2,1,1,7,2,2
chr6,35200001,35300000,2,6,0,6,4,1
chr6,35300001,35400000,0,0,2,2,2,0
chr6,35400001,35500000,1,5,1,1,1,1
chr6,35500001,35600000,1,2,5,1,2,2
chr6,35600001,35700000,5,3,2,0,3,2
chr6,35700001,35800000,2,2,2,4,1,0
chr6,35800001,35900000,5,6,2,7,1,0
chr6,35900001,36000000,3,2,0,0,3,1
chr6,36000001,36100000,1,1,2,5,2,0
chr6,36100001,36200000,5,4,1,1,3,0
chr6,36200001,36300000,1,2,0,1,3,0
chr6,36300001,36400000,3,0,0,4,0,2
chr6,36400001,36500000,3,0,2,0,2,2
chr6,36500001,36600000,6,1,1,3,2,0
chr6,36600001,36700000,2,2,2,2,3,0
chr6,36700001,36800000,2,0,2,2,0,1
chr6,36800001,36900000,2,0,0,4,2,1
chr6,36900001,37000000,1,1,2,3,0,0
chr6,37000001,37130000,1,0,3,4,2,0
chr6,37130001,37230000,2,3,3,4,0,1
chr6,37230001,37330000,4,1,1,1,2,2
chr6,37330001,37430000,0,1,1,1,0,5
chr6,37430001,37530000,3,3,2,0,4,0
chr6,37530001,37630000,3,4,1,0,0,0
chr6,37630001,37730000,0,1,1,2,1,0
chr6,37730001,37830000,5,3,2,2,1,0
chr6,37830001,37930000,1,1,4,5,0,0
chr6,37930001,38030000,1,2,2,5,1,1
chr6,38030001,38130000,7,4,0,3,0,0
chr6,38130001,38230000,3,2,3,3,0,0
chr6,38230001,38360000,0,0,3,3,1,0
chr6,38360001,38460000,1,1,2,6,2,1
chr6,38460001,38560000,3,0,0,4,3,1
chr6,38560001,38660000,5,3,2,2,0,0
chr6,38660001,38760000,1,2,0,0,1,0
chr6,38760001,38860000,0,4,5,6,2,1
chr6,38860001,38960000,5,6,5,1,2,4
chr6,38960001,39060000,2,5,2,2,0,0
chr6,39060001,39160000,9,1,0,2,0,0
chr6,39160001,39260000,1,1,4,3,2,0
chr6,39260001,39360000,1,2,3,4,1,0
chr6,39360001,39460000,2,1,6,3,3,1
chr6,39460001,39560000,0,3,4,9,2,1
chr6,39560001,39660000,4,4,3,9,4,3
chr6,39660001,39760000,0,2,2,3,3,2
chr6,39760001,39860000,1,3,0,7,0,2
chr6,39860001,39960000,3,3,0,5,2,3
chr6,39960001,40060000,1,3,2,5,1,1
chr6,40060001,40160000,2,2,0,1,2,1
chr6,40160001,40260000,1,4,0,6,0,0
chr6,40260001,40360000,1,2,0,2,0,2
chr6,40360001,40460000,2,7,2,5,1,1
chr6,40460001,40560000,2,3,3,6,0,0
chr6,40560001,40660000,4,6,0,2,1,1
chr6,40660001,40760000,1,5,4,3,2,0
chr6,40760001,40860000,1,4,0,2,3,1
chr6,40860001,40960000,0,2,0,3,2,2
chr6,40960001,41060000,3,5,2,2,2,3
chr6,41060001,41160000,5,1,1,2,0,2
chr6,41160001,41260000,3,1,1,2,0,0
chr6,41260001,41360000,1,4,4,0,3,0
chr6,41360001,41460000,6,1,1,2,0,1
chr6,41460001,41560000,4,2,1,3,0,0
chr6,41560001,41660000,0,2,0,2,2,2
chr6,41660001,41760000,4,0,0,1,5,2
chr6,41760001,41860000,0,4,3,2,2,2
chr6,41860001,41960000,4,1,1,1,3,0
chr6,41960001,42060000,1,2,2,1,0,1
chr6,42060001,42160000,2,2,0,3,0,1
chr6,42160001,42260000,2,2,0,1,2,2
chr6,42260001,42360000,5,0,1,6,1,1
chr6,42360001,42460000,1,2,1,1,2,1
chr6,42460001,42560000,2,0,4,2,0,0
chr6,42560001,42660000,4,0,1,3,3,3
chr6,42660001,42760000,5,2,1,3,2,0
chr6,42760001,42860000,3,3,1,2,1,1
chr6,42860001,42960000,3,3,2,7,1,1
chr6,42960001,43060000,4,3,3,1,2,0
chr6,43060001,43160000,1,1,0,2,2,0
chr6,43160001,43260000,3,4,0,1,0,1
chr6,43260001,43360000,4,2,1,1,0,0
chr6,43360001,43460000,1,6,0,4,0,0
chr6,43460001,43560000,3,1,1,0,0,0
chr6,43560001,43660000,1,2,0,0,1,0
chr6,43660001,43760000,2,0,1,1,3,0
chr6,43760001,43860000,0,1,1,1,1,1
chr6,43860001,43960000,4,0,0,2,2,1
chr6,43960001,44100000,3,4,0,1,0,0
chr6,44100001,44220000,1,0,1,1,2,1
chr6,44220001,44320000,1,2,0,2,2,1
chr6,44320001,44420000,6,2,1,4,0,1
chr6,44420001,44520000,4,5,2,3,1,0
chr6,44520001,44620000,5,3,1,2,0,1
chr6,44620001,44720000,4,4,2,1,2,1
chr6,44720001,44820000,3,1,4,6,5,0
chr6,44820001,44920000,6,1,6,6,2,2
chr6,44920001,45020000,4,2,2,3,1,0
chr6,45020001,45120000,1,2,7,4,2,2
chr6,45120001,45220000,2,3,3,3,4,0
chr6,45220001,45320000,3,1,4,7,1,1
chr6,45320001,45420000,0,0,3,4,5,0
chr6,45420001,45520000,4,2,0,1,1,3
chr6,45520001,45620000,1,2,0,3,1,2
chr6,45620001,45780000,0,5,1,6,4,2
chr6,45780001,45890000,3,3,2,1,1,3
chr6,45890001,46000000,3,1,1,5,0,0
chr6,46000001,46100000,4,5,0,3,3,1
chr6,46100001,46200000,2,1,3,5,3,1
chr6,46200001,46300000,3,3,2,4,0,0
chr6,46300001,46400000,2,1,2,5,2,0
chr6,46400001,46500000,5,5,2,6,4,1
chr6,46500001,46600000,3,8,2,9,1,0
chr6,46600001,46700000,1,4,2,3,0,0
chr6,46700001,46800000,1,3,3,4,3,0
chr6,46800001,46900000,7,3,2,2,3,0
chr6,46900001,47000000,6,1,2,3,1,1
chr6,47000001,47100000,1,0,1,1,1,1
chr6,47100001,47200000,1,2,0,1,2,4
chr6,47200001,47300000,3,4,0,2,2,2
chr6,47300001,47400000,1,1,0,6,1,0
chr6,47400001,47500000,4,3,1,4,2,3
chr6,47500001,47600000,2,2,3,6,4,3
chr6,47600001,47700000,4,3,0,3,2,1
chr6,47700001,47800000,4,4,2,6,4,2
chr6,47800001,47900000,6,2,5,8,1,0
chr6,47900001,48000000,2,5,1,6,4,1
chr6,48000001,48100000,5,1,2,11,0,1
chr6,48100001,48200000,3,2,5,22,1,2
chr6,48200001,48300000,2,5,3,9,4,2
chr6,48300001,48410000,12,3,2,12,2,1
chr6,48410001,48510000,4,8,6,10,3,1
chr6,48510001,48610000,3,6,0,11,1,2
chr6,48610001,48730000,6,8,3,10,1,2
chr6,48730001,48830000,3,9,8,4,3,1
chr6,48830001,48930000,4,7,4,7,4,2
chr6,48930001,49030000,7,9,6,8,4,6
chr6,49030001,49130000,4,4,4,18,1,0
chr6,49130001,49230000,2,6,4,9,1,1
chr6,49230001,49330000,3,4,1,6,2,2
chr6,49330001,49430000,1,10,5,8,1,1
chr6,49430001,49530000,5,4,3,2,1,1
chr6,49530001,49630000,3,5,4,6,1,1
chr6,49630001,49730000,1,3,7,4,1,4
chr6,49730001,49850000,2,6,6,10,1,0
chr6,49850001,49950000,6,9,9,6,2,2
chr6,49950001,50050000,1,4,6,13,5,3
chr6,50050001,50150000,1,7,3,14,2,1
chr6,50150001,50250000,2,9,5,5,3,1
chr6,50250001,50350000,3,9,4,12,3,4
chr6,50350001,50450000,5,6,6,8,8,0
chr6,50450001,50550000,7,9,7,9,5,2
chr6,50550001,50650000,3,8,6,23,4,1
chr6,50650001,50750000,4,8,4,7,3,1
chr6,50750001,50850000,9,4,5,6,4,4
chr6,50850001,50950000,4,3,6,14,1,1
chr6,50950001,51070000,7,3,4,4,1,0
chr6,51070001,51170000,5,7,4,4,2,0
chr6,51170001,51270000,5,3,4,4,3,0
chr6,51270001,51370000,4,6,3,12,3,0
chr6,51370001,51470000,4,3,4,5,1,0
chr6,51470001,51580000,3,2,4,3,1,1
chr6,51580001,51680000,3,5,6,5,4,1
chr6,51680001,51780000,0,2,3,2,2,2
chr6,51780001,51880000,1,5,1,6,3,3
chr6,51880001,51980000,1,5,1,4,0,0
chr6,51980001,52080000,7,4,1,2,2,2
chr6,52080001,52180000,3,4,1,0,1,1
chr6,52180001,52280000,2,2,2,4,2,1
chr6,52280001,52380000,1,0,4,2,2,1
chr6,52380001,52480000,3,0,1,2,1,1
chr6,52480001,52580000,2,0,1,2,2,0
chr6,52580001,52680000,1,1,2,2,1,1
chr6,52680001,52780000,1,1,1,1,3,0
chr6,52780001,52880000,5,1,1,1,1,2
chr6,52880001,52980000,4,0,1,3,1,1
chr6,52980001,53080000,0,1,5,4,2,0
chr6,53080001,53180000,3,1,4,5,1,2
chr6,53180001,53280000,5,3,1,3,5,3
chr6,53280001,53380000,1,2,5,4,1,0
chr6,53380001,53480000,5,4,2,5,2,2
chr6,53480001,53580000,2,0,2,2,2,0
chr6,53580001,53680000,3,0,2,2,1,1
chr6,53680001,53780000,3,4,2,4,2,0
chr6,53780001,53880000,5,0,5,7,4,2
chr6,53880001,53980000,2,4,4,6,2,2
chr6,53980001,54080000,0,3,1,5,1,3
chr6,54080001,54180000,2,2,4,6,0,1
chr6,54180001,54290000,3,4,4,11,2,2
chr6,54290001,54410000,3,6,9,8,7,1
chr6,54410001,54510000,5,4,2,11,3,2
chr6,54510001,54610000,4,2,6,2,2,0
chr6,54610001,54710000,1,2,2,6,6,1
chr6,54710001,54810000,2,2,2,4,3,1
chr6,54810001,54930000,7,6,2,6,3,5
chr6,54930001,55030000,2,8,5,5,6,1
chr6,55030001,55130000,5,6,2,6,7,3
chr6,55130001,55230000,4,4,6,8,4,2
chr6,55230001,55330000,5,8,3,6,3,2
chr6,55330001,55430000,2,4,1,8,3,4
chr6,55430001,55530000,3,5,8,11,4,3
chr6,55530001,55630000,1,3,3,14,2,1
chr6,55630001,55730000,3,3,6,12,6,1
chr6,55730001,55830000,5,4,5,8,3,1
chr6,55830001,55930000,6,4,3,11,0,0
chr6,55930001,56030000,4,3,2,3,3,1
chr6,56030001,56130000,5,3,3,5,2,1
chr6,56130001,56230000,3,2,2,7,0,0
chr6,56230001,56330000,6,4,0,3,2,1
chr6,56330001,56430000,1,0,2,2,2,1
chr6,56430001,56530000,4,2,2,2,1,0
chr6,56530001,56630000,2,0,0,3,4,3
chr6,56630001,56730000,5,3,1,4,1,0
chr6,56730001,56830000,3,4,6,9,1,2
chr6,56830001,56940000,5,2,2,3,0,1
chr6,56940001,57050000,5,2,2,3,1,0
chr6,57050001,57630000,6,3,3,9,3,1
chr6,57630001,57740000,7,7,2,9,3,2
chr6,57740001,57840000,8,7,7,10,2,4
chr6,57840001,57940000,6,9,6,23,1,5
chr6,57940001,58040000,3,11,1,17,4,2
chr6,58040001,58370000,4,6,2,6,0,1
chr6,58370001,58470000,14,5,4,6,1,2
chr6,58470001,58570000,6,8,6,13,2,1
chr6,58570001,58670000,8,15,1,9,0,1
chr6,58670001,61950000,2,11,6,16,4,3
chr6,61950001,62050000,6,8,2,14,3,7
chr6,62050001,62150000,5,8,2,10,2,1
chr6,62150001,62250000,4,8,1,6,0,0
chr6,62250001,62360000,5,11,7,16,5,4
chr6,62360001,62480000,7,1,6,13,4,3
chr6,62480001,62580000,8,10,4,12,5,4
chr6,62580001,62680000,6,5,3,9,3,0
chr6,62680001,62800000,6,7,4,19,6,1
chr6,62800001,62900000,11,6,7,10,4,3
chr6,62900001,63000000,4,3,5,13,4,4
chr6,63000001,63100000,7,5,4,16,2,1
chr6,63100001,63200000,12,6,4,13,3,2
chr6,63200001,63340000,1,4,6,10,5,0
chr6,63340001,63440000,6,6,2,10,4,3
chr6,63440001,63540000,5,2,4,10,4,2
chr6,63540001,63640000,5,7,4,4,2,0
chr6,63640001,63740000,7,6,4,10,0,4
chr6,63740001,63840000,8,12,3,10,5,2
chr6,63840001,63940000,4,7,4,8,4,3
chr6,63940001,64040000,2,3,5,4,3,2
chr6,64040001,64140000,4,1,2,2,1,3
chr6,64140001,64240000,3,2,2,3,2,3
chr6,64240001,64340000,2,6,0,4,1,1
chr6,64340001,64440000,4,2,1,4,1,1
chr6,64440001,64540000,5,1,2,8,3,1
chr6,64540001,64640000,4,4,2,10,4,2
chr6,64640001,64740000,7,1,1,4,6,1
chr6,64740001,64840000,5,3,0,7,4,0
chr6,64840001,64940000,2,6,1,8,5,1
chr6,64940001,65040000,4,8,1,6,4,2
chr6,65040001,65140000,5,6,3,8,4,2
chr6,65140001,65240000,10,8,1,10,2,1
chr6,65240001,65340000,4,5,6,11,5,0
chr6,65340001,65440000,2,9,6,5,3,2
chr6,65440001,65540000,3,6,7,12,2,1
chr6,65540001,65640000,2,11,5,9,4,1
chr6,65640001,65740000,2,10,3,13,3,1
chr6,65740001,65840000,4,9,2,17,3,3
chr6,65840001,65940000,5,8,5,10,6,0
chr6,65940001,66050000,7,11,4,13,2,0
chr6,66050001,66150000,5,10,2,15,5,1
chr6,66150001,66250000,0,12,2,15,6,1
chr6,66250001,66350000,2,12,1,12,3,0
chr6,66350001,66450000,1,11,4,7,6,2
chr6,66450001,66550000,3,13,6,10,4,2
chr6,66550001,66650000,1,13,3,9,5,1
chr6,66650001,66750000,2,8,4,6,4,2
chr6,66750001,66850000,1,14,7,11,3,1
chr6,66850001,66950000,6,13,4,15,4,0
chr6,66950001,67050000,1,7,7,16,2,2
chr6,67050001,67150000,5,13,6,12,2,1
chr6,67150001,67250000,4,16,4,14,3,2
chr6,67250001,67350000,6,13,3,16,4,3
chr6,67350001,67450000,6,15,8,15,3,3
chr6,67450001,67550000,5,12,2,24,3,2
chr6,67550001,67650000,4,5,4,19,2,1
chr6,67650001,67750000,2,12,8,9,4,0
chr6,67750001,67850000,4,11,10,9,3,2
chr6,67850001,67950000,4,9,5,12,1,1
chr6,67950001,68050000,7,10,9,14,4,0
chr6,68050001,68150000,5,5,10,16,0,5
chr6,68150001,68250000,6,18,2,9,2,1
chr6,68250001,68350000,7,6,3,26,3,2
chr6,68350001,68450000,3,5,7,14,4,0
chr6,68450001,68550000,5,5,10,16,4,1
chr6,68550001,68650000,3,9,6,10,1,1
chr6,68650001,68750000,4,2,6,11,2,0
chr6,68750001,68850000,4,6,9,13,5,2
chr6,68850001,68950000,3,11,8,19,3,1
chr6,68950001,69050000,7,6,7,14,3,1
chr6,69050001,69150000,4,11,6,16,2,1
chr6,69150001,69250000,3,5,8,6,2,1
chr6,69250001,69350000,6,8,4,15,5,0
chr6,69350001,69450000,6,7,9,17,3,0
chr6,69450001,69550000,2,9,7,9,3,0
chr6,69550001,69650000,5,7,3,7,5,2
chr6,69650001,69750000,7,5,5,10,5,0
chr6,69750001,69850000,9,8,8,6,4,1
chr6,69850001,69950000,7,11,4,13,3,2
chr6,69950001,70050000,6,9,7,19,1,3
chr6,70050001,70150000,8,9,4,13,2,1
chr6,70150001,70300000,4,1,4,10,3,0
chr6,70300001,70400000,4,2,2,7,2,4
chr6,70400001,70500000,3,2,1,2,1,0
chr6,70500001,70600000,2,6,0,7,3,1
chr6,70600001,70700000,4,3,5,4,2,1
chr6,70700001,70800000,4,11,3,10,3,2
chr6,70800001,70900000,1,5,5,6,1,1
chr6,70900001,71000000,4,5,1,4,1,0
chr6,71000001,71100000,0,5,1,4,1,1
chr6,71100001,71200000,2,3,0,3,2,0
chr6,71200001,71300000,3,4,0,5,1,0
chr6,71300001,71400000,3,1,2,3,5,0
chr6,71400001,71570000,3,6,5,3,2,1
chr6,71570001,71670000,6,3,4,3,2,0
chr6,71670001,71770000,7,7,2,2,0,0
chr6,71770001,71870000,3,5,4,6,7,2
chr6,71870001,71970000,5,6,2,4,7,1
chr6,71970001,72090000,6,1,2,3,1,0
chr6,72090001,72190000,2,5,2,7,3,0
chr6,72190001,72290000,6,4,5,4,2,1
chr6,72290001,72390000,2,8,2,5,1,0
chr6,72390001,72490000,3,5,1,8,2,3
chr6,72490001,72590000,7,3,4,3,4,2
chr6,72590001,72690000,4,7,2,12,0,0
chr6,72690001,72790000,5,6,9,12,1,2
chr6,72790001,72900000,5,5,6,9,3,1
chr6,72900001,73000000,4,3,4,7,4,0
chr6,73000001,73100000,1,6,9,15,3,0
chr6,73100001,73200000,5,3,4,13,2,3
chr6,73200001,73300000,2,5,3,10,2,3
chr6,73300001,73400000,3,4,3,11,3,1
chr6,73400001,73500000,2,1,4,7,1,2
chr6,73500001,73600000,3,1,3,0,1,2
chr6,73600001,73730000,1,3,7,6,5,0
chr6,73730001,73830000,4,5,5,8,4,2
chr6,73830001,73930000,2,4,7,3,3,0
chr6,73930001,74030000,2,3,2,1,2,0
chr6,74030001,74130000,0,0,2,2,2,1
chr6,74130001,74230000,4,2,2,4,0,1
chr6,74230001,74330000,4,0,1,2,0,1
chr6,74330001,74450000,3,1,1,3,0,0
chr6,74450001,74550000,2,0,1,5,0,0
chr6,74550001,74650000,5,6,7,0,1,2
chr6,74650001,74790000,3,4,7,13,4,2
chr6,74790001,74890000,2,2,0,6,0,0
chr6,74890001,74990000,5,2,7,1,5,1
chr6,74990001,75090000,9,9,3,4,3,0
chr6,75090001,75190000,6,1,5,6,2,0
chr6,75190001,75290000,1,2,2,2,5,4
chr6,75290001,75390000,5,4,1,9,2,0
chr6,75390001,75490000,8,2,3,12,2,2
chr6,75490001,75590000,1,3,2,7,3,2
chr6,75590001,75690000,5,2,4,5,3,0
chr6,75690001,75790000,1,4,7,8,2,2
chr6,75790001,75890000,4,6,3,10,0,0
chr6,75890001,75990000,6,2,3,3,3,0
chr6,75990001,76090000,3,1,4,5,2,2
chr6,76090001,76190000,3,2,6,7,1,0
chr6,76190001,76290000,2,3,1,9,5,2
chr6,76290001,76390000,2,2,3,1,1,4
chr6,76390001,76490000,3,0,1,0,2,0
chr6,76490001,76590000,2,1,1,3,2,1
chr6,76590001,76690000,1,5,3,4,0,3
chr6,76690001,76790000,7,6,5,5,2,1
chr6,76790001,76890000,4,7,2,8,1,1
chr6,76890001,76990000,4,7,7,4,2,1
chr6,76990001,77090000,4,5,3,14,2,0
chr6,77090001,77190000,0,7,2,4,2,0
chr6,77190001,77290000,4,5,7,8,2,0
chr6,77290001,77390000,5,3,4,12,5,2
chr6,77390001,77500000,4,7,3,2,1,1
chr6,77500001,77600000,3,7,5,8,3,1
chr6,77600001,77720000,0,4,4,5,9,1
chr6,77720001,77870000,8,7,5,8,3,0
chr6,77870001,77970000,3,6,4,8,2,2
chr6,77970001,78070000,6,2,2,6,12,1
chr6,78070001,78170000,3,3,10,3,0,2
chr6,78170001,78270000,3,4,1,5,5,2
chr6,78270001,78370000,3,5,7,10,5,0
chr6,78370001,78520000,2,12,5,2,3,3
chr6,78520001,78620000,2,10,6,9,2,3
chr6,78620001,78720000,3,9,3,7,6,0
chr6,78720001,78820000,2,8,4,10,2,1
chr6,78820001,78920000,2,9,5,8,1,1
chr6,78920001,79020000,6,8,3,6,0,2
chr6,79020001,79120000,3,14,6,6,1,1
chr6,79120001,79220000,2,4,3,8,2,1
chr6,79220001,79320000,4,8,4,2,1,3
chr6,79320001,79420000,2,2,3,9,1,1
chr6,79420001,79520000,5,2,4,3,2,1
chr6,79520001,79620000,2,1,2,5,0,0
chr6,79620001,79730000,3,3,3,1,2,0
chr6,79730001,79830000,3,3,5,4,0,3
chr6,79830001,79930000,3,2,4,8,0,1
chr6,79930001,80030000,0,0,2,1,2,0
chr6,80030001,80130000,4,0,2,2,2,2
chr6,80130001,80230000,4,3,3,3,3,0
chr6,80230001,80330000,1,1,1,2,2,0
chr6,80330001,80440000,4,0,1,1,0,2
chr6,80440001,80540000,5,3,4,4,0,1
chr6,80540001,80640000,3,4,3,2,3,0
chr6,80640001,80740000,1,5,3,5,1,1
chr6,80740001,80840000,3,2,1,3,0,0
chr6,80840001,80940000,0,4,2,0,1,0
chr6,80940001,81040000,3,3,1,1,0,0
chr6,81040001,81140000,5,4,5,3,2,2
chr6,81140001,81260000,2,3,0,2,2,0
chr6,81260001,81360000,1,6,5,2,3,1
chr6,81360001,81460000,3,5,2,5,4,0
chr6,81460001,81560000,1,9,2,6,0,1
chr6,81560001,81660000,4,7,7,6,2,0
chr6,81660001,81760000,2,6,4,7,3,0
chr6,81760001,81860000,4,5,5,7,1,1
chr6,81860001,81960000,4,3,4,8,8,0
chr6,81960001,82060000,2,6,5,8,4,2
chr6,82060001,82160000,6,7,2,7,2,0
chr6,82160001,82260000,2,5,1,3,3,0
chr6,82260001,82360000,1,2,1,5,3,1
chr6,82360001,82460000,8,4,3,3,2,1
chr6,82460001,82560000,3,8,1,3,3,0
chr6,82560001,82660000,2,1,2,1,1,0
chr6,82660001,82760000,5,3,0,1,2,0
chr6,82760001,82860000,6,5,3,6,1,1
chr6,82860001,82960000,5,3,4,3,1,0
chr6,82960001,83060000,3,4,4,5,2,0
chr6,83060001,83160000,1,6,5,3,1,0
chr6,83160001,83290000,4,3,6,4,2,1
chr6,83290001,83390000,3,2,6,8,2,0
chr6,83390001,83490000,3,3,3,5,3,0
chr6,83490001,83590000,1,2,4,2,2,4
chr6,83590001,83690000,5,2,3,1,4,0
chr6,83690001,83790000,3,1,1,1,2,1
chr6,83790001,83890000,1,1,2,3,2,2
chr6,83890001,83990000,2,6,3,3,2,0
chr6,83990001,84090000,2,1,0,5,5,1
chr6,84090001,84190000,2,1,3,3,4,3
chr6,84190001,84290000,7,4,4,7,2,2
chr6,84290001,84390000,3,5,4,10,1,3
chr6,84390001,84490000,7,3,4,7,2,1
chr6,84490001,84590000,2,5,1,6,2,2
chr6,84590001,84690000,3,3,3,1,3,0
chr6,84690001,84790000,1,5,0,2,0,2
chr6,84790001,84890000,1,5,3,4,0,1
chr6,84890001,84990000,3,5,5,7,1,1
chr6,84990001,85090000,7,7,3,3,2,2
chr6,85090001,85190000,1,5,2,2,1,3
chr6,85190001,85290000,8,3,5,4,4,2
chr6,85290001,85390000,4,2,5,2,0,2
chr6,85390001,85490000,4,4,4,11,2,1
chr6,85490001,85590000,1,10,2,3,3,0
chr6,85590001,85690000,3,6,4,4,7,1
chr6,85690001,85790000,3,3,1,6,3,0
chr6,85790001,85890000,3,5,3,7,5,0
chr6,85890001,85990000,0,4,6,4,3,2
chr6,85990001,86090000,5,4,3,2,1,1
chr6,86090001,86190000,2,4,0,3,0,0
chr6,86190001,86290000,4,4,1,2,0,1
chr6,86290001,86390000,5,2,0,2,4,2
chr6,86390001,86490000,2,7,2,3,1,2
chr6,86490001,86590000,8,2,4,0,1,2
chr6,86590001,86690000,2,4,3,8,3,1
chr6,86740001,86840000,3,5,7,11,1,2
chr6,86840001,86940000,1,1,5,8,5,0
chr6,86940001,87040000,2,7,5,8,2,0
chr6,87040001,87140000,4,9,2,7,0,0
chr6,87140001,87240000,4,7,4,10,1,2
chr6,87240001,87340000,1,7,3,5,3,0
chr6,87340001,87440000,0,4,1,8,4,2
chr6,87440001,87540000,1,6,4,7,4,4
chr6,87540001,87730000,1,3,5,9,5,1
chr6,87730001,87830000,1,3,1,4,3,0
chr6,87830001,87930000,1,4,5,6,0,2
chr6,87930001,88030000,3,2,0,6,2,2
chr6,88030001,88130000,9,1,1,2,0,1
chr6,88130001,88230000,3,2,0,5,0,1
chr6,88230001,88330000,5,1,3,3,3,0
chr6,88330001,88430000,1,3,0,4,2,0
chr6,88430001,88530000,2,3,3,2,1,0
chr6,88530001,88630000,1,4,0,6,0,1
chr6,88630001,88730000,3,3,2,6,1,1
chr6,88730001,88830000,4,4,4,8,1,1
chr6,88830001,88930000,1,6,2,3,2,0
chr6,88930001,89030000,6,4,1,15,1,1
chr6,89030001,89170000,3,8,7,11,1,2
chr6,89170001,89270000,3,5,0,7,2,1
chr6,89270001,89370000,7,4,1,4,2,0
chr6,89370001,89470000,2,3,3,0,4,1
chr6,89470001,89570000,6,1,1,1,1,0
chr6,89570001,89670000,3,3,0,3,0,0
chr6,89670001,89770000,2,3,1,2,5,0
chr6,89770001,89870000,0,2,3,5,2,1
chr6,89870001,89970000,4,0,2,2,1,0
chr6,89970001,90070000,1,2,2,4,1,2
chr6,90070001,90170000,0,2,4,5,0,0
chr6,90170001,90270000,4,4,4,2,0,0
chr6,90270001,90370000,1,2,3,3,1,1
chr6,90370001,90470000,1,1,0,4,3,2
chr6,90470001,90570000,2,3,0,0,1,2
chr6,90570001,90670000,1,2,2,7,2,0
chr6,90670001,90780000,5,2,3,10,3,1
chr6,90780001,90880000,5,3,3,5,1,0
chr6,90880001,90980000,1,3,1,6,9,2
chr6,90980001,91080000,7,3,1,4,2,2
chr6,91080001,91180000,4,3,0,3,0,2
chr6,91180001,91310000,2,2,2,6,1,1
chr6,91310001,91410000,2,0,1,5,0,1
chr6,91410001,91510000,6,4,3,6,2,1
chr6,91510001,91610000,3,1,0,7,0,1
chr6,91610001,91710000,3,3,3,6,3,2
chr6,91710001,91810000,4,3,3,9,4,1
chr6,91810001,91910000,5,3,4,6,1,1
chr6,91910001,92010000,2,0,2,6,0,0
chr6,92010001,92110000,2,3,4,9,2,1
chr6,92110001,92210000,3,5,4,10,2,3
chr6,92210001,92310000,5,2,4,7,2,3
chr6,92310001,92410000,2,5,2,8,2,0
chr6,92410001,92510000,2,5,2,7,0,0
chr6,92510001,92610000,4,8,3,8,2,3
chr6,92610001,92710000,4,5,6,17,1,1
chr6,92710001,92810000,0,3,3,12,2,1
chr6,92810001,92910000,1,5,4,12,0,0
chr6,92910001,93010000,4,6,4,10,2,1
chr6,93010001,93110000,6,2,8,14,1,5
chr6,93110001,93210000,2,6,2,15,4,0
chr6,93210001,93310000,1,1,7,17,1,1
chr6,93310001,93410000,3,5,8,10,1,1
chr6,93410001,93510000,3,7,3,14,2,0
chr6,93510001,93610000,1,6,3,7,1,3
chr6,93610001,93710000,2,4,8,8,2,2
chr6,93710001,93810000,4,2,7,13,1,1
chr6,93810001,93910000,3,6,4,9,1,2
chr6,93910001,94010000,6,2,7,10,1,4
chr6,94010001,94110000,4,6,8,15,0,2
chr6,94110001,94210000,5,6,5,8,0,2
chr6,94210001,94310000,4,4,2,8,1,1
chr6,94310001,94420000,6,11,4,7,2,1
chr6,94420001,94520000,4,9,3,5,1,3
chr6,94520001,94620000,4,10,4,3,3,4
chr6,94620001,94720000,5,9,1,3,3,0
chr6,94720001,94820000,2,8,3,11,0,2
chr6,94820001,94920000,3,6,2,10,3,1
chr6,94920001,95020000,4,10,3,13,1,0
chr6,95020001,95120000,3,6,4,5,0,3
chr6,95120001,95220000,5,11,1,14,4,1
chr6,95220001,95320000,5,6,1,10,2,2
chr6,95320001,95420000,2,3,6,11,5,1
chr6,95420001,95550000,5,14,5,4,4,3
chr6,95550001,95650000,7,5,6,5,0,0
chr6,95650001,95750000,0,4,1,3,0,1
chr6,95750001,95850000,2,0,1,0,0,0
chr6,95850001,95950000,3,6,5,3,1,1
chr6,95950001,96050000,5,4,4,1,6,1
chr6,96050001,96150000,3,5,4,5,1,1
chr6,96150001,96250000,3,6,3,4,1,1
chr6,96250001,96360000,1,10,2,3,2,1
chr6,96360001,96460000,3,2,6,4,3,1
chr6,96460001,96560000,3,4,2,7,2,2
chr6,96560001,96660000,3,13,10,10,4,0
chr6,96660001,96760000,4,5,4,8,2,1
chr6,96760001,96860000,5,4,8,6,7,1
chr6,96860001,96960000,5,2,4,4,2,2
chr6,96960001,97060000,5,5,4,3,1,1
chr6,97060001,97160000,5,5,8,12,1,1
chr6,97160001,97260000,2,2,2,9,2,0
chr6,97260001,97360000,2,2,0,8,0,1
chr6,97360001,97470000,5,4,1,6,3,0
chr6,97470001,97570000,2,6,3,4,2,0
chr6,97570001,97670000,1,0,2,2,0,2
chr6,97670001,97770000,2,1,2,2,1,1
chr6,97770001,97880000,6,4,2,7,4,2
chr6,97880001,97980000,8,6,5,10,1,4
chr6,97980001,98080000,3,2,3,13,2,0
chr6,98080001,98180000,4,8,4,15,2,0
chr6,98180001,98280000,4,7,6,13,5,4
chr6,98280001,98380000,2,5,1,12,4,3
chr6,98380001,98480000,6,4,3,13,3,2
chr6,98480001,98580000,5,8,2,10,3,1
chr6,98580001,98680000,2,13,5,7,4,1
chr6,98680001,98780000,4,5,6,11,6,1
chr6,98780001,98880000,2,4,5,12,0,0
chr6,98880001,98980000,3,8,5,15,3,1
chr6,98980001,99080000,5,3,2,7,0,2
chr6,99080001,99190000,6,3,2,5,2,0
chr6,99190001,99290000,4,2,2,7,2,3
chr6,99290001,99400000,2,2,7,3,0,0
chr6,99400001,99500000,3,5,5,5,1,0
chr6,99500001,99600000,2,2,1,3,2,1
chr6,99600001,99700000,2,3,1,5,3,2
chr6,99700001,99800000,3,2,2,7,1,1
chr6,99800001,99900000,0,0,1,3,2,0
chr6,99900001,100000000,0,2,2,2,0,1
chr6,100000001,100100000,7,1,2,1,1,0
chr6,100100001,100200000,6,5,7,9,1,1
chr6,100200001,100300000,7,4,0,3,2,0
chr6,100300001,100400000,6,5,5,6,2,2
chr6,100400001,100500000,5,7,6,6,2,0
chr6,100500001,100600000,3,5,5,4,3,1
chr6,100600001,100700000,4,7,4,7,6,2
chr6,100700001,100800000,7,2,3,9,1,0
chr6,100820001,100920000,3,4,5,4,5,3
chr6,100920001,101020000,1,2,4,4,4,2
chr6,101040001,101140000,2,1,1,2,3,0
chr6,101140001,101240000,0,3,3,1,3,0
chr6,101240001,101340000,2,3,3,4,1,0
chr6,101340001,101440000,3,2,0,7,1,2
chr6,101440001,101540000,4,6,0,8,1,0
chr6,101540001,101680000,7,5,6,11,1,2
chr6,101680001,101780000,4,4,3,10,0,0
chr6,101780001,101880000,7,3,6,15,2,0
chr6,101880001,101980000,5,8,6,5,1,1
chr6,101980001,102080000,3,2,3,13,4,2
chr6,102080001,102180000,9,3,4,11,2,2
chr6,102180001,102280000,7,4,3,11,2,0
chr6,102280001,102380000,4,3,4,10,1,2
chr6,102380001,102480000,1,2,6,17,2,0
chr6,102480001,102580000,2,8,4,14,2,0
chr6,102580001,102700000,7,8,4,13,2,2
chr6,102700001,102800000,1,6,3,14,2,0
chr6,102800001,102900000,2,5,9,11,3,3
chr6,102900001,103010000,6,8,4,8,2,3
chr6,103010001,103110000,5,8,7,12,4,1
chr6,103110001,103220000,4,1,2,12,2,1
chr6,103220001,103320000,2,10,5,22,3,0
chr6,103320001,103420000,4,6,4,13,4,2
chr6,103420001,103520000,8,7,3,21,5,3
chr6,103520001,103620000,4,11,3,14,7,3
chr6,103620001,103720000,7,19,5,13,6,0
chr6,103720001,103820000,5,8,6,8,3,2
chr6,103820001,103920000,3,11,4,12,2,0
chr6,103920001,104020000,1,10,3,13,2,2
chr6,104020001,104120000,0,7,8,15,4,3
chr6,104120001,104220000,4,7,8,7,1,1
chr6,104220001,104320000,4,8,2,12,6,2
chr6,104320001,104420000,4,5,8,15,5,1
chr6,104420001,104520000,2,6,4,12,3,1
chr6,104520001,104620000,3,9,3,7,4,2
chr6,104620001,104720000,2,8,4,12,2,1
chr6,104720001,104820000,8,7,5,8,2,1
chr6,104820001,104920000,2,7,4,11,1,0
chr6,104920001,105040000,2,4,2,1,9,1
chr6,105040001,105140000,0,8,2,3,0,0
chr6,105140001,105280000,4,2,1,1,1,2
chr6,105280001,105380000,2,3,3,8,2,0
chr6,105380001,105480000,7,1,4,7,2,1
chr6,105480001,105580000,4,1,0,8,2,1
chr6,105580001,105680000,3,5,0,2,1,2
chr6,105680001,105780000,0,6,3,4,0,0
chr6,105780001,105880000,1,1,1,1,2,2
chr6,105880001,105980000,3,5,3,3,1,0
chr6,105980001,106080000,2,4,5,2,0,0
chr6,106080001,106180000,3,1,2,3,2,1
chr6,106180001,106280000,4,1,3,3,2,0
chr6,106280001,106380000,7,3,5,4,3,0
chr6,106380001,106480000,3,4,2,2,2,0
chr6,106480001,106580000,3,1,0,0,1,1
chr6,106580001,106680000,4,1,4,3,1,0
chr6,106680001,106780000,3,2,1,3,1,1
chr6,106780001,106880000,0,0,1,3,1,1
chr6,106880001,106980000,4,2,2,5,2,2
chr6,106980001,107090000,2,2,0,1,1,0
chr6,107090001,107190000,3,3,1,2,3,1
chr6,107190001,107290000,3,3,2,2,1,2
chr6,107290001,107390000,4,1,0,5,2,0
chr6,107390001,107490000,1,0,1,2,2,0
chr6,107490001,107590000,1,0,2,0,2,0
chr6,107590001,107690000,0,1,3,0,1,0
chr6,107690001,107790000,3,3,2,2,4,0
chr6,107790001,107890000,6,3,1,0,0,0
chr6,107890001,107990000,1,1,1,0,0,1
chr6,107990001,108090000,1,3,1,1,1,3
chr6,108090001,108190000,3,4,5,3,1,0
chr6,108190001,108290000,7,3,0,2,4,0
chr6,108290001,108390000,1,1,2,6,4,0
chr6,108390001,108490000,3,1,5,2,2,1
chr6,108490001,108590000,1,2,4,2,0,1
chr6,108590001,108690000,4,2,1,1,0,0
chr6,108690001,108790000,5,3,2,2,0,0
chr6,108790001,108890000,7,2,4,1,3,1
chr6,108890001,108990000,4,2,2,1,2,0
chr6,108990001,109090000,3,2,0,1,1,0
chr6,109090001,109190000,4,3,1,1,4,1
chr6,109190001,109290000,3,2,2,5,0,1
chr6,109290001,109390000,0,1,0,3,1,0
chr6,109390001,109520000,0,3,4,1,1,0
chr6,109520001,109640000,1,1,0,2,1,0
chr6,109640001,109740000,2,1,1,9,1,0
chr6,109740001,109840000,1,0,1,1,0,0
chr6,109840001,109940000,3,1,2,4,3,1
chr6,109940001,110040000,1,3,1,0,1,0
chr6,110040001,110140000,6,1,1,4,4,0
chr6,110140001,110240000,2,0,0,3,1,0
chr6,110240001,110340000,2,2,4,5,0,1
chr6,110340001,110440000,3,3,2,0,1,0
chr6,110440001,110540000,3,0,1,2,2,1
chr6,110540001,110640000,8,3,5,4,1,1
chr6,110640001,110740000,2,1,3,1,1,0
chr6,110740001,110840000,3,2,1,3,4,0
chr6,110840001,110940000,0,1,2,2,0,0
chr6,110940001,111040000,2,6,3,8,0,0
chr6,111040001,111140000,4,1,1,3,4,1
chr6,111140001,111240000,4,4,1,5,3,0
chr6,111240001,111340000,1,1,1,3,1,0
chr6,111340001,111440000,4,1,3,3,0,2
chr6,111440001,111540000,1,3,0,1,0,1
chr6,111540001,111640000,3,3,2,3,1,0
chr6,111640001,111740000,3,2,0,3,1,0
chr6,111740001,111840000,5,2,3,2,0,1
chr6,111840001,111940000,0,2,1,2,3,1
chr6,111940001,112040000,3,2,1,1,0,0
chr6,112040001,112140000,3,2,1,3,0,0
chr6,112140001,112250000,2,3,3,4,2,0
chr6,112250001,112350000,6,2,0,2,0,0
chr6,112350001,112450000,3,2,3,4,2,0
chr6,112450001,112550000,4,3,1,5,3,0
chr6,112550001,112650000,4,1,2,5,2,0
chr6,112650001,112750000,3,3,3,6,2,1
chr6,112750001,112850000,1,3,6,9,4,1
chr6,112880001,112980000,3,5,3,10,3,0
chr6,112980001,113080000,3,3,3,9,2,1
chr6,113080001,113180000,1,3,3,2,0,1
chr6,113180001,113280000,3,3,2,6,1,0
chr6,113280001,113380000,5,1,3,8,0,1
chr6,113380001,113480000,4,2,5,7,3,1
chr6,113480001,113580000,0,5,3,9,2,3
chr6,113580001,113680000,5,2,4,3,2,0
chr6,113680001,113780000,1,2,2,4,3,0
chr6,113780001,113880000,3,2,4,3,2,1
chr6,113880001,113980000,3,6,1,2,3,0
chr6,113980001,114080000,6,4,1,0,2,0
chr6,114080001,114180000,3,6,1,3,2,1
chr6,114180001,114280000,3,3,1,6,5,0
chr6,114280001,114380000,1,3,2,2,3,1
chr6,114380001,114480000,2,3,1,5,1,1
chr6,114480001,114580000,0,1,4,2,1,0
chr6,114580001,114680000,5,4,6,4,2,1
chr6,114680001,114790000,0,6,3,4,4,1
chr6,114790001,114890000,3,6,4,10,3,1
chr6,114890001,114990000,6,4,2,5,3,2
chr6,114990001,115090000,6,5,5,9,1,1
chr6,115090001,115200000,3,8,3,7,3,2
chr6,115200001,115300000,3,9,1,8,2,2
chr6,115300001,115400000,5,3,6,8,2,1
chr6,115400001,115520000,8,10,6,11,5,1
chr6,115520001,115630000,3,5,4,7,3,5
chr6,115630001,115730000,4,3,5,5,1,0
chr6,115730001,115830000,4,6,7,6,5,0
chr6,115830001,115930000,4,3,2,7,3,1
chr6,115930001,116030000,2,2,8,5,2,0
chr6,116030001,116130000,3,7,6,0,1,2
chr6,116130001,116230000,2,3,9,8,1,0
chr6,116230001,116330000,3,0,5,3,0,3
chr6,116330001,116430000,2,1,1,4,2,2
chr6,116430001,116530000,2,1,3,1,4,2
chr6,116530001,116630000,1,0,1,2,3,0
chr6,116630001,116730000,1,0,1,1,2,0
chr6,116730001,116830000,1,0,2,5,2,1
chr6,116830001,116930000,3,1,3,6,1,1
chr6,116930001,117040000,6,0,4,3,1,0
chr6,117040001,117160000,2,4,4,3,1,0
chr6,117160001,117260000,4,4,4,5,1,2
chr6,117260001,117360000,4,7,1,8,1,0
chr6,117360001,117480000,5,6,4,12,3,1
chr6,117480001,117580000,3,1,5,9,3,1
chr6,117580001,117680000,3,2,1,4,2,0
chr6,117680001,117780000,3,1,1,3,0,2
chr6,117780001,117880000,2,3,2,5,2,0
chr6,117880001,117980000,1,2,3,2,3,1
chr6,117980001,118080000,2,5,5,3,3,0
chr6,118080001,118180000,11,7,3,9,4,1
chr6,118180001,118280000,3,9,5,12,1,0
chr6,118280001,118380000,5,6,5,5,1,0
chr6,118380001,118480000,4,5,2,13,5,1
chr6,118480001,118580000,5,6,4,10,1,1
chr6,118580001,118680000,4,2,5,7,2,0
chr6,118680001,118780000,3,4,4,4,1,1
chr6,118780001,118880000,3,2,4,8,1,0
chr6,118880001,118980000,1,3,1,2,1,1
chr6,118980001,119080000,3,2,2,3,2,2
chr6,119080001,119180000,2,2,1,3,3,1
chr6,119180001,119280000,2,0,5,1,1,1
chr6,119280001,119380000,4,1,2,1,2,1
chr6,119380001,119480000,4,2,3,0,3,0
chr6,119480001,119590000,5,3,2,3,0,0
chr6,119590001,119690000,1,1,1,4,3,2
chr6,119690001,119790000,2,4,1,1,3,2
chr6,119790001,119890000,4,3,1,7,1,1
chr6,119890001,119990000,3,4,1,5,1,0
chr6,119990001,120090000,0,3,3,7,2,1
chr6,120090001,120190000,2,3,3,19,1,1
chr6,120190001,120290000,1,4,7,10,11,1
chr6,120290001,120390000,8,5,2,7,4,1
chr6,120390001,120490000,1,6,2,10,2,3
chr6,120490001,120590000,7,5,5,10,1,2
chr6,120590001,120690000,0,5,3,9,1,2
chr6,120690001,120790000,1,3,9,10,3,4
chr6,120790001,120890000,0,4,5,8,7,1
chr6,120890001,120990000,2,6,3,3,3,1
chr6,120990001,121090000,4,3,4,5,1,0
chr6,121090001,121190000,7,3,6,7,2,0
chr6,121190001,121290000,4,4,0,3,1,2
chr6,121290001,121390000,2,1,4,1,2,0
chr6,121390001,121490000,1,3,0,2,1,2
chr6,121490001,121590000,2,4,0,5,3,4
chr6,121590001,121690000,2,1,3,8,3,1
chr6,121690001,121800000,6,2,4,4,1,0
chr6,121800001,121920000,4,3,9,14,1,2
chr6,121920001,122020000,5,4,2,10,1,1
chr6,122020001,122120000,4,5,6,5,4,1
chr6,122120001,122220000,3,7,5,9,5,1
chr6,122220001,122320000,5,3,6,13,5,1
chr6,122320001,122420000,8,4,5,9,1,1
chr6,122420001,122520000,4,4,4,12,2,0
chr6,122520001,122620000,9,5,4,9,2,0
chr6,122620001,122720000,3,2,6,5,6,1
chr6,122720001,122820000,2,2,2,0,5,0
chr6,122820001,122920000,4,6,4,6,4,0
chr6,122920001,123020000,4,3,3,8,0,0
chr6,123020001,123120000,2,1,0,5,2,0
chr6,123120001,123220000,1,3,5,2,5,0
chr6,123220001,123320000,6,4,3,6,3,2
chr6,123320001,123420000,4,5,4,6,6,2
chr6,123420001,123520000,4,6,6,3,4,0
chr6,123520001,123620000,3,12,6,8,3,0
chr6,123620001,123720000,2,6,8,9,2,0
chr6,123720001,123830000,7,10,5,9,3,0
chr6,123830001,123930000,3,10,4,14,2,1
chr6,123930001,124030000,5,7,8,6,4,2
chr6,124030001,124130000,2,6,4,9,1,2
chr6,124130001,124230000,5,4,3,8,1,0
chr6,124230001,124330000,3,3,4,7,2,1
chr6,124330001,124430000,7,2,8,4,0,1
chr6,124430001,124530000,6,3,3,11,1,1
chr6,124530001,124630000,5,9,12,12,5,0
chr6,124630001,124730000,4,3,3,9,2,2
chr6,124730001,124830000,4,5,1,9,3,1
chr6,124830001,124930000,6,4,3,15,2,2
chr6,124930001,125070000,3,2,6,7,1,1
chr6,125070001,125190000,2,2,6,9,2,0
chr6,125190001,125290000,4,2,0,12,1,2
chr6,125290001,125390000,5,2,1,8,0,3
chr6,125390001,125490000,8,5,2,12,1,1
chr6,125490001,125590000,2,1,2,7,2,1
chr6,125590001,125690000,7,1,2,2,2,0
chr6,125690001,125790000,2,5,4,8,0,1
chr6,125790001,125890000,4,8,5,16,2,2
chr6,125890001,125990000,2,2,2,5,0,2
chr6,125990001,126090000,5,2,6,6,0,0
chr6,126090001,126190000,3,1,4,3,2,0
chr6,126190001,126290000,3,0,0,1,0,0
chr6,126290001,126390000,1,1,1,5,0,0
chr6,126390001,126490000,5,0,0,2,2,2
chr6,126490001,126590000,1,2,2,1,3,0
chr6,126590001,126690000,3,2,1,4,1,0
chr6,126690001,126790000,7,1,4,9,6,1
chr6,126790001,126890000,3,10,4,5,3,0
chr6,126890001,126990000,2,7,3,5,0,3
chr6,126990001,127090000,4,8,3,11,4,0
chr6,127090001,127190000,3,6,2,9,2,0
chr6,127190001,127290000,2,4,4,8,2,1
chr6,127290001,127390000,3,3,5,5,2,3
chr6,127390001,127490000,9,5,5,11,3,0
chr6,127490001,127590000,1,5,4,9,2,0
chr6,127590001,127690000,0,2,3,3,1,0
chr6,127690001,127790000,5,2,0,4,1,0
chr6,127790001,127890000,3,2,3,2,3,2
chr6,127890001,127990000,3,3,1,8,4,1
chr6,127990001,128090000,4,1,2,6,4,0
chr6,128090001,128190000,3,5,4,7,2,1
chr6,128190001,128290000,2,5,0,6,0,0
chr6,128290001,128390000,2,1,2,4,1,2
chr6,128390001,128490000,3,2,0,5,2,0
chr6,128490001,128590000,4,3,4,3,3,0
chr6,128590001,128690000,5,5,2,5,2,1
chr6,128690001,128790000,5,3,5,3,4,1
chr6,128790001,128890000,6,3,1,2,0,0
chr6,128890001,128990000,1,4,2,2,1,5
chr6,128990001,129090000,4,5,2,6,1,2
chr6,129090001,129190000,3,8,2,5,3,1
chr6,129190001,129320000,3,4,4,10,1,1
chr6,129320001,129420000,2,7,5,3,5,2
chr6,129420001,129520000,2,6,1,6,3,1
chr6,129520001,129620000,3,7,5,7,1,2
chr6,129620001,129720000,2,5,3,6,5,0
chr6,129720001,129820000,1,2,5,5,1,3
chr6,129820001,129920000,7,1,1,3,1,1
chr6,129920001,130020000,4,3,1,4,0,0
chr6,130020001,130120000,5,2,3,4,0,1
chr6,130120001,130220000,3,8,4,3,2,1
chr6,130220001,130320000,2,3,3,6,0,0
chr6,130320001,130420000,2,1,3,5,1,2
chr6,130420001,130520000,5,3,1,1,3,0
chr6,130520001,130620000,1,2,2,5,3,1
chr6,130620001,130720000,5,3,2,5,0,0
chr6,130720001,130820000,3,9,2,4,2,1
chr6,130820001,130920000,4,4,4,6,4,1
chr6,130920001,131020000,1,2,3,4,5,2
chr6,131020001,131120000,2,3,3,7,6,1
chr6,131120001,131220000,5,2,4,4,4,0
chr6,131220001,131320000,3,5,2,4,1,1
chr6,131320001,131420000,2,4,0,2,1,2
chr6,131420001,131520000,1,2,0,6,2,0
chr6,131520001,131640000,1,0,0,3,4,1
chr6,131640001,131740000,1,2,0,2,0,0
chr6,131740001,131840000,3,3,4,5,1,1
chr6,131840001,131940000,4,4,0,1,3,0
chr6,131940001,132070000,3,2,2,3,1,2
chr6,132070001,132170000,3,2,0,10,4,0
chr6,132180001,132280000,6,2,0,6,4,1
chr6,132280001,132380000,2,2,0,3,3,1
chr6,132380001,132480000,3,1,2,1,2,3
chr6,132480001,132580000,4,6,5,5,1,1
chr6,132580001,132680000,8,2,1,3,2,1
chr6,132680001,132780000,5,3,5,3,3,2
chr6,132780001,132880000,1,1,4,0,1,1
chr6,132880001,132980000,5,4,3,3,6,1
chr6,132980001,133080000,1,10,1,5,1,0
chr6,133080001,133180000,2,2,3,3,0,0
chr6,133180001,133280000,4,4,2,4,3,2
chr6,133280001,133390000,3,3,5,6,2,0
chr6,133390001,133490000,4,0,2,3,3,1
chr6,133490001,133590000,5,6,3,6,1,1
chr6,133600001,133700000,5,0,5,6,3,1
chr6,133700001,133800000,11,2,1,14,5,0
chr6,133800001,133900000,6,5,1,8,1,1
chr6,133900001,134000000,2,5,4,4,6,1
chr6,134000001,134100000,7,4,2,6,2,0
chr6,134100001,134200000,5,5,4,4,1,0
chr6,134200001,134300000,1,1,5,4,2,1
chr6,134300001,134400000,3,1,1,1,0,0
chr6,134400001,134500000,3,1,2,4,1,2
chr6,134500001,134600000,1,1,6,6,2,2
chr6,134600001,134700000,7,2,2,3,3,1
chr6,134700001,134800000,3,0,1,0,1,0
chr6,134800001,134900000,5,3,4,1,4,0
chr6,134900001,135000000,3,6,1,5,0,0
chr6,135000001,135100000,3,0,3,2,0,3
chr6,135100001,135200000,1,1,0,2,1,0
chr6,135200001,135300000,1,0,3,1,3,0
chr6,135300001,135400000,3,1,4,6,5,1
chr6,135400001,135500000,5,2,2,5,1,0
chr6,135500001,135600000,3,5,2,2,0,0
chr6,135600001,135700000,0,0,1,3,2,0
chr6,135700001,135800000,2,1,3,4,4,0
chr6,135800001,135900000,5,3,0,4,1,1
chr6,135900001,136000000,3,3,3,6,4,0
chr6,136000001,136100000,1,4,1,3,1,2
chr6,136100001,136200000,4,3,5,3,1,0
chr6,136200001,136300000,2,1,2,3,0,0
chr6,136300001,136400000,2,2,5,3,0,1
chr6,136400001,136510000,3,1,1,6,2,1
chr6,136510001,136610000,9,3,3,4,2,0
chr6,136610001,136710000,1,0,2,1,4,0
chr6,136710001,136810000,4,2,2,0,1,0
chr6,136810001,136910000,2,4,2,3,4,0
chr6,136910001,137010000,0,4,0,3,2,0
chr6,137010001,137110000,2,4,0,2,2,2
chr6,137110001,137210000,2,3,3,1,0,0
chr6,137210001,137310000,4,1,1,1,0,0
chr6,137310001,137410000,4,3,0,5,1,1
chr6,137410001,137510000,3,1,0,1,3,2
chr6,137510001,137610000,4,2,1,0,2,1
chr6,137610001,137710000,1,0,0,2,0,0
chr6,137710001,137810000,2,4,3,2,0,0
chr6,137810001,137910000,6,7,3,0,2,0
chr6,137910001,138010000,2,2,1,4,1,4
chr6,138010001,138110000,4,1,0,1,1,0
chr6,138110001,138230000,4,2,1,2,2,1
chr6,138230001,138330000,4,5,2,4,3,0
chr6,138330001,138430000,3,3,1,5,0,2
chr6,138430001,138530000,2,0,0,1,3,0
chr6,138530001,138630000,2,0,1,4,4,3
chr6,138630001,138730000,2,3,0,2,0,0
chr6,138730001,138830000,7,1,1,4,2,0
chr6,138830001,138930000,4,1,4,2,2,1
chr6,138930001,139030000,1,3,1,2,1,1
chr6,139030001,139130000,2,2,2,3,2,0
chr6,139130001,139230000,1,1,1,4,1,0
chr6,139230001,139330000,4,1,1,3,1,1
chr6,139330001,139430000,3,2,2,4,0,0
chr6,139430001,139530000,4,1,3,2,1,0
chr6,139530001,139630000,5,3,1,1,2,1
chr6,139630001,139730000,5,2,2,5,2,1
chr6,139730001,139830000,1,2,1,1,2,0
chr6,139830001,139930000,3,3,1,3,0,3
chr6,139930001,140030000,4,1,2,3,4,1
chr6,140030001,140130000,2,1,4,5,2,3
chr6,140130001,140230000,4,3,3,9,2,0
chr6,140230001,140330000,5,3,2,5,2,1
chr6,140330001,140430000,2,4,2,4,2,1
chr6,140430001,140530000,5,3,1,7,0,4
chr6,140530001,140630000,4,6,3,7,2,0
chr6,140630001,140730000,3,1,4,7,2,1
chr6,140730001,140830000,3,0,1,3,1,3
chr6,140830001,140930000,2,4,2,8,2,0
chr6,140930001,141030000,1,5,4,6,3,0
chr6,141030001,141130000,2,4,2,5,3,0
chr6,141130001,141230000,1,1,7,6,1,1
chr6,141230001,141330000,2,5,5,9,2,1
chr6,141330001,141430000,2,3,1,6,2,1
chr6,141430001,141530000,9,3,6,9,2,2
chr6,141530001,141630000,6,5,4,13,1,0
chr6,141630001,141730000,3,4,3,7,5,0
chr6,141730001,141830000,0,2,7,5,5,0
chr6,141830001,141930000,0,8,3,8,2,2
chr6,141930001,142030000,0,6,8,8,3,0
chr6,142030001,142130000,6,2,3,10,3,1
chr6,142130001,142230000,4,2,4,6,4,1
chr6,142230001,142330000,1,5,3,7,3,0
chr6,142330001,142430000,5,2,2,9,4,0
chr6,142430001,142550000,5,5,1,3,4,0
chr6,142550001,142650000,1,2,2,6,3,0
chr6,142650001,142750000,1,1,2,2,4,1
chr6,142750001,142850000,2,0,0,5,2,0
chr6,142850001,142950000,4,4,1,3,2,0
chr6,142950001,143050000,2,0,1,4,1,0
chr6,143050001,143150000,4,2,1,4,1,0
chr6,143150001,143250000,6,0,0,3,1,1
chr6,143250001,143350000,4,2,2,4,3,1
chr6,143350001,143450000,3,0,1,7,2,1
chr6,143450001,143550000,2,2,1,1,2,0
chr6,143550001,143650000,3,1,1,3,2,2
chr6,143650001,143750000,3,2,0,4,0,0
chr6,143750001,143850000,2,0,4,3,2,0
chr6,143850001,143950000,3,2,1,6,0,0
chr6,143950001,144050000,5,1,1,2,1,2
chr6,144050001,144170000,4,1,0,2,0,1
chr6,144170001,144270000,3,5,3,6,0,2
chr6,144270001,144370000,1,0,1,3,0,0
chr6,144370001,144470000,2,3,1,3,0,2
chr6,144470001,144570000,1,1,1,2,2,0
chr6,144570001,144670000,2,4,3,3,2,1
chr6,144670001,144770000,1,2,1,2,3,0
chr6,144770001,144870000,1,3,1,6,4,0
chr6,144870001,144970000,2,0,1,1,2,0
chr6,144970001,145070000,6,3,2,6,2,0
chr6,145070001,145170000,4,2,2,3,6,1
chr6,145170001,145270000,2,3,0,7,2,0
chr6,145270001,145370000,4,4,6,2,1,1
chr6,145370001,145480000,1,2,4,4,2,0
chr6,145480001,145580000,2,5,4,4,5,0
chr6,145580001,145680000,4,3,2,8,3,0
chr6,145680001,145780000,1,2,7,6,1,1
chr6,145780001,145890000,2,2,3,3,1,0
chr6,145890001,146020000,1,3,1,2,1,1
chr6,146020001,146120000,2,4,3,7,2,0
chr6,146120001,146220000,5,1,2,3,3,1
chr6,146220001,146350000,1,2,2,7,3,0
chr6,146350001,146450000,6,3,2,14,1,0
chr6,146450001,146550000,8,8,4,7,2,1
chr6,146550001,146650000,5,1,2,8,1,1
chr6,146650001,146750000,5,5,6,8,1,0
chr6,146750001,146850000,5,8,3,4,1,0
chr6,146850001,146950000,4,5,1,5,2,1
chr6,146950001,147050000,2,7,2,8,3,0
chr6,147050001,147150000,3,7,7,5,5,0
chr6,147150001,147250000,0,1,3,7,0,0
chr6,147250001,147350000,4,3,1,4,2,0
chr6,147350001,147450000,4,2,3,8,1,1
chr6,147450001,147550000,3,3,1,3,2,1
chr6,147550001,147650000,2,1,1,2,1,1
chr6,147650001,147750000,2,2,1,3,2,0
chr6,147750001,147850000,4,7,3,2,3,2
chr6,147850001,147950000,0,2,3,1,2,3
chr6,147950001,148050000,3,1,0,2,2,1
chr6,148050001,148150000,4,0,2,1,3,1
chr6,148150001,148250000,0,3,3,6,3,0
chr6,148250001,148360000,6,3,5,0,1,1
chr6,148360001,148460000,3,1,1,1,2,0
chr6,148460001,148570000,5,1,4,2,1,1
chr6,148570001,148670000,2,1,1,0,1,1
chr6,148670001,148770000,1,1,0,2,2,0
chr6,148770001,148870000,1,1,1,2,0,1
chr6,148870001,148970000,3,3,2,5,1,0
chr6,148970001,149070000,2,2,2,5,2,0
chr6,149070001,149170000,4,3,3,6,2,0
chr6,149170001,149270000,1,1,3,9,2,0
chr6,149270001,149370000,4,4,4,3,1,0
chr6,149370001,149470000,2,2,1,4,0,1
chr6,149470001,149570000,1,2,3,5,1,1
chr6,149570001,149670000,4,4,0,4,1,2
chr6,149670001,149770000,2,1,2,3,4,3
chr6,149770001,149870000,2,1,2,3,1,0
chr6,149870001,149970000,3,0,1,2,1,3
chr6,149970001,150070000,1,2,0,5,1,0
chr6,150070001,150170000,7,2,1,1,1,0
chr6,150170001,150270000,2,1,0,2,1,0
chr6,150270001,150370000,2,2,2,3,0,1
chr6,150370001,150470000,0,3,0,3,0,0
chr6,150470001,150570000,1,3,0,3,4,0
chr6,150570001,150670000,1,0,0,3,2,1
chr6,150670001,150770000,1,2,1,1,1,0
chr6,150770001,150890000,3,5,1,2,1,0
chr6,150890001,150990000,7,2,1,4,2,0
chr6,150990001,151090000,2,1,2,1,0,1
chr6,151090001,151190000,4,1,0,4,1,0
chr6,151190001,151290000,2,2,1,1,2,0
chr6,151290001,151390000,3,0,0,1,0,1
chr6,151390001,151490000,2,2,2,2,2,0
chr6,151490001,151590000,3,0,6,6,0,1
chr6,151590001,151690000,6,0,1,4,1,1
chr6,151690001,151790000,4,0,2,4,0,2
chr6,151790001,151890000,0,3,1,3,3,0
chr6,151890001,151990000,5,0,5,4,2,0
chr6,151990001,152090000,6,1,3,4,3,1
chr6,152090001,152190000,7,2,4,12,5,2
chr6,152190001,152290000,8,4,4,11,1,1
chr6,152290001,152390000,6,3,2,10,1,0
chr6,152390001,152490000,5,2,3,4,1,2
chr6,152490001,152590000,3,1,7,11,0,1
chr6,152590001,152690000,2,1,6,3,1,1
chr6,152690001,152790000,5,4,6,6,5,0
chr6,152790001,152890000,6,4,6,12,5,0
chr6,152890001,152990000,8,1,5,8,1,1
chr6,152990001,153090000,0,6,2,5,2,0
chr6,153090001,153190000,3,5,10,16,2,1
chr6,153190001,153290000,1,5,5,11,4,1
chr6,153290001,153390000,2,3,3,5,1,2
chr6,153390001,153490000,3,3,3,7,2,0
chr6,153490001,153590000,3,6,5,11,3,3
chr6,153590001,153690000,6,3,1,14,3,0
chr6,153690001,153790000,6,12,3,11,8,1
chr6,153790001,153890000,4,2,4,22,2,1
chr6,153890001,153990000,4,0,6,7,6,3
chr6,153990001,154090000,7,6,1,8,6,1
chr6,154090001,154190000,3,3,3,12,1,1
chr6,154190001,154290000,4,5,2,8,1,0
chr6,154290001,154390000,5,5,7,8,2,1
chr6,154390001,154490000,4,3,3,7,2,0
chr6,154490001,154590000,4,3,2,11,3,0
chr6,154590001,154690000,2,3,1,3,4,1
chr6,154690001,154790000,6,1,2,0,1,2
chr6,154790001,154890000,2,4,2,2,1,1
chr6,154890001,154990000,5,2,1,1,0,0
chr6,154990001,155090000,1,4,2,4,3,0
chr6,155090001,155190000,5,1,0,2,1,2
chr6,155190001,155290000,2,2,1,0,1,0
chr6,155290001,155390000,1,1,1,1,3,0
chr6,155390001,155490000,3,0,0,4,2,0
chr6,155490001,155590000,4,2,1,4,3,0
chr6,155590001,155690000,4,3,1,1,3,0
chr6,155690001,155790000,2,2,3,2,4,0
chr6,155790001,155890000,2,3,4,4,4,1
chr6,155890001,155990000,9,6,2,4,5,0
chr6,155990001,156100000,5,1,2,0,4,0
chr6,156100001,156200000,4,1,0,5,3,0
chr6,156200001,156300000,2,8,2,7,5,1
chr6,156300001,156420000,4,0,2,3,6,0
chr6,156420001,156520000,6,4,3,3,0,2
chr6,156520001,156620000,1,0,2,3,0,1
chr6,156620001,156740000,2,6,1,4,2,1
chr6,156740001,156850000,1,3,1,4,2,0
chr6,156850001,156950000,0,3,3,4,0,1
chr6,156950001,157050000,4,4,1,4,1,0
chr6,157050001,157150000,4,1,1,1,1,1
chr6,157150001,157250000,5,4,1,2,0,1
chr6,157250001,157350000,7,3,0,7,4,0
chr6,157350001,157450000,3,1,3,3,1,1
chr6,157450001,157550000,4,2,0,5,1,1
chr6,157550001,157650000,0,0,0,1,0,0
chr6,157650001,157760000,1,0,1,1,5,0
chr6,157760001,157860000,1,5,1,3,0,0
chr6,157860001,157960000,5,2,0,2,3,0
chr6,157960001,158060000,0,0,1,3,0,0
chr6,158060001,158160000,3,2,0,2,1,1
chr6,158160001,158260000,3,7,0,0,1,1
chr6,158260001,158360000,3,0,2,1,0,0
chr6,158360001,158460000,2,0,1,2,1,0
chr6,158460001,158560000,2,3,0,3,1,0
chr6,158560001,158660000,3,2,2,1,2,0
chr6,158660001,158760000,1,1,2,3,0,2
chr6,158760001,158860000,1,0,3,2,0,0
chr6,158860001,158960000,0,1,0,1,2,1
chr6,158960001,159060000,4,2,1,2,2,2
chr6,159060001,159160000,2,0,0,2,1,0
chr6,159160001,159260000,2,1,1,2,0,1
chr6,159260001,159360000,3,2,2,5,0,0
chr6,159360001,159460000,2,1,1,0,1,0
chr6,159460001,159560000,0,0,2,4,2,1
chr6,159560001,159660000,0,4,2,5,1,2
chr6,159660001,159760000,2,7,3,5,1,1
chr6,159760001,159860000,1,4,4,4,1,1
chr6,159860001,159960000,4,4,2,4,2,1
chr6,159960001,160060000,1,3,1,3,1,0
chr6,160060001,160230000,2,2,5,5,4,0
chr6,160230001,160330000,2,1,1,5,1,1
chr6,160330001,160430000,1,4,0,4,2,2
chr6,160430001,160530000,4,2,1,0,1,0
chr6,160530001,160630000,4,4,2,4,2,0
chr6,160630001,160730000,7,3,3,0,4,0
chr6,160730001,160830000,5,3,0,2,7,0
chr6,160830001,160930000,5,1,2,4,0,0
chr6,160930001,161030000,4,5,2,7,2,1
chr6,161070001,161170000,6,4,3,4,0,0
chr6,161170001,161270000,3,3,1,9,1,1
chr6,161270001,161370000,3,4,4,9,2,0
chr6,161370001,161470000,2,4,2,3,3,1
chr6,161470001,161570000,1,2,1,2,2,1
chr6,161570001,161670000,1,2,1,2,3,0
chr6,161670001,161770000,2,4,2,2,1,0
chr6,161770001,161870000,1,2,1,4,2,1
chr6,161870001,161970000,5,2,3,5,3,2
chr6,161970001,162070000,1,4,3,4,1,0
chr6,162070001,162170000,4,2,6,9,5,1
chr6,162170001,162270000,5,4,4,6,3,0
chr6,162270001,162370000,5,3,2,9,2,1
chr6,162370001,162470000,1,2,4,2,2,2
chr6,162470001,162570000,6,1,4,3,2,2
chr6,162570001,162670000,3,3,4,2,0,0
chr6,162670001,162770000,4,5,3,7,3,0
chr6,162770001,162870000,5,3,2,2,2,2
chr6,162870001,162970000,4,2,3,7,2,1
chr6,162970001,163070000,5,5,2,4,1,0
chr6,163070001,163170000,3,5,8,8,2,0
chr6,163170001,163270000,2,4,3,7,5,0
chr6,163270001,163370000,1,6,10,10,3,0
chr6,163370001,163470000,2,5,3,9,2,0
chr6,163470001,163570000,0,2,5,9,1,0
chr6,163570001,163670000,5,1,3,6,1,1
chr6,163670001,163770000,3,2,3,4,3,0
chr6,163770001,163870000,3,0,6,7,3,1
chr6,163870001,163970000,3,0,8,3,0,2
chr6,163970001,164070000,5,2,4,4,3,0
chr6,164070001,164170000,5,2,5,9,2,0
chr6,164170001,164270000,4,2,4,8,2,0
chr6,164270001,164370000,7,5,6,7,0,1
chr6,164370001,164470000,2,3,6,9,0,0
chr6,164470001,164570000,5,4,2,7,1,0
chr6,164570001,164670000,1,8,2,11,2,0
chr6,164670001,164770000,2,11,5,15,3,0
chr6,164770001,164870000,3,10,9,6,1,1
chr6,164870001,164970000,6,6,5,9,1,1
chr6,164970001,165070000,2,5,3,12,2,0
chr6,165070001,165170000,3,9,7,18,6,1
chr6,165170001,165270000,4,8,6,11,2,1
chr6,165270001,165370000,5,3,3,12,0,3
chr6,165370001,165470000,4,6,3,5,0,0
chr6,165470001,165570000,2,7,2,9,3,0
chr6,165570001,165670000,5,12,6,11,0,0
chr6,165670001,165780000,4,7,6,5,3,1
chr6,165790001,165890000,5,7,2,7,1,0
chr6,165890001,165990000,6,0,2,2,0,0
chr6,165990001,166090000,0,3,0,1,1,0
chr6,166090001,166190000,5,7,3,5,5,0
chr6,166190001,166290000,2,5,3,3,6,0
chr6,166290001,166390000,4,9,1,3,1,1
chr6,166390001,166490000,5,5,3,5,3,1
chr6,166490001,166590000,6,2,3,5,1,0
chr6,166590001,166690000,1,7,3,5,2,0
chr6,166690001,166790000,3,2,1,2,4,0
chr6,166790001,166920000,4,3,1,0,3,1
chr6,166920001,167020000,4,3,1,1,1,1
chr6,167020001,167120000,3,0,1,4,2,1
chr6,167120001,167240000,1,2,1,3,2,0
chr6,167240001,167340000,2,4,0,1,1,0
chr6,167340001,167440000,2,0,1,1,3,1
chr6,167440001,167540000,3,0,1,4,2,0
chr6,167540001,167640000,0,2,1,1,3,0
chr6,167640001,167740000,3,0,1,2,1,0
chr6,167760001,167890000,1,6,1,0,5,1
chr6,167890001,167990000,1,2,1,3,0,0
chr6,167990001,168090000,2,2,0,1,2,0
chr6,168090001,168190000,3,2,2,1,1,0
chr6,168190001,168290000,2,1,1,4,2,0
chr6,168290001,168390000,3,1,1,1,1,0
chr6,168390001,168490000,1,2,0,2,0,1
chr6,168490001,168590000,0,0,0,5,1,2
chr6,168590001,168700000,4,5,1,1,1,2
chr6,168700001,168800000,3,2,2,2,2,1
chr6,168800001,168900000,3,4,1,2,1,2
chr6,168900001,169010000,3,0,2,4,1,2
chr6,169010001,169130000,3,1,1,5,2,1
chr6,169130001,169230000,4,3,2,5,0,0
chr6,169250001,169350000,6,2,1,1,0,1
chr6,169350001,169450000,5,3,3,2,1,1
chr6,169450001,169550000,5,5,2,4,0,0
chr6,169550001,169650000,1,2,3,4,0,0
chr6,169650001,169750000,2,2,3,3,3,0
chr6,169750001,169850000,0,5,3,2,2,2
chr6,169850001,169950000,3,2,1,6,1,2
chr6,169950001,170050000,2,2,0,4,2,0
chr6,170050001,170150000,1,0,0,7,3,1
chr6,170150001,170250000,5,0,0,3,0,0
chr6,170250001,170350000,3,1,0,1,0,0
chr6,170350001,170450000,0,3,0,4,0,0
chr6,170450001,170580000,0,3,0,0,0,0
chr6,170580001,170680000,0,1,1,2,0,0
chr6,170720001,170870000,8,1,2,7,0,0
chr7,50001,150000,1,5,2,3,0,0
chr7,150001,250000,0,1,1,1,1,1
chr7,250001,350000,1,0,1,2,0,0
chr7,350001,450000,0,2,2,1,1,0
chr7,450001,550000,3,1,2,1,1,2
chr7,550001,650000,2,2,0,2,0,1
chr7,650001,750000,3,2,3,1,1,1
chr7,750001,850000,4,0,3,1,4,1
chr7,850001,950000,2,3,0,1,2,2
chr7,950001,1050000,2,3,0,3,1,0
chr7,1050001,1150000,2,1,2,0,1,0
chr7,1150001,1250000,2,1,1,4,1,1
chr7,1250001,1360000,2,6,1,4,1,1
chr7,1360001,1460000,1,3,0,2,3,2
chr7,1460001,1560000,1,2,0,2,1,1
chr7,1560001,1660000,2,2,1,2,0,0
chr7,1660001,1760000,5,1,2,4,1,0
chr7,1760001,1860000,5,1,1,3,2,0
chr7,1860001,1960000,0,2,0,5,2,2
chr7,1960001,2060000,6,1,0,2,2,1
chr7,2060001,2160000,1,4,2,0,0,2
chr7,2160001,2260000,2,1,1,1,0,3
chr7,2260001,2360000,4,0,2,4,2,2
chr7,2360001,2460000,3,2,1,4,2,0
chr7,2460001,2560000,1,1,2,0,2,1
chr7,2560001,2660000,2,2,2,2,2,0
chr7,2660001,2760000,1,5,4,1,1,0
chr7,2760001,2860000,2,1,4,0,2,0
chr7,2860001,2960000,3,5,2,2,0,1
chr7,2960001,3060000,2,2,4,4,2,0
chr7,3060001,3160000,0,3,1,1,3,0
chr7,3160001,3260000,4,2,3,6,2,0
chr7,3260001,3360000,2,2,1,2,0,1
chr7,3360001,3460000,3,2,5,10,0,0
chr7,3460001,3560000,5,5,11,7,1,1
chr7,3560001,3660000,1,2,6,4,2,4
chr7,3660001,3760000,5,2,5,19,2,1
chr7,3760001,3860000,5,3,5,5,0,1
chr7,3860001,3960000,3,2,1,8,1,1
chr7,3960001,4060000,2,0,0,1,4,1
chr7,4060001,4160000,2,8,6,3,3,1
chr7,4160001,4260000,2,1,2,4,0,3
chr7,4260001,4360000,1,3,1,2,1,0
chr7,4360001,4460000,4,1,4,6,1,1
chr7,4460001,4560000,3,2,4,8,0,1
chr7,4560001,4660000,1,0,2,1,0,0
chr7,4660001,4760000,2,3,4,1,0,1
chr7,4760001,4860000,10,3,0,1,2,2
chr7,4860001,4960000,3,6,2,5,2,0
chr7,4960001,5060000,4,3,2,2,0,1
chr7,5060001,5160000,1,7,1,1,2,1
chr7,5160001,5260000,5,3,2,4,2,0
chr7,5260001,5360000,0,1,0,1,0,0
chr7,5360001,5460000,2,1,1,1,1,0
chr7,5460001,5560000,1,0,2,5,1,1
chr7,5560001,5660000,2,2,2,1,4,2
chr7,5660001,5760000,1,2,2,1,0,2
chr7,5760001,5860000,3,3,1,0,0,1
chr7,5860001,5960000,2,3,0,2,2,1
chr7,5960001,6060000,3,1,1,1,2,0
chr7,6060001,6160000,3,4,3,4,3,0
chr7,6160001,6260000,2,0,1,0,2,3
chr7,6260001,6360000,7,1,3,5,1,2
chr7,6360001,6460000,3,3,5,3,0,0
chr7,6460001,6560000,0,3,2,1,2,1
chr7,6560001,6660000,5,2,1,4,4,2
chr7,6660001,6760000,2,2,1,3,0,2
chr7,6760001,6860000,1,0,2,1,1,0
chr7,6860001,6960000,1,1,1,1,0,0
chr7,6960001,7060000,3,3,2,0,2,1
chr7,7060001,7160000,6,4,0,3,4,2
chr7,7160001,7260000,2,2,2,2,2,0
chr7,7260001,7360000,4,0,1,4,1,0
chr7,7360001,7460000,3,1,0,3,4,0
chr7,7460001,7560000,1,4,3,2,1,0
chr7,7560001,7660000,2,2,1,4,3,0
chr7,7660001,7760000,5,0,4,2,3,1
chr7,7760001,7860000,1,3,2,2,1,0
chr7,7860001,7960000,3,3,3,1,0,1
chr7,7960001,8060000,1,1,6,4,0,1
chr7,8060001,8160000,0,0,1,2,2,1
chr7,8160001,8260000,4,2,0,2,3,0
chr7,8260001,8360000,3,2,1,3,5,1
chr7,8360001,8460000,2,3,2,4,2,0
chr7,8460001,8560000,2,4,3,7,1,0
chr7,8560001,8660000,3,7,5,7,0,1
chr7,8660001,8760000,4,9,0,11,3,0
chr7,8760001,8860000,4,7,3,14,2,1
chr7,8860001,8960000,5,11,7,14,1,3
chr7,8960001,9060000,6,2,6,13,3,2
chr7,9060001,9160000,2,8,7,14,4,2
chr7,9160001,9260000,3,2,1,15,1,2
chr7,9260001,9360000,9,7,7,18,7,1
chr7,9360001,9460000,8,7,9,15,9,3
chr7,9460001,9560000,9,11,4,8,5,0
chr7,9560001,9660000,5,5,6,10,4,2
chr7,9660001,9760000,3,6,9,8,3,1
chr7,9760001,9860000,3,3,5,14,5,0
chr7,9860001,9960000,0,7,9,10,3,0
chr7,9960001,10060000,4,6,6,18,2,2
chr7,10060001,10160000,4,9,10,15,3,1
chr7,10160001,10260000,2,4,5,16,2,2
chr7,10260001,10360000,3,9,4,9,4,0
chr7,10360001,10460000,6,4,4,6,3,2
chr7,10460001,10560000,13,13,2,10,3,0
chr7,10560001,10660000,2,5,6,15,2,0
chr7,10660001,10760000,8,12,8,14,4,0
chr7,10760001,10860000,7,11,6,13,0,0
chr7,10860001,10960000,1,5,7,11,3,0
chr7,10960001,11060000,2,3,2,3,6,0
chr7,11060001,11160000,4,3,3,2,5,2
chr7,11160001,11260000,5,2,1,3,2,0
chr7,11260001,11360000,3,3,10,12,3,1
chr7,11360001,11460000,4,5,9,8,2,2
chr7,11460001,11560000,6,1,7,6,2,0
chr7,11560001,11660000,6,7,2,4,0,0
chr7,11660001,11760000,5,5,3,6,1,2
chr7,11760001,11860000,4,4,6,5,1,0
chr7,11860001,11960000,2,6,2,8,2,2
chr7,11960001,12060000,0,7,1,7,3,1
chr7,12060001,12160000,9,6,1,5,2,0
chr7,12160001,12260000,1,1,0,5,4,0
chr7,12260001,12360000,2,5,1,3,5,1
chr7,12360001,12460000,2,4,4,12,3,1
chr7,12460001,12560000,3,4,4,5,4,1
chr7,12560001,12660000,4,2,4,2,2,1
chr7,12660001,12760000,5,3,2,2,3,1
chr7,12760001,12860000,4,1,6,5,1,0
chr7,12860001,12960000,1,2,1,4,3,3
chr7,12960001,13060000,5,3,7,5,1,0
chr7,13060001,13160000,1,5,4,3,3,1
chr7,13160001,13260000,4,3,1,5,3,1
chr7,13260001,13360000,2,3,8,8,1,0
chr7,13360001,13460000,3,6,5,9,1,2
chr7,13460001,13560000,2,3,3,14,0,1
chr7,13560001,13660000,3,8,6,18,4,1
chr7,13660001,13760000,2,5,5,13,4,0
chr7,13760001,13860000,2,5,2,5,0,1
chr7,13860001,13960000,3,2,4,4,0,2
chr7,13960001,14060000,7,6,2,7,3,0
chr7,14060001,14160000,4,8,6,8,3,2
chr7,14160001,14260000,4,6,7,11,2,2
chr7,14260001,14360000,0,6,4,12,6,0
chr7,14360001,14460000,3,6,4,5,4,3
chr7,14460001,14560000,0,7,1,4,5,1
chr7,14560001,14660000,9,4,2,7,2,1
chr7,14660001,14760000,5,6,1,6,1,0
chr7,14760001,14860000,4,7,2,5,2,1
chr7,14860001,14960000,5,5,2,6,2,5
chr7,14960001,15060000,4,5,1,14,1,1
chr7,15060001,15160000,5,6,5,12,3,5
chr7,15160001,15260000,3,14,6,6,4,0
chr7,15260001,15360000,1,3,7,13,2,0
chr7,15360001,15460000,2,9,5,5,2,1
chr7,15460001,15560000,6,7,2,8,3,1
chr7,15560001,15660000,7,6,5,3,4,3
chr7,15660001,15760000,2,1,1,5,2,0
chr7,15760001,15860000,3,9,4,8,1,1
chr7,15860001,15960000,1,4,6,10,2,0
chr7,15960001,16060000,2,2,5,10,0,1
chr7,16060001,16160000,1,4,5,11,3,0
chr7,16160001,16260000,2,0,3,2,1,0
chr7,16260001,16360000,2,6,2,7,4,3
chr7,16360001,16460000,1,4,1,1,1,0
chr7,16460001,16560000,2,2,2,3,3,0
chr7,16560001,16660000,3,3,2,2,1,1
chr7,16660001,16760000,4,3,3,4,2,0
chr7,16760001,16860000,1,2,3,9,4,0
chr7,16860001,16960000,2,1,2,3,1,0
chr7,16960001,17060000,1,3,1,1,3,2
chr7,17060001,17160000,2,5,5,2,2,1
chr7,17160001,17260000,2,3,2,10,2,1
chr7,17260001,17360000,4,2,1,5,2,1
chr7,17360001,17460000,1,2,1,2,8,1
chr7,17460001,17560000,2,5,3,2,0,1
chr7,17560001,17660000,4,4,3,4,4,1
chr7,17660001,17760000,5,4,0,3,1,0
chr7,17760001,17860000,1,0,3,3,1,0
chr7,17860001,17960000,2,4,5,3,3,0
chr7,17960001,18060000,5,3,4,2,3,0
chr7,18060001,18160000,6,4,6,3,3,3
chr7,18160001,18260000,0,0,1,7,2,0
chr7,18260001,18360000,3,2,3,10,2,2
chr7,18360001,18460000,3,2,5,9,2,1
chr7,18460001,18560000,5,2,2,3,2,1
chr7,18560001,18660000,5,2,5,1,1,1
chr7,18660001,18760000,2,6,4,12,1,1
chr7,18760001,18860000,6,5,5,5,2,1
chr7,18860001,18960000,2,7,6,10,1,1
chr7,18960001,19060000,5,4,3,10,5,2
chr7,19060001,19160000,3,7,1,9,2,1
chr7,19160001,19260000,3,4,6,11,0,1
chr7,19260001,19360000,3,6,8,20,2,2
chr7,19360001,19460000,5,6,6,7,1,1
chr7,19460001,19560000,2,8,2,6,1,0
chr7,19560001,19660000,3,6,3,4,0,1
chr7,19660001,19760000,3,5,7,5,3,2
chr7,19760001,19860000,5,5,4,6,4,1
chr7,19860001,19960000,4,0,7,5,1,0
chr7,19960001,20060000,2,6,4,3,5,3
chr7,20060001,20160000,2,5,0,5,4,1
chr7,20160001,20260000,1,3,0,3,3,2
chr7,20260001,20360000,4,4,4,3,0,5
chr7,20360001,20460000,6,2,2,1,0,0
chr7,20460001,20560000,2,5,5,0,3,1
chr7,20560001,20660000,2,9,4,6,0,1
chr7,20660001,20760000,6,1,5,6,4,0
chr7,20760001,20860000,5,3,2,5,4,1
chr7,20860001,20960000,2,6,6,9,7,1
chr7,20960001,21060000,8,6,6,14,0,1
chr7,21060001,21160000,5,6,3,10,3,3
chr7,21160001,21260000,1,3,2,10,1,0
chr7,21260001,21360000,6,2,4,5,2,1
chr7,21360001,21460000,6,4,5,3,4,1
chr7,21460001,21560000,2,4,2,2,1,1
chr7,21560001,21660000,1,3,4,7,1,1
chr7,21660001,21760000,5,3,3,8,3,1
chr7,21760001,21860000,4,2,5,3,0,0
chr7,21860001,21960000,4,1,3,7,2,4
chr7,21960001,22060000,2,3,1,7,3,1
chr7,22060001,22160000,4,3,2,6,3,0
chr7,22160001,22260000,1,2,0,2,3,1
chr7,22260001,22360000,0,1,1,0,3,0
chr7,22360001,22460000,4,2,1,3,0,1
chr7,22460001,22560000,1,3,5,3,1,0
chr7,22560001,22660000,3,1,5,3,1,0
chr7,22660001,22760000,2,2,3,4,7,0
chr7,22760001,22860000,3,4,0,5,4,0
chr7,22860001,22960000,4,2,6,6,2,0
chr7,22960001,23060000,6,5,5,6,0,0
chr7,23060001,23160000,5,0,1,5,0,0
chr7,23160001,23260000,2,0,2,5,3,3
chr7,23260001,23360000,0,4,3,5,3,1
chr7,23360001,23460000,3,4,5,6,1,2
chr7,23460001,23560000,7,0,5,5,3,1
chr7,23560001,23660000,4,3,3,4,4,0
chr7,23660001,23760000,2,3,3,10,4,0
chr7,23760001,23860000,1,6,2,4,4,1
chr7,23860001,23960000,4,5,3,4,2,3
chr7,23960001,24060000,5,4,3,3,2,4
chr7,24060001,24160000,4,4,0,3,2,1
chr7,24160001,24260000,2,6,3,2,1,2
chr7,24260001,24360000,5,2,1,6,0,0
chr7,24360001,24460000,3,5,2,4,1,1
chr7,24460001,24560000,3,1,1,6,2,3
chr7,24560001,24660000,4,4,3,9,0,1
chr7,24660001,24760000,2,2,5,4,1,2
chr7,24760001,24860000,3,2,5,5,5,0
chr7,24860001,24960000,1,4,2,2,0,2
chr7,24960001,25060000,1,1,1,2,3,2
chr7,25060001,25160000,3,1,3,0,1,1
chr7,25160001,25260000,1,1,2,5,3,2
chr7,25260001,25360000,11,3,3,3,3,0
chr7,25360001,25460000,6,4,3,5,1,0
chr7,25460001,25560000,5,3,1,3,1,1
chr7,25560001,25660000,8,3,1,3,2,2
chr7,25660001,25760000,4,3,5,4,1,1
chr7,25760001,25860000,2,4,1,7,1,1
chr7,25860001,25960000,4,2,2,2,4,1
chr7,25960001,26060000,4,4,0,1,2,2
chr7,26060001,26160000,2,3,1,4,2,0
chr7,26160001,26260000,5,2,2,6,5,2
chr7,26260001,26360000,5,4,4,4,2,1
chr7,26360001,26460000,2,2,0,4,1,0
chr7,26460001,26560000,2,3,0,4,2,0
chr7,26560001,26660000,3,4,1,5,2,0
chr7,26660001,26760000,1,1,1,4,2,2
chr7,26760001,26860000,3,4,4,1,2,3
chr7,26860001,26960000,0,3,2,1,1,0
chr7,26960001,27060000,2,3,2,4,1,1
chr7,27060001,27160000,1,1,6,5,4,0
chr7,27160001,27260000,2,5,1,5,2,0
chr7,27260001,27360000,4,1,3,3,2,2
chr7,27360001,27460000,1,4,0,4,2,1
chr7,27460001,27560000,1,1,2,4,2,2
chr7,27560001,27660000,1,2,6,1,1,0
chr7,27660001,27760000,3,2,2,0,2,0
chr7,27760001,27860000,2,1,2,4,5,2
chr7,27860001,27960000,3,1,3,2,1,1
chr7,27960001,28060000,3,1,2,2,1,3
chr7,28060001,28160000,2,1,5,4,2,0
chr7,28160001,28260000,1,3,5,3,1,1
chr7,28260001,28360000,2,4,3,4,1,1
chr7,28360001,28460000,5,3,4,4,3,0
chr7,28460001,28560000,3,2,2,4,1,0
chr7,28560001,28660000,5,2,0,1,2,2
chr7,28660001,28760000,7,1,6,3,3,1
chr7,28760001,28860000,2,1,4,3,4,0
chr7,28860001,28960000,2,2,4,4,2,0
chr7,28960001,29060000,4,0,1,4,1,1
chr7,29060001,29160000,4,3,1,3,1,0
chr7,29160001,29260000,2,1,2,3,3,1
chr7,29260001,29360000,3,5,0,1,1,0
chr7,29360001,29460000,4,2,5,2,2,0
chr7,29460001,29560000,3,4,0,2,0,1
chr7,29560001,29660000,1,1,2,2,2,3
chr7,29660001,29760000,5,3,8,2,2,2
chr7,29760001,29860000,3,3,1,3,2,1
chr7,29860001,29960000,2,5,3,2,1,1
chr7,29960001,30060000,2,0,1,1,3,1
chr7,30060001,30160000,1,0,2,2,4,0
chr7,30160001,30260000,3,1,2,1,2,1
chr7,30260001,30360000,1,0,1,1,2,2
chr7,30360001,30460000,7,2,2,3,1,0
chr7,30460001,30560000,3,2,1,2,2,0
chr7,30560001,30660000,5,1,3,3,2,3
chr7,30660001,30760000,0,6,2,3,2,0
chr7,30760001,30860000,2,1,1,2,2,1
chr7,30860001,30960000,1,1,1,4,1,0
chr7,30960001,31060000,2,4,1,5,0,1
chr7,31060001,31160000,4,1,2,4,1,1
chr7,31160001,31260000,3,4,1,8,0,2
chr7,31260001,31360000,5,2,8,6,5,2
chr7,31360001,31460000,4,2,6,6,0,2
chr7,31460001,31560000,4,5,4,2,1,1
chr7,31560001,31660000,4,4,0,2,3,0
chr7,31660001,31760000,4,6,3,3,1,2
chr7,31760001,31860000,4,3,1,5,0,0
chr7,31860001,31960000,4,10,2,3,3,1
chr7,31960001,32060000,5,10,2,4,2,1
chr7,32060001,32160000,4,11,1,7,4,2
chr7,32160001,32260000,3,9,3,4,3,4
chr7,32260001,32360000,3,2,0,6,3,0
chr7,32360001,32460000,0,8,3,5,1,2
chr7,32460001,32560000,4,1,0,5,3,0
chr7,32560001,32660000,0,2,0,6,1,0
chr7,32660001,32760000,3,1,1,7,3,1
chr7,32760001,32860000,2,1,2,4,3,1
chr7,32860001,32960000,2,1,4,6,1,1
chr7,32960001,33060000,1,2,1,2,0,2
chr7,33060001,33160000,2,1,2,5,1,0
chr7,33160001,33260000,7,4,4,4,3,2
chr7,33260001,33360000,3,1,2,7,5,2
chr7,33360001,33460000,0,3,4,11,1,3
chr7,33460001,33560000,5,4,5,5,2,1
chr7,33560001,33660000,3,5,1,5,0,1
chr7,33660001,33760000,2,3,0,5,3,0
chr7,33760001,33860000,6,5,0,4,0,0
chr7,33860001,33960000,3,0,2,6,2,2
chr7,33960001,34060000,2,4,2,3,3,2
chr7,34060001,34160000,3,1,1,3,1,2
chr7,34160001,34260000,7,3,6,5,3,2
chr7,34260001,34360000,5,6,3,10,1,4
chr7,34360001,34460000,2,5,2,7,3,1
chr7,34460001,34560000,3,7,2,8,0,0
chr7,34560001,34660000,7,5,8,10,5,3
chr7,34660001,34760000,3,5,6,3,1,1
chr7,34760001,34860000,4,7,4,3,4,3
chr7,34860001,34960000,4,4,2,6,6,0
chr7,34960001,35060000,1,3,2,5,0,2
chr7,35060001,35160000,3,2,1,4,2,1
chr7,35160001,35260000,7,4,7,14,0,3
chr7,35260001,35360000,2,4,3,7,3,1
chr7,35360001,35460000,3,6,5,11,3,1
chr7,35460001,35560000,4,7,3,9,3,1
chr7,35560001,35660000,1,4,3,9,3,2
chr7,35660001,35760000,1,3,1,4,2,1
chr7,35760001,35860000,4,4,3,5,3,1
chr7,35860001,35960000,2,3,5,4,1,2
chr7,35960001,36060000,2,1,3,4,1,0
chr7,36060001,36160000,3,2,0,0,4,0
chr7,36160001,36260000,4,0,0,7,5,1
chr7,36260001,36360000,5,0,0,5,3,0
chr7,36360001,36460000,4,1,0,0,2,0
chr7,36460001,36560000,2,4,2,5,4,1
chr7,36560001,36660000,9,2,0,7,0,0
chr7,36660001,36760000,3,2,2,4,5,0
chr7,36760001,36860000,1,3,3,6,2,0
chr7,36860001,36960000,2,3,1,10,1,0
chr7,36960001,37060000,10,2,1,6,4,0
chr7,37060001,37160000,3,6,2,9,1,1
chr7,37160001,37260000,1,1,1,3,1,0
chr7,37260001,37360000,5,1,6,7,3,0
chr7,37360001,37460000,4,11,4,11,3,1
chr7,37460001,37560000,0,6,4,9,3,3
chr7,37560001,37660000,4,8,2,17,1,1
chr7,37660001,37760000,3,9,8,12,2,1
chr7,37760001,37860000,6,7,6,9,1,0
chr7,37860001,37960000,3,7,4,10,1,0
chr7,37960001,38060000,10,11,1,8,0,0
chr7,38060001,38160000,3,5,2,11,0,1
chr7,38160001,38260000,1,3,2,9,3,1
chr7,38260001,38360000,2,7,2,7,9,1
chr7,38360001,38460000,3,3,3,8,3,0
chr7,38460001,38560000,1,6,6,7,1,0
chr7,38560001,38660000,2,4,7,6,1,2
chr7,38660001,38760000,6,3,2,11,2,1
chr7,38760001,38860000,0,0,5,1,2,0
chr7,38860001,38960000,1,3,1,5,3,3
chr7,38960001,39060000,3,5,2,3,3,0
chr7,39060001,39160000,4,2,8,14,4,2
chr7,39160001,39260000,10,5,2,8,1,1
chr7,39260001,39360000,3,6,3,12,1,1
chr7,39360001,39460000,3,5,3,6,0,1
chr7,39460001,39560000,2,1,2,5,2,0
chr7,39560001,39660000,3,0,3,3,2,0
chr7,39660001,39760000,1,0,3,0,1,1
chr7,39760001,39860000,0,5,2,3,2,0
chr7,39860001,39960000,2,3,1,7,2,0
chr7,39960001,40060000,4,1,1,4,4,1
chr7,40060001,40160000,1,2,0,6,1,1
chr7,40160001,40260000,3,0,2,12,2,0
chr7,40260001,40360000,4,3,5,11,1,0
chr7,40360001,40460000,2,5,3,5,2,2
chr7,40460001,40560000,2,4,7,14,3,2
chr7,40560001,40660000,2,6,4,9,3,2
chr7,40660001,40760000,1,4,4,14,4,0
chr7,40760001,40860000,1,4,3,8,3,1
chr7,40860001,40960000,6,4,1,9,2,0
chr7,40960001,41060000,3,8,4,10,2,2
chr7,41060001,41160000,4,3,1,15,1,2
chr7,41160001,41260000,2,7,1,11,1,1
chr7,41260001,41360000,1,6,3,8,5,1
chr7,41360001,41460000,3,4,1,14,3,1
chr7,41460001,41560000,1,7,1,12,2,2
chr7,41560001,41660000,3,9,2,11,3,2
chr7,41660001,41760000,2,5,4,20,4,4
chr7,41760001,41860000,3,10,2,21,4,4
chr7,41860001,41960000,5,4,3,14,4,1
chr7,41960001,42060000,4,1,4,13,0,0
chr7,42060001,42160000,5,3,4,10,1,1
chr7,42160001,42260000,6,0,2,14,0,0
chr7,42260001,42360000,6,5,2,9,3,0
chr7,42360001,42460000,3,6,4,21,0,2
chr7,42460001,42560000,6,2,2,7,2,0
chr7,42560001,42660000,2,2,3,16,3,0
chr7,42660001,42760000,4,3,5,16,1,1
chr7,42760001,42860000,4,5,5,9,0,1
chr7,42860001,42960000,4,3,2,4,0,2
chr7,42960001,43060000,4,4,1,10,4,0
chr7,43060001,43160000,2,1,7,5,5,3
chr7,43160001,43260000,2,6,3,7,1,0
chr7,43260001,43360000,7,1,4,8,2,0
chr7,43360001,43460000,4,3,6,8,5,0
chr7,43460001,43560000,4,4,6,4,3,1
chr7,43560001,43660000,2,2,1,8,0,1
chr7,43660001,43760000,5,3,5,4,3,1
chr7,43760001,43860000,5,1,2,1,3,3
chr7,43860001,43960000,3,0,4,3,2,0
chr7,43960001,44060000,1,1,3,1,0,0
chr7,44060001,44160000,1,1,0,2,1,1
chr7,44160001,44260000,1,2,1,1,4,1
chr7,44260001,44360000,1,2,2,4,0,1
chr7,44360001,44460000,1,5,2,5,3,1
chr7,44460001,44560000,3,1,2,6,2,2
chr7,44560001,44660000,4,1,3,4,3,0
chr7,44660001,44760000,2,1,1,1,1,0
chr7,44760001,44860000,6,3,1,3,1,1
chr7,44860001,44960000,7,2,1,2,0,1
chr7,44960001,45060000,7,3,2,5,2,0
chr7,45060001,45160000,3,1,1,3,0,0
chr7,45160001,45260000,2,5,1,2,3,0
chr7,45260001,45370000,3,1,6,3,2,0
chr7,45370001,45470000,3,3,3,6,5,1
chr7,45470001,45570000,2,1,8,11,1,2
chr7,45570001,45670000,5,4,3,6,2,0
chr7,45670001,45770000,5,4,4,5,0,1
chr7,45770001,45870000,4,2,1,3,0,1
chr7,45870001,45970000,3,3,5,7,1,0
chr7,45970001,46070000,2,3,1,2,1,1
chr7,46070001,46170000,3,4,5,7,4,1
chr7,46170001,46270000,3,4,1,5,1,1
chr7,46270001,46370000,1,2,4,5,1,3
chr7,46370001,46470000,9,3,1,10,3,0
chr7,46470001,46570000,7,4,3,1,3,2
chr7,46570001,46670000,2,8,2,6,5,2
chr7,46670001,46770000,3,5,3,2,1,1
chr7,46770001,46870000,8,3,2,11,0,0
chr7,46870001,46970000,5,2,4,7,2,2
chr7,46970001,47070000,5,1,6,8,0,2
chr7,47070001,47170000,0,3,2,3,1,1
chr7,47170001,47270000,3,2,1,7,2,0
chr7,47270001,47370000,4,2,2,7,0,3
chr7,47370001,47470000,3,2,1,1,2,0
chr7,47470001,47570000,3,4,0,2,2,0
chr7,47570001,47670000,4,1,4,1,4,1
chr7,47670001,47770000,2,6,4,3,1,1
chr7,47770001,47870000,3,4,1,3,2,3
chr7,47870001,47970000,3,3,3,2,0,0
chr7,47970001,48070000,3,2,1,4,4,1
chr7,48070001,48170000,2,2,4,0,4,1
chr7,48170001,48270000,4,3,3,3,4,0
chr7,48270001,48370000,5,9,3,5,1,0
chr7,48370001,48470000,4,5,4,6,3,0
chr7,48470001,48570000,5,2,2,8,3,1
chr7,48570001,48670000,3,3,7,7,4,1
chr7,48670001,48770000,7,5,5,10,2,3
chr7,48770001,48870000,2,2,3,14,2,2
chr7,48870001,48970000,5,5,6,7,3,0
chr7,48970001,49070000,5,5,6,12,4,0
chr7,49070001,49170000,7,5,8,15,1,3
chr7,49170001,49270000,5,8,4,17,3,3
chr7,49270001,49370000,5,9,6,14,5,1
chr7,49370001,49470000,6,16,3,16,7,1
chr7,49470001,49570000,5,10,6,10,1,0
chr7,49570001,49670000,7,9,9,15,2,0
chr7,49670001,49770000,2,9,4,12,3,1
chr7,49770001,49870000,8,5,6,11,2,4
chr7,49870001,49970000,5,2,3,14,3,0
chr7,49970001,50070000,7,9,7,19,3,3
chr7,50070001,50170000,1,5,7,7,2,4
chr7,50170001,50270000,3,7,2,8,4,0
chr7,50270001,50370000,4,4,2,10,6,1
chr7,50370001,50470000,1,4,0,4,0,2
chr7,50470001,50570000,2,3,1,1,0,1
chr7,50570001,50670000,2,2,3,2,1,0
chr7,50670001,50770000,2,2,2,1,0,0
chr7,50770001,50870000,5,1,1,3,3,0
chr7,50870001,50970000,4,4,1,4,2,0
chr7,50970001,51070000,5,2,2,4,1,0
chr7,51070001,51170000,4,3,1,1,0,0
chr7,51170001,51270000,0,1,1,4,3,1
chr7,51270001,51370000,3,4,5,2,1,0
chr7,51370001,51470000,2,2,4,5,0,0
chr7,51470001,51570000,2,6,2,4,1,2
chr7,51570001,51670000,3,5,6,5,3,0
chr7,51670001,51770000,6,7,3,2,1,2
chr7,51770001,51870000,5,8,4,8,3,3
chr7,51870001,51970000,2,8,0,2,1,0
chr7,51970001,52070000,4,2,4,6,1,3
chr7,52070001,52170000,9,4,3,3,2,1
chr7,52170001,52270000,3,6,3,4,1,0
chr7,52270001,52370000,4,8,3,5,1,2
chr7,52370001,52470000,4,6,4,1,2,1
chr7,52470001,52570000,14,13,4,7,2,3
chr7,52570001,52670000,3,10,8,7,5,3
chr7,52670001,52770000,2,10,10,7,5,2
chr7,52770001,52870000,8,6,6,15,6,2
chr7,52870001,52970000,1,9,8,12,1,0
chr7,52970001,53070000,3,9,7,16,2,4
chr7,53070001,53170000,5,6,6,12,5,4
chr7,53170001,53270000,3,6,6,14,4,1
chr7,53270001,53370000,2,9,7,13,3,1
chr7,53370001,53470000,7,6,11,14,7,6
chr7,53470001,53570000,5,11,6,16,3,2
chr7,53570001,53670000,4,4,8,15,8,0
chr7,53670001,53770000,4,13,5,21,5,3
chr7,53770001,53870000,5,8,15,17,8,1
chr7,53870001,53970000,3,7,9,22,6,3
chr7,53970001,54070000,6,5,7,13,2,1
chr7,54070001,54170000,7,6,2,15,6,3
chr7,54170001,54270000,5,8,3,10,3,3
chr7,54270001,54370000,1,9,8,7,2,3
chr7,54370001,54470000,0,7,8,5,5,1
chr7,54470001,54570000,4,7,3,15,5,3
chr7,54570001,54670000,3,6,3,13,4,1
chr7,54670001,54770000,5,4,3,12,1,1
chr7,54770001,54870000,0,6,1,3,3,2
chr7,54870001,54970000,3,3,2,8,2,0
chr7,54970001,55070000,4,0,5,6,1,2
chr7,55070001,55170000,2,5,1,4,1,3
chr7,55170001,55270000,5,6,1,5,1,3
chr7,55270001,55370000,9,2,1,5,2,1
chr7,55370001,55470000,7,4,2,3,1,1
chr7,55470001,55570000,2,3,2,2,0,0
chr7,55570001,55670000,3,3,1,3,3,0
chr7,55670001,55770000,2,3,6,7,3,3
chr7,55770001,55870000,6,5,3,3,4,0
chr7,55870001,55970000,6,4,1,7,5,0
chr7,55970001,56070000,3,2,3,5,0,1
chr7,56070001,56170000,1,2,1,2,2,2
chr7,56170001,56270000,3,6,8,2,3,1
chr7,56270001,56370000,3,13,1,11,2,2
chr7,56370001,56490000,7,10,3,11,1,2
chr7,56490001,56590000,2,6,7,10,6,2
chr7,56590001,56690000,10,10,4,16,7,0
chr7,56690001,56790000,2,13,6,14,3,4
chr7,56790001,56890000,2,14,3,19,0,1
chr7,56890001,56990000,2,15,5,7,0,0
chr7,56990001,57090000,0,5,0,2,2,0
chr7,57090001,57190000,4,11,4,12,0,5
chr7,57190001,57290000,4,12,6,10,0,2
chr7,57290001,57390000,3,10,3,13,5,3
chr7,57390001,57490000,5,13,6,13,4,2
chr7,57490001,57810000,5,18,4,22,7,3
chr7,57810001,62160000,4,24,6,12,6,1
chr7,62160001,62260000,5,15,3,10,4,1
chr7,62260001,62360000,6,14,6,12,7,1
chr7,62360001,62470000,10,17,9,10,2,2
chr7,62470001,62570000,5,18,7,13,5,1
chr7,62570001,62670000,9,13,5,15,3,3
chr7,62670001,62770000,6,13,8,12,3,1
chr7,62770001,62870000,2,2,0,3,0,0
chr7,62870001,62970000,1,3,1,4,1,1
chr7,62970001,63070000,1,10,3,5,0,1
chr7,63070001,63170000,0,9,0,8,1,0
chr7,63170001,63270000,4,13,1,5,1,1
chr7,63270001,63370000,2,9,5,14,3,3
chr7,63370001,63470000,5,10,6,17,4,4
chr7,63470001,63570000,2,8,3,13,3,3
chr7,63570001,63670000,4,11,4,10,1,2
chr7,63670001,63770000,3,5,11,10,2,2
chr7,63770001,63870000,1,6,1,12,1,0
chr7,63870001,63970000,3,7,7,12,1,1
chr7,63970001,64070000,2,4,2,3,2,1
chr7,64070001,64170000,3,2,3,9,1,1
chr7,64170001,64270000,3,6,3,7,2,2
chr7,64270001,64370000,4,5,4,4,1,2
chr7,64370001,64470000,1,2,3,7,1,1
chr7,64470001,64570000,3,1,1,6,1,1
chr7,64570001,64670000,4,2,1,2,1,1
chr7,64670001,64770000,3,3,2,9,2,0
chr7,64770001,64870000,3,7,2,7,1,2
chr7,64870001,65120000,3,3,1,5,4,2
chr7,65120001,65220000,2,0,0,1,2,1
chr7,65220001,65320000,1,2,0,3,1,1
chr7,65320001,65420000,0,1,3,3,2,0
chr7,65420001,65520000,3,0,0,1,1,0
chr7,65520001,65620000,1,1,0,3,2,2
chr7,65620001,65720000,3,0,4,4,1,0
chr7,65720001,65820000,3,0,6,1,2,0
chr7,65820001,65920000,2,0,3,1,1,1
chr7,65920001,66020000,0,1,0,1,4,1
chr7,66020001,66120000,4,1,3,3,3,1
chr7,66120001,66220000,6,1,3,5,4,1
chr7,66220001,66320000,1,1,1,2,0,0
chr7,66320001,66420000,4,0,0,1,0,3
chr7,66420001,66520000,2,2,1,2,2,2
chr7,66520001,66620000,3,2,1,3,3,1
chr7,66620001,66720000,0,3,2,0,0,0
chr7,66720001,66820000,3,1,1,3,2,0
chr7,66820001,66920000,1,3,2,5,1,1
chr7,66920001,67020000,1,3,3,10,1,1
chr7,67020001,67120000,2,7,4,10,0,0
chr7,67120001,67220000,4,5,7,6,1,1
chr7,67220001,67320000,2,8,4,8,5,1
chr7,67320001,67420000,6,5,5,15,1,2
chr7,67420001,67520000,4,8,4,10,1,0
chr7,67520001,67620000,3,7,2,17,3,4
chr7,67620001,67720000,5,5,5,12,0,1
chr7,67720001,67820000,5,6,5,12,4,0
chr7,67820001,67920000,1,4,2,7,3,1
chr7,67920001,68020000,4,11,4,5,2,0
chr7,68020001,68120000,7,5,8,21,3,2
chr7,68120001,68220000,4,4,6,11,0,0
chr7,68220001,68320000,2,7,7,10,4,1
chr7,68320001,68420000,3,5,2,11,2,2
chr7,68420001,68520000,5,7,3,19,2,0
chr7,68520001,68620000,7,6,5,9,1,1
chr7,68620001,68720000,3,6,4,14,2,1
chr7,68720001,68820000,4,4,7,9,2,0
chr7,68820001,68920000,5,3,0,14,1,1
chr7,68920001,69020000,3,3,5,13,1,2
chr7,69020001,69120000,4,3,5,11,1,2
chr7,69120001,69220000,3,3,8,12,4,1
chr7,69220001,69320000,4,1,4,8,4,1
chr7,69320001,69420000,6,0,4,12,4,2
chr7,69420001,69520000,5,9,3,14,4,2
chr7,69520001,69620000,3,1,5,13,2,5
chr7,69620001,69720000,2,2,3,10,2,0
chr7,69720001,69820000,3,2,2,7,1,4
chr7,69820001,69920000,2,0,3,5,4,0
chr7,69920001,70020000,3,0,2,5,1,0
chr7,70020001,70120000,2,4,0,3,2,1
chr7,70120001,70220000,8,0,3,7,2,1
chr7,70220001,70320000,4,6,1,8,1,1
chr7,70320001,70420000,5,3,3,9,2,3
chr7,70420001,70520000,3,6,2,7,0,1
chr7,70520001,70620000,6,12,5,13,2,4
chr7,70620001,70720000,2,4,4,5,2,1
chr7,70720001,70820000,5,2,5,6,3,1
chr7,70820001,70920000,2,8,4,8,0,0
chr7,70920001,71020000,8,7,7,9,0,1
chr7,71020001,71120000,9,10,4,10,1,1
chr7,71120001,71220000,3,6,3,7,2,0
chr7,71220001,71320000,3,3,7,14,2,2
chr7,71320001,71420000,8,10,3,4,1,0
chr7,71420001,71520000,6,16,5,8,0,0
chr7,71520001,71620000,6,6,5,8,2,1
chr7,71620001,71720000,1,8,4,12,2,0
chr7,71720001,71820000,2,2,4,8,1,0
chr7,71820001,71920000,1,4,3,7,1,1
chr7,71920001,72020000,2,5,2,4,1,0
chr7,72020001,72120000,4,3,2,4,2,0
chr7,72120001,72220000,1,1,2,6,4,1
chr7,72220001,72320000,5,3,1,2,0,0
chr7,72320001,72420000,0,3,1,2,1,1
chr7,72420001,72520000,0,0,0,0,0,0
chr7,72520001,72620000,0,0,0,0,0,0
chr7,72620001,72720000,1,2,3,3,0,0
chr7,72720001,72820000,1,1,1,4,3,2
chr7,72820001,72920000,3,3,4,3,2,1
chr7,72920001,73020000,3,0,3,1,0,0
chr7,73020001,73120000,3,1,3,4,2,1
chr7,73120001,73220000,3,2,2,3,1,0
chr7,73220001,73320000,2,0,1,3,0,0
chr7,73320001,73420000,2,6,3,2,1,2
chr7,73420001,73520000,5,2,2,2,1,0
chr7,73520001,73620000,1,3,0,5,1,1
chr7,73620001,73720000,12,0,2,3,1,0
chr7,73720001,73820000,4,1,0,2,0,1
chr7,73820001,73920000,4,4,1,4,1,0
chr7,73920001,74020000,2,0,1,2,0,1
chr7,74020001,74120000,4,3,2,2,1,0
chr7,74120001,74220000,1,3,0,2,1,1
chr7,74220001,74320000,0,1,0,2,1,2
chr7,74320001,74420000,0,1,1,0,1,0
chr7,74420001,74520000,0,0,0,0,2,0
chr7,74520001,74620000,1,0,0,1,0,0
chr7,74620001,74720000,0,1,0,0,0,0
chr7,74720001,74820000,0,0,0,0,0,0
chr7,74820001,74920000,0,1,0,0,0,0
chr7,74920001,75020000,0,0,0,0,0,0
chr7,75020001,75120000,2,0,1,4,1,0
chr7,75120001,75220000,3,1,2,3,0,2
chr7,75220001,75320000,2,1,2,2,6,3
chr7,75320001,75420000,2,1,1,2,2,0
chr7,75420001,75520000,4,3,5,2,0,1
chr7,75520001,75620000,2,0,0,3,2,0
chr7,75620001,75720000,4,1,1,4,2,1
chr7,75720001,75820000,2,2,1,3,2,0
chr7,75820001,75920000,4,1,4,3,1,1
chr7,75920001,76020000,8,2,3,2,0,0
chr7,76020001,76120000,1,1,2,1,1,0
chr7,76120001,76220000,3,2,1,2,1,3
chr7,76220001,76320000,3,1,2,1,1,0
chr7,76320001,76420000,1,1,1,2,1,0
chr7,76420001,76520000,4,0,2,3,0,0
chr7,76520001,76620000,7,3,3,4,0,0
chr7,76620001,76720000,2,0,3,1,1,0
chr7,76720001,76820000,3,2,2,3,0,0
chr7,76820001,76920000,1,1,1,4,1,0
chr7,76920001,77020000,2,1,0,2,0,2
chr7,77020001,77120000,3,4,2,1,1,1
chr7,77120001,77220000,3,4,0,1,0,0
chr7,77220001,77320000,2,2,4,4,3,1
chr7,77320001,77420000,1,1,4,2,0,2
chr7,77420001,77520000,4,3,3,2,4,1
chr7,77520001,77620000,4,5,2,4,2,0
chr7,77620001,77720000,4,4,0,2,2,1
chr7,77720001,77820000,1,3,2,6,0,0
chr7,77820001,77920000,3,1,8,8,4,1
chr7,77920001,78020000,6,5,2,5,1,0
chr7,78020001,78120000,2,3,2,12,0,0
chr7,78120001,78220000,5,4,5,11,2,0
chr7,78220001,78320000,5,2,9,14,0,1
chr7,78320001,78420000,1,8,2,8,1,0
chr7,78420001,78520000,0,8,2,12,4,1
chr7,78520001,78620000,4,4,8,13,3,4
chr7,78620001,78720000,2,6,2,10,3,0
chr7,78720001,78820000,9,3,6,9,2,2
chr7,78820001,78920000,6,2,1,4,5,2
chr7,78920001,79020000,3,9,5,9,3,0
chr7,79020001,79120000,4,5,5,8,4,2
chr7,79120001,79220000,3,1,5,9,6,0
chr7,79220001,79320000,2,10,6,5,8,1
chr7,79320001,79420000,2,5,5,17,4,4
chr7,79420001,79520000,4,8,5,12,2,3
chr7,79520001,79620000,5,4,2,6,6,3
chr7,79620001,79720000,4,4,4,8,5,2
chr7,79720001,79820000,4,2,1,8,5,0
chr7,79820001,79920000,3,2,7,5,4,0
chr7,79920001,80020000,2,3,5,6,1,0
chr7,80020001,80120000,0,2,3,7,4,1
chr7,80120001,80220000,3,5,2,10,2,1
chr7,80220001,80320000,3,6,4,8,3,2
chr7,80320001,80420000,1,2,2,4,2,3
chr7,80420001,80520000,2,0,4,1,5,0
chr7,80520001,80620000,2,6,2,4,4,0
chr7,80620001,80720000,6,2,3,5,0,1
chr7,80720001,80820000,2,3,1,6,3,1
chr7,80820001,80920000,2,3,5,1,2,0
chr7,80920001,81020000,3,5,2,4,0,2
chr7,81020001,81120000,3,1,1,4,2,1
chr7,81120001,81220000,5,3,3,9,3,1
chr7,81220001,81320000,12,5,6,15,0,1
chr7,81320001,81420000,4,7,5,8,0,0
chr7,81420001,81520000,6,13,9,10,4,0
chr7,81520001,81620000,8,4,4,6,0,0
chr7,81620001,81720000,4,6,6,14,2,1
chr7,81720001,81820000,1,6,5,10,2,2
chr7,81820001,81920000,5,3,5,9,2,0
chr7,81920001,82020000,2,2,4,4,4,1
chr7,82020001,82120000,3,1,15,9,3,1
chr7,82120001,82220000,3,11,3,3,1,0
chr7,82220001,82320000,1,10,4,9,3,1
chr7,82320001,82420000,5,3,4,9,0,1
chr7,82420001,82520000,5,5,5,9,3,2
chr7,82520001,82620000,3,5,4,8,3,1
chr7,82620001,82720000,3,2,2,10,2,2
chr7,82720001,82820000,3,4,12,8,1,2
chr7,82820001,82920000,5,3,7,9,2,2
chr7,82920001,83020000,4,4,8,5,4,2
chr7,83020001,83120000,6,1,3,8,3,1
chr7,83120001,83220000,2,3,3,5,0,2
chr7,83220001,83320000,6,2,6,11,4,0
chr7,83320001,83420000,2,7,6,8,2,1
chr7,83420001,83520000,2,6,3,10,3,0
chr7,83520001,83620000,1,4,4,7,3,6
chr7,83620001,83720000,4,6,1,3,1,0
chr7,83720001,83820000,4,1,2,3,1,2
chr7,83820001,83920000,5,2,1,5,2,0
chr7,83920001,84020000,2,1,8,16,6,0
chr7,84020001,84120000,6,3,7,14,3,1
chr7,84120001,84220000,4,2,5,11,1,1
chr7,84220001,84320000,9,3,5,14,1,1
chr7,84320001,84420000,8,8,11,12,4,1
chr7,84420001,84520000,0,7,2,9,2,0
chr7,84520001,84620000,6,5,5,11,4,0
chr7,84620001,84720000,8,8,7,11,4,2
chr7,84720001,84820000,4,6,3,4,2,0
chr7,84820001,84940000,11,7,6,17,1,1
chr7,84940001,85040000,5,4,6,3,0,0
chr7,85040001,85140000,7,12,6,17,2,0
chr7,85140001,85240000,5,7,5,23,2,1
chr7,85240001,85340000,0,6,7,10,1,1
chr7,85340001,85440000,6,9,6,9,3,0
chr7,85440001,85540000,5,4,6,17,1,1
chr7,85540001,85640000,5,5,9,15,3,3
chr7,85640001,85740000,2,8,9,17,3,3
chr7,85740001,85840000,5,5,8,8,3,0
chr7,85840001,85940000,8,6,6,20,5,3
chr7,85940001,86040000,9,10,8,14,4,3
chr7,86040001,86140000,5,9,3,10,3,2
chr7,86140001,86240000,6,5,4,16,2,2
chr7,86240001,86340000,3,8,4,9,2,0
chr7,86340001,86440000,2,8,2,18,4,1
chr7,86440001,86540000,2,3,5,8,0,3
chr7,86540001,86640000,4,1,3,6,3,1
chr7,86640001,86740000,2,8,0,6,3,0
chr7,86740001,86840000,1,5,3,3,3,1
chr7,86840001,86940000,1,3,2,5,1,1
chr7,86940001,87040000,2,2,1,1,0,1
chr7,87040001,87140000,5,1,2,2,0,2
chr7,87140001,87240000,9,9,2,8,2,0
chr7,87240001,87340000,5,6,3,8,5,2
chr7,87340001,87440000,2,6,3,4,1,2
chr7,87440001,87540000,4,4,3,3,3,2
chr7,87540001,87640000,3,8,2,2,3,1
chr7,87640001,87740000,1,7,0,9,1,2
chr7,87740001,87840000,1,4,2,4,0,2
chr7,87840001,87940000,3,1,4,2,2,2
chr7,87940001,88040000,0,4,1,2,1,1
chr7,88040001,88140000,1,4,1,8,1,1
chr7,88140001,88240000,2,5,1,11,1,2
chr7,88240001,88340000,2,10,7,10,2,2
chr7,88340001,88440000,2,11,5,14,2,2
chr7,88440001,88540000,5,4,3,17,3,0
chr7,88540001,88640000,5,7,6,19,1,0
chr7,88640001,88740000,4,4,1,8,4,0
chr7,88740001,88840000,5,6,5,13,4,0
chr7,88840001,88940000,4,15,5,6,6,1
chr7,88940001,89040000,5,9,7,13,1,0
chr7,89040001,89140000,4,7,8,13,1,0
chr7,89140001,89240000,6,9,3,9,0,3
chr7,89240001,89340000,1,5,2,9,4,2
chr7,89340001,89440000,2,6,3,4,3,3
chr7,89440001,89540000,2,9,10,8,1,2
chr7,89540001,89640000,3,6,5,6,1,1
chr7,89640001,89740000,7,9,6,5,1,2
chr7,89740001,89840000,3,3,4,5,1,0
chr7,89840001,89940000,1,2,1,2,5,1
chr7,89940001,90040000,2,2,1,4,3,1
chr7,90040001,90140000,4,1,4,5,1,0
chr7,90140001,90240000,4,3,3,9,1,3
chr7,90240001,90340000,8,7,8,9,3,1
chr7,90340001,90440000,1,5,3,7,0,2
chr7,90440001,90540000,3,5,5,7,2,2
chr7,90540001,90640000,4,1,2,10,2,0
chr7,90640001,90740000,3,3,3,8,1,1
chr7,90740001,90840000,2,4,3,13,2,1
chr7,90840001,90940000,2,1,4,8,2,0
chr7,90940001,91040000,5,3,4,7,1,1
chr7,91040001,91140000,3,6,1,8,1,0
chr7,91140001,91240000,5,2,0,8,1,0
chr7,91240001,91340000,3,1,4,2,1,1
chr7,91340001,91440000,7,2,2,5,0,0
chr7,91440001,91540000,2,1,4,2,2,0
chr7,91540001,91640000,1,2,4,6,1,0
chr7,91640001,91740000,1,4,1,3,1,0
chr7,91740001,91840000,3,4,4,7,1,0
chr7,91840001,91940000,2,0,1,1,1,1
chr7,91940001,92040000,4,1,5,1,1,1
chr7,92040001,92140000,1,5,4,0,3,0
chr7,92140001,92240000,2,3,1,4,2,1
chr7,92240001,92340000,3,1,5,2,2,1
chr7,92340001,92440000,0,2,1,5,2,0
chr7,92440001,92540000,3,3,2,4,1,0
chr7,92540001,92640000,2,1,1,6,2,0
chr7,92640001,92740000,3,2,0,8,0,1
chr7,92740001,92840000,5,2,4,3,1,0
chr7,92840001,92940000,0,1,1,3,0,2
chr7,92940001,93040000,10,6,3,3,5,1
chr7,93040001,93140000,5,8,5,17,4,1
chr7,93140001,93240000,0,5,5,9,4,4
chr7,93240001,93340000,2,4,2,11,5,1
chr7,93340001,93440000,4,2,4,12,4,1
chr7,93440001,93540000,3,3,7,18,4,1
chr7,93540001,93640000,8,5,4,11,1,1
chr7,93640001,93740000,3,4,4,9,1,1
chr7,93740001,93840000,3,6,4,6,1,1
chr7,93840001,93940000,2,5,8,5,6,1
chr7,93940001,94040000,1,5,4,4,2,0
chr7,94040001,94140000,6,2,6,7,0,1
chr7,94140001,94240000,3,2,4,1,4,1
chr7,94240001,94340000,5,3,2,7,1,1
chr7,94340001,94440000,3,2,6,9,2,0
chr7,94440001,94540000,4,1,5,5,5,0
chr7,94540001,94640000,2,3,3,10,1,1
chr7,94640001,94740000,4,2,5,5,2,1
chr7,94740001,94840000,5,5,4,8,0,1
chr7,94840001,94940000,2,3,2,8,3,1
chr7,94940001,95040000,5,4,2,2,1,1
chr7,95040001,95140000,4,4,1,2,0,0
chr7,95140001,95240000,4,1,2,3,2,2
chr7,95240001,95340000,1,3,3,5,2,1
chr7,95340001,95440000,7,4,7,11,2,4
chr7,95440001,95540000,10,5,3,10,2,0
chr7,95540001,95640000,7,5,6,1,1,1
chr7,95640001,95740000,3,4,5,4,2,0
chr7,95740001,95840000,3,2,5,1,0,3
chr7,95840001,95940000,1,5,4,4,3,3
chr7,95940001,96040000,1,3,2,3,3,0
chr7,96040001,96140000,4,8,6,7,1,0
chr7,96140001,96240000,1,5,3,6,1,1
chr7,96240001,96340000,3,4,3,5,0,0
chr7,96340001,96440000,7,6,5,8,1,1
chr7,96440001,96540000,3,4,3,13,2,1
chr7,96540001,96640000,4,6,5,8,4,0
chr7,96640001,96740000,3,1,3,6,1,0
chr7,96740001,96840000,2,3,3,4,0,1
chr7,96840001,96940000,4,9,6,5,2,0
chr7,96940001,97040000,5,8,2,6,4,2
chr7,97040001,97140000,4,7,2,9,3,1
chr7,97140001,97240000,8,3,3,9,4,1
chr7,97240001,97340000,2,4,6,9,0,1
chr7,97340001,97440000,5,2,3,4,1,1
chr7,97440001,97540000,4,5,1,4,3,0
chr7,97540001,97640000,3,3,2,2,1,0
chr7,97640001,97740000,2,2,0,3,1,1
chr7,97740001,97840000,3,1,0,5,2,1
chr7,97840001,97940000,3,2,0,3,2,2
chr7,97940001,98040000,1,0,0,3,2,1
chr7,98040001,98140000,1,4,1,3,1,1
chr7,98140001,98240000,3,2,5,4,5,0
chr7,98240001,98340000,2,1,3,2,2,0
chr7,98340001,98440000,3,4,1,5,1,1
chr7,98440001,98540000,2,1,4,2,0,1
chr7,98540001,98640000,1,0,1,6,1,0
chr7,98640001,98740000,2,5,4,2,1,2
chr7,98740001,98840000,1,1,1,4,2,0
chr7,98840001,98940000,4,0,0,5,0,0
chr7,98940001,99040000,3,1,1,1,1,1
chr7,99040001,99140000,5,2,2,4,1,0
chr7,99140001,99240000,10,2,1,7,2,0
chr7,99240001,99340000,3,0,3,2,3,1
chr7,99340001,99440000,4,3,3,6,0,1
chr7,99440001,99540000,5,4,2,1,1,0
chr7,99540001,99640000,6,2,4,1,3,1
chr7,99640001,99740000,4,0,1,1,0,0
chr7,99740001,99840000,3,1,2,5,2,0
chr7,99840001,99940000,2,3,1,1,4,2
chr7,99940001,100040000,3,1,0,3,1,4
chr7,100040001,100140000,1,4,4,4,2,0
chr7,100140001,100240000,1,1,4,4,0,1
chr7,100240001,100340000,5,1,3,3,1,2
chr7,100340001,100440000,2,4,4,5,1,0
chr7,100440001,100540000,5,2,1,3,2,0
chr7,100620001,100740000,3,3,2,3,0,0
chr7,100740001,100840000,2,2,1,3,2,1
chr7,100840001,100940000,4,2,2,4,2,0
chr7,100940001,101040000,0,1,3,1,1,0
chr7,101040001,101140000,2,6,5,1,1,0
chr7,101140001,101240000,4,3,1,2,0,0
chr7,101240001,101340000,0,3,2,1,1,0
chr7,101340001,101440000,4,3,4,1,0,2
chr7,101440001,101540000,2,2,0,4,2,0
chr7,101540001,101640000,0,1,4,3,3,0
chr7,101640001,101740000,3,2,0,4,2,1
chr7,101740001,101840000,1,0,0,2,1,0
chr7,101840001,101940000,0,1,2,1,1,0
chr7,101940001,102080000,0,0,1,9,3,2
chr7,102080001,102520000,0,1,0,5,0,2
chr7,102520001,102620000,1,2,2,3,1,0
chr7,102620001,102720000,2,1,4,3,1,0
chr7,102720001,102820000,2,2,1,4,0,3
chr7,102820001,102920000,3,0,2,2,3,0
chr7,102920001,103020000,4,2,3,6,1,0
chr7,103020001,103120000,1,3,4,2,1,1
chr7,103120001,103220000,2,5,5,1,2,0
chr7,103220001,103320000,6,8,3,6,0,2
chr7,103320001,103420000,3,5,2,5,2,0
chr7,103420001,103520000,1,8,9,8,2,2
chr7,103520001,103620000,4,5,0,7,4,0
chr7,103620001,103720000,4,7,3,6,3,1
chr7,103720001,103820000,3,5,6,3,5,2
chr7,103820001,103920000,2,8,2,6,3,2
chr7,103920001,104020000,5,8,4,12,4,2
chr7,104020001,104120000,2,7,5,4,1,1
chr7,104120001,104220000,1,4,6,8,2,0
chr7,104220001,104320000,4,1,4,4,2,4
chr7,104320001,104420000,5,3,2,4,0,2
chr7,104420001,104520000,7,1,3,1,1,0
chr7,104520001,104620000,4,1,2,3,3,2
chr7,104620001,104720000,9,1,5,5,4,0
chr7,104720001,104820000,6,2,3,3,0,2
chr7,104820001,104920000,1,0,0,3,3,1
chr7,104920001,105020000,4,0,0,4,2,3
chr7,105020001,105120000,2,5,1,4,0,0
chr7,105120001,105220000,5,1,2,2,2,0
chr7,105220001,105320000,1,5,3,0,2,0
chr7,105320001,105420000,1,4,1,1,1,0
chr7,105420001,105520000,7,3,0,2,2,0
chr7,105520001,105620000,2,1,2,2,1,0
chr7,105620001,105720000,4,2,1,4,0,0
chr7,105720001,105820000,2,2,2,8,2,1
chr7,105820001,105920000,6,2,2,4,2,2
chr7,105920001,106020000,2,0,1,2,2,0
chr7,106020001,106120000,0,2,3,2,2,0
chr7,106120001,106220000,3,7,0,4,2,0
chr7,106220001,106320000,4,2,4,6,2,2
chr7,106320001,106420000,2,6,2,7,4,1
chr7,106420001,106520000,4,4,1,6,2,1
chr7,106520001,106620000,5,8,8,3,3,0
chr7,106620001,106720000,1,10,6,7,1,0
chr7,106720001,106820000,2,4,3,8,5,0
chr7,106820001,106920000,1,3,1,3,1,0
chr7,106920001,107020000,3,2,3,1,0,1
chr7,107020001,107120000,1,2,1,5,2,0
chr7,107120001,107220000,1,1,1,2,2,0
chr7,107220001,107320000,1,5,2,3,0,0
chr7,107320001,107420000,8,2,1,4,2,0
chr7,107420001,107520000,5,4,1,5,1,1
chr7,107520001,107620000,2,2,2,2,3,1
chr7,107620001,107720000,4,1,1,1,2,5
chr7,107720001,107820000,0,1,2,5,1,1
chr7,107820001,107920000,6,2,1,3,2,0
chr7,107920001,108020000,4,4,2,2,2,0
chr7,108020001,108120000,3,3,2,3,0,1
chr7,108120001,108220000,2,0,3,2,1,0
chr7,108220001,108320000,1,0,4,5,4,1
chr7,108320001,108420000,1,4,6,7,2,1
chr7,108420001,108520000,2,3,1,12,2,0
chr7,108520001,108620000,7,5,6,10,0,1
chr7,108620001,108720000,2,7,9,16,3,0
chr7,108720001,108820000,7,3,8,4,2,0
chr7,108820001,108920000,4,4,7,11,6,0
chr7,108920001,109020000,6,2,7,11,3,4
chr7,109020001,109120000,2,3,5,12,2,1
chr7,109120001,109220000,6,2,6,11,3,3
chr7,109220001,109320000,3,10,6,14,2,2
chr7,109320001,109420000,5,12,3,5,2,4
chr7,109420001,109520000,8,5,5,9,3,0
chr7,109520001,109620000,3,4,8,9,4,0
chr7,109620001,109720000,3,6,11,10,4,3
chr7,109720001,109820000,6,0,5,8,2,2
chr7,109820001,109920000,7,4,5,14,1,1
chr7,109920001,110020000,5,4,6,6,7,2
chr7,110020001,110120000,1,7,6,13,0,5
chr7,110120001,110220000,7,6,6,8,3,0
chr7,110220001,110320000,4,1,1,9,3,2
chr7,110320001,110420000,1,5,2,4,4,2
chr7,110420001,110520000,3,3,2,11,2,2
chr7,110520001,110620000,7,4,5,8,2,1
chr7,110620001,110720000,3,3,1,11,2,0
chr7,110720001,110820000,3,2,6,4,3,1
chr7,110820001,110920000,1,6,5,8,4,2
chr7,110920001,111020000,3,7,8,13,1,0
chr7,111020001,111120000,5,4,2,4,3,0
chr7,111120001,111220000,4,5,3,1,1,0
chr7,111220001,111320000,2,4,4,6,2,1
chr7,111320001,111420000,1,4,3,7,3,2
chr7,111420001,111520000,5,1,1,1,0,1
chr7,111520001,111620000,0,1,2,7,3,0
chr7,111620001,111720000,3,2,1,2,2,0
chr7,111720001,111820000,2,2,2,5,1,1
chr7,111820001,111920000,3,1,3,4,2,1
chr7,111920001,112020000,2,5,2,2,0,0
chr7,112020001,112120000,3,0,4,3,4,0
chr7,112120001,112220000,2,4,1,3,0,0
chr7,112220001,112320000,4,5,4,0,2,0
chr7,112320001,112420000,5,1,0,5,0,1
chr7,112420001,112520000,7,4,5,2,2,0
chr7,112520001,112620000,6,2,4,4,3,2
chr7,112620001,112720000,2,3,4,7,2,2
chr7,112720001,112820000,2,2,3,6,1,1
chr7,112820001,112920000,5,5,8,10,0,2
chr7,112920001,113020000,6,4,0,7,0,3
chr7,113020001,113120000,3,7,4,13,2,1
chr7,113120001,113220000,5,5,4,5,1,2
chr7,113220001,113320000,5,6,3,8,1,3
chr7,113320001,113420000,3,3,9,13,0,1
chr7,113420001,113520000,4,2,4,9,2,0
chr7,113520001,113620000,5,7,6,10,4,2
chr7,113620001,113720000,3,5,3,9,3,1
chr7,113720001,113820000,3,2,2,7,2,1
chr7,113820001,113920000,4,6,4,14,2,1
chr7,113920001,114020000,3,2,5,7,4,0
chr7,114020001,114120000,4,1,3,11,4,2
chr7,114120001,114220000,4,3,8,8,8,2
chr7,114220001,114320000,6,2,5,11,2,4
chr7,114320001,114420000,2,4,8,11,3,0
chr7,114420001,114520000,4,5,6,13,1,1
chr7,114520001,114620000,1,3,6,6,5,0
chr7,114620001,114720000,0,1,5,6,1,2
chr7,114720001,114820000,3,2,5,4,2,2
chr7,114820001,114920000,2,2,6,8,3,0
chr7,114920001,115020000,3,5,1,6,2,2
chr7,115020001,115120000,2,2,3,6,2,1
chr7,115120001,115220000,4,4,6,8,3,2
chr7,115220001,115320000,3,3,3,9,4,2
chr7,115320001,115420000,3,5,3,14,3,0
chr7,115420001,115520000,4,5,5,15,5,0
chr7,115520001,115620000,6,4,3,8,4,0
chr7,115620001,115720000,0,7,5,0,1,2
chr7,115720001,115820000,5,2,6,8,2,2
chr7,115820001,115920000,6,3,6,5,1,0
chr7,115920001,116020000,5,1,4,1,3,1
chr7,116020001,116120000,3,0,2,8,1,3
chr7,116120001,116220000,1,0,6,5,4,2
chr7,116220001,116320000,3,2,0,0,1,0
chr7,116320001,116420000,0,5,1,2,1,1
chr7,116420001,116520000,1,3,2,2,0,3
chr7,116520001,116620000,3,0,1,3,4,0
chr7,116620001,116720000,2,4,3,3,5,2
chr7,116720001,116820000,3,1,1,3,3,1
chr7,116820001,116920000,1,0,6,5,4,1
chr7,116920001,117020000,3,3,10,12,4,1
chr7,117020001,117120000,2,1,6,1,2,6
chr7,117120001,117220000,4,5,3,2,4,5
chr7,117220001,117320000,4,2,5,3,0,4
chr7,117320001,117420000,3,3,0,4,2,0
chr7,117420001,117520000,4,2,1,9,4,1
chr7,117520001,117620000,5,5,3,6,3,1
chr7,117620001,117720000,1,2,1,0,2,0
chr7,117720001,117820000,5,1,3,5,2,4
chr7,117820001,117920000,7,4,1,12,3,1
chr7,117920001,118020000,5,2,2,5,4,0
chr7,118020001,118120000,4,3,3,7,3,2
chr7,118120001,118220000,4,10,8,13,1,0
chr7,118220001,118320000,3,11,3,13,5,2
chr7,118320001,118420000,8,6,5,8,1,1
chr7,118420001,118520000,2,4,5,9,1,0
chr7,118520001,118620000,8,15,7,4,0,2
chr7,118620001,118720000,9,11,6,16,6,4
chr7,118720001,118820000,2,3,8,17,3,2
chr7,118820001,118920000,4,7,6,9,4,1
chr7,118920001,119020000,5,9,5,19,1,1
chr7,119020001,119120000,6,9,9,12,6,0
chr7,119120001,119220000,5,8,7,7,4,2
chr7,119220001,119320000,5,7,11,20,6,3
chr7,119320001,119420000,4,13,5,24,5,5
chr7,119420001,119520000,5,6,7,14,7,1
chr7,119520001,119620000,4,4,10,11,6,0
chr7,119620001,119720000,6,6,7,9,2,2
chr7,119720001,119820000,5,10,6,3,4,1
chr7,119820001,119920000,5,7,4,8,3,1
chr7,119920001,120020000,2,9,3,6,0,4
chr7,120020001,120120000,5,5,5,9,0,2
chr7,120120001,120220000,4,3,4,12,1,1
chr7,120220001,120320000,7,6,4,6,1,1
chr7,120320001,120420000,3,5,2,3,3,2
chr7,120420001,120520000,1,2,0,4,3,2
chr7,120520001,120620000,2,2,1,6,0,2
chr7,120620001,120720000,2,3,4,7,1,1
chr7,120720001,120820000,3,3,4,6,1,1
chr7,120820001,120920000,5,1,5,3,3,0
chr7,120920001,121020000,1,6,0,4,5,1
chr7,121020001,121120000,1,1,4,3,4,0
chr7,121120001,121220000,2,0,0,1,5,0
chr7,121220001,121320000,2,5,2,6,2,0
chr7,121320001,121420000,5,1,3,3,3,0
chr7,121420001,121520000,5,3,1,3,2,6
chr7,121520001,121620000,3,2,4,7,0,2
chr7,121620001,121720000,7,2,6,4,4,2
chr7,121720001,121820000,1,1,1,5,2,2
chr7,121820001,121940000,3,0,4,2,1,0
chr7,121940001,122040000,5,1,1,6,0,2
chr7,122040001,122140000,3,3,2,5,0,3
chr7,122140001,122240000,3,1,4,4,1,3
chr7,122240001,122340000,4,3,4,4,2,0
chr7,122340001,122440000,2,2,1,4,2,2
chr7,122440001,122540000,5,3,1,0,6,1
chr7,122540001,122640000,2,4,3,7,2,0
chr7,122640001,122740000,5,8,6,1,5,3
chr7,122740001,122840000,2,3,3,5,0,5
chr7,122840001,122940000,7,9,3,7,2,1
chr7,122940001,123040000,5,3,11,7,3,1
chr7,123040001,123140000,3,5,0,5,4,0
chr7,123140001,123240000,3,2,5,8,2,1
chr7,123240001,123340000,1,1,4,3,3,1
chr7,123340001,123440000,6,3,1,0,2,2
chr7,123440001,123540000,4,1,4,8,3,2
chr7,123540001,123640000,3,4,1,5,5,2
chr7,123640001,123740000,5,3,2,2,1,1
chr7,123740001,123840000,2,4,8,5,0,1
chr7,123840001,123940000,5,8,5,4,3,1
chr7,123940001,124040000,6,7,3,4,3,1
chr7,124040001,124140000,3,4,3,7,3,0
chr7,124140001,124240000,2,3,7,9,7,2
chr7,124240001,124340000,3,7,4,6,1,0
chr7,124340001,124440000,1,3,4,5,1,0
chr7,124440001,124540000,3,1,0,2,4,0
chr7,124540001,124640000,5,2,1,5,2,1
chr7,124640001,124740000,6,6,4,9,4,1
chr7,124740001,124840000,3,1,2,11,2,2
chr7,124840001,124940000,1,4,5,12,1,1
chr7,124940001,125040000,5,2,3,9,1,0
chr7,125040001,125140000,3,12,4,10,4,2
chr7,125140001,125240000,3,4,8,15,5,2
chr7,125240001,125340000,4,9,5,4,2,1
chr7,125340001,125440000,5,6,8,12,4,2
chr7,125440001,125540000,9,12,4,25,1,7
chr7,125540001,125640000,1,8,7,14,7,1
chr7,125640001,125740000,8,9,5,18,9,0
chr7,125740001,125840000,7,6,7,15,4,4
chr7,125840001,125940000,8,9,8,9,5,1
chr7,125940001,126040000,4,11,5,15,2,1
chr7,126040001,126140000,3,12,1,7,5,2
chr7,126140001,126240000,5,5,0,11,7,1
chr7,126240001,126340000,3,9,0,7,2,4
chr7,126340001,126440000,4,6,2,5,6,2
chr7,126440001,126540000,5,4,6,12,4,2
chr7,126540001,126640000,8,5,3,7,0,4
chr7,126640001,126740000,3,4,6,9,3,0
chr7,126740001,126840000,5,5,1,8,7,1
chr7,126840001,126940000,4,3,2,2,3,2
chr7,126940001,127040000,1,3,2,2,3,3
chr7,127040001,127140000,6,3,7,7,2,0
chr7,127140001,127240000,3,3,2,4,2,0
chr7,127240001,127340000,2,4,2,4,0,0
chr7,127340001,127440000,5,4,2,0,4,2
chr7,127440001,127540000,4,1,2,1,5,2
chr7,127540001,127640000,1,1,2,3,0,1
chr7,127640001,127740000,2,3,2,1,1,0
chr7,127740001,127840000,2,1,1,5,0,1
chr7,127840001,127940000,2,1,0,1,1,1
chr7,127940001,128040000,0,1,0,3,1,0
chr7,128040001,128140000,2,4,3,3,1,0
chr7,128140001,128240000,2,1,0,4,0,0
chr7,128240001,128340000,1,1,0,4,2,0
chr7,128340001,128440000,0,0,1,1,0,0
chr7,128440001,128540000,3,2,2,0,0,1
chr7,128540001,128640000,3,1,2,5,3,0
chr7,128640001,128740000,2,3,1,4,0,0
chr7,128740001,128840000,4,3,2,5,3,1
chr7,128840001,128940000,1,0,4,2,1,1
chr7,128940001,129040000,0,1,1,2,0,1
chr7,129040001,129140000,5,3,0,4,0,0
chr7,129140001,129240000,2,2,3,5,3,3
chr7,129240001,129340000,4,3,2,3,4,1
chr7,129340001,129440000,4,0,0,2,3,0
chr7,129440001,129540000,6,3,4,3,3,1
chr7,129540001,129640000,3,2,3,5,2,1
chr7,129640001,129740000,4,4,2,2,0,2
chr7,129740001,129840000,3,0,3,2,1,0
chr7,129840001,129940000,5,4,3,4,2,0
chr7,129940001,130040000,6,2,5,4,2,1
chr7,130040001,130140000,3,2,3,2,2,1
chr7,130140001,130240000,1,0,0,1,1,0
chr7,130240001,130340000,0,1,3,4,5,0
chr7,130340001,130440000,3,2,1,4,3,0
chr7,130440001,130540000,6,2,5,8,6,1
chr7,130540001,130640000,5,2,5,4,2,2
chr7,130640001,130740000,2,1,2,3,3,1
chr7,130740001,130840000,2,4,3,4,0,0
chr7,130840001,130940000,2,4,1,5,0,1
chr7,130940001,131040000,3,2,1,3,0,2
chr7,131040001,131140000,3,2,9,2,2,0
chr7,131140001,131240000,1,2,3,1,0,0
chr7,131240001,131340000,3,0,0,4,2,2
chr7,131340001,131440000,1,5,3,6,0,2
chr7,131440001,131540000,1,2,1,4,0,0
chr7,131540001,131640000,4,5,0,2,2,0
chr7,131640001,131740000,1,4,0,5,1,0
chr7,131740001,131840000,6,4,3,3,1,1
chr7,131840001,131940000,3,4,1,3,0,2
chr7,131940001,132040000,5,6,1,2,5,1
chr7,132040001,132140000,4,6,1,1,3,0
chr7,132140001,132240000,0,1,3,2,2,1
chr7,132240001,132340000,0,2,0,3,3,0
chr7,132340001,132440000,2,4,1,3,1,1
chr7,132440001,132540000,6,1,1,1,1,2
chr7,132540001,132640000,3,1,3,3,0,0
chr7,132640001,132740000,5,3,1,3,0,1
chr7,132740001,132840000,4,7,5,5,0,1
chr7,132840001,132940000,8,6,0,6,0,2
chr7,132940001,133040000,3,3,1,5,2,0
chr7,133040001,133140000,0,0,1,8,1,3
chr7,133140001,133240000,4,2,1,4,1,1
chr7,133240001,133340000,3,2,1,2,1,1
chr7,133340001,133440000,2,1,2,5,2,0
chr7,133440001,133540000,6,1,5,4,3,0
chr7,133540001,133640000,4,1,2,2,3,0
chr7,133640001,133740000,1,1,2,2,1,0
chr7,133740001,133840000,7,3,4,4,0,0
chr7,133840001,133940000,3,1,3,3,2,0
chr7,133940001,134040000,5,2,5,2,0,1
chr7,134040001,134140000,3,1,4,2,0,0
chr7,134140001,134240000,1,2,1,1,4,1
chr7,134240001,134340000,2,5,1,4,2,3
chr7,134340001,134440000,2,4,1,1,1,4
chr7,134440001,134540000,5,1,1,7,0,1
chr7,134540001,134640000,1,1,6,2,5,0
chr7,134640001,134740000,3,1,4,3,2,0
chr7,134740001,134840000,2,2,5,8,1,0
chr7,134840001,134940000,4,2,1,3,3,1
chr7,134940001,135040000,2,2,2,1,1,0
chr7,135040001,135140000,1,2,2,0,5,0
chr7,135140001,135240000,1,1,1,7,2,2
chr7,135240001,135340000,5,2,4,2,2,0
chr7,135340001,135440000,1,2,0,6,2,0
chr7,135440001,135540000,4,4,1,4,1,1
chr7,135540001,135640000,4,0,3,4,1,1
chr7,135640001,135740000,0,2,4,8,4,3
chr7,135740001,135840000,5,4,7,14,1,2
chr7,135840001,135940000,3,4,3,12,5,3
chr7,135940001,136040000,4,6,4,8,3,3
chr7,136040001,136140000,3,7,5,10,1,2
chr7,136140001,136240000,6,11,4,5,1,2
chr7,136240001,136340000,3,8,6,9,4,3
chr7,136340001,136440000,4,14,6,9,4,2
chr7,136440001,136540000,10,8,8,13,2,3
chr7,136540001,136640000,8,10,3,9,0,2
chr7,136640001,136740000,4,7,6,12,2,2
chr7,136740001,136840000,7,8,8,9,3,3
chr7,136840001,136940000,4,8,4,15,2,0
chr7,136940001,137040000,6,4,9,6,2,1
chr7,137040001,137140000,4,9,7,7,2,2
chr7,137140001,137240000,7,4,7,18,3,0
chr7,137240001,137340000,6,3,3,8,1,0
chr7,137340001,137440000,5,4,3,8,2,0
chr7,137440001,137540000,2,6,2,9,0,1
chr7,137540001,137640000,5,1,2,3,0,1
chr7,137640001,137740000,2,3,1,4,0,0
chr7,137740001,137840000,3,9,4,4,1,1
chr7,137840001,137940000,5,4,4,3,1,1
chr7,137940001,138040000,4,1,3,1,0,3
chr7,138040001,138140000,3,4,1,4,0,2
chr7,138140001,138240000,6,2,2,3,1,1
chr7,138240001,138340000,0,4,2,5,1,0
chr7,138340001,138440000,2,3,1,3,2,1
chr7,138440001,138540000,1,1,4,6,4,0
chr7,138540001,138640000,2,3,3,4,1,0
chr7,138640001,138740000,1,3,0,1,2,1
chr7,138740001,138840000,2,2,1,4,0,0
chr7,138840001,138940000,4,1,3,5,2,0
chr7,138940001,139040000,6,3,3,2,1,0
chr7,139040001,139140000,2,6,3,2,4,4
chr7,139140001,139240000,1,2,1,0,2,0
chr7,139240001,139340000,1,3,1,0,0,2
chr7,139340001,139440000,2,2,3,3,0,1
chr7,139440001,139540000,1,5,2,0,0,2
chr7,139540001,139640000,3,1,0,0,2,0
chr7,139640001,139740000,2,1,0,1,0,1
chr7,139740001,139840000,3,2,3,5,3,0
chr7,139840001,139940000,1,1,3,2,2,0
chr7,139940001,140040000,2,0,2,2,0,0
chr7,140040001,140140000,2,1,0,1,3,0
chr7,140140001,140240000,4,0,2,5,1,0
chr7,140240001,140340000,5,1,1,2,2,1
chr7,140340001,140440000,3,4,1,2,2,0
chr7,140440001,140540000,1,2,3,3,3,1
chr7,140540001,140640000,2,0,3,0,3,1
chr7,140640001,140740000,1,3,5,2,0,1
chr7,140740001,140870000,5,2,0,3,1,0
chr7,140870001,140970000,1,4,4,5,1,1
chr7,140970001,141070000,3,2,2,7,1,0
chr7,141070001,141170000,4,3,4,2,0,1
chr7,141170001,141270000,4,5,0,4,2,1
chr7,141270001,141370000,2,1,3,0,1,1
chr7,141370001,141470000,4,3,0,2,3,1
chr7,141470001,141570000,5,2,2,5,1,1
chr7,141570001,141670000,3,2,2,4,1,1
chr7,141670001,141770000,4,7,9,2,2,4
chr7,141770001,141870000,2,4,0,2,1,1
chr7,141870001,141970000,3,7,2,2,2,1
chr7,141970001,142070000,3,7,5,5,2,0
chr7,142070001,142170000,1,3,2,0,3,0
chr7,142170001,142270000,2,3,3,2,3,2
chr7,142270001,142370000,2,2,0,0,0,1
chr7,142380001,142480000,6,6,2,5,3,3
chr7,142480001,142580000,3,3,5,2,2,1
chr7,142580001,142680000,0,7,2,5,1,1
chr7,142680001,142780000,3,3,2,4,4,2
chr7,142780001,142880000,6,6,4,3,2,2
chr7,142880001,142980000,0,3,0,5,2,1
chr7,142980001,143080000,3,3,4,2,0,0
chr7,143080001,143180000,2,4,1,1,2,2
chr7,143180001,143280000,0,0,0,2,2,2
chr7,143280001,143380000,0,0,0,0,0,0
chr7,143380001,143480000,2,0,2,1,3,0
chr7,143480001,143580000,2,1,0,2,0,1
chr7,143580001,143680000,1,3,2,4,3,1
chr7,143680001,143780000,5,3,4,4,0,2
chr7,143780001,143880000,1,3,3,7,4,2
chr7,143880001,143980000,0,1,0,0,0,1
chr7,143980001,144080000,1,2,0,1,0,0
chr7,144080001,144180000,2,4,4,5,2,3
chr7,144180001,144280000,5,1,3,4,4,2
chr7,144280001,144380000,8,5,3,5,0,4
chr7,144380001,144480000,6,6,4,6,3,0
chr7,144480001,144580000,3,3,5,2,1,4
chr7,144580001,144680000,4,6,5,7,5,2
chr7,144680001,144780000,2,8,3,11,4,2
chr7,144780001,144880000,9,11,3,10,3,1
chr7,144880001,144980000,4,7,6,9,2,3
chr7,144980001,145080000,1,12,4,10,1,0
chr7,145080001,145180000,5,13,4,10,1,1
chr7,145180001,145280000,3,14,4,11,3,2
chr7,145280001,145380000,4,9,7,17,3,3
chr7,145380001,145480000,8,18,6,14,3,2
chr7,145480001,145580000,6,19,6,6,3,3
chr7,145580001,145680000,7,17,9,11,3,1
chr7,145680001,145830000,3,11,2,9,5,4
chr7,145830001,145930000,4,14,8,10,2,1
chr7,145930001,146030000,2,10,4,7,0,2
chr7,146030001,146130000,3,13,7,11,0,2
chr7,146130001,146230000,2,10,8,14,3,5
chr7,146230001,146330000,10,10,8,7,1,2
chr7,146330001,146430000,5,11,6,7,2,3
chr7,146430001,146530000,7,8,9,5,4,2
chr7,146530001,146630000,8,14,4,4,5,1
chr7,146630001,146730000,10,16,6,12,5,3
chr7,146730001,146830000,6,8,10,6,5,3
chr7,146830001,146930000,11,12,5,11,2,6
chr7,146930001,147030000,0,10,8,8,1,4
chr7,147030001,147130000,6,9,6,11,2,4
chr7,147130001,147230000,4,6,8,7,5,4
chr7,147230001,147330000,2,9,7,11,3,2
chr7,147330001,147430000,5,13,6,6,3,4
chr7,147430001,147530000,6,7,8,11,2,2
chr7,147530001,147630000,5,11,4,6,2,2
chr7,147630001,147730000,2,8,7,6,3,1
chr7,147730001,147830000,4,7,2,6,3,0
chr7,147830001,147930000,7,6,3,9,1,3
chr7,147930001,148030000,1,9,2,3,3,1
chr7,148030001,148130000,2,3,0,6,1,2
chr7,148130001,148230000,0,4,1,4,2,0
chr7,148230001,148330000,2,3,5,1,2,1
chr7,148330001,148430000,2,3,5,3,5,0
chr7,148430001,148530000,2,2,1,1,2,0
chr7,148530001,148630000,3,0,1,1,3,0
chr7,148630001,148730000,5,1,3,2,2,0
chr7,148730001,148830000,1,6,0,1,1,0
chr7,148830001,148930000,5,2,2,2,0,0
chr7,148930001,149030000,0,1,3,3,1,0
chr7,149030001,149130000,1,2,2,1,1,0
chr7,149130001,149230000,4,3,1,6,0,1
chr7,149230001,149330000,4,2,6,3,1,0
chr7,149330001,149430000,3,1,3,5,2,0
chr7,149430001,149530000,3,4,0,6,1,0
chr7,149530001,149630000,3,1,2,0,2,2
chr7,149630001,149730000,2,2,1,1,0,1
chr7,149730001,149830000,2,0,2,2,1,0
chr7,149830001,149930000,5,2,2,2,3,1
chr7,149930001,150030000,1,1,2,0,0,1
chr7,150030001,150130000,3,0,1,2,0,1
chr7,150130001,150230000,0,5,1,6,3,1
chr7,150230001,150330000,3,3,4,3,2,3
chr7,150330001,150430000,3,4,5,5,2,1
chr7,150430001,150530000,7,4,0,3,3,0
chr7,150530001,150630000,3,2,1,4,2,1
chr7,150630001,150730000,3,1,2,0,0,1
chr7,150730001,150830000,2,1,1,1,1,0
chr7,150830001,150930000,1,3,1,1,0,0
chr7,150930001,151030000,2,0,0,5,0,0
chr7,151030001,151130000,1,0,5,1,2,0
chr7,151130001,151230000,3,0,2,1,1,0
chr7,151230001,151330000,1,1,3,3,4,2
chr7,151330001,151430000,2,3,1,3,2,0
chr7,151430001,151530000,3,4,2,2,0,1
chr7,151530001,151630000,0,1,1,1,1,1
chr7,151630001,151730000,4,2,4,2,1,1
chr7,151730001,151830000,3,1,2,2,1,0
chr7,151830001,151930000,6,1,0,1,2,0
chr7,151930001,152030000,4,1,1,0,4,1
chr7,152030001,152200000,4,6,3,1,3,0
chr7,152200001,152300000,2,8,4,2,1,0
chr7,152300001,152400000,2,3,3,4,3,0
chr7,152400001,152500000,3,0,3,2,0,0
chr7,152500001,152600000,2,1,2,1,1,1
chr7,152600001,152700000,5,5,3,0,0,0
chr7,152700001,152800000,1,5,7,5,3,3
chr7,152800001,152900000,2,5,2,11,1,6
chr7,152900001,153000000,1,7,3,5,1,1
chr7,153000001,153100000,1,3,8,8,3,2
chr7,153100001,153200000,6,8,4,8,0,1
chr7,153200001,153300000,6,11,4,7,3,1
chr7,153300001,153400000,1,11,4,7,3,2
chr7,153400001,153500000,2,8,2,7,2,2
chr7,153500001,153600000,5,7,2,9,4,2
chr7,153600001,153700000,4,9,3,5,4,1
chr7,153700001,153800000,2,5,0,6,2,0
chr7,153800001,153900000,2,7,3,5,3,4
chr7,153900001,154000000,5,11,1,2,2,1
chr7,154000001,154100000,4,8,5,9,1,1
chr7,154100001,154200000,9,6,1,2,2,1
chr7,154200001,154300000,6,4,2,11,4,0
chr7,154300001,154400000,1,2,0,0,0,0
chr7,154400001,154500000,3,7,4,1,1,0
chr7,154500001,154600000,2,7,1,4,2,0
chr7,154600001,154700000,6,4,0,4,2,1
chr7,154700001,154800000,2,1,1,2,1,0
chr7,154800001,154900000,4,7,2,6,1,0
chr7,154900001,155000000,1,0,0,0,2,3
chr7,155000001,155100000,2,2,1,4,2,0
chr7,155100001,155200000,2,5,3,1,3,1
chr7,155200001,155300000,3,5,5,3,1,0
chr7,155300001,155400000,3,6,2,1,0,0
chr7,155400001,155500000,3,3,4,6,1,2
chr7,155500001,155600000,3,3,0,6,0,0
chr7,155600001,155700000,2,1,2,0,1,3
chr7,155700001,155800000,1,7,4,3,2,2
chr7,155800001,155900000,3,5,0,2,0,1
chr7,155900001,156000000,4,2,2,2,4,0
chr7,156000001,156100000,3,3,3,4,2,1
chr7,156100001,156200000,2,2,3,3,3,0
chr7,156200001,156300000,2,0,0,0,1,0
chr7,156300001,156400000,3,1,0,3,2,0
chr7,156400001,156500000,1,4,1,4,1,2
chr7,156500001,156600000,2,1,1,4,2,0
chr7,156600001,156700000,1,0,3,1,1,1
chr7,156700001,156800000,3,1,0,1,0,1
chr7,156800001,156900000,1,7,1,1,1,0
chr7,156900001,157000000,3,2,0,4,3,0
chr7,157000001,157100000,2,1,1,2,2,2
chr7,157100001,157200000,2,2,1,3,0,2
chr7,157200001,157300000,0,2,1,1,2,2
chr7,157300001,157400000,0,0,2,4,0,0
chr7,157400001,157500000,3,1,3,3,1,0
chr7,157500001,157600000,1,6,2,3,2,1
chr7,157600001,157700000,5,3,1,3,0,0
chr7,157700001,157800000,2,3,2,2,0,1
chr7,157800001,157900000,5,4,1,3,2,1
chr7,157900001,158030000,4,2,4,5,2,2
chr7,158030001,158130000,2,2,1,4,3,2
chr7,158130001,158230000,2,2,1,1,2,0
chr7,158230001,158330000,4,3,4,2,0,0
chr7,158330001,158440000,1,4,1,6,1,0
chr7,158440001,158540000,3,1,3,1,2,0
chr7,158540001,158640000,3,0,0,4,1,0
chr7,158640001,158780000,3,2,1,2,1,1
chr7,158780001,158880000,3,1,2,1,1,1
chr7,158880001,158980000,0,3,2,2,3,0
chr7,158980001,159080000,6,5,5,5,0,0
chr8,190001,290000,3,2,0,2,3,0
chr8,290001,390000,3,0,0,3,2,0
chr8,390001,490000,0,0,1,6,2,0
chr8,490001,590000,1,1,4,3,1,1
chr8,590001,690000,3,1,0,3,3,0
chr8,690001,790000,1,2,1,1,3,0
chr8,790001,890000,1,3,4,7,0,0
chr8,890001,990000,0,2,2,3,1,2
chr8,990001,1090000,0,4,3,4,1,0
chr8,1090001,1190000,4,8,2,5,1,1
chr8,1190001,1290000,1,6,0,4,1,1
chr8,1290001,1390000,1,1,0,3,0,1
chr8,1390001,1490000,3,5,1,3,2,0
chr8,1490001,1590000,1,3,2,6,0,0
chr8,1590001,1690000,2,4,2,7,1,0
chr8,1690001,1790000,1,0,1,1,0,1
chr8,1790001,1890000,2,2,0,5,3,0
chr8,1890001,1990000,1,1,1,1,1,0
chr8,1990001,2090000,2,3,7,5,3,0
chr8,2090001,2190000,4,1,1,2,0,0
chr8,2190001,2290000,4,4,0,2,2,0
chr8,2290001,2390000,0,3,4,0,1,1
chr8,2390001,2490000,10,4,2,8,2,3
chr8,2490001,2590000,1,4,5,9,3,4
chr8,2590001,2690000,2,5,4,2,3,2
chr8,2690001,2790000,4,8,8,13,3,0
chr8,2790001,2890000,8,5,6,8,1,0
chr8,2890001,2990000,2,7,4,5,1,2
chr8,2990001,3090000,3,5,6,6,3,1
chr8,3090001,3190000,0,4,3,5,1,3
chr8,3190001,3290000,3,4,2,8,2,1
chr8,3290001,3390000,5,7,5,11,5,0
chr8,3390001,3490000,4,4,2,7,1,3
chr8,3490001,3590000,6,2,3,8,4,1
chr8,3590001,3690000,2,5,2,5,3,3
chr8,3690001,3790000,6,4,2,8,5,3
chr8,3790001,3890000,5,2,0,6,3,2
chr8,3890001,3990000,2,3,2,7,0,3
chr8,3990001,4090000,3,0,4,6,6,2
chr8,4090001,4190000,5,5,3,5,3,0
chr8,4190001,4290000,3,5,3,7,4,2
chr8,4290001,4390000,2,4,3,9,3,2
chr8,4390001,4490000,5,4,5,9,1,1
chr8,4490001,4590000,5,6,3,12,8,1
chr8,4590001,4690000,3,7,6,15,1,0
chr8,4690001,4790000,2,4,6,13,1,3
chr8,4790001,4890000,5,4,3,10,3,2
chr8,4890001,4990000,1,4,1,9,4,0
chr8,4990001,5090000,4,4,3,11,0,0
chr8,5090001,5190000,2,4,3,14,1,2
chr8,5190001,5290000,1,3,2,9,4,2
chr8,5290001,5390000,7,3,6,12,3,2
chr8,5390001,5490000,1,6,3,11,2,4
chr8,5490001,5590000,4,4,4,13,1,2
chr8,5590001,5690000,3,4,5,9,0,0
chr8,5690001,5790000,0,7,1,6,5,0
chr8,5790001,5890000,4,6,5,10,1,0
chr8,5890001,5990000,2,4,4,4,1,0
chr8,5990001,6090000,0,2,2,8,2,0
chr8,6090001,6190000,2,4,3,2,2,0
chr8,6190001,6290000,0,1,2,3,3,0
chr8,6290001,6390000,1,1,0,0,1,0
chr8,6390001,6490000,2,3,1,4,4,2
chr8,6490001,6590000,3,1,0,4,1,1
chr8,6590001,6690000,3,3,3,3,1,0
chr8,6690001,6790000,0,1,1,6,0,2
chr8,6790001,6890000,0,3,0,3,0,1
chr8,6890001,6990000,0,4,1,6,1,2
chr8,6990001,8150000,1,1,4,3,0,2
chr8,8150001,8250000,5,0,3,4,1,1
chr8,8250001,8350000,0,1,0,1,0,1
chr8,8350001,8450000,2,2,1,3,1,1
chr8,8450001,8550000,3,1,2,0,0,1
chr8,8550001,8650000,2,1,2,2,0,2
chr8,8650001,8750000,1,2,1,3,1,1
chr8,8750001,8850000,0,2,0,2,2,1
chr8,8850001,8950000,2,1,1,1,1,0
chr8,8950001,9050000,2,3,0,4,1,0
chr8,9050001,9150000,4,0,1,5,0,0
chr8,9150001,9250000,2,3,1,2,1,0
chr8,9250001,9350000,1,4,1,3,0,0
chr8,9350001,9450000,5,2,1,2,2,2
chr8,9450001,9550000,2,0,1,2,2,2
chr8,9550001,9650000,2,3,1,1,0,4
chr8,9650001,9750000,3,1,2,7,2,0
chr8,9750001,9850000,4,2,1,4,2,0
chr8,9850001,9950000,4,2,1,8,2,2
chr8,9950001,10050000,3,1,1,1,0,4
chr8,10050001,10150000,0,0,2,5,3,0
chr8,10150001,10250000,2,1,0,6,1,1
chr8,10250001,10350000,1,2,3,4,2,0
chr8,10350001,10450000,3,4,0,4,1,3
chr8,10450001,10550000,2,2,1,4,1,0
chr8,10550001,10650000,5,2,3,3,2,2
chr8,10650001,10750000,1,2,1,5,1,1
chr8,10750001,10850000,0,4,1,5,0,0
chr8,10850001,10950000,1,2,1,4,1,0
chr8,10950001,11050000,1,0,1,3,3,0
chr8,11050001,11150000,1,0,1,2,1,0
chr8,11150001,11250000,6,0,2,3,1,0
chr8,11250001,11350000,1,1,2,5,0,2
chr8,11350001,11450000,3,2,2,1,3,0
chr8,11450001,11550000,2,4,0,3,0,0
chr8,11550001,11650000,1,3,1,3,2,2
chr8,11650001,11750000,6,1,1,4,0,0
chr8,11750001,11850000,1,4,0,0,2,0
chr8,11850001,11950000,1,2,0,1,0,0
chr8,11950001,12520000,0,2,0,7,1,1
chr8,12520001,12620000,1,4,0,3,0,2
chr8,12620001,12720000,3,6,2,7,2,3
chr8,12720001,12820000,2,0,0,7,3,1
chr8,12820001,12920000,3,1,0,4,1,0
chr8,12920001,13020000,3,5,5,2,5,2
chr8,13020001,13120000,2,7,3,3,3,0
chr8,13120001,13220000,1,2,4,8,2,1
chr8,13220001,13320000,1,5,5,5,1,0
chr8,13320001,13420000,2,4,3,7,3,0
chr8,13420001,13530000,5,6,3,8,1,0
chr8,13530001,13630000,1,6,3,10,2,0
chr8,13630001,13730000,0,2,8,8,7,5
chr8,13730001,13830000,5,3,2,8,4,1
chr8,13830001,13930000,3,4,3,9,4,2
chr8,13930001,14030000,5,4,7,14,7,1
chr8,14030001,14130000,2,4,3,13,5,1
chr8,14130001,14230000,6,7,6,11,5,0
chr8,14230001,14330000,2,2,5,11,1,1
chr8,14330001,14430000,6,4,5,18,4,2
chr8,14430001,14530000,3,3,5,16,5,0
chr8,14530001,14630000,3,7,3,14,2,3
chr8,14630001,14730000,2,3,4,7,4,3
chr8,14730001,14830000,3,4,7,8,7,0
chr8,14830001,14930000,2,10,5,8,0,0
chr8,14930001,15030000,2,7,4,13,2,1
chr8,15030001,15130000,0,5,4,13,2,2
chr8,15130001,15230000,1,6,4,14,4,0
chr8,15230001,15330000,3,4,6,6,2,1
chr8,15330001,15430000,5,2,6,11,1,1
chr8,15430001,15530000,2,1,9,20,1,0
chr8,15530001,15630000,3,3,11,11,2,0
chr8,15630001,15730000,2,3,4,10,1,0
chr8,15730001,15830000,3,5,1,8,0,1
chr8,15830001,15930000,1,4,5,9,3,4
chr8,15930001,16030000,5,4,4,6,2,2
chr8,16030001,16130000,4,6,5,18,2,2
chr8,16130001,16230000,3,4,6,10,4,1
chr8,16230001,16330000,0,2,3,11,2,1
chr8,16330001,16430000,3,4,4,5,3,4
chr8,16430001,16530000,2,5,5,10,2,1
chr8,16530001,16630000,5,7,3,6,0,2
chr8,16630001,16730000,2,4,3,5,2,0
chr8,16730001,16830000,1,2,5,3,3,2
chr8,16830001,16930000,3,3,3,4,5,1
chr8,16930001,17030000,2,0,1,7,2,0
chr8,17030001,17130000,2,3,1,2,2,2
chr8,17130001,17230000,2,1,0,2,1,3
chr8,17230001,17330000,1,0,2,1,2,0
chr8,17330001,17430000,2,1,2,3,3,0
chr8,17430001,17530000,2,1,0,0,0,0
chr8,17530001,17630000,1,1,1,1,2,1
chr8,17630001,17730000,5,3,0,2,2,0
chr8,17730001,17830000,5,1,0,2,0,0
chr8,17830001,17930000,0,2,1,1,2,1
chr8,17930001,18030000,3,1,1,1,1,0
chr8,18030001,18130000,2,2,4,3,0,1
chr8,18130001,18230000,2,1,0,3,1,0
chr8,18230001,18330000,1,1,0,1,3,2
chr8,18330001,18430000,1,0,0,3,0,1
chr8,18430001,18530000,1,1,2,0,0,2
chr8,18530001,18630000,0,1,0,1,1,1
chr8,18630001,18730000,0,1,0,1,0,0
chr8,18730001,18830000,0,0,2,3,1,0
chr8,18830001,18930000,0,2,0,3,3,0
chr8,18930001,19030000,6,1,0,1,0,0
chr8,19030001,19130000,3,4,2,0,1,0
chr8,19130001,19230000,3,2,3,2,0,0
chr8,19230001,19330000,1,2,1,2,1,0
chr8,19330001,19430000,6,1,2,2,0,0
chr8,19430001,19530000,0,1,2,1,0,0
chr8,19530001,19630000,1,2,0,4,2,0
chr8,19630001,19730000,2,3,1,2,0,1
chr8,19730001,19830000,2,0,4,5,1,1
chr8,19830001,19930000,3,4,2,5,3,1
chr8,19930001,20030000,2,3,0,8,1,0
chr8,20030001,20130000,3,1,0,1,1,1
chr8,20130001,20230000,1,0,2,6,0,0
chr8,20230001,20330000,5,2,1,1,2,0
chr8,20330001,20430000,4,4,3,8,1,0
chr8,20430001,20530000,3,1,1,9,1,1
chr8,20530001,20630000,2,3,2,9,1,2
chr8,20630001,20730000,1,4,1,9,2,2
chr8,20730001,20830000,6,3,0,5,2,1
chr8,20830001,20930000,1,2,4,6,2,0
chr8,20930001,21030000,1,2,2,6,1,1
chr8,21030001,21130000,2,1,0,6,1,1
chr8,21130001,21230000,5,1,2,7,0,0
chr8,21230001,21330000,4,3,0,7,0,2
chr8,21330001,21430000,3,2,1,5,5,2
chr8,21430001,21530000,0,4,2,6,1,0
chr8,21530001,21630000,2,2,2,4,2,0
chr8,21630001,21730000,0,1,1,1,1,0
chr8,21730001,21830000,2,3,1,3,0,0
chr8,21830001,21930000,3,0,1,2,0,0
chr8,21930001,22030000,3,7,0,1,0,0
chr8,22030001,22130000,0,0,0,0,3,2
chr8,22130001,22230000,2,1,1,3,1,1
chr8,22230001,22330000,2,0,0,1,1,0
chr8,22330001,22430000,2,1,0,1,0,0
chr8,22430001,22530000,2,2,2,3,0,0
chr8,22530001,22630000,3,4,0,1,1,0
chr8,22630001,22730000,2,4,0,1,1,1
chr8,22730001,22830000,2,2,0,3,1,0
chr8,22830001,22930000,4,1,0,0,1,0
chr8,22930001,23030000,2,1,0,3,1,0
chr8,23030001,23130000,3,2,2,2,2,1
chr8,23130001,23230000,2,1,0,3,0,0
chr8,23230001,23330000,2,0,2,3,2,1
chr8,23330001,23430000,2,4,0,1,1,1
chr8,23430001,23530000,0,0,0,1,1,2
chr8,23530001,23630000,3,3,2,5,0,1
chr8,23630001,23730000,4,0,1,3,1,2
chr8,23730001,23830000,0,3,1,2,1,0
chr8,23830001,23930000,1,2,0,4,0,0
chr8,23930001,24030000,2,2,0,4,1,2
chr8,24030001,24130000,1,1,1,3,2,1
chr8,24130001,24230000,5,2,0,2,1,2
chr8,24230001,24330000,1,2,3,3,1,1
chr8,24330001,24430000,1,3,1,4,0,2
chr8,24430001,24530000,1,4,2,4,0,0
chr8,24530001,24630000,5,5,3,4,3,5
chr8,24630001,24730000,4,3,5,8,3,0
chr8,24730001,24830000,4,2,2,4,1,2
chr8,24830001,24930000,4,2,3,10,1,0
chr8,24930001,25030000,4,0,1,5,2,1
chr8,25030001,25130000,1,0,2,1,0,2
chr8,25130001,25230000,2,1,4,3,2,3
chr8,25230001,25330000,1,0,2,4,0,2
chr8,25330001,25430000,5,1,5,5,1,1
chr8,25430001,25530000,3,1,1,5,1,0
chr8,25530001,25630000,2,4,1,8,3,1
chr8,25630001,25730000,7,0,2,2,2,2
chr8,25730001,25830000,2,4,4,3,4,2
chr8,25830001,25930000,3,0,1,8,1,0
chr8,25930001,26030000,1,4,1,4,1,2
chr8,26030001,26130000,1,1,3,2,2,0
chr8,26130001,26230000,2,1,1,2,4,0
chr8,26230001,26330000,2,0,2,1,0,0
chr8,26330001,26430000,3,0,4,6,0,0
chr8,26430001,26530000,3,0,1,0,1,0
chr8,26530001,26630000,3,0,6,3,1,1
chr8,26630001,26730000,2,1,2,8,2,1
chr8,26730001,26830000,6,2,2,8,5,1
chr8,26830001,26930000,2,1,2,9,0,1
chr8,26930001,27030000,1,0,3,7,0,2
chr8,27030001,27130000,1,1,3,7,1,0
chr8,27130001,27230000,1,0,0,1,2,1
chr8,27230001,27330000,1,1,1,2,3,0
chr8,27330001,27430000,3,0,1,4,2,0
chr8,27430001,27530000,2,0,1,4,0,0
chr8,27530001,27630000,4,0,1,0,3,1
chr8,27630001,27730000,1,2,2,0,2,0
chr8,27730001,27830000,1,1,0,0,0,2
chr8,27830001,27930000,2,2,2,0,3,0
chr8,27930001,28030000,1,2,0,2,1,2
chr8,28030001,28130000,1,2,1,0,1,0
chr8,28130001,28230000,1,1,0,0,0,1
chr8,28230001,28330000,4,1,0,0,2,1
chr8,28330001,28430000,3,2,1,2,0,0
chr8,28430001,28530000,2,0,1,3,1,0
chr8,28530001,28630000,1,2,2,7,1,0
chr8,28630001,28730000,0,1,1,0,0,0
chr8,28730001,28830000,3,6,0,0,1,1
chr8,28830001,28930000,1,1,1,1,1,1
chr8,28930001,29030000,4,1,4,4,1,0
chr8,29030001,29130000,2,0,0,3,1,1
chr8,29130001,29230000,6,1,1,3,0,2
chr8,29230001,29330000,0,3,1,1,1,0
chr8,29330001,29430000,1,1,1,3,2,0
chr8,29430001,29530000,2,1,0,1,2,2
chr8,29530001,29630000,4,5,0,3,3,0
chr8,29630001,29730000,0,0,0,3,1,1
chr8,29730001,29830000,1,2,3,2,0,0
chr8,29830001,29930000,2,1,0,6,2,2
chr8,29930001,30030000,1,1,2,2,1,1
chr8,30030001,30130000,1,2,0,5,0,0
chr8,30130001,30230000,2,1,2,6,1,2
chr8,30230001,30330000,0,0,1,2,2,0
chr8,30330001,30430000,7,1,2,3,1,0
chr8,30430001,30530000,1,0,0,4,2,1
chr8,30530001,30630000,3,1,0,0,4,0
chr8,30630001,30730000,1,0,2,3,1,0
chr8,30730001,30830000,5,1,1,5,1,0
chr8,30830001,30930000,4,3,4,3,2,0
chr8,30930001,31030000,0,1,1,1,1,1
chr8,31030001,31130000,6,3,2,2,2,0
chr8,31130001,31230000,2,3,2,9,3,0
chr8,31230001,31330000,4,5,2,5,0,1
chr8,31330001,31430000,0,6,3,5,4,1
chr8,31430001,31530000,5,5,3,10,4,2
chr8,31530001,31630000,3,2,3,14,3,0
chr8,31630001,31730000,3,6,5,4,3,2
chr8,31730001,31830000,4,4,12,17,2,1
chr8,31830001,31930000,6,5,8,3,1,4
chr8,31930001,32030000,2,3,4,10,2,2
chr8,32030001,32130000,4,3,8,12,3,2
chr8,32130001,32230000,3,1,3,3,2,4
chr8,32230001,32330000,0,6,5,10,1,1
chr8,32330001,32430000,2,0,4,6,5,0
chr8,32430001,32530000,2,0,6,7,3,2
chr8,32530001,32630000,5,2,4,7,0,5
chr8,32630001,32730000,4,1,5,11,6,2
chr8,32730001,32830000,3,2,4,15,2,1
chr8,32830001,32930000,0,2,8,12,1,3
chr8,32930001,33030000,0,1,5,6,4,3
chr8,33030001,33130000,2,6,3,4,4,0
chr8,33130001,33230000,4,1,2,6,5,1
chr8,33230001,33330000,5,4,0,4,2,0
chr8,33330001,33430000,2,6,1,2,1,1
chr8,33430001,33530000,3,2,2,5,1,0
chr8,33530001,33630000,5,6,8,6,3,2
chr8,33630001,33730000,4,3,0,3,5,0
chr8,33730001,33830000,4,3,2,7,8,2
chr8,33830001,33930000,3,10,5,4,1,0
chr8,33930001,34030000,3,5,2,15,5,1
chr8,34030001,34130000,0,7,2,8,3,1
chr8,34130001,34230000,3,5,4,9,1,4
chr8,34230001,34330000,3,10,4,19,4,2
chr8,34330001,34430000,5,9,1,5,1,0
chr8,34430001,34530000,3,12,4,15,6,2
chr8,34530001,34630000,2,4,2,10,2,0
chr8,34630001,34730000,3,6,3,11,3,1
chr8,34730001,34830000,2,13,4,6,2,1
chr8,34830001,34930000,7,8,3,9,3,2
chr8,34930001,35030000,4,15,4,13,4,1
chr8,35030001,35130000,3,11,5,16,2,2
chr8,35130001,35230000,4,14,2,10,6,3
chr8,35230001,35330000,6,8,4,13,3,3
chr8,35330001,35430000,8,2,4,8,1,0
chr8,35430001,35530000,7,5,3,7,3,1
chr8,35530001,35630000,6,10,3,9,1,2
chr8,35630001,35730000,5,3,4,12,2,1
chr8,35730001,35830000,3,4,5,11,0,4
chr8,35830001,35930000,11,8,5,18,3,2
chr8,35930001,36030000,3,6,4,16,1,2
chr8,36030001,36130000,3,4,8,17,3,0
chr8,36130001,36230000,2,6,9,9,3,0
chr8,36230001,36330000,6,9,10,7,3,2
chr8,36330001,36430000,6,6,4,7,3,0
chr8,36430001,36530000,7,7,6,16,3,0
chr8,36530001,36630000,1,9,3,7,2,2
chr8,36630001,36730000,5,6,3,4,0,1
chr8,36730001,36830000,6,4,7,9,4,2
chr8,36830001,36930000,1,6,2,5,0,2
chr8,36930001,37030000,2,6,1,4,2,2
chr8,37030001,37130000,0,1,1,4,1,1
chr8,37130001,37230000,5,3,1,1,1,0
chr8,37230001,37330000,4,2,4,1,1,2
chr8,37330001,37430000,4,1,0,4,2,3
chr8,37430001,37530000,7,4,1,3,3,0
chr8,37530001,37630000,5,2,1,2,1,0
chr8,37630001,37730000,4,3,1,2,1,3
chr8,37730001,37830000,6,1,1,7,2,0
chr8,37830001,37930000,3,1,1,6,1,1
chr8,37930001,38030000,5,1,1,1,1,2
chr8,38030001,38130000,6,0,4,1,1,0
chr8,38130001,38230000,5,1,2,1,0,1
chr8,38230001,38330000,3,2,2,0,0,0
chr8,38330001,38430000,1,5,1,4,2,0
chr8,38430001,38530000,3,2,1,6,3,1
chr8,38530001,38630000,3,2,2,6,5,1
chr8,38630001,38730000,1,1,1,0,1,1
chr8,38730001,38830000,5,3,1,4,0,1
chr8,38830001,38930000,2,2,0,2,2,1
chr8,38930001,39030000,4,1,0,4,1,0
chr8,39030001,39130000,4,0,1,5,1,0
chr8,39130001,39230000,3,8,1,6,5,2
chr8,39230001,39330000,3,2,3,6,1,2
chr8,39330001,39430000,2,2,2,2,1,0
chr8,39430001,39530000,5,3,5,7,4,2
chr8,39530001,39630000,3,7,4,8,3,4
chr8,39630001,39730000,7,4,5,9,0,0
chr8,39730001,39830000,6,2,3,3,1,1
chr8,39830001,39930000,0,3,3,2,2,0
chr8,39930001,40030000,1,2,1,3,3,2
chr8,40030001,40130000,4,6,1,1,1,0
chr8,40130001,40230000,9,0,4,6,2,1
chr8,40230001,40330000,0,2,3,5,0,0
chr8,40330001,40430000,3,7,1,4,0,1
chr8,40430001,40530000,2,2,5,9,5,2
chr8,40530001,40630000,4,6,2,5,1,0
chr8,40630001,40730000,1,3,0,12,1,1
chr8,40730001,40830000,1,6,5,8,1,2
chr8,40830001,40930000,2,3,4,5,2,0
chr8,40930001,41030000,6,1,5,7,0,1
chr8,41030001,41130000,3,2,0,6,1,3
chr8,41130001,41230000,5,2,2,5,0,0
chr8,41230001,41330000,2,5,1,3,1,1
chr8,41330001,41430000,2,3,2,1,3,0
chr8,41430001,41530000,1,0,1,0,2,1
chr8,41530001,41630000,7,1,2,2,1,0
chr8,41630001,41730000,3,3,0,3,2,0
chr8,41730001,41830000,2,1,4,3,1,0
chr8,41830001,41930000,3,2,2,4,2,1
chr8,41930001,42030000,2,6,2,1,2,0
chr8,42030001,42130000,2,1,4,1,0,1
chr8,42130001,42230000,6,2,1,2,0,0
chr8,42230001,42330000,4,3,3,4,3,1
chr8,42330001,42430000,5,4,2,2,3,2
chr8,42430001,42530000,5,5,0,5,1,1
chr8,42530001,42630000,3,7,1,3,0,0
chr8,42630001,42730000,2,3,2,4,2,0
chr8,42730001,42830000,4,1,1,1,3,0
chr8,42830001,42930000,1,2,0,5,1,0
chr8,42930001,43030000,0,4,1,3,1,3
chr8,43030001,43160000,0,3,0,2,1,1
chr8,43160001,43260000,2,4,5,11,0,2
chr8,43260001,43360000,5,5,5,14,1,1
chr8,43360001,43460000,6,12,6,11,0,0
chr8,43460001,43560000,5,17,8,13,1,2
chr8,43560001,43660000,5,11,10,13,1,2
chr8,43660001,46920000,4,9,5,10,2,0
chr8,46920001,47040000,5,7,3,8,3,0
chr8,47040001,47140000,6,16,4,12,2,0
chr8,47140001,47240000,3,8,2,3,2,0
chr8,47240001,47340000,0,11,6,7,4,2
chr8,47340001,47450000,5,4,4,7,2,1
chr8,47450001,47550000,5,11,7,5,1,1
chr8,47550001,47650000,5,5,9,15,5,3
chr8,47650001,47750000,1,13,7,10,2,3
chr8,47750001,47850000,2,4,6,6,1,1
chr8,47850001,47950000,1,2,4,6,5,2
chr8,47950001,48050000,9,5,4,13,5,0
chr8,48050001,48150000,2,6,1,3,1,2
chr8,48150001,48250000,2,0,4,0,0,0
chr8,48250001,48350000,5,4,1,3,3,1
chr8,48350001,48450000,2,1,1,4,1,2
chr8,48450001,48550000,3,1,0,2,0,0
chr8,48550001,48650000,6,3,3,4,1,0
chr8,48650001,48750000,0,1,3,3,2,0
chr8,48750001,48860000,2,2,1,5,3,1
chr8,48860001,48960000,5,1,2,4,2,0
chr8,48960001,49060000,3,1,5,6,0,1
chr8,49060001,49160000,3,3,2,6,2,0
chr8,49160001,49260000,3,7,4,6,0,0
chr8,49260001,49360000,2,2,1,7,4,0
chr8,49360001,49460000,3,5,2,10,2,2
chr8,49460001,49560000,4,4,2,7,3,0
chr8,49560001,49660000,3,8,1,10,1,0
chr8,49660001,49760000,3,3,2,12,1,1
chr8,49760001,49860000,5,5,2,9,4,3
chr8,49860001,49960000,5,9,5,10,1,0
chr8,49960001,50060000,5,8,7,3,6,0
chr8,50060001,50160000,8,6,4,12,5,2
chr8,50160001,50260000,9,10,7,1,2,3
chr8,50260001,50360000,9,5,5,7,3,3
chr8,50360001,50460000,7,10,3,10,3,1
chr8,50460001,50560000,6,11,6,9,5,2
chr8,50560001,50660000,4,10,4,11,1,1
chr8,50660001,50760000,7,10,5,9,7,2
chr8,50760001,50860000,5,19,9,10,10,2
chr8,50860001,50960000,0,10,8,21,7,0
chr8,50960001,51060000,4,12,3,13,3,2
chr8,51060001,51160000,8,10,7,18,2,0
chr8,51160001,51260000,10,10,6,13,4,0
chr8,51260001,51360000,9,12,4,10,4,1
chr8,51360001,51460000,5,5,2,12,5,1
chr8,51460001,51560000,7,7,7,18,5,1
chr8,51560001,51670000,4,8,7,11,1,1
chr8,51670001,51770000,6,5,2,16,4,2
chr8,51770001,51870000,12,11,5,9,4,3
chr8,51870001,51970000,6,7,4,16,4,2
chr8,51970001,52070000,4,8,8,19,4,5
chr8,52070001,52170000,10,5,1,8,4,4
chr8,52170001,52270000,7,15,6,12,2,0
chr8,52270001,52370000,4,11,4,15,5,2
chr8,52370001,52470000,2,3,3,8,2,3
chr8,52470001,52570000,7,3,2,6,1,3
chr8,52570001,52670000,7,3,4,3,1,2
chr8,52670001,52790000,8,0,2,2,3,1
chr8,52790001,52890000,1,4,0,9,2,1
chr8,52890001,52990000,4,2,0,5,2,1
chr8,52990001,53090000,1,4,1,4,2,1
chr8,53090001,53190000,4,4,6,3,4,1
chr8,53190001,53290000,6,5,4,3,2,1
chr8,53290001,53390000,8,2,1,4,1,0
chr8,53390001,53490000,3,4,3,5,2,2
chr8,53490001,53590000,1,1,5,5,1,0
chr8,53590001,53690000,2,4,0,2,3,3
chr8,53690001,53790000,1,4,4,10,5,1
chr8,53790001,53890000,6,2,2,6,1,3
chr8,53890001,53990000,2,5,4,8,4,1
chr8,53990001,54090000,6,8,3,6,1,2
chr8,54090001,54190000,2,4,3,6,3,3
chr8,54190001,54290000,4,1,3,7,1,0
chr8,54290001,54390000,2,4,1,7,0,1
chr8,54390001,54490000,6,2,0,7,3,0
chr8,54490001,54590000,5,5,4,2,0,1
chr8,54590001,54690000,9,1,1,4,3,0
chr8,54690001,54790000,4,8,1,2,2,1
chr8,54790001,54890000,2,2,4,4,2,0
chr8,54890001,54990000,8,1,5,1,4,3
chr8,54990001,55090000,3,5,1,3,7,2
chr8,55090001,55190000,6,4,5,4,2,2
chr8,55190001,55290000,6,0,1,6,1,1
chr8,55290001,55390000,5,4,0,4,2,1
chr8,55390001,55490000,5,8,3,8,3,0
chr8,55490001,55590000,5,5,5,6,4,1
chr8,55590001,55690000,4,4,11,7,6,1
chr8,55690001,55790000,2,1,7,13,6,2
chr8,55790001,55890000,9,11,1,8,6,1
chr8,55890001,55990000,7,9,7,11,7,2
chr8,55990001,56090000,4,8,5,3,5,2
chr8,56090001,56190000,4,4,3,17,0,3
chr8,56190001,56290000,6,1,6,9,5,2
chr8,56290001,56390000,3,2,2,2,2,2
chr8,56390001,56490000,4,3,2,7,4,1
chr8,56490001,56590000,3,2,1,4,4,1
chr8,56590001,56690000,8,2,3,9,2,1
chr8,56690001,56790000,6,1,0,1,3,0
chr8,56790001,56890000,3,5,0,2,1,0
chr8,56890001,56990000,2,3,1,1,2,1
chr8,56990001,57090000,1,4,5,7,3,1
chr8,57090001,57190000,4,2,0,3,1,3
chr8,57190001,57290000,4,3,8,4,3,6
chr8,57290001,57390000,6,6,3,6,4,2
chr8,57390001,57490000,8,1,2,3,3,2
chr8,57490001,57590000,8,2,6,3,3,2
chr8,57590001,57690000,4,4,0,9,2,1
chr8,57690001,57790000,6,3,3,10,2,2
chr8,57790001,57890000,3,3,0,3,2,0
chr8,57890001,57990000,5,6,8,4,3,1
chr8,57990001,58090000,9,6,5,8,2,1
chr8,58090001,58210000,8,1,3,3,3,1
chr8,58210001,58310000,7,13,3,4,3,4
chr8,58310001,58410000,3,10,2,8,5,3
chr8,58410001,58510000,7,7,3,5,2,1
chr8,58510001,58610000,8,6,5,7,1,3
chr8,58610001,58710000,2,4,5,3,0,2
chr8,58710001,58810000,4,2,5,5,1,2
chr8,58810001,58910000,4,9,2,7,1,2
chr8,58910001,59010000,5,5,3,1,1,2
chr8,59010001,59110000,4,1,3,13,2,0
chr8,59110001,59210000,9,4,2,6,0,2
chr8,59210001,59320000,4,5,4,5,3,2
chr8,59320001,59420000,1,1,1,4,2,2
chr8,59420001,59520000,2,3,1,5,1,2
chr8,59520001,59620000,3,1,2,0,2,0
chr8,59620001,59720000,2,2,4,4,2,0
chr8,59720001,59820000,0,2,2,4,2,0
chr8,59820001,59920000,3,3,2,6,2,1
chr8,59920001,60020000,4,5,0,7,2,2
chr8,60020001,60120000,9,5,4,5,4,2
chr8,60120001,60220000,4,3,5,2,3,0
chr8,60220001,60320000,10,7,1,9,1,0
chr8,60320001,60420000,4,8,0,2,2,3
chr8,60420001,60520000,8,7,2,2,3,1
chr8,60520001,60620000,7,3,5,5,3,4
chr8,60620001,60720000,9,11,3,4,5,2
chr8,60720001,60850000,1,7,5,7,5,5
chr8,60850001,60950000,6,9,1,8,2,1
chr8,60950001,61050000,6,4,4,4,2,0
chr8,61050001,61150000,6,2,5,6,3,0
chr8,61150001,61250000,5,3,3,1,0,1
chr8,61250001,61350000,7,3,4,5,4,0
chr8,61350001,61450000,3,3,0,5,4,2
chr8,61450001,61550000,5,1,3,2,1,0
chr8,61550001,61650000,4,5,0,2,1,0
chr8,61650001,61750000,3,0,1,4,0,2
chr8,61750001,61850000,2,5,1,3,0,0
chr8,61850001,61950000,9,5,0,4,2,1
chr8,61950001,62050000,1,5,2,3,1,1
chr8,62050001,62150000,4,9,4,5,3,0
chr8,62150001,62250000,9,6,2,4,3,1
chr8,62250001,62350000,4,12,8,5,3,2
chr8,62350001,62450000,2,3,1,4,7,2
chr8,62450001,62550000,4,1,4,5,1,0
chr8,62550001,62650000,1,0,0,2,2,0
chr8,62650001,62750000,7,4,1,2,2,1
chr8,62750001,62850000,2,3,2,9,3,0
chr8,62850001,62950000,6,3,3,4,2,0
chr8,62950001,63050000,4,3,5,2,6,4
chr8,63050001,63150000,4,6,2,7,5,0
chr8,63150001,63250000,2,3,3,7,4,0
chr8,63250001,63350000,5,9,2,5,3,2
chr8,63350001,63450000,9,2,1,4,2,1
chr8,63450001,63550000,7,5,6,3,4,0
chr8,63550001,63650000,3,0,1,5,2,0
chr8,63650001,63750000,7,8,1,6,4,0
chr8,63750001,63850000,4,3,1,8,4,1
chr8,63850001,63950000,2,1,2,8,4,0
chr8,63950001,64050000,4,4,2,8,2,0
chr8,64050001,64150000,5,5,0,2,5,3
chr8,64150001,64250000,3,3,0,2,1,3
chr8,64250001,64350000,5,6,2,5,3,1
chr8,64350001,64450000,5,5,4,4,4,4
chr8,64450001,64550000,3,9,6,14,5,2
chr8,64550001,64650000,7,5,3,21,6,0
chr8,64650001,64750000,7,14,3,19,3,3
chr8,64750001,64850000,4,12,4,14,5,3
chr8,64850001,64950000,13,9,4,19,8,4
chr8,64950001,65050000,5,4,4,19,3,0
chr8,65050001,65150000,4,4,8,19,2,5
chr8,65150001,65250000,5,4,8,15,4,0
chr8,65250001,65350000,2,6,3,8,2,0
chr8,65350001,65450000,1,6,7,11,2,1
chr8,65450001,65550000,4,4,7,11,2,1
chr8,65550001,65650000,3,2,6,7,1,1
chr8,65650001,65750000,6,1,6,9,1,0
chr8,65750001,65850000,7,3,6,12,4,0
chr8,65850001,65950000,7,3,4,7,2,4
chr8,65950001,66050000,3,2,5,8,5,0
chr8,66050001,66150000,8,6,4,9,0,1
chr8,66150001,66250000,3,3,4,6,6,1
chr8,66250001,66350000,9,4,5,5,1,1
chr8,66350001,66450000,4,4,6,8,3,2
chr8,66450001,66550000,7,2,0,5,2,0
chr8,66550001,66650000,1,0,1,2,1,1
chr8,66650001,66750000,12,3,0,1,5,0
chr8,66750001,66850000,5,4,3,5,1,3
chr8,66850001,66950000,6,1,1,6,2,0
chr8,66950001,67050000,6,3,3,4,3,2
chr8,67050001,67150000,0,5,4,9,0,3
chr8,67150001,67250000,3,3,1,4,0,3
chr8,67250001,67350000,3,2,2,7,2,2
chr8,67350001,67450000,4,2,0,4,0,0
chr8,67450001,67550000,6,2,2,2,3,1
chr8,67550001,67650000,2,1,1,3,4,0
chr8,67650001,67750000,4,1,0,1,3,0
chr8,67750001,67850000,1,1,1,5,3,1
chr8,67850001,67950000,4,4,8,6,5,1
chr8,67950001,68050000,2,3,0,4,3,1
chr8,68050001,68150000,9,0,0,2,2,1
chr8,68150001,68250000,5,3,3,3,1,1
chr8,68250001,68350000,1,2,3,4,2,1
chr8,68350001,68450000,2,6,2,5,4,1
chr8,68450001,68550000,2,2,3,8,3,1
chr8,68550001,68650000,4,6,4,9,0,2
chr8,68650001,68750000,10,5,5,15,3,1
chr8,68750001,68850000,5,5,7,14,4,0
chr8,68850001,68950000,7,11,4,12,0,1
chr8,68950001,69050000,3,3,6,10,6,2
chr8,69050001,69150000,4,5,1,12,3,0
chr8,69150001,69250000,9,1,4,15,2,1
chr8,69250001,69350000,4,5,3,11,2,3
chr8,69350001,69450000,8,9,4,12,3,3
chr8,69450001,69550000,5,5,2,14,2,1
chr8,69550001,69650000,8,5,14,8,2,2
chr8,69650001,69750000,6,2,3,12,1,2
chr8,69750001,69850000,5,2,6,11,4,6
chr8,69850001,69950000,8,2,6,19,1,2
chr8,69950001,70050000,0,2,3,17,2,2
chr8,70050001,70150000,3,3,5,13,2,1
chr8,70150001,70250000,6,4,5,10,1,2
chr8,70250001,70350000,5,3,5,8,3,1
chr8,70350001,70450000,1,2,4,11,3,4
chr8,70450001,70550000,4,1,5,8,2,0
chr8,70550001,70660000,5,4,0,9,3,0
chr8,70660001,70760000,6,3,0,6,0,0
chr8,70760001,70860000,2,3,0,11,4,1
chr8,70860001,70960000,4,0,1,8,5,0
chr8,70960001,71060000,1,5,3,5,3,0
chr8,71060001,71160000,5,0,3,9,0,2
chr8,71160001,71260000,4,5,3,0,2,0
chr8,71260001,71360000,7,2,2,1,3,1
chr8,71360001,71460000,7,3,5,3,0,2
chr8,71460001,71560000,9,1,2,2,3,2
chr8,71560001,71660000,1,2,4,2,8,1
chr8,71660001,71760000,5,2,1,6,3,1
chr8,71760001,71860000,10,5,5,7,4,0
chr8,71860001,71960000,4,2,2,9,1,0
chr8,71960001,72060000,7,3,2,7,2,1
chr8,72060001,72160000,8,1,5,5,2,0
chr8,72160001,72260000,6,3,1,2,4,3
chr8,72260001,72360000,6,3,3,6,3,0
chr8,72360001,72460000,6,2,1,8,3,0
chr8,72460001,72560000,5,5,6,7,0,0
chr8,72560001,72660000,3,6,0,4,6,2
chr8,72660001,72760000,7,2,8,5,2,3
chr8,72760001,72860000,11,3,4,9,5,1
chr8,72860001,72960000,6,7,4,10,6,0
chr8,72960001,73060000,3,8,6,9,7,1
chr8,73060001,73160000,5,3,2,11,4,2
chr8,73160001,73260000,1,5,7,9,1,2
chr8,73260001,73360000,5,7,1,14,3,4
chr8,73360001,73460000,9,2,5,11,7,1
chr8,73460001,73560000,4,8,3,12,8,2
chr8,73560001,73660000,6,8,4,6,4,2
chr8,73660001,73760000,2,3,7,4,5,1
chr8,73760001,73860000,4,2,0,4,3,2
chr8,73860001,73960000,5,4,4,5,1,2
chr8,73960001,74060000,4,5,3,5,1,1
chr8,74060001,74160000,3,2,4,3,0,0
chr8,74160001,74260000,5,1,1,6,0,0
chr8,74260001,74360000,3,0,4,3,0,1
chr8,74360001,74460000,5,0,0,4,0,0
chr8,74460001,74560000,4,2,2,2,3,0
chr8,74560001,74660000,4,3,2,2,1,0
chr8,74660001,74760000,7,2,2,3,2,1
chr8,74760001,74860000,5,3,1,4,3,0
chr8,74860001,74960000,2,2,3,7,2,0
chr8,74960001,75060000,3,4,3,6,1,3
chr8,75060001,75160000,5,2,3,5,1,1
chr8,75160001,75260000,8,0,0,2,2,2
chr8,75260001,75360000,8,5,2,9,1,1
chr8,75360001,75460000,2,3,4,10,0,1
chr8,75460001,75560000,3,5,8,12,2,0
chr8,75560001,75660000,3,6,3,12,3,3
chr8,75660001,75760000,6,5,4,11,6,1
chr8,75760001,75860000,4,5,5,13,4,1
chr8,75860001,75960000,5,2,2,7,1,0
chr8,75960001,76060000,5,10,8,10,2,0
chr8,76060001,76160000,3,2,5,5,2,1
chr8,76160001,76260000,4,4,1,3,1,0
chr8,76260001,76360000,3,8,3,5,3,3
chr8,76360001,76460000,6,6,1,4,3,3
chr8,76460001,76560000,5,9,3,3,1,1
chr8,76560001,76660000,9,9,1,9,5,1
chr8,76660001,76760000,7,7,2,12,4,3
chr8,76760001,76860000,3,9,2,17,7,2
chr8,76860001,76960000,8,8,3,10,5,1
chr8,76960001,77060000,6,11,4,13,10,3
chr8,77060001,77160000,3,7,6,11,3,3
chr8,77160001,77260000,5,7,5,12,3,5
chr8,77260001,77360000,3,9,8,6,6,2
chr8,77360001,77460000,7,11,4,18,10,3
chr8,77460001,77560000,6,6,6,11,4,3
chr8,77560001,77660000,8,5,4,8,3,3
chr8,77660001,77760000,2,9,5,5,6,1
chr8,77760001,77860000,4,2,2,7,3,3
chr8,77860001,77960000,10,2,2,11,7,1
chr8,77960001,78060000,7,7,3,12,5,2
chr8,78060001,78160000,6,14,4,9,1,3
chr8,78160001,78260000,4,4,4,9,4,0
chr8,78260001,78360000,3,13,5,14,2,2
chr8,78360001,78460000,9,6,1,16,5,3
chr8,78460001,78560000,10,4,3,14,6,4
chr8,78560001,78660000,3,7,7,15,6,4
chr8,78660001,78760000,6,9,7,11,3,2
chr8,78760001,78860000,6,9,3,19,4,2
chr8,78860001,78960000,4,9,7,18,5,2
chr8,78960001,79060000,3,2,3,11,4,3
chr8,79060001,79160000,10,6,5,10,2,1
chr8,79160001,79260000,8,6,4,17,4,3
chr8,79260001,79360000,3,3,2,13,5,1
chr8,79360001,79460000,3,2,5,8,4,2
chr8,79460001,79560000,8,3,1,11,2,1
chr8,79560001,79660000,5,0,1,8,1,3
chr8,79660001,79760000,7,3,1,6,4,1
chr8,79760001,79860000,1,5,3,8,2,1
chr8,79860001,79960000,4,3,4,8,2,2
chr8,79960001,80060000,5,3,1,11,2,3
chr8,80060001,80160000,8,4,1,13,6,2
chr8,80160001,80260000,4,4,3,7,5,1
chr8,80260001,80360000,5,5,4,10,3,2
chr8,80360001,80460000,1,7,4,3,1,3
chr8,80460001,80560000,2,3,4,9,3,0
chr8,80560001,80660000,2,5,3,10,0,0
chr8,80660001,80760000,2,2,1,4,4,0
chr8,80760001,80860000,2,2,1,3,3,0
chr8,80860001,80960000,3,2,1,7,4,0
chr8,80960001,81060000,2,2,1,5,3,0
chr8,81060001,81160000,2,3,3,3,0,0
chr8,81160001,81260000,3,3,1,2,2,0
chr8,81260001,81360000,5,3,0,2,2,0
chr8,81360001,81460000,7,2,1,7,2,1
chr8,81460001,81560000,7,3,2,5,0,0
chr8,81560001,81660000,2,3,2,4,0,0
chr8,81660001,81760000,2,3,3,4,0,1
chr8,81760001,81860000,3,6,0,1,2,0
chr8,81860001,81960000,2,2,2,3,2,1
chr8,81960001,82060000,6,4,2,4,1,1
chr8,82060001,82160000,3,7,1,4,2,1
chr8,82160001,82260000,4,2,3,4,3,0
chr8,82260001,82360000,5,1,8,6,3,3
chr8,82360001,82460000,5,0,2,2,2,1
chr8,82460001,82560000,0,8,1,4,2,2
chr8,82560001,82660000,7,3,1,4,2,1
chr8,82660001,82780000,10,3,1,4,1,2
chr8,82780001,82880000,6,6,4,7,1,0
chr8,82880001,82980000,2,6,2,10,2,0
chr8,82980001,83080000,2,4,1,8,5,3
chr8,83080001,83180000,5,9,5,15,4,1
chr8,83180001,83280000,9,8,2,7,3,1
chr8,83280001,83380000,6,10,1,8,3,4
chr8,83380001,83480000,3,9,4,10,8,0
chr8,83480001,83580000,6,9,4,20,9,1
chr8,83580001,83680000,9,4,5,14,2,1
chr8,83680001,83780000,8,3,5,20,6,1
chr8,83780001,83880000,6,11,5,11,4,1
chr8,83880001,83980000,9,10,7,13,6,2
chr8,83980001,84080000,8,3,8,14,6,1
chr8,84080001,84180000,2,10,3,12,3,5
chr8,84180001,84280000,7,14,4,14,3,3
chr8,84280001,84380000,6,9,8,20,3,7
chr8,84380001,84480000,5,8,3,13,1,0
chr8,84480001,84580000,4,11,7,10,3,2
chr8,84580001,84680000,8,14,10,19,3,1
chr8,84680001,84780000,4,9,4,12,6,1
chr8,84780001,84880000,6,15,6,17,3,2
chr8,84880001,84980000,6,8,6,10,2,3
chr8,84980001,85080000,9,12,8,12,4,3
chr8,85080001,85180000,8,15,7,6,4,0
chr8,85180001,85280000,2,10,8,6,0,1
chr8,85280001,85380000,5,8,6,6,3,1
chr8,85380001,85480000,6,16,7,11,7,3
chr8,85480001,85580000,2,7,5,11,3,2
chr8,85580001,85680000,5,13,1,12,2,0
chr8,85680001,85780000,2,9,4,13,4,4
chr8,85780001,85880000,4,4,7,17,2,0
chr8,85880001,85980000,1,5,3,5,1,2
chr8,85980001,86080000,6,5,1,3,2,1
chr8,86080001,86180000,1,4,2,5,6,1
chr8,86180001,86280000,2,3,2,5,3,1
chr8,86280001,86380000,2,1,2,2,3,1
chr8,86380001,86480000,4,2,2,3,3,0
chr8,86480001,86880000,5,2,4,2,2,0
chr8,86880001,86980000,1,4,1,10,3,1
chr8,86980001,87080000,7,7,5,7,5,1
chr8,87080001,87180000,5,3,3,4,3,2
chr8,87180001,87280000,5,8,2,5,1,0
chr8,87280001,87380000,4,9,3,1,4,1
chr8,87380001,87480000,7,6,1,3,3,2
chr8,87480001,87580000,5,4,2,1,2,2
chr8,87580001,87680000,5,8,1,8,2,3
chr8,87680001,87780000,5,6,3,8,2,2
chr8,87780001,87880000,4,9,4,9,2,2
chr8,87880001,87980000,6,11,9,10,5,2
chr8,87980001,88080000,3,8,6,13,6,2
chr8,88080001,88180000,9,13,5,9,4,0
chr8,88180001,88280000,10,4,11,8,10,1
chr8,88280001,88380000,3,14,4,18,11,0
chr8,88380001,88480000,8,13,9,14,3,3
chr8,88480001,88580000,2,9,9,13,3,1
chr8,88580001,88680000,2,14,6,9,5,2
chr8,88680001,88780000,4,8,3,9,2,2
chr8,88780001,88880000,3,12,12,8,7,3
chr8,88880001,88980000,4,14,10,12,9,0
chr8,88980001,89080000,4,14,7,15,2,0
chr8,89080001,89180000,1,11,9,14,7,3
chr8,89180001,89280000,5,10,8,11,1,0
chr8,89280001,89380000,7,12,5,11,6,3
chr8,89380001,89480000,4,12,8,7,6,2
chr8,89480001,89580000,6,21,1,14,7,0
chr8,89580001,89680000,2,7,4,22,3,1
chr8,89680001,89780000,5,4,7,17,3,1
chr8,89780001,89880000,5,9,9,11,5,1
chr8,89880001,89980000,7,9,7,16,1,4
chr8,89980001,90080000,7,9,4,7,3,0
chr8,90080001,90180000,3,12,10,10,4,2
chr8,90180001,90280000,9,13,5,7,3,1
chr8,90280001,90380000,7,13,4,11,1,0
chr8,90380001,90480000,5,2,4,12,3,1
chr8,90480001,90580000,11,3,4,6,4,0
chr8,90580001,90680000,3,2,3,7,0,0
chr8,90680001,90780000,4,2,3,5,3,1
chr8,90780001,90880000,4,1,2,1,0,1
chr8,90880001,90980000,6,2,3,2,1,0
chr8,90980001,91080000,3,2,0,2,1,1
chr8,91080001,91180000,5,3,2,8,2,0
chr8,91180001,91280000,3,4,7,14,3,1
chr8,91280001,91380000,6,6,2,8,3,1
chr8,91380001,91480000,4,5,3,11,4,2
chr8,91480001,91580000,4,4,4,10,3,0
chr8,91580001,91680000,8,3,2,10,6,1
chr8,91680001,91780000,2,2,5,9,3,0
chr8,91780001,91880000,5,5,2,5,3,0
chr8,91880001,91980000,3,3,7,15,4,2
chr8,91980001,92080000,5,4,6,4,2,1
chr8,92080001,92180000,6,4,1,7,1,0
chr8,92180001,92280000,7,3,3,12,2,2
chr8,92280001,92380000,6,5,5,8,0,3
chr8,92380001,92480000,5,3,2,9,3,2
chr8,92480001,92580000,8,4,4,13,3,1
chr8,92580001,92680000,11,12,7,7,4,2
chr8,92680001,92780000,8,7,2,12,5,3
chr8,92780001,92880000,11,10,3,17,5,4
chr8,92880001,92980000,9,15,8,6,3,1
chr8,92980001,93080000,6,5,4,12,6,2
chr8,93080001,93180000,4,9,4,9,8,3
chr8,93180001,93280000,5,2,5,11,3,0
chr8,93280001,93380000,8,10,6,19,2,4
chr8,93380001,93480000,4,11,5,8,4,1
chr8,93480001,93580000,7,10,4,16,2,2
chr8,93580001,93680000,6,6,4,20,0,2
chr8,93680001,93780000,8,3,7,9,0,4
chr8,93780001,93880000,5,5,3,10,3,2
chr8,93880001,93980000,2,4,2,5,2,1
chr8,93980001,94080000,5,8,1,5,1,3
chr8,94080001,94180000,3,3,3,7,3,1
chr8,94180001,94280000,7,7,6,8,2,1
chr8,94280001,94380000,4,3,3,7,2,2
chr8,94380001,94480000,5,0,3,8,1,2
chr8,94480001,94580000,8,8,1,6,1,2
chr8,94580001,94680000,7,5,2,3,2,1
chr8,94680001,94780000,3,2,1,0,2,2
chr8,94780001,94880000,6,0,1,3,2,2
chr8,94880001,94980000,4,4,4,1,3,0
chr8,94980001,95080000,2,4,2,2,2,0
chr8,95080001,95180000,9,0,2,3,2,1
chr8,95180001,95280000,2,3,4,3,4,1
chr8,95280001,95380000,3,1,3,3,2,0
chr8,95380001,95480000,4,3,1,1,2,2
chr8,95480001,95580000,2,4,2,2,1,3
chr8,95580001,95680000,1,1,0,2,1,1
chr8,95680001,95780000,5,2,1,0,2,2
chr8,95780001,95880000,5,2,0,3,2,2
chr8,95880001,95980000,3,0,2,4,0,1
chr8,95980001,96080000,9,1,2,2,2,2
chr8,96080001,96180000,5,1,2,3,3,0
chr8,96180001,96280000,5,4,1,4,1,0
chr8,96280001,96380000,6,3,2,3,4,0
chr8,96380001,96480000,3,7,2,9,2,0
chr8,96480001,96580000,4,1,4,7,3,3
chr8,96580001,96680000,8,2,4,13,0,1
chr8,96680001,96780000,4,6,3,8,5,4
chr8,96780001,96880000,7,5,3,9,3,1
chr8,96880001,96980000,8,2,2,11,2,1
chr8,96980001,97080000,8,12,1,9,5,2
chr8,97080001,97180000,7,10,5,6,1,1
chr8,97180001,97280000,2,3,1,8,6,1
chr8,97280001,97380000,3,1,0,2,0,1
chr8,97380001,97480000,4,6,2,2,2,2
chr8,97480001,97580000,2,2,0,5,5,2
chr8,97580001,97680000,2,4,5,7,7,2
chr8,97680001,97780000,4,5,2,9,2,0
chr8,97780001,97880000,4,2,4,6,8,0
chr8,97880001,97980000,6,2,7,9,2,1
chr8,97980001,98080000,4,1,4,7,2,2
chr8,98080001,98180000,5,1,4,6,4,4
chr8,98180001,98280000,5,3,1,5,3,1
chr8,98280001,98380000,7,2,1,11,2,0
chr8,98380001,98480000,4,8,4,9,5,0
chr8,98480001,98580000,7,5,3,7,2,2
chr8,98580001,98680000,9,3,1,3,2,1
chr8,98680001,98780000,3,2,1,4,2,1
chr8,98780001,98880000,2,2,0,0,4,2
chr8,98880001,98980000,7,2,1,2,0,0
chr8,98980001,99080000,5,3,0,2,3,1
chr8,99080001,99180000,3,0,0,2,2,0
chr8,99180001,99280000,1,4,1,2,3,1
chr8,99280001,99380000,5,1,1,4,1,0
chr8,99380001,99480000,8,2,0,5,1,0
chr8,99480001,99580000,4,0,0,3,2,2
chr8,99580001,99680000,5,1,1,8,1,2
chr8,99680001,99780000,3,1,2,2,1,2
chr8,99780001,99880000,5,1,3,2,1,1
chr8,99880001,99980000,3,5,2,4,0,1
chr8,99980001,100080000,6,1,3,4,1,0
chr8,100080001,100180000,5,1,3,3,1,2
chr8,100180001,100280000,7,2,2,7,1,0
chr8,100280001,100380000,8,4,1,5,1,1
chr8,100380001,100480000,2,5,1,5,3,3
chr8,100480001,100590000,7,3,3,4,1,1
chr8,100590001,100690000,5,2,0,4,3,1
chr8,100690001,100790000,4,2,1,4,5,2
chr8,100790001,100890000,0,2,1,4,3,1
chr8,100890001,100990000,4,3,4,6,1,1
chr8,100990001,101090000,5,3,6,5,2,2
chr8,101090001,101190000,3,3,3,3,6,0
chr8,101190001,101290000,5,1,0,2,3,0
chr8,101290001,101390000,5,3,1,3,3,2
chr8,101390001,101490000,6,0,1,2,0,1
chr8,101490001,101590000,2,2,4,3,1,0
chr8,101590001,101690000,5,3,2,3,1,2
chr8,101690001,101790000,3,0,0,2,4,0
chr8,101790001,101890000,4,5,3,3,1,0
chr8,101890001,101990000,3,2,2,3,5,1
chr8,101990001,102090000,2,1,1,2,2,0
chr8,102090001,102190000,7,0,0,2,6,2
chr8,102190001,102290000,4,2,0,2,1,2
chr8,102290001,102390000,1,1,2,2,0,1
chr8,102390001,102490000,0,3,1,2,1,0
chr8,102490001,102590000,6,1,0,4,5,1
chr8,102590001,102690000,11,3,1,3,1,0
chr8,102690001,102790000,7,4,2,4,3,0
chr8,102790001,102890000,3,4,2,3,0,1
chr8,102890001,102990000,3,5,4,4,2,1
chr8,102990001,103090000,2,1,0,8,3,0
chr8,103090001,103190000,2,3,2,4,2,2
chr8,103190001,103290000,3,4,3,1,1,1
chr8,103290001,103390000,5,0,2,3,1,2
chr8,103390001,103490000,3,2,4,0,2,0
chr8,103490001,103590000,8,4,3,1,3,0
chr8,103590001,103690000,6,3,0,2,2,1
chr8,103690001,103790000,1,0,0,5,0,0
chr8,103790001,103890000,4,0,3,2,4,2
chr8,103890001,103990000,0,1,1,2,1,0
chr8,103990001,104090000,6,2,0,2,1,2
chr8,104090001,104190000,5,2,1,4,1,1
chr8,104190001,104290000,2,0,4,3,1,0
chr8,104290001,104390000,6,6,0,6,1,1
chr8,104390001,104490000,3,2,2,4,2,3
chr8,104490001,104590000,5,4,6,7,4,2
chr8,104590001,104690000,5,9,4,13,1,2
chr8,104690001,104790000,5,6,3,15,0,1
chr8,104810001,104910000,3,5,3,10,3,2
chr8,104910001,105010000,3,5,8,17,2,0
chr8,105010001,105110000,8,7,3,8,3,0
chr8,105110001,105210000,4,5,5,13,5,4
chr8,105210001,105310000,7,12,2,17,0,3
chr8,105310001,105410000,4,1,0,6,1,0
chr8,105410001,105510000,2,7,5,12,1,1
chr8,105510001,105610000,3,2,2,16,2,1
chr8,105610001,105710000,6,10,1,6,2,1
chr8,105710001,105810000,7,3,9,5,2,0
chr8,105810001,105910000,7,7,2,12,3,4
chr8,105910001,106010000,7,6,3,11,1,3
chr8,106010001,106110000,8,7,4,16,2,1
chr8,106110001,106210000,8,5,5,13,6,0
chr8,106210001,106310000,9,6,8,14,5,1
chr8,106310001,106410000,9,6,7,10,2,2
chr8,106410001,106510000,13,7,7,13,4,3
chr8,106510001,106610000,7,7,5,5,5,2
chr8,106610001,106710000,7,4,3,12,4,5
chr8,106710001,106820000,5,7,4,10,1,0
chr8,106820001,106920000,6,10,3,5,5,3
chr8,106920001,107020000,2,2,5,7,4,1
chr8,107020001,107120000,3,3,4,11,4,1
chr8,107120001,107220000,7,3,2,9,2,0
chr8,107220001,107320000,5,5,3,11,3,0
chr8,107320001,107420000,5,2,3,9,3,2
chr8,107420001,107520000,6,1,4,4,2,0
chr8,107520001,107620000,5,1,4,8,1,0
chr8,107620001,107720000,4,4,2,4,1,1
chr8,107720001,107820000,3,4,2,7,1,0
chr8,107820001,107920000,2,2,2,7,5,1
chr8,107920001,108020000,2,6,1,7,3,2
chr8,108020001,108120000,2,3,2,13,2,3
chr8,108120001,108220000,4,6,3,7,0,2
chr8,108220001,108320000,8,4,3,14,2,2
chr8,108320001,108420000,7,2,5,12,0,8
chr8,108420001,108520000,6,2,5,11,0,3
chr8,108520001,108620000,6,6,2,8,0,3
chr8,108620001,108720000,3,6,8,12,4,0
chr8,108720001,108820000,4,6,5,9,3,1
chr8,108820001,108920000,3,5,3,6,2,0
chr8,108920001,109020000,7,2,5,11,3,0
chr8,109020001,109120000,8,4,2,5,2,2
chr8,109120001,109220000,7,3,6,10,7,1
chr8,109220001,109320000,10,5,3,4,6,4
chr8,109320001,109420000,6,3,3,10,1,1
chr8,109420001,109520000,2,2,2,3,3,1
chr8,109520001,109620000,8,4,2,11,3,2
chr8,109620001,109720000,4,2,3,5,3,1
chr8,109720001,109820000,8,2,2,12,4,0
chr8,109820001,109920000,11,4,2,6,3,1
chr8,109920001,110020000,4,5,3,7,1,1
chr8,110020001,110120000,7,4,1,15,3,1
chr8,110120001,110220000,6,7,1,4,1,2
chr8,110220001,110320000,2,8,2,10,1,1
chr8,110320001,110420000,9,2,2,4,2,0
chr8,110420001,110520000,6,5,0,10,0,6
chr8,110520001,110620000,9,4,2,5,3,1
chr8,110620001,110720000,7,6,1,6,2,3
chr8,110720001,110820000,9,7,5,5,2,0
chr8,110820001,110920000,12,10,2,16,0,2
chr8,110920001,111020000,10,8,2,11,4,2
chr8,111020001,111120000,11,6,0,14,4,1
chr8,111120001,111220000,11,11,3,19,5,2
chr8,111220001,111320000,7,8,4,15,2,3
chr8,111320001,111420000,5,11,7,24,3,4
chr8,111420001,111520000,9,5,6,18,9,2
chr8,111520001,111620000,10,4,1,24,4,4
chr8,111620001,111720000,7,16,6,16,5,3
chr8,111720001,111820000,11,14,4,16,6,4
chr8,111820001,111920000,4,15,8,11,5,1
chr8,111920001,112020000,4,11,0,12,6,1
chr8,112020001,112120000,11,12,4,22,0,1
chr8,112120001,112220000,7,12,2,12,2,4
chr8,112220001,112320000,4,16,5,18,4,1
chr8,112320001,112420000,13,13,3,15,9,4
chr8,112420001,112520000,9,13,8,28,8,1
chr8,112520001,112620000,15,17,8,13,8,1
chr8,112620001,112720000,10,16,5,14,4,5
chr8,112720001,112820000,3,15,4,19,3,4
chr8,112820001,112920000,11,12,3,18,4,3
chr8,112920001,113020000,4,12,4,21,7,3
chr8,113020001,113120000,7,24,6,16,7,0
chr8,113120001,113220000,7,11,5,15,7,1
chr8,113220001,113320000,6,15,7,14,4,2
chr8,113320001,113420000,9,9,7,13,5,2
chr8,113420001,113520000,8,10,7,10,7,1
chr8,113520001,113620000,6,13,7,12,3,6
chr8,113620001,113720000,10,10,7,15,6,4
chr8,113720001,113820000,4,8,4,12,5,7
chr8,113820001,113920000,9,9,5,13,6,4
chr8,113920001,114020000,6,4,5,18,5,3
chr8,114020001,114120000,8,14,11,13,5,0
chr8,114120001,114220000,6,13,14,13,9,4
chr8,114220001,114320000,6,14,7,14,4,3
chr8,114320001,114420000,7,17,6,9,13,2
chr8,114420001,114520000,6,13,7,11,8,3
chr8,114520001,114620000,5,12,6,17,9,2
chr8,114620001,114720000,4,7,5,18,6,5
chr8,114720001,114820000,4,12,10,23,4,3
chr8,114820001,114920000,8,18,10,19,10,1
chr8,114920001,115020000,9,14,7,15,5,2
chr8,115020001,115120000,9,9,12,20,5,3
chr8,115120001,115220000,12,9,7,21,4,2
chr8,115220001,115320000,5,20,5,18,3,7
chr8,115320001,115420000,12,8,9,15,7,3
chr8,115420001,115520000,6,11,14,13,6,4
chr8,115520001,115620000,2,8,7,25,4,3
chr8,115620001,115720000,7,10,10,16,8,3
chr8,115720001,115820000,3,6,8,13,5,0
chr8,115820001,115920000,6,13,10,12,1,3
chr8,115920001,116020000,4,4,4,13,5,0
chr8,116020001,116120000,1,3,6,10,4,2
chr8,116120001,116220000,4,6,9,11,1,2
chr8,116220001,116320000,4,7,5,8,3,2
chr8,116320001,116420000,8,4,8,8,2,2
chr8,116420001,116520000,22,4,7,11,3,1
chr8,116520001,116620000,15,2,9,11,1,0
chr8,116620001,116720000,22,5,7,6,2,0
chr8,116720001,116820000,3,9,7,8,1,3
chr8,116820001,116920000,4,5,4,6,5,2
chr8,116920001,117020000,11,6,4,4,5,2
chr8,117020001,117120000,7,4,10,11,2,0
chr8,117120001,117220000,6,4,2,10,4,1
chr8,117220001,117320000,0,1,4,11,3,1
chr8,117320001,117420000,4,5,3,8,1,1
chr8,117420001,117520000,1,4,5,7,4,6
chr8,117520001,117620000,4,5,8,10,1,0
chr8,117620001,117720000,5,7,2,1,2,0
chr8,117720001,117820000,7,2,0,2,3,0
chr8,117820001,117920000,9,1,3,10,2,1
chr8,117920001,118020000,5,3,0,5,2,1
chr8,118020001,118120000,7,6,3,10,2,2
chr8,118120001,118220000,7,5,3,9,4,2
chr8,118220001,118320000,2,5,3,5,0,1
chr8,118320001,118420000,5,2,2,4,3,1
chr8,118420001,118520000,6,3,5,8,8,1
chr8,118520001,118620000,3,4,2,1,2,0
chr8,118620001,118720000,3,5,1,1,3,0
chr8,118720001,118820000,5,1,3,3,2,2
chr8,118820001,118920000,1,1,1,3,0,1
chr8,118920001,119020000,7,4,3,3,1,1
chr8,119020001,119120000,6,6,3,2,1,1
chr8,119120001,119220000,3,4,1,4,1,1
chr8,119220001,119320000,4,2,2,4,1,4
chr8,119320001,119420000,9,0,0,1,4,5
chr8,119420001,119520000,4,3,0,2,1,1
chr8,119520001,119620000,1,2,1,6,1,2
chr8,119620001,119720000,3,1,5,1,3,1
chr8,119720001,119820000,4,1,2,5,3,0
chr8,119820001,119920000,1,2,0,7,5,0
chr8,119920001,120020000,4,1,1,3,3,0
chr8,120020001,120120000,4,2,2,3,1,0
chr8,120120001,120220000,6,2,3,4,1,2
chr8,120220001,120320000,1,0,0,4,2,1
chr8,120320001,120420000,7,4,6,5,1,1
chr8,120420001,120520000,7,7,4,3,1,0
chr8,120520001,120620000,3,2,4,5,0,0
chr8,120620001,120720000,8,4,1,5,2,1
chr8,120720001,120820000,8,1,5,5,2,1
chr8,120820001,120920000,1,2,5,4,1,2
chr8,120920001,121020000,3,1,2,1,1,1
chr8,121020001,121120000,2,2,2,4,7,4
chr8,121120001,121220000,6,4,2,9,1,1
chr8,121220001,121320000,6,0,4,6,2,0
chr8,121320001,121420000,3,3,2,4,2,4
chr8,121420001,121520000,8,0,5,3,3,0
chr8,121520001,121620000,4,2,0,3,2,1
chr8,121620001,121720000,2,2,1,3,5,1
chr8,121720001,121820000,5,2,0,5,4,1
chr8,121820001,121920000,5,4,2,5,1,1
chr8,121920001,122020000,3,2,5,2,1,1
chr8,122020001,122120000,2,4,3,4,2,2
chr8,122120001,122220000,5,4,1,5,0,1
chr8,122220001,122320000,4,4,1,7,2,1
chr8,122320001,122420000,10,2,3,3,2,0
chr8,122420001,122520000,2,2,1,4,2,0
chr8,122520001,122620000,4,3,1,3,1,1
chr8,122620001,122720000,4,1,0,1,0,3
chr8,122720001,122820000,7,7,3,2,2,2
chr8,122820001,122920000,3,1,6,1,2,0
chr8,122920001,123020000,7,2,4,4,1,0
chr8,123020001,123120000,8,2,1,4,2,2
chr8,123120001,123220000,11,6,5,4,3,1
chr8,123220001,123320000,4,3,3,6,3,0
chr8,123320001,123420000,5,4,3,6,1,0
chr8,123420001,123520000,2,4,4,5,0,1
chr8,123520001,123620000,10,6,2,7,2,2
chr8,123620001,123720000,1,1,4,6,2,1
chr8,123720001,123820000,9,4,3,6,0,0
chr8,123820001,123920000,2,3,0,1,0,1
chr8,123920001,124020000,3,2,2,2,0,1
chr8,124020001,124120000,7,1,1,6,1,0
chr8,124120001,124220000,6,4,2,2,2,0
chr8,124220001,124320000,4,0,5,3,5,1
chr8,124320001,124420000,4,0,5,3,1,1
chr8,124420001,124520000,4,2,2,4,1,1
chr8,124520001,124620000,3,1,1,2,3,0
chr8,124620001,124720000,4,1,1,2,1,0
chr8,124720001,124820000,1,2,2,2,1,1
chr8,124820001,124920000,4,3,4,2,3,1
chr8,124920001,125020000,1,2,1,2,3,1
chr8,125020001,125120000,5,4,7,0,3,1
chr8,125120001,125220000,5,2,0,4,1,4
chr8,125220001,125320000,2,1,0,2,0,1
chr8,125320001,125420000,3,3,2,5,4,1
chr8,125420001,125520000,2,0,5,1,1,1
chr8,125520001,125620000,1,4,1,6,1,2
chr8,125620001,125720000,4,0,1,1,2,1
chr8,125720001,125820000,2,3,2,5,3,0
chr8,125820001,125920000,1,4,1,3,0,3
chr8,125920001,126020000,1,1,4,6,1,0
chr8,126020001,126120000,5,1,0,2,3,0
chr8,126120001,126220000,11,3,1,5,2,2
chr8,126220001,126320000,4,5,0,1,4,0
chr8,126320001,126420000,7,3,2,1,2,0
chr8,126420001,126520000,5,4,0,2,3,1
chr8,126520001,126620000,3,1,1,3,1,0
chr8,126620001,126720000,4,3,0,2,0,1
chr8,126720001,126820000,0,6,3,4,1,1
chr8,126820001,126920000,8,5,6,9,8,3
chr8,126920001,127020000,14,5,5,8,1,1
chr8,127020001,127120000,3,4,3,5,2,2
chr8,127120001,127220000,4,6,5,7,5,2
chr8,127220001,127320000,9,2,1,6,2,1
chr8,127340001,127440000,7,5,6,7,1,0
chr8,127440001,127540000,4,6,4,5,2,3
chr8,127540001,127640000,1,3,0,8,1,0
chr8,127640001,127740000,0,7,5,5,0,2
chr8,127740001,127840000,5,2,1,4,1,1
chr8,127840001,127940000,6,2,1,5,3,1
chr8,127940001,128040000,3,2,0,0,2,0
chr8,128040001,128140000,3,2,1,4,2,2
chr8,128140001,128240000,6,2,2,4,2,0
chr8,128240001,128340000,5,0,0,7,2,1
chr8,128340001,128440000,2,1,3,1,2,0
chr8,128440001,128540000,1,2,2,4,0,0
chr8,128540001,128640000,7,5,2,1,4,1
chr8,128640001,128740000,6,3,2,1,2,1
chr8,128740001,128840000,8,1,2,3,1,2
chr8,128840001,128940000,5,3,1,0,4,1
chr8,128940001,129040000,3,1,0,4,0,1
chr8,129040001,129140000,3,3,4,1,2,1
chr8,129140001,129240000,4,1,3,5,2,0
chr8,129240001,129340000,7,2,0,5,2,2
chr8,129340001,129440000,8,3,1,5,2,0
chr8,129440001,129540000,5,3,2,5,1,0
chr8,129540001,129640000,8,0,0,3,1,0
chr8,129640001,129740000,3,1,4,2,2,1
chr8,129740001,129840000,4,1,1,5,4,1
chr8,129840001,129940000,5,1,4,7,4,1
chr8,129940001,130040000,6,1,0,11,2,2
chr8,130040001,130140000,9,6,1,6,6,2
chr8,130140001,130240000,5,5,2,9,2,1
chr8,130240001,130340000,6,2,5,4,3,0
chr8,130340001,130440000,3,4,3,15,2,2
chr8,130440001,130540000,5,4,5,7,4,0
chr8,130540001,130640000,3,6,3,6,3,2
chr8,130640001,130740000,0,3,4,8,3,0
chr8,130740001,130840000,5,1,2,4,4,1
chr8,130840001,130940000,3,2,4,2,3,2
chr8,130940001,131040000,4,6,2,3,2,0
chr8,131040001,131140000,3,2,1,3,0,1
chr8,131140001,131240000,4,3,1,2,1,4
chr8,131240001,131340000,1,1,1,1,5,1
chr8,131340001,131440000,2,1,2,6,1,2
chr8,131440001,131540000,2,2,2,7,2,0
chr8,131540001,131640000,1,1,1,1,3,1
chr8,131640001,131740000,4,3,5,11,1,1
chr8,131740001,131840000,6,5,2,7,2,2
chr8,131840001,131940000,3,6,5,6,2,1
chr8,131940001,132040000,12,5,3,5,3,3
chr8,132040001,132140000,6,8,5,6,3,3
chr8,132140001,132240000,5,8,2,14,4,4
chr8,132240001,132340000,7,11,7,8,4,2
chr8,132340001,132440000,2,6,7,12,3,0
chr8,132440001,132540000,5,7,4,14,0,0
chr8,132540001,132640000,2,10,3,14,4,2
chr8,132640001,132740000,4,9,4,7,3,5
chr8,132740001,132840000,2,8,6,8,2,1
chr8,132840001,132940000,3,4,2,6,0,0
chr8,132940001,133040000,3,3,3,1,5,0
chr8,133040001,133140000,5,3,3,4,5,0
chr8,133140001,133240000,4,5,2,5,5,2
chr8,133240001,133340000,8,7,1,7,5,1
chr8,133340001,133440000,4,2,1,7,1,1
chr8,133440001,133540000,4,3,0,6,2,2
chr8,133540001,133640000,4,9,2,8,5,3
chr8,133640001,133740000,3,4,3,6,3,0
chr8,133740001,133840000,3,5,2,4,1,2
chr8,133840001,133940000,6,4,1,3,0,1
chr8,133940001,134040000,5,6,1,4,2,0
chr8,134040001,134140000,2,2,2,3,1,3
chr8,134140001,134240000,7,2,1,6,3,0
chr8,134240001,134340000,4,3,0,2,5,0
chr8,134340001,134440000,4,1,2,2,4,1
chr8,134440001,134540000,3,3,2,1,0,0
chr8,134540001,134640000,6,4,2,3,2,1
chr8,134640001,134740000,1,2,1,1,2,0
chr8,134740001,134840000,6,7,1,4,4,1
chr8,134840001,134940000,6,6,1,6,2,3
chr8,134940001,135040000,1,4,2,6,1,2
chr8,135040001,135140000,1,5,4,5,0,1
chr8,135140001,135240000,3,6,7,10,5,0
chr8,135240001,135340000,1,3,2,7,2,1
chr8,135340001,135440000,0,3,4,5,1,1
chr8,135440001,135540000,2,2,1,2,1,0
chr8,135540001,135640000,1,5,1,1,2,1
chr8,135640001,135740000,4,4,1,4,1,0
chr8,135740001,135840000,6,3,0,0,1,2
chr8,135840001,135940000,2,1,2,3,2,1
chr8,135940001,136040000,3,4,2,3,1,3
chr8,136040001,136140000,4,11,4,7,1,0
chr8,136140001,136240000,3,10,1,5,2,1
chr8,136240001,136340000,4,8,3,7,1,2
chr8,136340001,136440000,7,5,3,6,1,0
chr8,136440001,136540000,2,1,4,5,3,3
chr8,136540001,136640000,5,4,2,9,3,1
chr8,136640001,136740000,4,6,3,8,2,0
chr8,136740001,136840000,4,4,0,12,0,0
chr8,136840001,136940000,2,7,9,9,0,0
chr8,136940001,137040000,2,6,2,10,1,2
chr8,137040001,137140000,5,4,5,19,0,1
chr8,137140001,137240000,4,6,2,3,4,2
chr8,137240001,137340000,9,7,2,11,0,2
chr8,137340001,137440000,10,8,2,13,2,2
chr8,137440001,137540000,12,10,10,13,3,1
chr8,137540001,137640000,4,4,6,11,6,1
chr8,137640001,137740000,8,11,2,12,4,0
chr8,137740001,137840000,6,12,7,13,5,1
chr8,137840001,137940000,11,5,9,10,5,1
chr8,137940001,138040000,11,12,5,12,6,2
chr8,138040001,138140000,7,14,6,8,4,1
chr8,138140001,138240000,9,7,6,16,6,2
chr8,138240001,138340000,11,15,11,16,7,2
chr8,138340001,138440000,6,10,8,15,2,4
chr8,138440001,138540000,7,10,12,17,6,1
chr8,138540001,138640000,5,4,3,11,3,1
chr8,138640001,138740000,11,10,9,16,7,3
chr8,138740001,138840000,6,8,9,15,2,1
chr8,138840001,138940000,3,12,0,13,3,2
chr8,138940001,139040000,9,6,4,9,1,2
chr8,139040001,139140000,8,9,4,11,3,2
chr8,139140001,139240000,3,10,2,10,2,2
chr8,139240001,139340000,5,12,1,3,0,1
chr8,139340001,139440000,7,7,4,4,2,3
chr8,139440001,139540000,3,10,3,7,2,3
chr8,139540001,139640000,4,8,3,8,0,2
chr8,139640001,139740000,5,8,2,6,0,0
chr8,139740001,139840000,4,7,3,5,1,0
chr8,139840001,139940000,6,7,2,4,1,0
chr8,139940001,140040000,1,5,2,4,4,3
chr8,140040001,140140000,2,9,2,10,4,3
chr8,140140001,140240000,5,9,3,3,2,2
chr8,140240001,140340000,5,4,1,2,5,1
chr8,140340001,140440000,10,6,0,8,1,2
chr8,140440001,140540000,7,3,4,7,3,2
chr8,140540001,140640000,4,5,1,2,1,3
chr8,140640001,140740000,5,6,1,2,0,0
chr8,140740001,140840000,1,2,2,1,0,1
chr8,140840001,140940000,5,3,1,3,1,1
chr8,140940001,141040000,3,4,1,5,2,2
chr8,141040001,141140000,4,5,1,3,0,1
chr8,141140001,141240000,4,1,1,2,1,0
chr8,141240001,141340000,2,4,1,0,2,1
chr8,141340001,141440000,6,0,2,4,1,1
chr8,141440001,141540000,4,1,2,2,0,1
chr8,141540001,141640000,5,2,2,2,1,0
chr8,141640001,141740000,3,3,1,5,3,1
chr8,141740001,141840000,3,2,2,7,0,2
chr8,141840001,141940000,6,3,3,1,3,1
chr8,141940001,142040000,4,1,1,4,1,0
chr8,142040001,142140000,1,1,1,3,0,2
chr8,142140001,142240000,3,0,0,3,2,1
chr8,142240001,142340000,3,3,1,0,2,0
chr8,142340001,142440000,2,3,0,2,1,0
chr8,142440001,142550000,4,3,1,3,3,0
chr8,142550001,142650000,2,5,1,2,3,0
chr8,142650001,142750000,3,3,0,4,2,0
chr8,142750001,142850000,1,0,1,0,2,0
chr8,142850001,142950000,3,3,1,3,1,1
chr8,142950001,143050000,3,1,2,4,0,0
chr8,143050001,143150000,6,4,2,1,3,0
chr8,143150001,143250000,3,9,2,2,1,1
chr8,143250001,143350000,0,4,0,3,1,0
chr8,143350001,143450000,0,3,1,1,2,4
chr8,143450001,143550000,1,3,3,3,3,1
chr8,143550001,143650000,0,1,1,0,2,0
chr8,143650001,143750000,2,5,1,1,2,1
chr8,143750001,143850000,4,4,2,5,3,2
chr8,143850001,143950000,3,7,5,4,0,2
chr8,143950001,144050000,3,4,0,3,1,1
chr8,144050001,144150000,3,3,1,3,2,1
chr8,144150001,144250000,6,5,4,1,2,0
chr8,144250001,144350000,1,4,0,3,2,0
chr8,144350001,144450000,2,3,1,4,4,0
chr8,144450001,144550000,1,3,0,3,2,1
chr8,144550001,144650000,2,0,1,2,0,0
chr8,144650001,144770000,1,6,0,1,1,0
chr8,144770001,144870000,5,3,0,0,1,1
chr8,144870001,144970000,5,2,1,0,1,1
chr8,144970001,145070000,1,0,0,7,2,1
chr8,145070001,145170000,5,4,0,0,0,1
chr8,145170001,145270000,2,3,1,4,0,0
chr8,145270001,145370000,1,0,0,0,0,0
chr8,145370001,145470000,0,0,0,0,0,0
chr8,145470001,145570000,0,2,0,2,0,0
chr8,145570001,145670000,3,4,2,1,1,0
chr8,145670001,145770000,2,1,3,3,4,1
chr8,145770001,145870000,2,1,1,2,1,1
chr8,145870001,145970000,2,1,1,0,1,1
chr8,145970001,146070000,6,3,2,4,0,0
chr8,146070001,146170000,1,2,1,2,3,0
chr8,146170001,146270000,4,0,3,5,2,1
chr8,146270001,146364022,2,1,1,0,1,1
chr9,1,100000,2,1,2,3,2,0
chr9,100001,200000,3,2,0,3,2,0
chr9,200001,300000,5,1,1,4,1,0
chr9,300001,400000,4,1,3,1,2,1
chr9,400001,500000,4,0,1,2,2,1
chr9,500001,600000,3,1,1,2,1,0
chr9,600001,700000,4,0,4,1,0,1
chr9,700001,800000,1,1,3,1,0,2
chr9,800001,900000,3,1,3,4,1,1
chr9,900001,1000000,3,1,2,4,2,1
chr9,1000001,1100000,1,3,1,3,5,3
chr9,1100001,1200000,3,3,3,2,2,4
chr9,1200001,1300000,1,3,3,0,2,1
chr9,1300001,1400000,1,1,7,5,3,1
chr9,1400001,1500000,2,5,2,7,2,4
chr9,1500001,1600000,2,1,3,7,2,3
chr9,1600001,1700000,2,1,6,5,1,1
chr9,1700001,1800000,2,2,2,2,1,2
chr9,1800001,1900000,3,5,2,5,2,0
chr9,1900001,2000000,1,2,4,0,3,1
chr9,2000001,2100000,4,2,2,6,1,0
chr9,2100001,2200000,1,3,2,1,0,0
chr9,2200001,2300000,3,2,0,1,0,0
chr9,2300001,2400000,4,1,3,6,2,1
chr9,2400001,2500000,0,2,5,4,1,1
chr9,2500001,2600000,1,3,0,7,3,0
chr9,2600001,2700000,2,2,0,2,0,0
chr9,2700001,2800000,1,2,4,3,3,0
chr9,2800001,2900000,2,1,3,5,3,0
chr9,2900001,3000000,3,1,5,4,2,0
chr9,3000001,3100000,2,3,5,4,1,0
chr9,3100001,3200000,3,1,3,4,3,0
chr9,3200001,3300000,5,2,1,4,2,1
chr9,3300001,3400000,1,1,3,3,3,1
chr9,3400001,3500000,3,2,3,1,4,0
chr9,3500001,3600000,2,0,5,5,2,1
chr9,3600001,3700000,4,2,4,5,1,0
chr9,3700001,3800000,4,2,0,4,1,2
chr9,3800001,3900000,6,2,1,1,2,0
chr9,3900001,4000000,3,0,3,3,1,0
chr9,4000001,4100000,8,2,1,2,0,1
chr9,4100001,4200000,2,0,1,1,1,1
chr9,4200001,4300000,0,1,3,1,0,0
chr9,4300001,4400000,3,3,1,2,1,0
chr9,4400001,4500000,4,2,1,2,2,0
chr9,4500001,4600000,2,0,0,1,2,0
chr9,4600001,4700000,2,1,2,2,1,0
chr9,4700001,4800000,2,1,0,3,2,0
chr9,4800001,4900000,4,0,2,0,2,0
chr9,4900001,5000000,2,2,1,1,0,1
chr9,5000001,5100000,0,1,1,2,0,4
chr9,5100001,5200000,4,1,6,4,1,1
chr9,5200001,5300000,1,3,6,5,1,1
chr9,5300001,5400000,2,5,2,6,1,0
chr9,5400001,5500000,3,4,3,2,3,0
chr9,5500001,5600000,0,1,3,1,0,0
chr9,5600001,5700000,3,3,4,2,0,1
chr9,5700001,5800000,1,0,2,1,0,1
chr9,5800001,5900000,3,0,2,1,1,1
chr9,5900001,6000000,4,2,3,2,3,1
chr9,6000001,6100000,7,2,0,2,1,1
chr9,6100001,6200000,2,0,2,2,2,1
chr9,6200001,6300000,3,0,7,1,3,1
chr9,6300001,6400000,2,3,3,3,2,0
chr9,6400001,6500000,2,0,3,1,0,0
chr9,6500001,6610000,4,1,4,1,1,1
chr9,6610001,6710000,2,2,1,4,0,0
chr9,6710001,6810000,1,2,2,1,3,0
chr9,6810001,6910000,1,2,1,2,2,0
chr9,6910001,7010000,2,1,3,4,2,0
chr9,7010001,7110000,0,3,4,3,0,1
chr9,7110001,7210000,1,3,1,1,3,2
chr9,7210001,7310000,4,3,2,1,2,1
chr9,7310001,7410000,2,6,2,3,3,0
chr9,7410001,7510000,2,3,2,9,1,2
chr9,7510001,7610000,3,4,0,6,2,1
chr9,7610001,7710000,5,6,2,6,5,1
chr9,7710001,7810000,1,4,3,0,0,1
chr9,7810001,7910000,5,2,2,7,0,0
chr9,7910001,8010000,3,8,3,6,5,2
chr9,8010001,8110000,5,4,5,8,1,3
chr9,8110001,8210000,4,7,3,7,0,0
chr9,8210001,8310000,3,5,1,7,3,1
chr9,8310001,8410000,2,7,1,3,2,1
chr9,8410001,8510000,4,3,2,5,3,3
chr9,8510001,8610000,5,3,4,10,3,0
chr9,8610001,8710000,2,5,2,10,5,3
chr9,8710001,8810000,3,2,2,7,1,0
chr9,8810001,8910000,1,0,4,4,1,2
chr9,8910001,9010000,5,3,5,14,3,1
chr9,9010001,9110000,2,2,1,10,6,1
chr9,9110001,9210000,7,4,3,8,8,2
chr9,9210001,9310000,6,5,1,7,3,1
chr9,9310001,9410000,9,6,5,7,5,1
chr9,9410001,9510000,3,4,5,5,5,0
chr9,9510001,9610000,0,6,2,6,2,2
chr9,9610001,9710000,3,7,3,12,5,0
chr9,9710001,9810000,5,3,6,5,8,0
chr9,9810001,9910000,6,3,2,8,5,2
chr9,9910001,10010000,8,2,3,8,3,2
chr9,10010001,10110000,2,6,4,10,3,1
chr9,10110001,10210000,3,3,7,11,6,1
chr9,10210001,10310000,8,3,6,5,6,1
chr9,10310001,10410000,6,4,8,5,2,0
chr9,10410001,10510000,6,9,3,4,1,0
chr9,10510001,10610000,5,4,6,5,5,1
chr9,10610001,10710000,2,4,5,2,3,0
chr9,10710001,10810000,1,7,6,7,6,0
chr9,10810001,10910000,3,11,5,7,4,0
chr9,10910001,11010000,6,4,3,5,3,1
chr9,11010001,11110000,4,4,6,9,3,0
chr9,11110001,11210000,8,7,12,7,7,0
chr9,11210001,11310000,2,7,5,9,7,0
chr9,11310001,11410000,3,8,9,9,4,1
chr9,11410001,11510000,8,9,5,10,3,1
chr9,11510001,11610000,3,3,1,8,1,0
chr9,11610001,11710000,5,8,8,11,11,1
chr9,11710001,11810000,4,2,4,7,4,0
chr9,11810001,11910000,3,6,7,8,6,1
chr9,11910001,12010000,8,5,5,11,8,0
chr9,12010001,12110000,4,3,6,12,3,2
chr9,12110001,12210000,4,8,2,8,4,2
chr9,12210001,12310000,2,4,2,1,3,2
chr9,12310001,12410000,3,6,5,5,1,1
chr9,12410001,12510000,6,7,6,11,4,0
chr9,12510001,12610000,4,4,3,5,4,1
chr9,12610001,12710000,6,3,5,6,1,4
chr9,12710001,12810000,4,4,1,2,3,1
chr9,12810001,12910000,2,5,3,5,1,1
chr9,12910001,13010000,4,5,1,1,0,0
chr9,13010001,13110000,1,0,1,8,3,0
chr9,13110001,13210000,1,3,7,9,3,0
chr9,13210001,13310000,1,1,5,8,1,0
chr9,13310001,13410000,2,6,3,4,1,2
chr9,13410001,13510000,6,2,6,7,1,0
chr9,13510001,13610000,4,3,3,4,1,0
chr9,13610001,13710000,3,2,2,2,1,2
chr9,13710001,13810000,5,3,4,4,0,1
chr9,13810001,13910000,0,0,2,2,2,1
chr9,13910001,14010000,4,3,2,3,4,1
chr9,14010001,14110000,2,1,2,4,4,1
chr9,14110001,14210000,5,2,5,3,4,2
chr9,14210001,14310000,9,2,3,4,5,1
chr9,14310001,14410000,7,1,7,1,2,0
chr9,14410001,14510000,4,3,3,1,2,1
chr9,14510001,14610000,2,5,0,3,0,0
chr9,14610001,14710000,3,2,2,5,1,1
chr9,14710001,14810000,1,1,2,5,0,0
chr9,14810001,14910000,4,2,3,3,2,0
chr9,14910001,15010000,2,4,5,10,0,0
chr9,15010001,15110000,1,5,2,0,3,0
chr9,15110001,15210000,1,0,1,4,1,0
chr9,15210001,15310000,2,3,3,1,2,0
chr9,15310001,15410000,1,3,3,3,0,1
chr9,15410001,15510000,1,2,1,1,1,0
chr9,15510001,15610000,3,1,7,3,1,0
chr9,15610001,15710000,5,3,2,2,2,0
chr9,15710001,15810000,4,1,3,3,4,0
chr9,15810001,15910000,7,1,3,3,1,0
chr9,15910001,16010000,3,0,4,3,3,0
chr9,16010001,16110000,1,1,5,3,3,1
chr9,16110001,16210000,1,1,2,2,0,1
chr9,16210001,16310000,6,2,2,3,2,0
chr9,16310001,16410000,0,4,1,6,0,0
chr9,16410001,16510000,6,1,4,9,2,0
chr9,16510001,16610000,7,3,8,10,3,2
chr9,16610001,16710000,5,3,8,15,2,2
chr9,16710001,16810000,8,2,1,8,2,0
chr9,16810001,16910000,3,1,2,6,2,1
chr9,16910001,17010000,4,4,0,2,0,1
chr9,17010001,17110000,5,2,5,5,2,2
chr9,17110001,17210000,9,7,2,8,2,0
chr9,17210001,17310000,4,0,2,6,0,1
chr9,17310001,17410000,1,2,3,3,2,2
chr9,17410001,17510000,2,1,6,5,3,1
chr9,17510001,17610000,2,1,4,1,2,0
chr9,17610001,17710000,5,7,3,9,5,0
chr9,17710001,17810000,4,1,0,8,1,3
chr9,17810001,17910000,0,4,3,5,4,0
chr9,17910001,18010000,3,2,2,7,2,0
chr9,18010001,18110000,2,3,4,9,4,0
chr9,18110001,18210000,5,3,1,7,3,0
chr9,18210001,18310000,2,3,3,4,1,1
chr9,18310001,18410000,5,0,2,8,4,0
chr9,18410001,18510000,4,1,2,5,1,0
chr9,18510001,18610000,5,4,4,8,3,1
chr9,18610001,18710000,0,1,5,6,1,0
chr9,18710001,18810000,2,3,1,1,1,1
chr9,18810001,18910000,2,5,0,1,1,0
chr9,18910001,19010000,2,1,0,2,1,1
chr9,19010001,19110000,0,1,3,1,4,2
chr9,19110001,19210000,4,2,2,1,2,1
chr9,19210001,19310000,3,0,5,2,1,0
chr9,19310001,19410000,4,2,2,4,3,1
chr9,19410001,19510000,3,1,1,4,1,0
chr9,19510001,19610000,3,0,4,0,1,0
chr9,19610001,19710000,3,6,1,3,1,1
chr9,19710001,19810000,4,5,3,6,5,0
chr9,19810001,19910000,3,6,4,17,2,1
chr9,19910001,20010000,1,5,5,3,2,1
chr9,20010001,20110000,1,0,1,4,3,2
chr9,20110001,20210000,2,3,2,7,3,0
chr9,20210001,20310000,5,3,1,5,0,2
chr9,20310001,20410000,1,0,0,1,1,2
chr9,20410001,20510000,4,3,2,3,2,1
chr9,20510001,20610000,0,1,9,3,8,2
chr9,20610001,20710000,3,0,3,2,1,0
chr9,20710001,20810000,2,0,0,3,4,0
chr9,20810001,20910000,6,1,2,0,1,1
chr9,20910001,21010000,3,3,0,1,1,0
chr9,21010001,21110000,1,0,4,3,1,0
chr9,21110001,21210000,4,5,5,6,3,1
chr9,21210001,21310000,4,2,3,3,1,0
chr9,21310001,21410000,3,1,8,4,3,0
chr9,21410001,21510000,2,2,5,4,3,1
chr9,21510001,21610000,3,1,5,3,4,0
chr9,21610001,21710000,1,2,1,2,1,1
chr9,21710001,21810000,1,0,0,1,0,1
chr9,21810001,21910000,2,1,0,2,5,0
chr9,21910001,22010000,6,8,3,8,1,1
chr9,22010001,22110000,3,0,6,2,2,0
chr9,22110001,22210000,1,1,3,2,7,1
chr9,22210001,22310000,4,3,5,2,3,1
chr9,22310001,22410000,1,3,4,8,0,0
chr9,22410001,22510000,3,2,4,2,1,1
chr9,22510001,22610000,2,6,2,4,1,4
chr9,22610001,22710000,6,3,4,8,1,1
chr9,22710001,22810000,4,1,5,4,1,1
chr9,22810001,22910000,1,4,4,9,2,1
chr9,22910001,23010000,6,5,6,6,3,1
chr9,23010001,23110000,0,4,2,4,1,0
chr9,23110001,23210000,2,9,6,10,1,1
chr9,23210001,23310000,10,2,6,9,3,1
chr9,23310001,23410000,4,4,5,8,2,1
chr9,23410001,23510000,4,6,7,13,4,1
chr9,23510001,23610000,2,1,3,4,2,1
chr9,23610001,23710000,1,4,3,9,2,0
chr9,23710001,23810000,5,1,5,6,1,0
chr9,23810001,23910000,6,1,5,7,3,0
chr9,23910001,24010000,5,9,8,14,5,3
chr9,24010001,24110000,7,8,4,11,3,0
chr9,24110001,24210000,2,12,2,10,5,5
chr9,24210001,24310000,5,2,3,5,5,0
chr9,24310001,24410000,6,7,3,15,2,4
chr9,24410001,24510000,3,7,9,15,2,5
chr9,24510001,24610000,4,11,5,9,3,4
chr9,24610001,24710000,1,14,2,11,5,2
chr9,24710001,24810000,7,5,9,13,4,1
chr9,24810001,24910000,6,11,6,8,2,0
chr9,24910001,25010000,2,9,5,12,1,3
chr9,25010001,25110000,2,5,12,7,2,0
chr9,25110001,25210000,0,7,7,20,2,2
chr9,25210001,25310000,2,10,4,8,3,0
chr9,25310001,25410000,1,5,7,6,2,1
chr9,25410001,25510000,2,4,10,14,4,0
chr9,25510001,25610000,5,2,5,6,1,0
chr9,25610001,25710000,0,3,7,7,4,2
chr9,25710001,25810000,4,6,7,13,3,0
chr9,25810001,25910000,6,9,5,2,4,0
chr9,25910001,26010000,4,3,4,12,4,0
chr9,26010001,26110000,4,10,9,9,3,2
chr9,26110001,26210000,3,8,6,6,1,2
chr9,26210001,26310000,2,4,12,11,2,3
chr9,26310001,26410000,0,3,3,5,4,0
chr9,26410001,26510000,4,5,4,5,3,1
chr9,26510001,26610000,1,10,7,8,1,1
chr9,26610001,26710000,3,9,8,7,2,0
chr9,26710001,26810000,1,7,4,6,1,1
chr9,26810001,26910000,5,4,1,1,3,3
chr9,26910001,27010000,0,2,2,4,3,0
chr9,27010001,27110000,0,5,1,4,3,1
chr9,27110001,27210000,5,5,0,2,3,0
chr9,27210001,27310000,4,4,5,1,4,1
chr9,27310001,27410000,3,3,0,2,1,0
chr9,27410001,27510000,1,0,2,5,3,2
chr9,27510001,27610000,2,5,1,0,1,2
chr9,27610001,27710000,5,2,3,5,1,2
chr9,27710001,27810000,2,2,3,5,2,2
chr9,27810001,27910000,4,7,3,3,3,1
chr9,27910001,28010000,2,5,7,1,1,0
chr9,28010001,28110000,7,4,4,6,4,0
chr9,28110001,28210000,5,5,1,7,2,0
chr9,28210001,28310000,3,3,4,8,3,0
chr9,28310001,28410000,2,1,7,10,4,1
chr9,28410001,28510000,2,2,4,6,2,0
chr9,28510001,28610000,4,8,14,8,5,3
chr9,28610001,28710000,5,7,7,8,2,3
chr9,28710001,28810000,2,4,3,6,2,2
chr9,28810001,28910000,5,5,3,6,4,0
chr9,28910001,29010000,2,2,6,4,4,0
chr9,29010001,29110000,7,6,4,5,3,0
chr9,29110001,29210000,5,12,7,7,6,0
chr9,29210001,29310000,6,3,5,7,3,2
chr9,29310001,29410000,8,3,9,11,6,1
chr9,29410001,29510000,2,8,5,7,4,2
chr9,29510001,29610000,7,10,3,5,3,3
chr9,29610001,29710000,3,8,9,8,9,1
chr9,29710001,29810000,8,6,6,11,5,0
chr9,29810001,29910000,4,2,6,16,2,0
chr9,29910001,30010000,5,4,3,10,4,1
chr9,30010001,30110000,3,4,6,8,2,1
chr9,30110001,30210000,5,6,3,8,8,0
chr9,30210001,30310000,8,7,6,9,5,0
chr9,30310001,30410000,3,8,3,13,7,0
chr9,30410001,30510000,5,9,9,17,6,4
chr9,30510001,30610000,3,3,5,8,5,3
chr9,30610001,30710000,5,8,9,9,4,2
chr9,30710001,30810000,6,3,5,6,3,1
chr9,30810001,30910000,4,4,6,8,6,1
chr9,30910001,31010000,7,4,4,2,1,0
chr9,31010001,31110000,3,4,9,11,3,0
chr9,31110001,31210000,4,5,3,6,2,1
chr9,31210001,31310000,4,3,5,6,2,2
chr9,31310001,31410000,3,8,6,4,2,1
chr9,31410001,31510000,3,4,5,5,4,0
chr9,31510001,31610000,1,3,8,6,5,0
chr9,31610001,31710000,3,5,3,7,2,1
chr9,31710001,31810000,3,4,10,5,5,0
chr9,31810001,31910000,3,4,2,10,3,0
chr9,31910001,32010000,2,4,4,8,5,2
chr9,32010001,32110000,6,5,6,7,3,1
chr9,32110001,32210000,6,4,8,11,3,0
chr9,32210001,32310000,5,5,3,4,3,1
chr9,32310001,32410000,5,2,0,3,2,1
chr9,32410001,32510000,3,2,1,1,0,0
chr9,32510001,32610000,4,2,5,1,3,0
chr9,32610001,32710000,5,4,5,5,4,0
chr9,32710001,32810000,2,4,7,6,5,0
chr9,32810001,32910000,3,5,5,5,1,1
chr9,32910001,33010000,2,2,2,4,1,1
chr9,33010001,33110000,2,1,1,2,3,4
chr9,33110001,33210000,5,2,0,0,5,0
chr9,33210001,33310000,1,2,1,2,0,1
chr9,33310001,33410000,0,1,1,1,2,0
chr9,33410001,33510000,2,0,1,2,0,0
chr9,33510001,33610000,4,2,3,3,3,0
chr9,33610001,33710000,1,3,1,4,2,0
chr9,33710001,33810000,2,2,1,2,4,0
chr9,33810001,33910000,0,2,0,3,4,0
chr9,33910001,34010000,2,3,1,1,1,0
chr9,34010001,34110000,1,3,0,3,1,1
chr9,34110001,34210000,1,2,3,3,3,1
chr9,34210001,34310000,0,0,2,1,3,0
chr9,34310001,34410000,2,0,3,0,0,0
chr9,34410001,34510000,3,1,1,1,0,1
chr9,34510001,34610000,4,0,2,4,2,0
chr9,34610001,34710000,2,1,0,0,1,0
chr9,34710001,34810000,2,2,2,4,0,1
chr9,34810001,34910000,5,0,7,1,1,2
chr9,34910001,35010000,2,2,2,1,1,0
chr9,35010001,35110000,1,1,0,0,3,1
chr9,35110001,35210000,2,3,0,6,2,2
chr9,35210001,35310000,2,0,1,2,1,0
chr9,35310001,35410000,3,2,1,4,1,0
chr9,35410001,35510000,1,2,0,2,1,0
chr9,35510001,35610000,5,0,3,2,0,0
chr9,35610001,35710000,2,1,1,3,0,0
chr9,35710001,35810000,2,0,2,1,2,2
chr9,35810001,35930000,4,2,1,3,2,2
chr9,35930001,36030000,1,0,1,3,1,1
chr9,36030001,36130000,3,1,2,4,1,1
chr9,36130001,36230000,4,2,1,3,3,1
chr9,36230001,36330000,1,1,1,1,1,1
chr9,36330001,36430000,3,1,3,0,1,1
chr9,36430001,36530000,1,0,3,2,0,1
chr9,36530001,36630000,1,1,1,3,2,0
chr9,36630001,36730000,2,6,1,6,0,0
chr9,36730001,36830000,4,1,2,3,1,0
chr9,36830001,36930000,3,2,1,1,1,0
chr9,36930001,37030000,4,4,0,5,1,0
chr9,37030001,37130000,2,2,2,0,1,2
chr9,37130001,37230000,3,1,0,3,3,0
chr9,37230001,37330000,2,2,1,3,0,1
chr9,37330001,37430000,3,1,3,2,1,0
chr9,37430001,37530000,4,1,1,0,2,0
chr9,37530001,37630000,5,5,2,2,1,1
chr9,37630001,37730000,0,1,2,9,1,1
chr9,37730001,37830000,3,4,4,3,3,0
chr9,37830001,37930000,3,1,1,2,0,0
chr9,37930001,38030000,1,0,1,3,1,0
chr9,38030001,38130000,3,3,2,1,1,0
chr9,38130001,38230000,3,1,2,2,1,1
chr9,38230001,38330000,2,1,1,3,0,1
chr9,38330001,38430000,6,2,1,1,3,0
chr9,38430001,38530000,1,3,3,2,2,1
chr9,38530001,38630000,2,2,0,1,1,0
chr9,38630001,38730000,2,4,1,4,2,1
chr9,38730001,38830000,0,4,5,6,2,0
chr9,38830001,38930000,0,1,0,0,1,0
chr9,38930001,39030000,0,0,3,1,0,0
chr9,39030001,39130000,1,1,0,2,4,0
chr9,39130001,39230000,2,1,1,1,0,0
chr9,39230001,39330000,0,0,0,0,0,0
chr9,39330001,39430000,0,0,0,0,0,0
chr9,39430001,39530000,0,0,0,0,0,0
chr9,39530001,39630000,0,0,0,0,0,1
chr9,39630001,39730000,0,0,0,0,0,0
chr9,39730001,39830000,0,2,0,1,0,0
chr9,39830001,39930000,0,0,0,0,0,1
chr9,39930001,40030000,0,0,0,0,0,0
chr9,40030001,40130000,1,0,0,0,0,0
chr9,40130001,40230000,0,0,0,0,1,0
chr9,40230001,40330000,0,1,2,0,0,0
chr9,40330001,40430000,0,0,0,0,1,0
chr9,40430001,40530000,0,1,0,1,0,0
chr9,40530001,40630000,2,5,3,3,2,0
chr9,40630001,40730000,0,0,1,4,0,1
chr9,40730001,43510000,2,2,2,6,0,2
chr9,43510001,43610000,1,5,2,2,1,1
chr9,43610001,44140000,1,7,0,4,1,0
chr9,44140001,44240000,7,5,3,5,1,1
chr9,44240001,44340000,1,1,2,3,2,0
chr9,44340001,44440000,0,0,0,2,0,0
chr9,44440001,44540000,0,0,0,0,1,0
chr9,44540001,44640000,0,0,0,0,0,0
chr9,44640001,44740000,1,2,0,0,0,0
chr9,44740001,44840000,1,4,4,3,6,0
chr9,44840001,66340000,5,4,4,3,1,0
chr9,68150001,68250000,3,7,5,6,3,1
chr9,68250001,71000000,2,5,3,6,2,3
chr9,71000001,71100000,6,4,2,2,1,1
chr9,71100001,71200000,3,2,2,3,1,1
chr9,71200001,71300000,3,3,2,2,5,0
chr9,71300001,71400000,1,7,2,1,2,1
chr9,71400001,71500000,1,2,0,0,2,0
chr9,71500001,71600000,3,3,1,2,5,1
chr9,71600001,71700000,2,2,0,1,3,1
chr9,71700001,71800000,3,1,2,1,1,0
chr9,71800001,71900000,3,1,1,0,3,0
chr9,71900001,72000000,3,0,4,1,1,0
chr9,72000001,72100000,4,1,1,2,1,1
chr9,72100001,72200000,3,1,3,3,1,1
chr9,72200001,72300000,2,2,2,4,1,0
chr9,72300001,72400000,3,3,3,3,2,1
chr9,72400001,72500000,3,3,7,4,1,2
chr9,72500001,72600000,3,2,4,3,0,1
chr9,72600001,72710000,1,1,0,1,3,0
chr9,72710001,72810000,2,0,2,5,1,0
chr9,72810001,72910000,0,2,4,4,2,1
chr9,72910001,73010000,3,3,1,1,2,0
chr9,73010001,73110000,8,5,3,1,4,0
chr9,73110001,73210000,3,1,5,0,2,0
chr9,73210001,73310000,3,2,3,1,3,0
chr9,73310001,73410000,0,0,1,5,0,0
chr9,73410001,73510000,5,4,2,5,4,0
chr9,73510001,73610000,3,3,1,2,1,0
chr9,73610001,73710000,2,2,3,2,2,0
chr9,73710001,73810000,4,3,3,5,1,0
chr9,73810001,73910000,6,3,7,10,1,0
chr9,73910001,74010000,3,5,5,8,0,1
chr9,74010001,74110000,1,5,2,8,2,0
chr9,74110001,74210000,2,2,2,10,2,3
chr9,74210001,74310000,4,6,2,8,6,0
chr9,74310001,74410000,1,3,0,3,1,0
chr9,74410001,74510000,2,1,6,6,1,0
chr9,74510001,74610000,3,1,1,2,4,1
chr9,74610001,74710000,3,3,2,1,2,1
chr9,74710001,74810000,4,3,3,4,6,0
chr9,74810001,74910000,5,3,0,2,0,0
chr9,74910001,75010000,9,2,3,6,4,1
chr9,75010001,75110000,2,1,1,2,1,1
chr9,75110001,75210000,3,1,0,3,1,0
chr9,75210001,75310000,0,1,4,7,1,0
chr9,75310001,75410000,3,2,3,3,1,1
chr9,75410001,75510000,3,0,0,3,1,0
chr9,75510001,75610000,0,1,3,6,3,0
chr9,75610001,75710000,4,3,6,2,2,0
chr9,75710001,75810000,3,3,4,5,1,2
chr9,75810001,75910000,5,6,7,6,3,0
chr9,75910001,76010000,1,5,5,8,1,4
chr9,76010001,76110000,2,3,5,14,2,0
chr9,76110001,76210000,6,1,2,10,0,3
chr9,76210001,76310000,4,4,6,14,4,0
chr9,76310001,76410000,7,4,6,21,1,1
chr9,76410001,76510000,1,4,4,9,1,1
chr9,76510001,76610000,4,2,4,8,4,5
chr9,76610001,76710000,3,3,5,9,0,2
chr9,76710001,76810000,5,6,5,12,2,3
chr9,76810001,76910000,4,6,4,14,2,1
chr9,76910001,77010000,1,2,9,5,1,1
chr9,77010001,77110000,1,8,2,9,3,1
chr9,77110001,77210000,4,2,2,9,2,2
chr9,77210001,77310000,2,5,3,2,5,1
chr9,77310001,77410000,5,2,4,4,1,3
chr9,77410001,77510000,3,4,1,10,3,2
chr9,77510001,77610000,3,1,4,1,0,1
chr9,77610001,77710000,1,0,5,4,1,0
chr9,77710001,77810000,1,1,1,3,2,0
chr9,77810001,77910000,1,2,3,2,0,0
chr9,77910001,78010000,3,4,5,10,2,0
chr9,78010001,78110000,3,1,1,5,1,1
chr9,78110001,78210000,7,7,2,7,1,2
chr9,78210001,78310000,3,3,2,4,2,3
chr9,78310001,78410000,5,1,0,15,1,1
chr9,78410001,78510000,4,2,5,2,1,2
chr9,78510001,78610000,2,1,3,0,1,0
chr9,78610001,78710000,3,1,2,2,2,1
chr9,78710001,78830000,2,2,1,0,2,1
chr9,78830001,78930000,0,1,4,2,3,0
chr9,78930001,79030000,2,1,0,5,1,1
chr9,79030001,79130000,1,4,3,3,3,0
chr9,79130001,79240000,3,2,0,2,0,0
chr9,79240001,79340000,1,2,4,4,3,1
chr9,79340001,79440000,4,3,1,4,4,0
chr9,79440001,79540000,2,1,1,6,2,1
chr9,79540001,79640000,7,3,0,4,2,0
chr9,79640001,79740000,2,1,1,10,5,0
chr9,79740001,79840000,2,2,5,5,3,0
chr9,79840001,79940000,2,2,0,4,5,0
chr9,79940001,80040000,3,3,3,2,2,0
chr9,80040001,80140000,4,1,2,3,1,1
chr9,80140001,80240000,2,3,4,0,2,1
chr9,80240001,80340000,3,2,3,1,2,0
chr9,80340001,80440000,2,3,4,5,1,2
chr9,80440001,80540000,3,1,0,3,3,0
chr9,80540001,80640000,1,3,3,3,4,0
chr9,80640001,80740000,3,2,1,1,2,0
chr9,80740001,80840000,5,3,4,5,1,0
chr9,80840001,80940000,3,1,0,1,1,0
chr9,80940001,81040000,1,0,3,6,0,3
chr9,81040001,81140000,4,2,3,7,2,0
chr9,81140001,81240000,4,6,6,7,1,0
chr9,81240001,81340000,4,6,3,2,1,2
chr9,81340001,81440000,4,4,6,4,2,1
chr9,81440001,81540000,3,4,4,7,3,2
chr9,81540001,81640000,6,1,1,4,1,1
chr9,81640001,81740000,2,5,4,4,6,1
chr9,81740001,81840000,3,6,8,9,1,0
chr9,81840001,81940000,5,3,5,6,1,0
chr9,81940001,82040000,5,1,3,9,4,2
chr9,82040001,82140000,2,3,6,9,2,0
chr9,82140001,82240000,3,3,4,7,2,0
chr9,82240001,82340000,1,2,4,7,2,0
chr9,82340001,82440000,0,2,8,9,4,1
chr9,82440001,82540000,4,3,5,8,2,0
chr9,82540001,82640000,5,3,6,2,2,1
chr9,82640001,82740000,5,3,7,9,7,4
chr9,82740001,82840000,9,8,8,11,2,1
chr9,82840001,82940000,4,5,4,11,1,0
chr9,82940001,83040000,0,3,7,10,1,1
chr9,83040001,83140000,4,4,5,17,1,0
chr9,83140001,83240000,5,2,10,8,4,0
chr9,83240001,83340000,3,1,8,4,2,0
chr9,83340001,83440000,2,7,5,9,2,0
chr9,83440001,83540000,3,5,5,12,1,1
chr9,83540001,83640000,2,4,4,4,0,1
chr9,83640001,83740000,1,4,3,6,1,0
chr9,83740001,83840000,1,3,3,6,4,0
chr9,83840001,83940000,0,6,3,9,4,0
chr9,83940001,84040000,4,2,3,4,1,2
chr9,84040001,84140000,1,4,2,6,4,1
chr9,84140001,84240000,0,2,0,1,1,0
chr9,84240001,84340000,2,3,6,2,0,1
chr9,84340001,84440000,1,4,3,6,1,1
chr9,84440001,84540000,0,8,4,3,1,0
chr9,84540001,84640000,2,2,5,2,2,0
chr9,84640001,84740000,1,4,3,5,2,1
chr9,84740001,84840000,7,6,4,7,2,2
chr9,84840001,84940000,3,7,6,5,2,0
chr9,84940001,85040000,3,8,3,11,1,0
chr9,85040001,85140000,5,5,3,4,0,0
chr9,85140001,85240000,2,4,1,5,2,1
chr9,85240001,85340000,0,3,3,6,2,2
chr9,85340001,85440000,3,2,2,6,3,0
chr9,85440001,85540000,2,6,3,5,4,1
chr9,85540001,85640000,3,3,1,2,1,1
chr9,85640001,85740000,5,8,1,3,1,1
chr9,85740001,85840000,3,4,1,6,1,1
chr9,85840001,85940000,1,0,3,5,2,0
chr9,85940001,86040000,1,2,4,5,0,1
chr9,86040001,86140000,0,0,1,5,2,0
chr9,86140001,86240000,3,1,1,2,3,0
chr9,86240001,86340000,2,3,0,2,0,1
chr9,86340001,86440000,2,2,1,4,2,0
chr9,86440001,86540000,3,1,3,1,3,0
chr9,86540001,86640000,6,2,2,2,2,0
chr9,86640001,86740000,4,2,4,0,1,2
chr9,86740001,86840000,4,2,2,5,0,0
chr9,86840001,86940000,0,1,1,1,3,1
chr9,86940001,87040000,2,3,1,0,0,0
chr9,87040001,87140000,5,2,4,3,0,2
chr9,87140001,87240000,3,1,2,10,1,2
chr9,87240001,87340000,2,4,4,4,2,1
chr9,87340001,87440000,3,0,0,1,2,0
chr9,87440001,87540000,2,4,2,4,5,0
chr9,87540001,87640000,4,3,1,1,0,2
chr9,87640001,87740000,2,4,1,6,1,0
chr9,87740001,87860000,1,2,2,5,2,1
chr9,87860001,87960000,1,3,4,5,1,0
chr9,87960001,88060000,2,1,4,3,2,1
chr9,88060001,88160000,1,3,4,1,0,0
chr9,88160001,88260000,3,1,1,3,2,0
chr9,88260001,88360000,2,1,1,2,0,1
chr9,88360001,88460000,5,4,3,1,3,0
chr9,88460001,88560000,2,0,1,4,0,3
chr9,88560001,88660000,0,2,3,5,1,1
chr9,88660001,88760000,3,0,2,3,0,0
chr9,88760001,88860000,1,2,0,2,2,0
chr9,88860001,88960000,2,0,1,4,1,0
chr9,88960001,89060000,4,3,7,7,1,0
chr9,89060001,89160000,2,0,4,7,2,0
chr9,89160001,89260000,3,2,4,7,1,1
chr9,89260001,89360000,3,7,2,5,2,0
chr9,89360001,89460000,4,3,5,3,0,0
chr9,89460001,89560000,7,2,4,4,0,1
chr9,89560001,89660000,5,0,3,3,1,1
chr9,89660001,89760000,5,5,6,3,2,1
chr9,89760001,89860000,8,3,6,5,1,1
chr9,89860001,89960000,3,6,4,4,0,0
chr9,89960001,90060000,1,4,3,4,0,0
chr9,90060001,90160000,3,2,3,0,0,0
chr9,90160001,90260000,1,2,1,5,2,1
chr9,90260001,90360000,2,1,1,6,1,0
chr9,90360001,90460000,2,2,4,3,1,0
chr9,90460001,90560000,2,3,0,1,1,0
chr9,90560001,90660000,0,5,0,4,6,1
chr9,90660001,90760000,2,6,4,4,0,1
chr9,90760001,90860000,1,2,2,5,4,0
chr9,90860001,90960000,2,2,4,7,0,0
chr9,90960001,91060000,5,1,3,2,4,0
chr9,91060001,91160000,3,1,1,3,0,1
chr9,91160001,91260000,1,5,5,9,2,0
chr9,91260001,91360000,4,1,4,4,0,1
chr9,91360001,91460000,1,1,3,7,1,0
chr9,91460001,91560000,5,3,8,7,2,1
chr9,91560001,91660000,3,4,3,0,1,0
chr9,91660001,91760000,2,1,3,9,1,0
chr9,91760001,91860000,1,3,1,5,3,0
chr9,91860001,91960000,5,0,2,3,3,0
chr9,91960001,92060000,0,1,1,1,2,1
chr9,92060001,92160000,1,1,2,2,2,1
chr9,92160001,92260000,2,1,0,5,1,0
chr9,92260001,92360000,3,1,0,4,1,0
chr9,92360001,92460000,0,0,0,0,0,0
chr9,92460001,92560000,1,1,1,2,1,1
chr9,92560001,92660000,0,0,0,0,0,0
chr9,92660001,92760000,0,0,2,4,0,0
chr9,92760001,92860000,6,1,2,6,1,1
chr9,92860001,92960000,4,2,2,3,2,1
chr9,92960001,93060000,2,6,3,0,0,0
chr9,93060001,93160000,3,2,1,6,2,2
chr9,93160001,93260000,4,0,4,5,0,2
chr9,93260001,93360000,2,1,3,2,0,2
chr9,93360001,93460000,1,4,2,3,1,1
chr9,93460001,93560000,2,2,4,3,3,3
chr9,93560001,93660000,3,1,2,1,0,1
chr9,93660001,93760000,2,0,0,3,2,0
chr9,93760001,93860000,3,4,2,2,1,0
chr9,93860001,93960000,2,1,3,4,2,2
chr9,93960001,94060000,3,2,0,2,1,2
chr9,94060001,94160000,2,0,1,3,3,2
chr9,94160001,94260000,5,1,6,3,4,0
chr9,94260001,94360000,2,2,3,3,4,1
chr9,94360001,94460000,6,1,1,2,1,0
chr9,94460001,94560000,1,2,2,1,1,1
chr9,94560001,94660000,5,3,0,4,1,2
chr9,94660001,94760000,0,5,3,2,4,0
chr9,94760001,94860000,1,2,3,2,1,0
chr9,94860001,94960000,4,2,1,2,1,0
chr9,94960001,95060000,2,0,3,3,1,0
chr9,95060001,95160000,2,3,4,2,3,1
chr9,95160001,95260000,3,0,1,3,0,2
chr9,95260001,95360000,1,5,2,1,3,0
chr9,95360001,95460000,3,0,2,2,3,1
chr9,95460001,95560000,2,1,1,4,3,1
chr9,95560001,95660000,5,2,2,1,4,0
chr9,95660001,95760000,4,0,4,2,1,1
chr9,95760001,95860000,2,0,2,0,0,0
chr9,95860001,95960000,2,3,2,1,2,0
chr9,95960001,96060000,3,3,0,0,0,0
chr9,96060001,96160000,4,0,3,4,1,0
chr9,96160001,96260000,2,4,2,0,2,0
chr9,96260001,96360000,2,4,1,2,2,1
chr9,96360001,96460000,0,0,2,2,2,0
chr9,96460001,96560000,1,5,4,6,1,1
chr9,96560001,96660000,5,3,0,4,1,0
chr9,96660001,96760000,0,2,0,1,2,0
chr9,96760001,96860000,1,0,1,1,2,2
chr9,96860001,96960000,6,1,2,3,3,0
chr9,96960001,97060000,6,2,1,4,1,1
chr9,97060001,97160000,2,0,3,1,0,0
chr9,97160001,97260000,3,1,0,0,1,1
chr9,97260001,97360000,0,2,2,4,0,2
chr9,97360001,97460000,1,0,2,1,2,0
chr9,97460001,97560000,2,1,0,5,2,1
chr9,97560001,97660000,1,3,3,2,1,2
chr9,97660001,97760000,4,1,2,2,0,0
chr9,97760001,97860000,1,1,2,5,0,0
chr9,97860001,97960000,0,2,3,2,2,1
chr9,97960001,98060000,1,0,2,1,1,0
chr9,98060001,98160000,5,2,0,3,0,0
chr9,98160001,98260000,5,1,2,2,0,1
chr9,98260001,98360000,4,2,4,3,2,1
chr9,98360001,98460000,5,3,2,2,3,0
chr9,98460001,98560000,2,0,3,0,3,1
chr9,98560001,98660000,2,1,1,0,3,0
chr9,98660001,98760000,3,1,2,1,2,0
chr9,98760001,98860000,3,1,1,2,1,0
chr9,98860001,98960000,4,1,1,1,3,0
chr9,98960001,99060000,1,1,3,3,2,1
chr9,99060001,99160000,3,0,2,4,0,0
chr9,99160001,99260000,3,1,0,4,3,0
chr9,99260001,99360000,3,2,2,2,1,0
chr9,99360001,99460000,4,0,1,4,1,0
chr9,99460001,99560000,2,0,4,3,0,0
chr9,99560001,99660000,1,2,0,1,4,1
chr9,99660001,99760000,2,3,2,3,0,0
chr9,99760001,99860000,4,0,2,3,2,2
chr9,99860001,99960000,0,2,1,7,0,1
chr9,99960001,100060000,0,1,4,4,1,0
chr9,100060001,100160000,1,0,2,3,1,0
chr9,100160001,100260000,1,4,1,0,0,2
chr9,100260001,100360000,1,5,3,1,1,1
chr9,100360001,100460000,8,2,4,2,3,0
chr9,100460001,100560000,1,1,2,2,0,1
chr9,100560001,100660000,5,4,3,2,4,2
chr9,100660001,100760000,3,1,5,3,4,0
chr9,100760001,100860000,2,0,0,4,2,0
chr9,100860001,100960000,3,2,1,3,3,0
chr9,100960001,101060000,1,1,1,4,0,1
chr9,101060001,101160000,0,2,1,1,0,0
chr9,101160001,101260000,0,0,3,5,1,1
chr9,101260001,101360000,1,1,2,8,0,1
chr9,101360001,101460000,3,1,1,2,2,0
chr9,101460001,101560000,0,1,1,1,1,0
chr9,101560001,101660000,5,4,2,5,3,3
chr9,101660001,101760000,2,3,5,2,2,0
chr9,101760001,101860000,2,5,4,9,2,0
chr9,101860001,101960000,5,5,4,5,2,0
chr9,101960001,102060000,1,3,4,5,2,0
chr9,102060001,102160000,0,2,1,4,1,1
chr9,102160001,102260000,4,3,2,2,4,0
chr9,102260001,102360000,3,8,3,8,3,0
chr9,102360001,102460000,3,2,2,5,2,1
chr9,102460001,102560000,1,2,5,7,4,0
chr9,102560001,102660000,3,1,4,2,4,1
chr9,102660001,102760000,2,2,3,5,2,0
chr9,102760001,102860000,1,1,4,6,1,0
chr9,102860001,102960000,4,1,2,4,3,0
chr9,102960001,103060000,4,0,1,2,2,1
chr9,103060001,103160000,2,1,2,6,2,2
chr9,103160001,103260000,1,1,3,6,1,0
chr9,103260001,103360000,3,0,6,4,2,0
chr9,103360001,103460000,2,4,3,5,6,0
chr9,103460001,103560000,1,4,1,7,5,0
chr9,103560001,103660000,5,5,1,7,3,1
chr9,103660001,103760000,4,2,5,9,1,1
chr9,103760001,103860000,6,4,4,11,5,0
chr9,103860001,103960000,5,4,2,3,1,0
chr9,103960001,104060000,4,2,7,1,2,0
chr9,104060001,104160000,3,0,3,1,0,3
chr9,104160001,104260000,1,2,2,2,3,2
chr9,104260001,104360000,4,2,3,1,2,0
chr9,104360001,104460000,3,3,3,4,2,2
chr9,104460001,104560000,4,5,4,4,0,2
chr9,104560001,104660000,2,3,4,6,4,0
chr9,104660001,104760000,4,7,4,11,1,2
chr9,104760001,104860000,3,6,3,6,2,1
chr9,104860001,104960000,4,5,5,5,4,0
chr9,104960001,105060000,8,6,2,10,3,4
chr9,105060001,105160000,3,15,4,5,1,2
chr9,105160001,105260000,7,8,11,15,2,3
chr9,105260001,105360000,4,7,4,9,5,0
chr9,105360001,105460000,4,5,8,11,3,1
chr9,105460001,105560000,4,3,3,6,2,2
chr9,105560001,105660000,6,6,6,13,3,2
chr9,105660001,105760000,4,5,5,12,4,1
chr9,105760001,105860000,4,3,4,7,0,2
chr9,105860001,105960000,2,3,6,11,2,1
chr9,105960001,106060000,3,9,8,13,1,1
chr9,106060001,106160000,4,5,5,13,2,1
chr9,106160001,106260000,3,5,8,13,6,1
chr9,106260001,106360000,3,5,5,8,2,3
chr9,106360001,106460000,4,4,5,7,3,3
chr9,106460001,106560000,4,2,5,11,4,0
chr9,106560001,106660000,6,7,4,13,5,3
chr9,106660001,106760000,6,6,1,12,4,3
chr9,106760001,106860000,2,2,5,9,2,2
chr9,106860001,106960000,4,4,1,4,3,1
chr9,106960001,107060000,1,3,1,4,0,0
chr9,107060001,107160000,4,4,0,7,1,1
chr9,107160001,107260000,3,5,2,11,2,0
chr9,107260001,107360000,1,3,2,8,1,1
chr9,107360001,107460000,0,2,5,7,3,1
chr9,107460001,107560000,6,2,1,2,2,1
chr9,107560001,107660000,2,1,3,1,0,0
chr9,107660001,107760000,3,1,1,5,2,1
chr9,107760001,107860000,0,0,1,3,1,0
chr9,107860001,107960000,1,1,3,1,0,0
chr9,107960001,108060000,4,0,2,3,7,0
chr9,108060001,108160000,3,2,1,3,1,1
chr9,108160001,108260000,3,1,1,2,2,0
chr9,108260001,108360000,2,3,2,3,0,0
chr9,108360001,108460000,0,4,1,4,1,0
chr9,108460001,108560000,1,3,2,3,3,0
chr9,108560001,108660000,1,3,4,4,0,0
chr9,108660001,108760000,6,1,3,7,3,2
chr9,108760001,108860000,1,6,3,8,3,0
chr9,108860001,108960000,3,2,6,13,0,0
chr9,108960001,109060000,0,4,3,6,4,3
chr9,109060001,109160000,2,5,4,11,3,4
chr9,109160001,109260000,3,4,6,5,2,0
chr9,109260001,109360000,7,4,8,6,0,1
chr9,109360001,109460000,2,2,5,4,1,1
chr9,109460001,109560000,1,3,3,5,1,0
chr9,109560001,109660000,1,5,3,6,4,1
chr9,109660001,109760000,4,1,2,5,1,0
chr9,109760001,109860000,2,2,4,1,2,0
chr9,109860001,109960000,3,5,2,1,0,0
chr9,109960001,110060000,0,3,1,5,3,1
chr9,110060001,110160000,2,0,3,0,2,1
chr9,110160001,110260000,2,1,3,4,2,0
chr9,110260001,110360000,3,1,0,3,1,3
chr9,110360001,110460000,3,6,1,2,0,2
chr9,110460001,110560000,2,2,1,2,3,0
chr9,110560001,110660000,2,4,0,1,2,0
chr9,110660001,110760000,2,3,1,2,0,1
chr9,110760001,110860000,1,4,0,2,3,0
chr9,110860001,110960000,1,3,3,5,3,1
chr9,110960001,111060000,4,3,2,1,1,1
chr9,111060001,111160000,2,0,0,2,2,2
chr9,111160001,111260000,4,1,0,5,3,1
chr9,111260001,111360000,2,2,2,1,6,1
chr9,111360001,111460000,1,3,0,5,2,0
chr9,111460001,111560000,1,3,3,1,2,0
chr9,111560001,111660000,4,3,3,1,0,1
chr9,111660001,111760000,1,1,2,2,0,1
chr9,111760001,111860000,7,1,0,1,1,0
chr9,111860001,111960000,3,1,1,2,3,2
chr9,111960001,112060000,4,1,3,4,1,0
chr9,112060001,112160000,4,4,2,2,2,0
chr9,112160001,112260000,3,1,2,3,4,0
chr9,112260001,112360000,1,1,3,4,0,0
chr9,112360001,112460000,4,2,8,5,2,0
chr9,112460001,112560000,3,1,4,2,1,0
chr9,112560001,112660000,1,2,4,7,0,0
chr9,112660001,112760000,3,1,2,6,0,0
chr9,112760001,112860000,0,2,3,3,2,2
chr9,112860001,112960000,5,3,0,2,2,1
chr9,112960001,113060000,3,2,3,6,1,2
chr9,113060001,113160000,1,1,2,3,3,1
chr9,113160001,113260000,3,2,2,3,1,1
chr9,113260001,113360000,2,1,1,5,0,2
chr9,113360001,113460000,2,2,3,10,3,1
chr9,113460001,113560000,3,0,3,2,1,0
chr9,113560001,113660000,1,2,3,4,1,1
chr9,113660001,113760000,3,1,4,2,4,2
chr9,113760001,113860000,1,0,1,2,0,1
chr9,113860001,113960000,3,0,2,5,2,1
chr9,113960001,114060000,2,4,4,4,0,0
chr9,114060001,114160000,3,1,5,1,3,0
chr9,114160001,114260000,2,1,1,2,3,0
chr9,114260001,114360000,2,1,0,6,5,1
chr9,114360001,114460000,2,3,5,5,1,1
chr9,114460001,114560000,1,2,3,5,3,0
chr9,114560001,114660000,2,1,1,0,1,0
chr9,114660001,114760000,2,1,1,2,3,0
chr9,114760001,114860000,5,1,2,1,1,0
chr9,114860001,114960000,3,1,1,0,3,2
chr9,114960001,115060000,4,2,0,2,2,0
chr9,115060001,115160000,1,2,1,1,3,1
chr9,115160001,115260000,2,0,1,1,1,1
chr9,115260001,115360000,2,0,1,2,1,0
chr9,115360001,115460000,3,4,1,2,1,0
chr9,115460001,115560000,1,1,1,4,1,0
chr9,115560001,115660000,2,3,2,4,2,0
chr9,115660001,115760000,6,2,5,0,2,1
chr9,115760001,115860000,2,3,1,4,0,0
chr9,115860001,115960000,1,4,3,2,3,0
chr9,115960001,116060000,3,1,3,2,1,1
chr9,116060001,116160000,4,0,0,3,1,0
chr9,116160001,116260000,3,1,3,5,0,0
chr9,116260001,116360000,4,1,3,0,3,0
chr9,116360001,116460000,1,2,1,3,1,0
chr9,116460001,116560000,4,4,3,3,3,1
chr9,116560001,116660000,4,1,0,4,5,0
chr9,116660001,116760000,3,1,3,2,1,0
chr9,116760001,116860000,1,0,0,0,1,0
chr9,116860001,116960000,2,1,1,4,1,1
chr9,116960001,117060000,2,0,0,4,1,0
chr9,117060001,117160000,2,1,3,4,2,0
chr9,117160001,117260000,1,1,1,0,3,2
chr9,117260001,117360000,3,4,3,2,3,0
chr9,117360001,117460000,2,2,0,5,2,0
chr9,117460001,117560000,3,0,4,2,1,0
chr9,117560001,117660000,1,2,2,1,0,0
chr9,117660001,117760000,2,1,3,1,6,3
chr9,117760001,117860000,2,1,3,8,2,0
chr9,117860001,117960000,4,3,2,5,1,1
chr9,117960001,118060000,2,2,5,1,1,1
chr9,118060001,118160000,4,2,3,4,1,3
chr9,118160001,118260000,1,2,0,4,0,2
chr9,118260001,118360000,2,3,4,5,3,2
chr9,118360001,118460000,0,2,6,7,0,1
chr9,118460001,118560000,4,7,4,4,1,0
chr9,118560001,118660000,0,3,9,4,1,0
chr9,118660001,118760000,3,2,1,11,1,2
chr9,118760001,118860000,3,4,4,10,4,2
chr9,118860001,118960000,4,7,1,9,1,1
chr9,118960001,119060000,1,3,1,3,1,1
chr9,119060001,119160000,7,0,3,4,0,0
chr9,119160001,119260000,4,3,1,3,3,2
chr9,119260001,119360000,2,6,2,5,1,0
chr9,119360001,119460000,1,2,1,3,1,1
chr9,119460001,119560000,0,3,8,6,0,1
chr9,119560001,119660000,1,2,4,4,0,1
chr9,119660001,119760000,1,9,4,8,2,1
chr9,119760001,119860000,2,4,1,8,3,2
chr9,119860001,119960000,4,5,4,4,0,0
chr9,119960001,120060000,1,8,2,4,3,1
chr9,120060001,120160000,1,1,0,13,2,2
chr9,120160001,120260000,3,9,2,9,4,0
chr9,120260001,120360000,3,4,4,5,2,5
chr9,120360001,120460000,5,11,4,9,2,1
chr9,120460001,120560000,1,7,3,11,1,2
chr9,120560001,120660000,2,9,4,10,2,1
chr9,120660001,120760000,7,6,5,5,2,2
chr9,120760001,120860000,3,7,5,10,4,2
chr9,120860001,120960000,3,10,6,11,2,1
chr9,120960001,121060000,1,8,0,9,1,2
chr9,121060001,121160000,1,7,2,13,5,1
chr9,121160001,121260000,3,6,5,7,2,1
chr9,121260001,121360000,3,10,6,10,3,0
chr9,121360001,121460000,2,12,2,11,3,2
chr9,121460001,121560000,3,9,3,13,1,4
chr9,121560001,121660000,2,8,9,13,1,2
chr9,121660001,121760000,3,10,7,16,1,3
chr9,121760001,121860000,4,5,1,10,6,3
chr9,121860001,121960000,3,8,9,8,2,2
chr9,121960001,122060000,2,10,4,6,4,3
chr9,122060001,122160000,3,8,10,14,2,3
chr9,122160001,122260000,3,7,4,7,2,2
chr9,122260001,122360000,4,3,4,5,2,1
chr9,122360001,122460000,2,3,2,8,3,0
chr9,122460001,122560000,2,1,3,9,4,4
chr9,122560001,122660000,4,4,3,5,4,1
chr9,122660001,122760000,2,5,4,3,1,0
chr9,122760001,122860000,0,2,2,7,1,0
chr9,122860001,122960000,2,2,3,3,5,3
chr9,122960001,123060000,2,2,2,8,2,1
chr9,123060001,123160000,2,1,3,3,2,0
chr9,123160001,123260000,1,0,2,4,1,0
chr9,123260001,123360000,0,2,3,3,1,0
chr9,123360001,123460000,6,3,5,3,2,2
chr9,123460001,123560000,5,0,2,3,2,0
chr9,123560001,123660000,3,1,2,4,1,1
chr9,123660001,123760000,4,1,2,2,2,0
chr9,123760001,123860000,4,1,3,4,2,0
chr9,123860001,123960000,2,2,3,2,1,1
chr9,123960001,124060000,3,0,1,3,2,0
chr9,124060001,124160000,2,2,4,3,0,0
chr9,124160001,124260000,0,1,3,3,0,1
chr9,124260001,124360000,4,1,2,1,0,0
chr9,124360001,124460000,0,3,1,2,1,2
chr9,124460001,124560000,0,0,0,1,0,1
chr9,124560001,124660000,1,1,1,2,0,2
chr9,124660001,124760000,5,4,1,1,1,0
chr9,124760001,124860000,0,0,0,4,2,1
chr9,124860001,124960000,3,0,2,3,2,1
chr9,124960001,125060000,2,4,2,1,1,1
chr9,125060001,125160000,0,2,0,2,2,1
chr9,125160001,125260000,3,5,4,0,3,1
chr9,125260001,125360000,2,5,3,3,1,0
chr9,125360001,125460000,3,3,3,8,4,2
chr9,125460001,125560000,2,2,1,5,2,1
chr9,125560001,125660000,3,2,0,4,1,1
chr9,125660001,125760000,5,0,1,3,2,0
chr9,125760001,125860000,7,0,3,3,1,1
chr9,125860001,125960000,5,1,2,1,2,0
chr9,125960001,126060000,3,1,4,4,0,0
chr9,126060001,126160000,2,2,0,2,0,1
chr9,126160001,126260000,6,1,0,1,1,0
chr9,126260001,126360000,3,3,3,2,3,2
chr9,126360001,126460000,0,2,0,1,1,1
chr9,126460001,126560000,5,1,1,3,1,0
chr9,126560001,126660000,3,0,2,4,2,1
chr9,126660001,126760000,2,2,1,4,4,1
chr9,126760001,126860000,2,2,3,2,1,0
chr9,126860001,126960000,2,1,3,1,0,1
chr9,126960001,127060000,0,1,2,0,1,2
chr9,127060001,127160000,4,0,3,0,3,1
chr9,127160001,127260000,3,1,1,0,3,2
chr9,127260001,127360000,0,0,3,1,0,0
chr9,127360001,127460000,5,0,3,2,1,0
chr9,127460001,127560000,3,4,2,4,1,0
chr9,127560001,127660000,4,1,2,0,0,2
chr9,127660001,127760000,2,0,4,0,1,0
chr9,127760001,127860000,2,0,0,0,3,0
chr9,127860001,127960000,1,2,1,2,1,0
chr9,127960001,128060000,3,0,2,1,3,2
chr9,128060001,128160000,2,4,2,1,1,2
chr9,128160001,128260000,0,4,1,1,0,1
chr9,128260001,128360000,1,2,0,3,3,0
chr9,128360001,128460000,3,1,2,3,2,0
chr9,128460001,128560000,3,1,0,3,2,0
chr9,128560001,128660000,3,2,5,4,1,0
chr9,128660001,128760000,2,2,3,2,1,1
chr9,128760001,128860000,1,2,1,4,1,0
chr9,128860001,128960000,2,2,2,2,1,1
chr9,128960001,129060000,2,2,5,6,2,1
chr9,129060001,129160000,3,1,0,2,3,2
chr9,129160001,129260000,0,2,4,3,0,0
chr9,129260001,129360000,2,2,3,5,2,0
chr9,129360001,129460000,2,4,1,1,0,0
chr9,129460001,129560000,4,3,3,3,1,0
chr9,129560001,129660000,6,0,1,3,2,0
chr9,129660001,129760000,0,1,4,0,2,1
chr9,129760001,129860000,2,1,3,6,2,1
chr9,129860001,129960000,1,2,0,3,1,1
chr9,129960001,130060000,6,1,3,2,2,0
chr9,130060001,130160000,2,1,1,4,1,0
chr9,130160001,130260000,4,3,0,1,2,1
chr9,130260001,130360000,0,2,3,2,2,1
chr9,130360001,130460000,1,1,3,6,4,1
chr9,130460001,130560000,2,1,3,1,0,0
chr9,130560001,130660000,6,0,1,2,3,0
chr9,130660001,130760000,2,3,0,2,2,0
chr9,130760001,130860000,0,1,0,0,3,0
chr9,130860001,130960000,2,1,2,3,3,2
chr9,130960001,131060000,0,1,2,2,0,0
chr9,131060001,131160000,0,3,0,3,3,0
chr9,131160001,131260000,2,2,2,3,2,1
chr9,131260001,131360000,6,2,2,2,1,0
chr9,131360001,131460000,2,4,1,3,0,3
chr9,131460001,131560000,2,0,0,2,1,0
chr9,131560001,131660000,2,1,3,1,2,0
chr9,131660001,131760000,1,1,3,2,1,5
chr9,131760001,131860000,2,0,3,2,1,0
chr9,131860001,131960000,4,1,2,6,0,0
chr9,131960001,132060000,0,1,1,2,1,3
chr9,132060001,132160000,1,3,1,3,3,0
chr9,132160001,132260000,4,3,1,6,0,1
chr9,132260001,132360000,2,1,3,1,4,0
chr9,132360001,132460000,7,2,0,3,3,0
chr9,132460001,132560000,5,3,1,0,0,1
chr9,132560001,132660000,1,0,0,3,1,0
chr9,132660001,132760000,6,1,0,2,2,1
chr9,132760001,132860000,2,0,0,3,1,0
chr9,132860001,132960000,1,0,1,4,4,0
chr9,132960001,133060000,1,1,0,4,1,0
chr9,133060001,133160000,0,1,0,0,0,0
chr9,133160001,133260000,1,2,0,1,0,0
chr9,133260001,133360000,4,2,1,3,0,0
chr9,133360001,133460000,2,2,1,2,1,0
chr9,133460001,133560000,2,1,2,1,0,0
chr9,133560001,133660000,5,2,0,3,2,0
chr9,133660001,133760000,3,0,0,2,1,0
chr9,133760001,133860000,3,3,5,1,0,3
chr9,133860001,133960000,2,1,1,1,0,0
chr9,133960001,134060000,1,1,0,1,3,1
chr9,134060001,134160000,2,1,2,1,1,1
chr9,134160001,134260000,2,0,0,0,0,0
chr9,134260001,134360000,4,1,1,3,2,0
chr9,134360001,134460000,3,0,0,1,1,0
chr9,134460001,134560000,4,1,0,2,2,1
chr9,134560001,134660000,2,0,1,1,1,3
chr9,134660001,134760000,0,1,2,2,0,0
chr9,134760001,134860000,0,6,2,3,2,0
chr9,134860001,134960000,3,2,1,0,2,1
chr9,134960001,135060000,2,1,0,4,2,0
chr9,135060001,135160000,6,2,3,3,0,1
chr9,135160001,135260000,4,0,1,5,0,0
chr9,135260001,135360000,0,0,3,5,1,0
chr9,135360001,135460000,3,3,2,1,1,0
chr9,135460001,135560000,2,0,3,1,2,0
chr9,135560001,135660000,1,1,2,4,2,1
chr9,135660001,135760000,1,1,1,2,1,2
chr9,135760001,135860000,1,1,4,3,2,0
chr9,135860001,135960000,1,4,0,0,0,0
chr9,135960001,136060000,3,3,0,0,2,0
chr9,136060001,136160000,8,2,2,3,1,2
chr9,136160001,136260000,2,3,2,2,1,0
chr9,136260001,136360000,3,0,2,0,1,0
chr9,136360001,136460000,1,1,1,1,0,0
chr9,136460001,136560000,4,3,1,2,2,1
chr9,136560001,136660000,1,2,1,2,1,1
chr9,136660001,136760000,1,3,0,0,1,0
chr9,136760001,136860000,0,1,1,1,1,0
chr9,136860001,136960000,4,0,1,0,1,0
chr9,136960001,137060000,1,1,0,2,1,0
chr9,137060001,137160000,0,1,1,2,1,0
chr9,137160001,137260000,1,0,0,1,2,1
chr9,137260001,137360000,2,1,1,0,2,0
chr9,137360001,137460000,1,3,0,3,1,0
chr9,137460001,137560000,1,1,3,5,0,0
chr9,137560001,137660000,5,0,5,3,2,2
chr9,137660001,137760000,0,4,2,2,2,0
chr9,137760001,137860000,2,0,1,7,0,2
chr9,137860001,137960000,1,3,0,8,1,0
chr9,137960001,138060000,1,3,0,3,0,1
chr9,138060001,138160000,7,4,2,4,5,0
chr9,138160001,138260000,2,3,1,4,1,0
chr9,138260001,138360000,2,0,1,4,0,1
chr9,138360001,138460000,2,3,1,2,0,0
chr9,138460001,138560000,1,4,6,4,1,1
chr9,138560001,138660000,1,3,2,1,0,0
chr9,138660001,138760000,4,0,2,1,0,1
chr9,138760001,138860000,5,2,2,1,2,3
chr9,138860001,138960000,1,1,0,0,0,0
chr9,138960001,139060000,3,2,0,1,4,1
chr9,139060001,139160000,1,3,0,5,1,1
chr9,139160001,139260000,0,0,0,2,1,0
chr9,139260001,139360000,0,1,1,0,0,1
chr9,139360001,139460000,5,3,1,3,1,1
chr9,139460001,139560000,3,1,2,0,1,0
chr9,139560001,139660000,3,3,0,1,1,1
chr9,139660001,139760000,1,2,0,1,3,0
chr9,139760001,139860000,3,2,3,4,0,0
chr9,139860001,139960000,0,3,1,3,0,0
chr9,139960001,140060000,2,0,1,2,1,0
chr9,140060001,140160000,1,0,0,0,0,2
chr9,140160001,140270000,0,0,4,5,0,0
chr9,140270001,140370000,3,1,0,1,1,1
chr9,140370001,140470000,0,1,2,3,0,0
chr9,140470001,140570000,2,5,0,1,1,0
chr9,140570001,140670000,2,1,0,1,1,0
chr9,140670001,140770000,1,0,1,4,0,0
chr9,140770001,140870000,3,2,1,4,3,0
chr9,140870001,140970000,3,2,3,5,0,0
