chr,start,end,breast,lung,colorectal,esophagus,prostate,skin
chr1,760001,1800000,22,17,9,19,7,5
chr1,1800001,2930000,25,26,4,23,9,7
chr1,2930001,3930000,23,19,6,15,13,9
chr1,3930001,4940000,23,21,13,46,18,13
chr1,4940001,5970000,20,22,14,54,19,7
chr1,5970001,6970000,12,17,16,15,12,7
chr1,6970001,7970000,26,23,15,28,14,4
chr1,7970001,8970000,33,12,8,24,15,9
chr1,8970001,9970000,20,9,13,18,11,10
chr1,9970001,10970000,18,6,8,19,13,7
chr1,10970001,11970000,16,18,7,15,11,6
chr1,11970001,12970000,19,20,8,21,16,5
chr1,12970001,13970000,6,14,3,21,5,5
chr1,13970001,14970000,25,12,13,50,10,3
chr1,14970001,15970000,19,11,14,21,17,3
chr1,15970001,17460000,19,22,4,14,14,6
chr1,17460001,18460000,10,19,6,34,18,3
chr1,18460001,19460000,20,21,12,25,9,9
chr1,19460001,20460000,17,22,12,22,13,4
chr1,20460001,21460000,19,25,10,24,18,8
chr1,21460001,22460000,25,13,5,15,11,10
chr1,22460001,23460000,21,14,10,18,12,9
chr1,23460001,24460000,25,15,10,18,11,7
chr1,24460001,25460000,24,15,8,22,17,9
chr1,25460001,26460000,24,14,10,19,21,7
chr1,26460001,27460000,26,15,19,24,21,3
chr1,27460001,28460000,29,19,7,24,10,6
chr1,28460001,29460000,26,16,10,20,12,9
chr1,29460001,30460000,18,28,14,29,7,5
chr1,30460001,31460000,24,32,13,38,14,6
chr1,31460001,32460000,33,17,12,21,20,7
chr1,32460001,33460000,27,17,17,28,9,9
chr1,33460001,34460000,29,24,15,38,11,11
chr1,34460001,35460000,22,33,18,51,16,10
chr1,35460001,36460000,33,9,13,35,18,10
chr1,36460001,37460000,28,25,13,22,13,8
chr1,37460001,38470000,28,32,17,37,13,5
chr1,38470001,39470000,25,22,16,33,16,10
chr1,39470001,40470000,17,16,12,26,14,6
chr1,40470001,41470000,39,22,14,17,16,7
chr1,41470001,42470000,27,18,8,16,14,4
chr1,42470001,43470000,22,15,18,21,24,8
chr1,43470001,44470000,26,11,11,23,12,6
chr1,44470001,45470000,17,12,8,23,13,3
chr1,45470001,46470000,27,14,13,26,15,10
chr1,46470001,47470000,34,14,15,20,25,5
chr1,47470001,48470000,20,21,6,21,9,11
chr1,48470001,49470000,26,28,15,32,20,10
chr1,49470001,50470000,30,45,39,70,25,11
chr1,50470001,51470000,38,26,22,43,15,9
chr1,51470001,52470000,30,9,14,31,15,11
chr1,52470001,53470000,27,16,21,31,12,12
chr1,53470001,54470000,17,32,12,19,13,5
chr1,54470001,55470000,17,12,10,13,11,8
chr1,55470001,56470000,32,21,23,43,11,12
chr1,56470001,57470000,24,18,24,48,20,5
chr1,57470001,58470000,31,33,30,39,15,16
chr1,58470001,59470000,22,18,12,29,12,7
chr1,59470001,60470000,26,11,14,28,16,10
chr1,60470001,61470000,33,30,17,56,19,7
chr1,61470001,62470000,30,11,7,23,16,12
chr1,62470001,63470000,28,18,8,26,20,12
chr1,63470001,64470000,22,21,24,36,16,8
chr1,64470001,65470000,38,10,16,22,16,10
chr1,65470001,66470000,28,26,21,40,12,4
chr1,66470001,67470000,28,24,23,41,12,21
chr1,67470001,68470000,34,22,13,22,19,7
chr1,68470001,69470000,29,36,32,39,15,11
chr1,69470001,70470000,38,54,42,94,25,9
chr1,70470001,71470000,40,46,15,80,14,9
chr1,71470001,72470000,32,45,29,98,24,8
chr1,72470001,73470000,42,62,57,96,43,18
chr1,73470001,74470000,48,60,49,77,49,14
chr1,74470001,75470000,32,60,32,85,21,12
chr1,75470001,76470000,29,47,31,55,35,17
chr1,76470001,77470000,23,55,20,54,18,10
chr1,77470001,78470000,30,45,28,28,19,8
chr1,78470001,79470000,29,47,37,65,11,8
chr1,79470001,80470000,32,62,49,102,22,19
chr1,80470001,81470000,35,57,66,77,25,12
chr1,81470001,82470000,15,39,50,56,17,15
chr1,82470001,83470000,32,33,43,87,17,10
chr1,83470001,84470000,18,23,41,68,14,14
chr1,84470001,85470000,30,24,15,34,11,3
chr1,85470001,86470000,23,17,18,31,12,7
chr1,86470001,87470000,28,22,22,28,16,9
chr1,87470001,88470000,23,17,21,27,23,6
chr1,88470001,89470000,33,32,10,30,30,9
chr1,89470001,90470000,21,16,20,41,24,7
chr1,90470001,91470000,25,34,33,62,25,9
chr1,91470001,92500000,42,32,23,38,19,5
chr1,92500001,93500000,29,26,18,31,13,10
chr1,93500001,94500000,30,9,19,19,12,6
chr1,94500001,95500000,29,12,14,10,17,7
chr1,95500001,96500000,32,40,35,43,24,10
chr1,96500001,97500000,22,59,38,88,31,11
chr1,97500001,98500000,34,20,46,77,25,16
chr1,98500001,99500000,30,45,31,45,15,11
chr1,99500001,100500000,29,22,23,40,18,10
chr1,100500001,101500000,36,23,20,31,14,3
chr1,101500001,102500000,27,67,36,65,23,8
chr1,102500001,103500000,35,79,58,110,43,16
chr1,103500001,104500000,22,42,35,76,28,10
chr1,104500001,105500000,44,100,63,104,43,12
chr1,105500001,106500000,44,85,52,93,29,17
chr1,106500001,107500000,34,73,50,112,28,20
chr1,107500001,108500000,27,37,31,76,29,10
chr1,108500001,109500000,8,15,9,24,13,6
chr1,109500001,110500000,21,19,12,14,7,7
chr1,110500001,111500000,21,23,14,41,11,3
chr1,111500001,112500000,26,18,14,42,12,8
chr1,112500001,113500000,29,19,14,26,12,9
chr1,113500001,114500000,31,16,19,20,14,6
chr1,114500001,115500000,36,23,19,43,13,7
chr1,115500001,116500000,26,18,18,30,16,13
chr1,116500001,117500000,21,19,16,22,24,5
chr1,117500001,118500000,22,14,16,27,11,6
chr1,118500001,119500000,45,39,38,55,35,14
chr1,119500001,120500000,35,10,16,38,18,9
chr1,120500001,146160000,27,16,7,31,14,3
chr1,146160001,147160000,20,26,12,28,12,9
chr1,147160001,149710000,23,35,5,27,21,17
chr1,149710001,150710000,37,20,14,26,15,5
chr1,150710001,151710000,38,21,15,24,13,9
chr1,151710001,152730000,37,32,24,43,23,10
chr1,152730001,153730000,41,28,14,46,22,7
chr1,153730001,154730000,40,23,21,22,14,8
chr1,154730001,155730000,37,18,17,23,11,6
chr1,155730001,156740000,37,17,5,23,14,7
chr1,156740001,157740000,35,29,20,39,13,9
chr1,157740001,158740000,54,47,41,78,30,10
chr1,158740001,159740000,51,59,31,79,25,15
chr1,159740001,160740000,28,27,8,29,11,7
chr1,160740001,161800000,36,15,10,27,18,9
chr1,161800001,162800000,30,21,13,37,19,8
chr1,162800001,163800000,41,47,25,49,21,16
chr1,163800001,164800000,41,52,25,48,31,16
chr1,164800001,165800000,39,38,16,49,14,10
chr1,165800001,166800000,44,43,35,65,28,7
chr1,166800001,167800000,36,34,11,26,9,11
chr1,167800001,168820000,31,31,14,29,17,5
chr1,168820001,169820000,27,22,15,22,17,4
chr1,169820001,170820000,42,31,25,63,27,7
chr1,170820001,171820000,38,18,21,45,27,10
chr1,171820001,172820000,35,20,19,43,15,15
chr1,172820001,173820000,41,23,28,31,27,12
chr1,173820001,174820000,53,34,24,29,17,8
chr1,174820001,175820000,45,46,25,49,19,10
chr1,175820001,176820000,55,46,33,72,19,17
chr1,176820001,177820000,40,64,27,71,15,15
chr1,177820001,178820000,41,19,25,21,18,6
chr1,178820001,179820000,36,36,15,25,17,13
chr1,179820001,180820000,36,11,20,23,12,7
chr1,180820001,181820000,34,29,16,35,20,9
chr1,181820001,182820000,37,26,20,25,19,13
chr1,182820001,183820000,33,31,21,19,19,8
chr1,183820001,184820000,43,20,19,37,26,8
chr1,184820001,185820000,38,26,25,43,17,8
chr1,185820001,186820000,42,31,26,46,25,7
chr1,186820001,187820000,48,67,54,102,17,14
chr1,187820001,188820000,69,75,70,141,16,11
chr1,188820001,189820000,70,98,78,142,40,10
chr1,189820001,190820000,57,115,55,130,32,24
chr1,190820001,191820000,40,108,64,109,45,26
chr1,191820001,192820000,35,72,52,66,36,10
chr1,192820001,193820000,56,33,9,37,18,12
chr1,193820001,194820000,51,58,23,95,40,19
chr1,194820001,195820000,49,96,38,149,60,21
chr1,195820001,196820000,59,52,37,124,47,14
chr1,196820001,197820000,37,46,21,49,33,9
chr1,197820001,198820000,43,30,29,52,20,16
chr1,198820001,199820000,45,46,31,96,34,13
chr1,199820001,200820000,44,25,20,33,26,8
chr1,200820001,201820000,26,21,14,12,11,5
chr1,201820001,202820000,31,18,9,21,17,6
chr1,202820001,203820000,42,20,11,21,16,5
chr1,203820001,204840000,46,29,13,26,12,10
chr1,204840001,205840000,38,17,8,24,41,8
chr1,205840001,206840000,19,19,9,19,10,3
chr1,206840001,207840000,31,20,17,29,10,5
chr1,207840001,208840000,30,23,22,42,36,3
chr1,208840001,209840000,52,23,26,61,20,20
chr1,209840001,210840000,32,26,23,50,16,8
chr1,210840001,211840000,38,33,33,42,14,9
chr1,211840001,212840000,26,21,10,26,17,11
chr1,212840001,213840000,35,30,11,29,16,12
chr1,213840001,214840000,39,35,19,38,15,9
chr1,214840001,215840000,43,36,41,88,22,7
chr1,215840001,216840000,47,60,35,95,29,10
chr1,216840001,217840000,37,47,18,53,17,13
chr1,217840001,218840000,43,60,43,54,15,8
chr1,218840001,219840000,48,37,44,68,14,4
chr1,219840001,220840000,40,29,17,46,15,8
chr1,220840001,221840000,47,57,36,65,23,10
chr1,221840001,222840000,39,34,17,42,15,5
chr1,222840001,223840000,31,13,11,21,12,7
chr1,223840001,224890000,21,17,13,22,16,9
chr1,224890001,225890000,25,24,18,41,11,13
chr1,225890001,226890000,40,27,21,20,14,7
chr1,226890001,227890000,39,16,14,25,8,10
chr1,227890001,228940000,32,21,17,42,16,10
chr1,228940001,229940000,44,22,21,23,17,6
chr1,229940001,230940000,31,21,16,28,13,5
chr1,230940001,231940000,43,16,23,30,16,7
chr1,231940001,232940000,40,38,19,38,13,9
chr1,232940001,233940000,34,30,14,26,16,10
chr1,233940001,234940000,41,21,15,46,15,9
chr1,234940001,235940000,37,20,12,19,14,6
chr1,235940001,236950000,48,29,12,40,18,14
chr1,236950001,237960000,42,71,27,58,24,10
chr1,237960001,238960000,43,75,36,68,41,12
chr1,238960001,239960000,59,59,24,51,23,14
chr1,239960001,240960000,56,66,18,74,26,19
chr1,240960001,241960000,64,67,22,54,38,11
chr1,241960001,242960000,45,60,33,75,30,10
chr1,242960001,243960000,33,44,36,46,21,8
chr1,243960001,244960000,36,33,14,51,17,9
chr1,244960001,245960000,44,28,15,31,13,10
chr1,245960001,246960000,32,22,16,34,9,9
chr1,246960001,247970000,43,56,19,45,12,10
chr1,247970001,248970000,42,83,27,85,16,11
chr10,1,1000000,18,16,10,15,14,11
chr10,1000001,2000000,38,23,18,37,13,3
chr10,2000001,3000000,43,55,29,63,31,9
chr10,3000001,4000000,30,24,14,24,14,6
chr10,4000001,5000000,28,27,16,30,22,4
chr10,5000001,6000000,27,8,11,14,13,6
chr10,6000001,7000000,38,21,14,33,17,5
chr10,7000001,8000000,44,45,22,64,19,11
chr10,8000001,9000000,74,38,28,78,29,13
chr10,9000001,10000000,52,57,40,82,30,5
chr10,10000001,11000000,36,41,26,90,35,5
chr10,11000001,12000000,37,14,7,39,21,5
chr10,12000001,13000000,36,17,11,38,16,7
chr10,13000001,14000000,31,14,15,27,11,3
chr10,14000001,15000000,31,27,11,32,17,8
chr10,15000001,16000000,24,39,19,38,19,9
chr10,16000001,17000000,46,57,38,46,20,3
chr10,17000001,18000000,36,24,13,47,11,6
chr10,18000001,19000000,16,43,13,58,18,2
chr10,19000001,20000000,47,53,35,98,20,16
chr10,20000001,21000000,34,33,23,128,15,13
chr10,21000001,22000000,25,28,20,35,18,6
chr10,22000001,23000000,36,33,26,40,19,6
chr10,23000001,24000000,35,26,24,39,16,6
chr10,24000001,25000000,39,31,20,37,15,10
chr10,25000001,26000000,32,23,32,36,28,4
chr10,26000001,27000000,48,42,29,61,25,2
chr10,27000001,28000000,38,22,17,34,16,4
chr10,28000001,29000000,34,28,22,61,19,5
chr10,29000001,30000000,21,30,11,44,14,5
chr10,30000001,31000000,30,24,26,22,14,5
chr10,31000001,32000000,27,34,28,39,26,4
chr10,32000001,33000000,33,18,15,34,21,3
chr10,33000001,34000000,24,13,18,32,21,5
chr10,34000001,35000000,27,14,19,27,20,9
chr10,35000001,36000000,31,17,18,26,13,6
chr10,36000001,37000000,50,37,38,91,18,7
chr10,37000001,38000000,96,76,23,85,34,12
chr10,38000001,43070000,35,49,28,59,31,7
chr10,43070001,44070000,25,26,14,33,16,8
chr10,44070001,45070000,26,54,22,30,17,10
chr10,45070001,46070000,31,31,20,53,16,9
chr10,46070001,47070000,13,10,5,10,7,6
chr10,47070001,48070000,10,9,5,13,7,2
chr10,48070001,49070000,18,11,11,12,13,1
chr10,49070001,50070000,22,25,13,35,10,2
chr10,50070001,51070000,36,39,13,42,16,10
chr10,51070001,52070000,8,4,3,16,7,2
chr10,52070001,53070000,38,27,21,44,17,4
chr10,53070001,54070000,45,38,18,86,37,16
chr10,54070001,55070000,35,55,36,51,29,11
chr10,55070001,56070000,40,63,35,87,32,23
chr10,56070001,57070000,59,66,48,123,30,11
chr10,57070001,58070000,39,89,54,138,40,10
chr10,58070001,59070000,37,84,54,130,39,7
chr10,59070001,60070000,37,53,36,55,18,7
chr10,60070001,61070000,35,27,22,71,25,8
chr10,61070001,62070000,26,22,20,37,18,4
chr10,62070001,63070000,22,20,19,38,19,8
chr10,63070001,64070000,34,15,14,44,13,6
chr10,64070001,65070000,37,29,25,52,21,5
chr10,65070001,66070000,30,35,25,44,19,3
chr10,66070001,67070000,35,62,34,72,26,11
chr10,67070001,68070000,36,64,26,77,35,7
chr10,68070001,69070000,29,52,35,72,25,6
chr10,69070001,70070000,30,30,24,52,19,7
chr10,70070001,71070000,25,17,15,26,13,5
chr10,71070001,72070000,20,25,15,30,12,3
chr10,72070001,73070000,19,14,10,16,11,3
chr10,73070001,74070000,26,15,11,9,17,5
chr10,74070001,75070000,21,16,10,28,9,6
chr10,75070001,76070000,27,12,10,24,18,8
chr10,76070001,77070000,29,20,16,32,24,4
chr10,77070001,78070000,27,10,19,32,22,3
chr10,78070001,79070000,31,22,22,61,13,6
chr10,79070001,80070000,31,22,23,31,13,5
chr10,80070001,81070000,21,16,12,14,11,6
chr10,81070001,82070000,25,19,18,31,18,2
chr10,82070001,83070000,30,48,32,63,20,10
chr10,83070001,84070000,45,86,55,131,36,8
chr10,84070001,85070000,22,54,61,112,19,11
chr10,85070001,86070000,24,39,36,92,17,11
chr10,86070001,87070000,30,34,25,53,25,20
chr10,87070001,88070000,28,34,28,52,20,7
chr10,88070001,89070000,22,12,8,17,17,4
chr10,89070001,90070000,27,9,15,29,23,7
chr10,90070001,91070000,29,24,18,41,14,3
chr10,91070001,92070000,30,22,26,50,24,11
chr10,92070001,93070000,26,25,30,71,20,6
chr10,93070001,94070000,29,15,19,34,18,5
chr10,94070001,95070000,19,18,17,21,18,9
chr10,95070001,96070000,21,17,15,21,11,7
chr10,96070001,97070000,25,25,15,17,15,9
chr10,97070001,98070000,18,24,10,27,14,4
chr10,98070001,99080000,21,24,15,34,16,3
chr10,99080001,100080000,32,11,18,25,15,1
chr10,100080001,101080000,29,28,32,60,12,8
chr10,101080001,102080000,26,19,16,27,12,3
chr10,102080001,103080000,22,26,16,30,17,6
chr10,103080001,104080000,25,11,11,25,19,4
chr10,104080001,105080000,25,10,9,16,12,5
chr10,105080001,106080000,19,19,11,19,8,3
chr10,106080001,107080000,36,45,38,77,22,15
chr10,107080001,108080000,26,60,30,87,38,10
chr10,108080001,109080000,36,70,33,104,41,6
chr10,109080001,110080000,34,65,29,104,49,10
chr10,110080001,111080000,27,61,29,104,41,9
chr10,111080001,112080000,17,38,15,54,15,6
chr10,112080001,113080000,22,27,17,29,18,5
chr10,113080001,114080000,25,43,24,43,20,5
chr10,114080001,115080000,30,23,11,30,15,6
chr10,115080001,116080000,19,16,15,23,13,4
chr10,116080001,117080000,33,28,21,41,21,7
chr10,117080001,118080000,31,35,40,70,20,4
chr10,118080001,119080000,36,36,19,40,22,7
chr10,119080001,120080000,15,32,24,44,22,10
chr10,120080001,121080000,20,28,19,22,12,5
chr10,121080001,122080000,17,22,20,40,11,12
chr10,122080001,123080000,26,12,18,45,24,3
chr10,123080001,124080000,14,16,9,17,19,8
chr10,124080001,125080000,27,23,19,29,15,9
chr10,125080001,126080000,31,18,14,43,13,5
chr10,126080001,127080000,23,30,14,25,14,6
chr10,127080001,128080000,30,27,18,37,12,5
chr10,128080001,129080000,21,28,17,33,14,5
chr10,129080001,130080000,22,22,12,45,21,9
chr10,130080001,131080000,35,49,27,69,17,14
chr10,131080001,132080000,25,28,16,38,16,6
chr10,132080001,133080000,29,40,26,52,12,7
chr10,133080001,134080000,19,27,12,50,14,3
chr10,134080001,135080000,18,16,9,14,8,4
chr11,200001,1330000,22,24,7,25,9,8
chr11,1330001,2330000,21,29,7,19,9,5
chr11,2330001,3330000,26,12,6,24,11,13
chr11,3330001,4340000,17,19,14,19,13,3
chr11,4340001,5340000,32,40,20,55,26,14
chr11,5340001,6340000,29,42,23,56,18,12
chr11,6340001,7350000,19,26,23,41,16,8
chr11,7350001,8350000,28,17,23,36,27,14
chr11,8350001,9350000,33,15,10,22,14,6
chr11,9350001,10350000,15,19,12,24,19,7
chr11,10350001,11380000,24,20,17,43,13,9
chr11,11380001,12380000,13,20,13,21,12,7
chr11,12380001,13380000,28,9,21,30,13,9
chr11,13380001,14380000,22,24,20,36,15,6
chr11,14380001,15380000,25,47,20,41,13,4
chr11,15380001,16380000,23,32,19,36,17,15
chr11,16380001,17380000,26,12,24,27,19,6
chr11,17380001,18380000,24,19,13,24,13,8
chr11,18380001,19380000,25,28,21,31,21,6
chr11,19380001,20380000,28,15,19,33,17,17
chr11,20380001,21380000,23,49,31,77,27,12
chr11,21380001,22380000,39,93,40,78,41,12
chr11,22380001,23380000,31,45,19,43,19,9
chr11,23380001,24380000,45,63,30,60,20,6
chr11,24380001,25380000,36,58,55,66,29,16
chr11,25380001,26380000,36,59,52,78,22,10
chr11,26380001,27380000,40,31,25,49,16,11
chr11,27380001,28380000,25,22,18,32,15,10
chr11,28380001,29380000,46,40,44,65,27,14
chr11,29380001,30380000,52,55,44,79,24,3
chr11,30380001,31380000,48,49,35,94,25,10
chr11,31380001,32380000,31,42,22,52,23,12
chr11,32380001,33380000,34,28,14,39,19,8
chr11,33380001,34380000,20,23,22,36,19,7
chr11,34380001,35380000,54,12,12,24,20,3
chr11,35380001,36380000,21,23,17,33,17,6
chr11,36380001,37380000,34,45,40,82,15,17
chr11,37380001,38380000,38,64,69,89,29,17
chr11,38380001,39380000,48,94,47,82,53,25
chr11,39380001,40380000,50,101,55,85,42,18
chr11,40380001,41380000,47,91,58,116,47,21
chr11,41380001,42380000,35,77,66,113,17,13
chr11,42380001,43380000,39,74,30,107,14,17
chr11,43380001,44380000,24,22,11,36,24,7
chr11,44380001,45380000,30,22,18,29,17,0
chr11,45380001,46380000,32,21,15,36,12,5
chr11,46380001,47380000,27,17,20,26,16,7
chr11,47380001,48380000,22,24,19,36,16,11
chr11,48380001,49650000,38,64,40,105,28,19
chr11,49650001,51310000,42,96,43,106,26,22
chr11,51310001,55750000,48,122,48,84,31,18
chr11,55750001,56750000,44,76,32,84,37,20
chr11,56750001,57750000,24,40,15,32,19,6
chr11,57750001,58750000,38,64,27,52,22,6
chr11,58750001,59750000,32,28,27,40,28,5
chr11,59750001,60750000,35,45,20,38,23,5
chr11,60750001,61750000,20,19,5,29,14,3
chr11,61750001,62810000,35,21,15,27,19,7
chr11,62810001,63810000,29,32,17,38,17,7
chr11,63810001,64810000,24,16,8,24,13,6
chr11,64810001,65810000,31,23,9,31,31,14
chr11,65810001,66810000,21,22,13,23,16,3
chr11,66810001,67810000,32,13,8,24,13,8
chr11,67810001,68810000,29,17,13,34,20,6
chr11,68810001,69810000,22,31,10,32,13,13
chr11,69810001,70810000,28,27,7,26,8,12
chr11,70810001,71810000,23,23,11,19,17,12
chr11,71810001,72810000,19,25,13,32,15,5
chr11,72810001,73810000,23,14,13,19,21,5
chr11,73810001,74810000,35,15,14,19,16,6
chr11,74810001,75810000,31,22,13,33,18,13
chr11,75810001,76810000,26,23,14,19,17,10
chr11,76810001,77830000,27,12,14,22,19,12
chr11,77830001,78830000,30,17,16,32,21,8
chr11,78830001,79830000,37,31,23,51,21,16
chr11,79830001,80830000,45,47,27,64,20,20
chr11,80830001,81830000,36,77,43,100,17,14
chr11,81830001,82830000,31,40,30,67,9,16
chr11,82830001,83830000,22,25,34,72,16,7
chr11,83830001,84830000,33,36,31,113,23,10
chr11,84830001,85860000,27,34,26,50,16,8
chr11,85860001,86860000,20,19,16,26,17,9
chr11,86860001,87860000,30,40,33,50,28,6
chr11,87860001,88860000,31,36,23,73,30,5
chr11,88860001,89860000,31,33,31,87,29,7
chr11,89860001,90860000,39,64,54,82,32,12
chr11,90860001,91860000,37,56,35,52,30,14
chr11,91860001,92860000,41,44,26,63,21,6
chr11,92860001,93860000,26,31,22,24,11,9
chr11,93860001,94890000,30,17,16,23,24,7
chr11,94890001,95890000,22,16,19,39,19,8
chr11,95890001,96890000,33,27,28,52,19,5
chr11,96890001,97890000,37,68,60,154,47,15
chr11,97890001,98890000,43,77,61,120,39,20
chr11,98890001,99890000,40,49,50,106,42,14
chr11,99890001,100910000,24,29,23,55,25,18
chr11,100910001,101910000,32,38,28,55,30,6
chr11,101910001,102930000,26,23,12,35,15,12
chr11,102930001,103930000,29,33,22,87,17,6
chr11,103930001,104930000,28,42,32,103,32,6
chr11,104930001,105930000,37,48,33,71,31,8
chr11,105930001,106930000,29,54,47,76,30,14
chr11,106930001,107930000,31,29,15,42,20,6
chr11,107930001,108930000,22,14,18,23,28,8
chr11,108930001,109930000,32,21,34,82,28,4
chr11,109930001,110930000,23,19,26,52,25,6
chr11,110930001,111930000,18,11,15,30,22,8
chr11,111930001,112930000,27,23,19,43,18,3
chr11,112930001,113930000,16,29,23,37,11,7
chr11,113930001,114930000,27,31,17,61,26,5
chr11,114930001,115930000,22,32,21,59,18,14
chr11,115930001,116930000,15,32,16,39,16,8
chr11,116930001,117930000,21,23,13,30,11,2
chr11,117930001,118930000,28,12,16,24,10,6
chr11,118930001,119930000,22,24,11,26,11,5
chr11,119930001,120930000,22,12,10,28,15,3
chr11,120930001,121930000,19,17,27,62,9,9
chr11,121930001,122930000,31,26,33,60,19,8
chr11,122930001,123930000,33,46,19,48,25,6
chr11,123930001,124930000,29,43,17,53,23,7
chr11,124930001,125930000,25,30,18,42,19,8
chr11,125930001,126930000,16,38,16,44,17,6
chr11,126930001,127930000,33,52,32,91,25,15
chr11,127930001,128930000,18,32,16,30,19,7
chr11,128930001,129970000,19,14,8,24,17,7
chr11,129970001,130970000,34,17,19,30,15,8
chr11,130970001,131970000,33,55,38,85,14,9
chr11,131970001,132970000,39,63,40,89,44,7
chr11,132970001,133970000,44,40,29,71,20,6
chr11,133970001,134970000,21,42,14,41,24,1
chr12,190001,1260000,26,17,8,25,12,2
chr12,1260001,2260000,36,26,12,21,11,6
chr12,2260001,3300000,21,33,11,22,10,4
chr12,3300001,4300000,31,22,13,22,7,6
chr12,4300001,5320000,19,30,16,42,14,10
chr12,5320001,6340000,24,23,16,15,13,7
chr12,6340001,7340000,38,22,12,12,16,7
chr12,7340001,8360000,39,29,31,60,14,8
chr12,8360001,9360000,39,24,30,58,14,8
chr12,9360001,10360000,34,22,25,49,12,12
chr12,10360001,11360000,26,25,25,47,16,9
chr12,11360001,12360000,45,17,15,27,14,10
chr12,12360001,13360000,41,20,16,24,7,10
chr12,13360001,14360000,21,44,8,22,18,10
chr12,14360001,15360000,41,24,17,33,25,11
chr12,15360001,16360000,28,21,21,30,22,10
chr12,16360001,17360000,31,31,25,60,23,14
chr12,17360001,18360000,33,48,42,87,30,18
chr12,18360001,19360000,33,23,23,25,25,13
chr12,19360001,20370000,45,33,18,45,15,18
chr12,20370001,21390000,53,69,26,72,18,11
chr12,21390001,22390000,29,22,26,65,11,7
chr12,22390001,23390000,35,20,26,55,20,8
chr12,23390001,24390000,27,33,52,76,36,11
chr12,24390001,25390000,39,16,37,85,16,13
chr12,25390001,26390000,22,16,36,59,22,5
chr12,26390001,27390000,27,15,20,15,23,4
chr12,27390001,28390000,43,17,18,29,23,13
chr12,28390001,29390000,27,39,27,32,16,4
chr12,29390001,30390000,24,37,37,68,20,8
chr12,30390001,31390000,28,24,30,36,14,12
chr12,31390001,32390000,36,34,16,21,19,9
chr12,32390001,33390000,28,27,17,43,29,14
chr12,33390001,34420000,33,77,35,72,31,17
chr12,34420001,38970000,36,111,46,78,24,17
chr12,38970001,39970000,23,32,30,60,38,11
chr12,39970001,40970000,40,54,24,67,24,10
chr12,40970001,41980000,26,56,51,95,27,12
chr12,41980001,42980000,38,44,24,47,25,13
chr12,42980001,43980000,30,45,44,50,31,16
chr12,43980001,44980000,22,29,21,25,17,8
chr12,44980001,45980000,24,35,25,48,15,10
chr12,45980001,46980000,23,27,27,27,21,7
chr12,46980001,47980000,28,22,24,42,11,17
chr12,47980001,48980000,18,18,18,19,20,8
chr12,48980001,49980000,32,24,22,24,19,11
chr12,49980001,50980000,20,19,22,30,15,2
chr12,50980001,51980000,28,24,10,28,16,5
chr12,51980001,52980000,27,20,13,16,16,6
chr12,52980001,53980000,17,15,16,22,11,9
chr12,53980001,54990000,33,19,14,20,10,7
chr12,54990001,55990000,27,36,33,45,25,12
chr12,55990001,56990000,20,14,14,14,21,7
chr12,56990001,57990000,17,15,18,28,5,4
chr12,57990001,58990000,20,28,18,32,16,7
chr12,58990001,59990000,26,35,21,53,25,8
chr12,59990001,60990000,26,56,50,47,31,15
chr12,60990001,61990000,36,84,58,113,36,20
chr12,61990001,62990000,31,56,29,50,21,13
chr12,62990001,63990000,25,38,17,46,17,7
chr12,63990001,64990000,26,17,26,37,21,8
chr12,64990001,65990000,34,36,18,34,18,8
chr12,65990001,67010000,33,31,18,40,22,15
chr12,67010001,68010000,30,40,21,46,23,11
chr12,68010001,69010000,25,36,25,31,22,8
chr12,69010001,70030000,25,34,13,42,18,3
chr12,70030001,71080000,25,33,23,29,22,15
chr12,71080001,72080000,37,33,18,31,14,9
chr12,72080001,73080000,46,66,29,64,32,11
chr12,73080001,74080000,35,86,55,105,22,28
chr12,74080001,75080000,38,88,45,72,25,11
chr12,75080001,76100000,42,50,33,49,22,15
chr12,76100001,77100000,25,23,31,34,19,5
chr12,77100001,78100000,23,44,41,48,18,11
chr12,78100001,79100000,39,85,30,79,29,12
chr12,79100001,80100000,45,38,27,63,22,13
chr12,80100001,81100000,29,25,30,56,25,7
chr12,81100001,82100000,38,59,38,101,27,16
chr12,82100001,83100000,43,47,35,46,27,17
chr12,83100001,84100000,30,46,24,50,31,9
chr12,84100001,85100000,35,52,48,97,29,12
chr12,85100001,86100000,38,39,40,98,33,12
chr12,86100001,87100000,35,43,61,88,28,17
chr12,87100001,88100000,35,60,44,73,37,26
chr12,88100001,89100000,22,30,23,41,28,16
chr12,89100001,90100000,28,25,15,28,14,12
chr12,90100001,91100000,30,50,30,49,18,11
chr12,91100001,92100000,38,30,36,47,12,9
chr12,92100001,93100000,25,23,17,26,21,9
chr12,93100001,94140000,18,21,13,26,18,7
chr12,94140001,95140000,23,20,11,24,12,8
chr12,95140001,96140000,21,17,19,24,15,1
chr12,96140001,97160000,27,15,18,43,17,6
chr12,97160001,98160000,29,33,23,52,16,18
chr12,98160001,99160000,34,29,29,39,25,13
chr12,99160001,100160000,19,67,43,81,24,14
chr12,100160001,101160000,31,26,28,39,12,16
chr12,101160001,102170000,26,35,18,39,9,11
chr12,102170001,103170000,18,27,19,38,19,8
chr12,103170001,104170000,40,41,31,40,17,8
chr12,104170001,105170000,29,14,15,23,9,8
chr12,105170001,106170000,30,24,29,28,14,8
chr12,106170001,107170000,17,19,20,22,11,6
chr12,107170001,108170000,30,23,15,31,19,8
chr12,108170001,109170000,23,30,15,28,17,9
chr12,109170001,110170000,23,10,12,27,10,6
chr12,110170001,111170000,21,14,9,14,12,6
chr12,111170001,112170000,33,21,14,33,20,4
chr12,112170001,113170000,24,20,15,24,15,6
chr12,113170001,114180000,15,34,15,26,18,5
chr12,114180001,115180000,32,47,14,39,13,8
chr12,115180001,116180000,19,38,12,36,12,8
chr12,116180001,117180000,29,24,14,29,26,7
chr12,117180001,118180000,17,22,12,34,9,4
chr12,118180001,119180000,26,26,15,38,16,9
chr12,119180001,120180000,28,44,23,62,18,9
chr12,120180001,121180000,23,24,9,19,8,11
chr12,121180001,122180000,19,17,10,19,13,9
chr12,122180001,123180000,23,16,14,19,19,2
chr12,123180001,124180000,25,12,13,18,13,6
chr12,124180001,125180000,27,20,16,23,19,8
chr12,125180001,126230000,24,22,18,39,20,7
chr12,126230001,127230000,54,51,40,55,28,9
chr12,127230001,128250000,46,75,26,60,28,14
chr12,128250001,129250000,44,94,17,72,25,18
chr12,129250001,130250000,32,65,21,46,12,7
chr12,130250001,131270000,27,47,15,40,15,7
chr12,131270001,132290000,15,36,13,31,18,4
chr12,132290001,133290000,13,19,9,22,9,6
chr13,19200001,20500000,33,36,28,40,19,11
chr13,20500001,21550000,22,21,14,28,16,5
chr13,21550001,22610000,22,16,20,30,14,8
chr13,22610001,23630000,30,27,35,61,32,14
chr13,23630001,24630000,17,23,26,36,28,9
chr13,24630001,25680000,19,22,24,38,16,6
chr13,25680001,26700000,29,29,43,49,22,8
chr13,26700001,27700000,16,15,21,49,17,13
chr13,27700001,28800000,17,22,20,33,21,11
chr13,28800001,29810000,31,44,22,55,17,13
chr13,29810001,30950000,25,23,13,33,17,11
chr13,30950001,32030000,24,11,19,29,14,7
chr13,32030001,33030000,28,28,28,35,16,3
chr13,33030001,34110000,23,23,28,36,12,9
chr13,34110001,35170000,19,19,21,42,12,7
chr13,35170001,36230000,21,35,41,79,13,11
chr13,36230001,37270000,31,35,32,95,19,13
chr13,37270001,38290000,20,28,38,61,19,6
chr13,38290001,39370000,23,22,47,92,29,24
chr13,39370001,40370000,26,15,22,41,27,9
chr13,40370001,41700000,17,23,18,42,13,6
chr13,41700001,42860000,18,16,9,31,10,8
chr13,42860001,43970000,18,27,31,45,12,6
chr13,43970001,45010000,20,12,24,34,16,6
chr13,45010001,46020000,20,13,19,25,8,14
chr13,46020001,47080000,25,33,35,39,21,8
chr13,47080001,48120000,21,25,34,62,27,3
chr13,48120001,49430000,20,21,23,46,12,9
chr13,49430001,50490000,16,6,26,27,10,6
chr13,50490001,51760000,21,15,21,42,12,13
chr13,51760001,53330000,29,24,23,33,10,8
chr13,53330001,54380000,20,65,29,82,15,19
chr13,54380001,55390000,21,70,55,119,34,12
chr13,55390001,56410000,38,86,62,164,49,20
chr13,56410001,57430000,36,68,70,163,46,25
chr13,57430001,58530000,29,64,84,129,45,22
chr13,58530001,59560000,36,70,55,118,39,20
chr13,59560001,60600000,17,42,40,38,28,9
chr13,60600001,61660000,26,23,33,52,23,7
chr13,61660001,62710000,33,67,56,101,30,22
chr13,62710001,63760000,39,89,75,141,26,23
chr13,63760001,64850000,30,99,80,140,29,24
chr13,64850001,65850000,33,85,113,150,37,26
chr13,65850001,66880000,29,62,86,167,31,16
chr13,66880001,67900000,28,61,87,140,32,9
chr13,67900001,68960000,28,78,74,151,42,13
chr13,68960001,69960000,34,76,68,116,21,16
chr13,69960001,70990000,38,77,44,80,29,17
chr13,70990001,72020000,31,52,48,64,27,19
chr13,72020001,73040000,22,34,29,63,18,20
chr13,73040001,74080000,21,13,15,38,16,6
chr13,74080001,75140000,25,21,25,42,17,11
chr13,75140001,76180000,25,24,38,70,16,8
chr13,76180001,77340000,33,24,31,51,32,7
chr13,77340001,78370000,17,19,31,50,16,7
chr13,78370001,79420000,38,51,41,73,22,8
chr13,79420001,80480000,28,28,34,71,27,12
chr13,80480001,81510000,34,24,23,56,24,8
chr13,81510001,82560000,35,39,36,72,33,10
chr13,82560001,83600000,36,54,84,137,46,25
chr13,83600001,84630000,39,51,80,142,43,24
chr13,84630001,85660000,30,40,79,120,32,15
chr13,85660001,86730000,29,37,36,82,22,15
chr13,86730001,87750000,41,48,58,94,46,26
chr13,87750001,88760000,44,57,79,155,36,17
chr13,88760001,89790000,35,40,75,122,21,13
chr13,89790001,90790000,28,42,61,59,25,12
chr13,90790001,91830000,31,68,49,75,18,15
chr13,91830001,92850000,46,57,35,83,24,16
chr13,92850001,93870000,36,41,41,95,17,25
chr13,93870001,94880000,36,32,58,120,25,5
chr13,94880001,95920000,29,14,29,50,27,14
chr13,95920001,97070000,27,18,27,48,17,8
chr13,97070001,98250000,22,34,37,54,20,16
chr13,98270001,99270000,28,8,21,30,12,11
chr13,99270001,100300000,20,15,17,15,16,2
chr13,100300001,101310000,25,18,9,35,25,3
chr13,101310001,102380000,44,35,42,66,28,5
chr13,102380001,103410000,35,41,38,85,30,13
chr13,103410001,104430000,48,61,37,64,24,17
chr13,104430001,105440000,31,54,61,75,16,9
chr13,105440001,106490000,39,49,47,68,20,10
chr13,106490001,107560000,38,27,26,29,14,10
chr13,107560001,108560000,32,46,37,84,29,21
chr13,108560001,109620000,56,41,45,54,22,8
chr13,109620001,110650000,21,19,23,52,15,6
chr13,110650001,111770000,21,20,20,29,14,7
chr13,111770001,112860000,25,28,8,33,9,7
chr13,112860001,114140000,20,21,12,26,20,8
chr14,20310001,21310000,33,26,22,47,27,10
chr14,21310001,22310000,34,27,12,27,19,7
chr14,22310001,23310000,38,19,14,43,11,11
chr14,23310001,24310000,27,21,9,21,20,7
chr14,24310001,25310000,21,18,9,26,15,6
chr14,25310001,26310000,36,47,23,54,12,10
chr14,26310001,27330000,35,68,39,104,28,25
chr14,27330001,28330000,34,75,42,105,51,20
chr14,28330001,29330000,40,74,56,113,47,20
chr14,29330001,30330000,35,57,40,94,34,4
chr14,30330001,31330000,32,34,33,62,17,10
chr14,31330001,32370000,25,26,13,22,11,11
chr14,32370001,33400000,27,22,22,50,18,6
chr14,33400001,34400000,20,32,26,49,16,8
chr14,34400001,35440000,35,20,12,32,18,3
chr14,35440001,36450000,22,16,11,35,14,7
chr14,36450001,37450000,24,26,11,51,16,10
chr14,37450001,38450000,39,29,29,48,50,15
chr14,38450001,39450000,34,38,25,57,22,14
chr14,39450001,40470000,27,26,29,45,22,14
chr14,40470001,41470000,34,64,55,80,32,15
chr14,41470001,42470000,52,78,47,114,42,20
chr14,42470001,43470000,46,86,42,97,34,7
chr14,43470001,44470000,39,76,33,93,32,16
chr14,44470001,45470000,36,48,30,62,28,11
chr14,45470001,46470000,32,31,12,51,34,4
chr14,46470001,47470000,32,61,30,110,47,6
chr14,47470001,48470000,33,88,44,108,62,9
chr14,48470001,49470000,33,70,47,120,35,13
chr14,49470001,50470000,31,25,15,46,24,9
chr14,50470001,51470000,36,14,15,23,15,6
chr14,51470001,52470000,24,23,16,48,15,4
chr14,52470001,53470000,37,28,16,28,19,8
chr14,53470001,54470000,34,16,17,39,26,4
chr14,54470001,55480000,24,19,14,13,19,6
chr14,55480001,56480000,29,11,5,29,10,11
chr14,56480001,57480000,23,16,20,43,25,7
chr14,57480001,58480000,17,33,17,53,22,12
chr14,58480001,59480000,24,25,16,30,16,8
chr14,59480001,60480000,25,29,17,43,15,7
chr14,60480001,61480000,23,32,19,39,23,9
chr14,61480001,62480000,28,17,13,24,17,4
chr14,62480001,63480000,29,31,30,52,13,9
chr14,63480001,64480000,27,21,21,27,18,6
chr14,64480001,65480000,25,14,13,25,14,3
chr14,65480001,66480000,25,15,4,19,10,7
chr14,66480001,67480000,20,26,12,35,17,7
chr14,67480001,68520000,22,19,12,33,16,4
chr14,68520001,69520000,23,11,12,21,8,6
chr14,69520001,70520000,16,15,13,24,13,9
chr14,70520001,71520000,18,26,13,21,14,7
chr14,71520001,72520000,15,25,18,26,16,9
chr14,72520001,73520000,18,49,22,39,20,7
chr14,73520001,74520000,16,12,8,20,12,6
chr14,74520001,75520000,12,13,12,21,10,7
chr14,75520001,76520000,11,10,10,19,15,7
chr14,76520001,77520000,20,27,6,26,13,6
chr14,77520001,78520000,16,21,16,24,12,6
chr14,78520001,79520000,32,23,26,60,13,8
chr14,79520001,80520000,24,33,32,76,15,11
chr14,80520001,81540000,26,43,12,53,12,7
chr14,81540001,82540000,33,40,31,56,16,8
chr14,82540001,83540000,23,56,63,130,33,16
chr14,83540001,84540000,25,52,69,99,39,23
chr14,84540001,85540000,37,54,66,84,31,10
chr14,85540001,86540000,41,35,57,70,30,13
chr14,86580001,87610000,39,91,51,62,48,23
chr14,87610001,88660000,31,85,32,72,23,9
chr14,88660001,89660000,18,31,10,44,21,5
chr14,89660001,90670000,18,19,9,15,12,8
chr14,90670001,91670000,14,16,9,26,15,12
chr14,91670001,92670000,24,11,7,22,15,5
chr14,92670001,93670000,17,20,12,22,10,8
chr14,93670001,94670000,16,23,21,48,20,11
chr14,94670001,95670000,16,24,22,41,9,10
chr14,95670001,96670000,20,26,7,39,19,7
chr14,96670001,97670000,15,23,16,38,18,8
chr14,97670001,98670000,35,38,26,71,37,7
chr14,98670001,99670000,25,32,19,31,14,12
chr14,99670001,100670000,16,15,15,34,15,3
chr14,100670001,101670000,14,16,9,33,17,3
chr14,101670001,102680000,18,19,8,25,15,8
chr14,102680001,103680000,20,11,9,21,12,7
chr14,103680001,104680000,16,21,10,26,20,7
chr14,104680001,105680000,19,21,7,15,11,6
chr14,105710001,106870000,24,29,13,30,17,2
chr15,20170001,24070000,33,49,23,57,23,7
chr15,24070001,25070000,42,86,32,99,31,10
chr15,25070001,26080000,26,53,29,78,27,9
chr15,26080001,27080000,37,69,38,87,23,13
chr15,27080001,28080000,19,73,44,87,24,14
chr15,28080001,29510000,27,22,20,48,16,6
chr15,29510001,31080000,21,30,29,37,16,4
chr15,31080001,32100000,28,22,8,32,16,22
chr15,32100001,33580000,17,26,14,31,26,13
chr15,33580001,34580000,18,23,30,43,19,7
chr15,34580001,35580000,22,24,15,28,16,5
chr15,35580001,36580000,25,19,25,47,30,8
chr15,36580001,37580000,31,21,39,28,29,12
chr15,37580001,38580000,23,32,28,34,25,7
chr15,38580001,39580000,17,27,15,36,16,8
chr15,39580001,40580000,17,16,10,21,11,4
chr15,40580001,41580000,13,15,7,25,10,6
chr15,41580001,42580000,25,18,16,22,19,5
chr15,42580001,43580000,13,16,9,22,16,5
chr15,43580001,44580000,26,20,10,24,15,7
chr15,44580001,45580000,21,11,18,21,14,10
chr15,45580001,46580000,18,28,18,42,31,7
chr15,46580001,47580000,32,40,35,98,26,10
chr15,47580001,48580000,28,33,37,68,19,11
chr15,48580001,49580000,13,16,20,38,20,6
chr15,49580001,50580000,33,35,11,55,16,12
chr15,50580001,51580000,20,12,19,22,14,4
chr15,51580001,52580000,21,16,20,22,16,8
chr15,52580001,53580000,16,22,26,52,29,14
chr15,53580001,54580000,23,37,20,77,30,16
chr15,54580001,55580000,28,33,31,83,20,15
chr15,55580001,56580000,24,17,17,23,20,9
chr15,56580001,57590000,24,11,17,20,28,13
chr15,57590001,58590000,12,26,20,24,20,12
chr15,58590001,59590000,26,12,15,23,15,9
chr15,59590001,60590000,30,22,21,29,27,7
chr15,60590001,61590000,27,22,24,38,13,6
chr15,61590001,62590000,28,20,18,39,26,12
chr15,62590001,63590000,17,24,16,15,8,5
chr15,63590001,64590000,27,16,17,22,12,8
chr15,64590001,65590000,23,9,19,21,17,5
chr15,65590001,66590000,15,21,12,38,11,1
chr15,66590001,67590000,20,19,10,21,10,9
chr15,67590001,68590000,23,12,19,24,13,9
chr15,68590001,69600000,17,16,16,23,14,8
chr15,69600001,70600000,16,18,17,18,9,12
chr15,70600001,71600000,37,18,14,25,15,3
chr15,71600001,72620000,28,16,2,23,20,4
chr15,72620001,73680000,22,21,14,33,16,7
chr15,73680001,74730000,20,20,10,26,13,9
chr15,74730001,75790000,25,18,8,29,14,9
chr15,75790001,76790000,23,16,10,26,12,3
chr15,76790001,77790000,23,19,14,23,14,11
chr15,77790001,78800000,15,27,5,17,21,12
chr15,78800001,79800000,17,29,13,14,13,4
chr15,79800001,80800000,14,22,23,35,14,10
chr15,80800001,81800000,22,26,17,28,15,9
chr15,81800001,83440000,26,26,15,47,16,5
chr15,83440001,84440000,35,19,23,63,19,9
chr15,84440001,85850000,28,23,16,37,14,9
chr15,85850001,86850000,23,27,19,23,20,7
chr15,86850001,87850000,35,63,31,86,30,12
chr15,87850001,88850000,33,58,21,78,33,14
chr15,88850001,89850000,27,30,10,34,12,9
chr15,89850001,90850000,33,22,14,19,13,4
chr15,90850001,91850000,28,16,8,24,10,6
chr15,91850001,92850000,21,20,13,35,14,6
chr15,92850001,93850000,38,18,18,28,17,13
chr15,93850001,94850000,39,20,22,60,19,15
chr15,94850001,95850000,41,45,25,72,25,16
chr15,95850001,96850000,34,22,24,73,25,8
chr15,96850001,97850000,50,45,32,88,19,12
chr15,97850001,98850000,48,44,14,71,41,18
chr15,98850001,99850000,41,25,15,40,21,9
chr15,99850001,100850000,31,26,11,38,19,9
chr15,100850001,101850000,21,13,26,28,14,7
chr16,1,1000000,22,11,8,18,7,6
chr16,1000001,2000000,18,13,9,18,11,10
chr16,2000001,3000000,36,26,14,14,9,6
chr16,3000001,4000000,32,33,16,24,14,5
chr16,4000001,5000000,17,9,10,23,12,5
chr16,5000001,6000000,37,33,15,42,18,10
chr16,6000001,7000000,48,43,29,84,20,16
chr16,7000001,8000000,43,53,26,83,30,17
chr16,8000001,9000000,31,33,24,54,37,13
chr16,9000001,10000000,21,21,17,36,20,9
chr16,10000001,11000000,21,22,22,40,26,8
chr16,11000001,12000000,30,13,11,15,8,5
chr16,12000001,13000000,26,17,6,21,12,2
chr16,13000001,14000000,48,39,15,68,21,15
chr16,14000001,15000000,28,23,9,19,11,6
chr16,15000001,16000000,15,17,10,30,15,8
chr16,16000001,17000000,12,16,7,25,10,2
chr16,17000001,18000000,39,39,25,31,22,11
chr16,18000001,19000000,24,15,11,31,12,7
chr16,19000001,20000000,22,19,8,27,22,10
chr16,20000001,21000000,27,36,19,39,15,9
chr16,21000001,22000000,23,23,16,15,17,8
chr16,22000001,23000000,22,23,19,46,22,7
chr16,23000001,24000000,29,13,12,31,22,7
chr16,24000001,25000000,34,36,24,51,24,10
chr16,25000001,26000000,31,54,18,56,20,7
chr16,26000001,27000000,45,73,25,88,19,17
chr16,27000001,28000000,26,21,9,34,16,11
chr16,28000001,29000000,20,9,14,20,9,3
chr16,29000001,30000000,15,12,7,18,12,8
chr16,30000001,31000000,30,18,11,14,13,4
chr16,31000001,32000000,28,35,23,38,24,10
chr16,32000001,33510000,33,79,27,57,33,9
chr16,33510001,34990000,67,106,36,86,30,10
chr16,34990001,47310000,25,53,24,41,31,12
chr16,47310001,48310000,27,25,24,43,25,9
chr16,48310001,49310000,17,35,25,43,29,9
chr16,49310001,50310000,21,26,17,47,19,7
chr16,50310001,51310000,24,30,18,39,26,8
chr16,51310001,52310000,27,32,34,47,24,10
chr16,52310001,53310000,27,34,19,24,20,5
chr16,53310001,54310000,28,18,16,24,24,3
chr16,54310001,55310000,27,25,22,56,13,6
chr16,55310001,56310000,27,32,21,39,27,4
chr16,56310001,57310000,18,26,7,10,11,5
chr16,57310001,58310000,28,18,15,24,14,5
chr16,58310001,59310000,24,38,30,63,18,1
chr16,59310001,60310000,36,81,66,79,40,13
chr16,60310001,61310000,41,100,70,133,35,17
chr16,61310001,62310000,59,79,66,120,26,16
chr16,62310001,63310000,46,100,67,108,30,22
chr16,63310001,64310000,46,31,67,76,29,6
chr16,64310001,65310000,29,41,35,81,25,9
chr16,65310001,66310000,34,43,32,48,16,13
chr16,66310001,67310000,23,14,11,24,12,11
chr16,67310001,68310000,25,15,7,25,5,4
chr16,68310001,69310000,35,15,3,21,12,10
chr16,69310001,70310000,18,14,10,15,13,5
chr16,70310001,71310000,26,23,14,30,20,5
chr16,71310001,72310000,25,21,10,25,5,7
chr16,72310001,73310000,13,20,12,38,18,5
chr16,73310001,74310000,41,30,25,49,17,6
chr16,74310001,75310000,15,19,14,20,11,3
chr16,75310001,76310000,34,34,29,36,20,9
chr16,76310001,77310000,25,46,30,69,20,13
chr16,77310001,78310000,24,30,24,52,15,10
chr16,78310001,79310000,23,26,26,63,12,6
chr16,79310001,80310000,30,40,23,56,12,7
chr16,80310001,81310000,25,28,17,43,14,5
chr16,81310001,82310000,19,17,14,18,11,2
chr16,82310001,83310000,24,33,14,47,19,11
chr16,83310001,84310000,25,17,21,37,14,8
chr16,84310001,85310000,24,10,3,12,12,6
chr16,85310001,86310000,25,20,8,24,13,6
chr16,86310001,87310000,22,34,15,27,12,8
chr16,87310001,88310000,28,18,15,19,15,6
chr16,88310001,89310000,19,14,10,20,0,6
chr17,1,1120000,11,18,4,11,12,8
chr17,1120001,2150000,16,13,7,18,12,5
chr17,2150001,3150000,29,12,10,27,13,9
chr17,3150001,4150000,20,23,10,21,15,10
chr17,4150001,5160000,15,14,7,13,14,4
chr17,5160001,6160000,25,30,17,23,16,8
chr17,6160001,7160000,19,17,14,16,10,9
chr17,7160001,8160000,49,31,20,34,18,4
chr17,8160001,9160000,19,15,13,27,18,5
chr17,9160001,10160000,21,16,19,34,21,5
chr17,10160001,11160000,30,22,6,21,9,6
chr17,11160001,12160000,34,14,14,42,16,6
chr17,12160001,13160000,19,24,15,40,10,10
chr17,13160001,14160000,20,24,18,38,20,12
chr17,14160001,15160000,24,11,28,43,11,10
chr17,15160001,16160000,21,10,10,15,14,5
chr17,16160001,17160000,21,13,7,29,9,2
chr17,17160001,18160000,16,16,7,24,17,11
chr17,18160001,19390000,15,19,9,9,15,3
chr17,19390001,20390000,24,11,14,22,11,3
chr17,20390001,21390000,33,14,23,19,14,5
chr17,21390001,25770000,35,47,34,48,28,6
chr17,25770001,26770000,27,20,15,23,14,3
chr17,26770001,27770000,28,10,8,35,12,7
chr17,27770001,28770000,27,19,13,27,14,7
chr17,28770001,29770000,23,20,14,21,18,4
chr17,29770001,30790000,23,17,14,28,15,5
chr17,30790001,31810000,19,21,21,36,23,10
chr17,31810001,32810000,28,36,19,50,13,6
chr17,32810001,33820000,29,29,16,40,13,10
chr17,33820001,35170000,25,20,15,31,14,9
chr17,35170001,36170000,34,19,14,13,13,6
chr17,36170001,37330000,45,21,19,38,12,7
chr17,37330001,38330000,29,16,12,40,28,8
chr17,38330001,39330000,29,14,21,26,16,12
chr17,39330001,40330000,18,24,14,31,12,5
chr17,40330001,41330000,31,15,14,24,11,5
chr17,41330001,42410000,25,18,7,21,13,5
chr17,42410001,43410000,21,17,12,21,15,5
chr17,43410001,44550000,25,27,11,21,10,10
chr17,44550001,45740000,30,14,16,29,10,9
chr17,45740001,46740000,24,19,21,32,19,8
chr17,46740001,47740000,32,23,16,26,28,8
chr17,47740001,48740000,38,23,15,23,13,8
chr17,48740001,49740000,25,23,16,34,23,8
chr17,49740001,50740000,40,55,34,79,19,13
chr17,50740001,51750000,51,87,49,130,33,17
chr17,51750001,52750000,37,86,39,101,35,17
chr17,52750001,53750000,40,19,17,49,16,6
chr17,53750001,54750000,31,44,24,44,9,14
chr17,54750001,55750000,34,21,14,14,13,10
chr17,55750001,56750000,29,32,23,39,23,9
chr17,56750001,57750000,33,24,28,21,21,10
chr17,57750001,58750000,37,16,19,38,19,11
chr17,58750001,59750000,19,17,15,31,21,13
chr17,59750001,60750000,44,25,12,36,14,7
chr17,60750001,61750000,36,18,19,19,11,13
chr17,61750001,62750000,22,26,14,25,14,10
chr17,62750001,63750000,23,15,17,16,12,7
chr17,63750001,64750000,42,16,10,33,19,12
chr17,64750001,65760000,27,15,13,23,12,8
chr17,65760001,66760000,38,20,20,41,15,8
chr17,66760001,67760000,20,23,30,49,25,3
chr17,67760001,68760000,58,24,21,46,21,9
chr17,68760001,69760000,37,32,29,43,24,5
chr17,69760001,70760000,34,30,12,28,17,10
chr17,70760001,71760000,26,27,7,17,12,10
chr17,71760001,72760000,36,21,12,21,18,8
chr17,72760001,73760000,23,15,8,18,11,6
chr17,73760001,74760000,24,18,10,22,8,9
chr17,74760001,75760000,27,24,13,23,15,9
chr17,75760001,76760000,33,22,9,16,15,6
chr17,76760001,77760000,26,21,7,16,12,3
chr17,77760001,78770000,23,12,8,21,14,9
chr17,78770001,79770000,28,22,7,20,10,15
chr17,79770001,80770000,25,12,6,13,19,5
chr18,130001,1160000,23,38,16,49,15,7
chr18,1160001,2160000,32,30,40,75,32,27
chr18,2160001,3210000,32,24,9,34,24,9
chr18,3210001,4210000,26,20,16,34,19,8
chr18,4210001,5210000,46,66,22,81,36,10
chr18,5210001,6210000,47,48,28,75,26,11
chr18,6210001,7240000,42,33,15,79,10,5
chr18,7240001,8240000,33,27,31,56,14,8
chr18,8240001,9240000,31,20,11,40,10,8
chr18,9240001,10240000,23,15,22,32,19,4
chr18,10240001,11240000,33,36,28,51,23,5
chr18,11240001,12340000,32,22,22,37,24,10
chr18,12340001,13340000,22,31,12,32,17,6
chr18,13340001,14460000,38,38,11,42,18,10
chr18,14460001,18880000,30,74,24,79,16,9
chr18,18880001,19910000,23,21,20,36,21,7
chr18,19910001,20960000,25,23,14,27,11,13
chr18,20960001,21960000,25,9,18,23,14,9
chr18,21960001,22960000,30,39,19,71,17,11
chr18,22960001,23960000,29,59,24,72,18,9
chr18,23960001,24960000,27,24,33,66,19,9
chr18,24960001,25960000,37,42,44,90,22,9
chr18,25960001,26960000,42,55,53,121,47,24
chr18,26960001,27980000,42,77,50,91,36,18
chr18,27980001,29000000,30,40,26,58,26,19
chr18,29000001,30000000,21,24,9,28,22,5
chr18,30000001,31020000,28,43,16,52,16,9
chr18,31020001,32020000,27,58,19,58,21,16
chr18,32020001,33070000,34,28,14,27,14,7
chr18,33070001,34110000,28,24,17,31,19,12
chr18,34110001,35110000,27,26,10,47,15,3
chr18,35110001,36110000,28,53,29,70,32,9
chr18,36110001,37110000,38,47,46,77,18,24
chr18,37110001,38110000,36,47,34,82,29,24
chr18,38110001,39120000,40,48,30,93,29,24
chr18,39120001,40120000,30,35,29,52,19,7
chr18,40120001,41120000,41,57,55,68,20,23
chr18,41120001,42130000,29,41,36,77,17,19
chr18,42130001,43150000,26,27,17,49,13,5
chr18,43150001,44160000,26,17,10,17,13,10
chr18,44160001,45200000,26,45,17,33,16,9
chr18,45200001,46260000,37,27,3,27,13,4
chr18,46260001,47350000,27,17,9,11,8,6
chr18,47350001,48350000,21,22,13,30,16,19
chr18,48350001,49350000,34,36,17,29,19,8
chr18,49350001,50370000,26,56,26,65,32,18
chr18,50370001,51370000,40,45,32,76,25,25
chr18,51370001,52370000,22,12,15,37,8,10
chr18,52370001,53380000,38,25,32,39,20,12
chr18,53390001,54390000,42,38,23,45,28,11
chr18,54400001,55400000,29,34,13,19,13,10
chr18,55400001,56400000,25,22,11,18,18,11
chr18,56400001,57400000,27,42,23,27,24,8
chr18,57400001,58400000,36,26,24,49,25,17
chr18,58400001,59400000,42,41,27,40,24,14
chr18,59400001,60400000,28,19,10,26,13,7
chr18,60400001,61440000,26,20,15,29,13,7
chr18,61440001,62450000,32,49,27,71,33,12
chr18,62450001,63450000,44,79,36,110,28,17
chr18,63450001,64450000,34,70,31,73,29,15
chr18,64450001,65450000,44,45,35,79,25,14
chr18,65450001,66450000,42,70,35,66,24,19
chr18,66450001,67450000,32,56,31,70,38,14
chr18,67450001,68490000,28,40,8,25,15,12
chr18,68490001,69490000,39,84,42,74,28,22
chr18,69490001,70490000,30,83,48,87,20,19
chr18,70490001,71490000,35,47,28,53,20,14
chr18,71490001,72490000,30,23,17,29,18,9
chr18,72490001,73490000,24,30,17,32,20,11
chr18,73490001,74490000,29,31,14,38,22,10
chr18,74490001,75520000,43,43,16,31,21,12
chr18,75520001,76540000,29,34,20,48,16,12
chr18,76540001,77740000,25,30,13,27,12,6
chr19,1,1000000,12,17,6,13,8,7
chr19,1000001,2000000,22,25,8,19,10,7
chr19,2000001,3000000,28,11,7,20,10,6
chr19,3000001,4000000,33,25,7,22,14,3
chr19,4000001,5000000,15,15,12,19,11,7
chr19,5000001,6000000,26,20,7,21,15,4
chr19,6000001,7000000,23,12,14,21,13,7
chr19,7000001,8010000,19,15,14,12,11,5
chr19,8010001,9080000,17,22,10,30,14,7
chr19,9080001,10080000,25,24,21,45,15,6
chr19,10080001,11080000,29,14,9,24,13,9
chr19,11080001,12080000,24,13,16,30,15,12
chr19,12080001,13080000,25,8,18,41,13,9
chr19,13080001,14080000,22,26,13,33,23,5
chr19,14080001,15080000,23,17,12,31,14,5
chr19,15080001,16080000,31,23,19,36,20,10
chr19,16080001,17080000,24,21,10,21,15,7
chr19,17080001,18080000,19,23,12,20,8,3
chr19,18080001,19080000,31,24,9,12,11,4
chr19,19080001,20080000,35,15,8,30,12,8
chr19,20080001,21080000,30,32,32,58,18,13
chr19,21080001,22080000,25,40,29,58,20,7
chr19,22080001,23080000,23,97,52,104,23,17
chr19,23080001,24080000,39,57,31,89,25,13
chr19,24080001,28600000,28,78,26,80,16,12
chr19,28600001,29600000,58,92,31,90,33,12
chr19,29600001,30600000,35,53,23,57,18,5
chr19,30600001,31600000,34,68,29,91,14,11
chr19,31600001,32600000,49,67,31,110,22,9
chr19,32600001,33600000,36,27,20,35,14,11
chr19,33600001,34600000,20,23,19,58,18,9
chr19,34600001,35620000,26,23,8,26,14,9
chr19,35620001,36630000,29,24,14,24,16,6
chr19,36630001,37630000,28,19,31,56,19,7
chr19,37630001,38680000,27,24,34,41,14,15
chr19,38680001,39680000,26,29,11,29,15,5
chr19,39680001,40680000,28,25,18,34,13,3
chr19,40680001,41680000,21,29,16,33,14,5
chr19,41680001,42680000,17,23,12,27,17,3
chr19,42680001,43680000,36,17,11,24,12,9
chr19,43680001,44680000,18,18,14,27,12,7
chr19,44680001,45720000,19,26,13,33,14,14
chr19,45720001,46720000,25,18,10,27,12,1
chr19,46720001,47720000,31,19,9,20,13,6
chr19,47720001,48790000,18,18,17,27,12,6
chr19,48790001,49790000,17,10,9,17,17,8
chr19,49790001,50850000,18,12,8,21,6,4
chr19,50850001,51850000,34,29,17,31,25,7
chr19,51850001,52850000,28,31,20,39,16,10
chr19,52850001,53850000,29,30,20,46,16,8
chr19,53850001,54850000,29,33,20,45,12,9
chr19,54850001,55850000,26,26,19,32,11,8
chr19,55850001,56850000,26,27,14,39,14,9
chr19,56850001,57850000,34,41,25,73,17,7
chr19,57850001,58850000,24,17,18,26,13,5
chr2,1,1000000,24,52,21,42,15,14
chr2,1000001,2000000,37,55,29,68,13,10
chr2,2000001,3020000,48,82,29,66,18,6
chr2,3020001,4030000,29,37,18,29,24,8
chr2,4030001,5030000,35,86,49,84,23,11
chr2,5030001,6030000,29,79,40,102,23,16
chr2,6030001,7030000,24,81,33,62,19,16
chr2,7030001,8030000,31,54,24,51,14,4
chr2,8030001,9030000,22,43,18,31,19,14
chr2,9030001,10030000,27,22,16,17,18,6
chr2,10030001,11030000,24,20,10,14,15,6
chr2,11030001,12030000,27,29,13,21,20,3
chr2,12030001,13030000,23,33,32,46,15,11
chr2,13030001,14060000,37,70,50,71,22,16
chr2,14060001,15060000,29,53,33,72,16,20
chr2,15060001,16060000,39,36,20,29,11,11
chr2,16060001,17060000,25,40,25,38,11,15
chr2,17060001,18060000,37,28,29,69,20,14
chr2,18060001,19060000,28,28,24,39,18,11
chr2,19060001,20060000,24,20,18,33,12,8
chr2,20060001,21060000,36,18,14,26,14,9
chr2,21060001,22060000,30,37,24,74,22,11
chr2,22060001,23060000,51,55,46,102,28,13
chr2,23060001,24060000,35,36,10,34,13,14
chr2,24060001,25060000,23,17,15,34,14,6
chr2,25060001,26060000,35,21,8,36,7,6
chr2,26060001,27060000,22,19,10,28,21,5
chr2,27060001,28060000,17,23,12,29,10,4
chr2,28060001,29060000,40,22,13,25,13,4
chr2,29060001,30060000,25,20,23,41,15,8
chr2,30060001,31060000,20,26,16,28,14,5
chr2,31060001,32060000,29,40,24,44,16,11
chr2,32060001,33060000,30,32,19,23,23,13
chr2,33060001,34070000,31,24,13,51,12,8
chr2,34070001,35070000,44,70,49,96,28,15
chr2,35070001,36070000,37,77,34,116,31,15
chr2,36070001,37070000,23,40,23,44,20,13
chr2,37070001,38070000,34,18,14,32,18,17
chr2,38070001,39070000,31,25,11,24,23,12
chr2,39070001,40070000,29,23,17,33,20,6
chr2,40070001,41070000,41,52,29,67,27,7
chr2,41070001,42070000,39,52,39,88,28,5
chr2,42070001,43070000,34,14,13,23,10,7
chr2,43070001,44070000,30,17,15,23,20,9
chr2,44070001,45070000,26,33,15,25,17,8
chr2,45070001,46070000,30,29,14,22,12,8
chr2,46070001,47070000,35,29,10,19,12,5
chr2,47070001,48070000,14,23,9,29,13,9
chr2,48070001,49070000,27,43,25,52,15,10
chr2,49070001,50080000,57,73,39,116,32,13
chr2,50080001,51080000,35,74,58,114,19,11
chr2,51080001,52080000,33,55,72,143,30,23
chr2,52080001,53080000,34,82,68,134,41,9
chr2,53080001,54080000,38,44,36,63,21,15
chr2,54080001,55080000,30,23,14,42,12,6
chr2,55080001,56080000,42,27,12,20,20,5
chr2,56080001,57080000,37,47,44,84,33,10
chr2,57080001,58080000,48,77,62,109,35,8
chr2,58080001,59080000,32,43,32,70,31,7
chr2,59080001,60080000,44,66,45,78,17,10
chr2,60080001,61080000,46,25,21,47,20,13
chr2,61080001,62080000,39,20,18,28,22,5
chr2,62080001,63120000,28,23,14,29,15,9
chr2,63120001,64120000,28,22,23,47,18,2
chr2,64120001,65120000,27,17,7,23,25,7
chr2,65120001,66120000,23,31,19,34,14,7
chr2,66120001,67120000,43,37,29,48,23,8
chr2,67120001,68120000,39,20,33,52,17,13
chr2,68120001,69120000,31,15,19,41,16,5
chr2,69120001,70120000,21,20,19,39,13,8
chr2,70120001,71130000,24,23,14,30,18,11
chr2,71130001,72130000,27,36,13,39,14,5
chr2,72130001,73130000,28,27,19,42,17,11
chr2,73130001,74130000,27,15,8,28,10,7
chr2,74130001,75130000,29,21,16,26,17,3
chr2,75130001,76130000,46,42,33,54,20,9
chr2,76130001,77130000,36,87,43,104,21,20
chr2,77130001,78130000,44,88,62,112,24,10
chr2,78130001,79130000,62,132,61,137,40,10
chr2,79130001,80130000,55,117,28,98,35,13
chr2,80130001,81130000,53,90,21,131,33,17
chr2,81130001,82130000,50,121,62,142,34,20
chr2,82130001,83130000,57,130,41,107,25,34
chr2,83130001,84130000,39,61,36,112,20,16
chr2,84130001,85130000,28,38,23,53,29,12
chr2,85130001,86130000,26,28,12,28,12,7
chr2,86130001,87150000,43,23,13,27,12,6
chr2,87150001,89010000,20,37,16,50,21,8
chr2,89010001,95640000,42,72,27,71,33,9
chr2,95640001,96640000,20,24,12,31,15,12
chr2,96640001,97640000,25,14,15,22,17,10
chr2,97640001,99170000,23,31,16,32,20,7
chr2,99170001,100170000,26,22,19,34,14,5
chr2,100170001,101170000,49,26,34,42,31,9
chr2,101170001,102170000,32,23,15,23,12,9
chr2,102170001,103170000,25,18,14,30,24,9
chr2,103170001,104170000,42,47,33,78,31,8
chr2,104170001,105170000,29,89,54,112,39,19
chr2,105170001,106170000,33,36,24,53,29,9
chr2,106170001,107170000,33,21,12,36,14,12
chr2,107170001,108170000,41,55,30,88,26,19
chr2,108170001,109170000,37,36,25,52,19,10
chr2,109170001,110180000,17,20,6,25,11,7
chr2,110180001,111180000,11,9,7,12,9,2
chr2,111180001,112180000,13,7,11,18,9,6
chr2,112180001,113180000,17,10,12,22,14,5
chr2,113180001,114490000,33,22,10,22,12,13
chr2,114490001,115490000,35,51,27,55,19,11
chr2,115490001,116490000,51,73,40,122,59,20
chr2,116490001,117490000,62,102,51,109,50,21
chr2,117490001,118490000,47,105,17,56,31,14
chr2,118490001,119490000,27,31,37,46,21,17
chr2,119490001,120490000,39,38,10,34,23,12
chr2,120490001,121490000,22,22,16,23,13,3
chr2,121490001,122490000,30,27,17,30,12,7
chr2,122490001,123490000,35,50,35,66,18,10
chr2,123490001,124490000,36,90,52,117,22,9
chr2,124490001,125490000,48,80,66,128,32,11
chr2,125490001,126490000,38,97,41,124,33,16
chr2,126490001,127490000,25,91,25,92,36,6
chr2,127490001,128490000,30,24,12,26,21,5
chr2,128490001,129490000,15,22,15,32,11,14
chr2,129490001,130490000,26,62,28,77,22,11
chr2,130490001,131490000,26,44,12,36,9,11
chr2,131490001,132490000,31,34,20,42,18,3
chr2,132490001,133760000,28,36,25,40,13,15
chr2,133760001,134760000,18,36,16,34,14,12
chr2,134760001,135760000,25,28,20,31,23,6
chr2,135760001,136760000,24,32,16,30,15,9
chr2,136760001,137760000,31,60,29,58,14,12
chr2,137760001,138760000,45,54,28,74,30,18
chr2,138760001,139760000,36,40,27,59,28,5
chr2,139760001,140760000,36,122,43,131,41,22
chr2,140760001,141760000,52,65,48,135,39,18
chr2,141760001,142760000,40,56,47,130,22,19
chr2,142760001,143760000,25,80,42,80,32,18
chr2,143760001,144760000,29,50,30,69,28,10
chr2,144760001,145760000,47,62,30,77,35,12
chr2,145760001,146760000,27,37,59,84,24,8
chr2,146760001,147760000,39,43,64,92,33,15
chr2,147760001,148760000,22,44,25,34,16,9
chr2,148760001,149780000,29,24,12,31,17,7
chr2,149780001,150780000,32,24,29,37,15,5
chr2,150780001,151780000,29,26,28,56,17,7
chr2,151780001,152780000,32,19,33,47,21,9
chr2,152780001,153780000,25,21,16,44,20,10
chr2,153780001,154780000,32,76,51,100,32,9
chr2,154780001,155780000,28,80,36,76,29,12
chr2,155780001,156780000,37,73,46,59,35,14
chr2,156780001,157780000,35,29,26,38,25,6
chr2,157780001,158780000,31,26,20,19,19,12
chr2,158780001,159780000,22,24,18,26,16,10
chr2,159780001,160780000,24,27,13,30,33,9
chr2,160780001,161780000,36,18,27,37,20,7
chr2,161780001,162800000,33,34,33,69,20,16
chr2,162800001,163800000,31,60,29,40,24,16
chr2,163800001,164800000,37,61,62,106,18,5
chr2,164800001,165800000,33,52,28,70,25,11
chr2,165800001,166800000,30,29,28,43,20,10
chr2,166800001,167800000,40,38,28,72,27,16
chr2,167800001,168800000,36,74,18,65,15,4
chr2,168800001,169800000,43,11,23,34,25,12
chr2,169800001,170800000,42,26,11,37,15,5
chr2,170800001,171800000,35,22,24,38,28,7
chr2,171800001,172800000,25,23,19,26,27,3
chr2,172800001,173800000,29,31,13,21,23,6
chr2,173800001,174800000,23,20,17,31,11,5
chr2,174800001,175800000,33,27,21,42,21,2
chr2,175800001,176800000,39,39,30,66,16,9
chr2,176800001,177800000,30,31,27,40,13,9
chr2,177800001,178800000,39,26,19,37,14,10
chr2,178800001,179800000,34,43,26,66,11,10
chr2,179800001,180800000,35,45,19,49,21,13
chr2,180800001,181800000,37,45,32,48,17,14
chr2,181800001,182800000,40,27,30,55,31,8
chr2,182800001,183800000,26,42,29,55,19,7
chr2,183800001,184800000,26,55,19,56,26,8
chr2,184800001,185800000,37,89,48,99,51,13
chr2,185800001,186800000,40,64,33,93,38,12
chr2,186800001,187800000,34,23,24,39,16,11
chr2,187800001,188800000,40,32,37,53,28,11
chr2,188800001,189800000,42,21,40,62,29,10
chr2,189800001,190800000,29,28,31,37,15,11
chr2,190800001,191800000,17,15,14,32,20,7
chr2,191800001,192800000,29,21,20,38,12,10
chr2,192800001,193800000,37,39,47,89,40,19
chr2,193800001,194800000,38,93,60,89,23,25
chr2,194800001,195800000,36,74,56,100,19,24
chr2,195800001,196800000,32,43,27,55,22,14
chr2,196800001,197800000,25,22,16,45,22,14
chr2,197800001,198800000,24,14,11,41,13,15
chr2,198800001,199800000,42,51,25,89,29,6
chr2,199800001,200800000,32,53,19,78,21,6
chr2,200800001,201800000,20,18,11,27,14,5
chr2,201800001,202800000,23,10,18,34,13,8
chr2,202800001,203800000,27,18,13,37,22,6
chr2,203800001,204800000,28,21,13,24,17,6
chr2,204800001,205800000,20,22,23,45,14,10
chr2,205800001,206800000,31,22,19,28,21,6
chr2,206800001,207800000,22,29,31,55,13,10
chr2,207800001,208800000,27,17,15,34,12,7
chr2,208800001,209800000,33,33,27,46,25,13
chr2,209800001,210800000,41,35,29,69,22,7
chr2,210800001,211800000,34,37,32,59,19,11
chr2,211800001,212800000,33,46,32,78,27,14
chr2,212800001,213800000,33,18,36,81,17,21
chr2,213800001,214800000,25,30,46,59,20,16
chr2,214800001,215800000,27,40,37,94,22,11
chr2,215800001,216800000,28,22,20,52,22,11
chr2,216800001,217800000,29,19,21,41,11,12
chr2,217800001,218800000,32,21,20,62,17,4
chr2,218800001,219800000,21,18,10,19,12,5
chr2,219800001,220800000,20,21,15,26,11,11
chr2,220800001,221800000,30,33,26,92,20,12
chr2,221800001,222800000,36,29,33,88,19,14
chr2,222800001,223800000,20,28,19,29,26,8
chr2,223800001,224800000,33,24,18,41,12,8
chr2,224800001,225800000,22,28,25,45,26,8
chr2,225800001,226800000,29,38,31,98,19,12
chr2,226800001,227800000,19,24,18,30,20,6
chr2,227800001,228800000,28,26,19,34,14,7
chr2,228800001,229800000,31,57,32,70,40,17
chr2,229800001,230810000,40,24,26,51,19,10
chr2,230810001,231810000,18,29,15,39,11,4
chr2,231810001,232810000,19,17,9,24,15,4
chr2,232810001,233810000,23,20,12,23,12,8
chr2,233810001,234810000,25,18,10,17,19,5
chr2,234810001,235810000,24,23,13,30,22,7
chr2,235810001,236810000,23,23,7,24,16,8
chr2,236810001,237810000,28,18,23,36,19,5
chr2,237810001,238810000,20,17,15,25,15,11
chr2,238810001,239810000,27,24,11,24,15,3
chr2,239810001,240810000,16,27,14,29,17,8
chr2,240810001,241810000,31,23,11,17,9,5
chr2,241810001,242810000,25,23,6,12,14,9
chr20,1,1000000,30,17,11,31,12,4
chr20,1000001,2000000,22,22,17,37,18,7
chr20,2000001,3000000,21,30,12,30,16,6
chr20,3000001,4000000,29,12,11,25,15,8
chr20,4000001,5000000,37,30,18,34,8,12
chr20,5000001,6000000,29,19,14,33,16,6
chr20,6000001,7000000,42,34,28,63,24,13
chr20,7000001,8000000,38,41,43,93,23,11
chr20,8000001,9000000,43,40,25,35,24,12
chr20,9000001,10000000,31,39,23,45,18,12
chr20,10000001,11000000,28,30,16,37,23,8
chr20,11000001,12000000,29,35,16,38,17,9
chr20,12000001,13000000,32,58,29,56,15,14
chr20,13000001,14000000,32,23,25,61,15,10
chr20,14000001,15000000,27,28,17,43,25,11
chr20,15000001,16000000,37,27,35,48,29,6
chr20,16000001,17000000,37,31,14,56,27,4
chr20,17000001,18000000,23,29,17,48,13,7
chr20,18000001,19000000,29,37,16,42,16,4
chr20,19000001,20000000,21,26,20,38,17,13
chr20,20000001,21000000,21,21,20,37,9,12
chr20,21000001,22000000,32,46,28,58,23,9
chr20,22000001,23000000,43,37,27,34,17,7
chr20,23000001,24000000,42,40,26,64,14,9
chr20,24000001,25000000,26,31,19,34,16,7
chr20,25000001,30050000,33,36,28,35,17,6
chr20,30050001,31050000,33,31,11,22,6,9
chr20,31050001,32050000,23,17,27,28,16,11
chr20,32050001,33050000,20,21,15,30,18,9
chr20,33050001,34050000,25,14,16,23,16,8
chr20,34050001,35050000,32,19,13,27,17,11
chr20,35050001,36050000,31,16,11,23,8,9
chr20,36050001,37050000,33,24,16,44,15,7
chr20,37050001,38050000,30,31,26,55,16,8
chr20,38050001,39050000,53,33,44,120,24,13
chr20,39050001,40050000,35,19,25,50,12,9
chr20,40050001,41050000,27,41,19,47,14,5
chr20,41050001,42050000,43,46,32,114,15,12
chr20,42050001,43050000,29,24,26,39,24,10
chr20,43050001,44050000,35,22,16,28,11,8
chr20,44050001,45050000,33,23,17,28,9,7
chr20,45050001,46050000,42,16,23,33,13,9
chr20,46050001,47070000,31,23,16,28,16,6
chr20,47070001,48080000,32,28,11,39,12,5
chr20,48080001,49080000,37,23,16,36,15,3
chr20,49080001,50080000,30,26,20,35,17,12
chr20,50080001,51080000,26,29,19,40,18,11
chr20,51080001,52080000,25,25,40,68,12,18
chr20,52080001,53080000,30,29,26,48,22,9
chr20,53080001,54080000,57,33,38,88,18,17
chr20,54080001,55080000,41,52,32,81,24,13
chr20,55080001,56080000,25,34,10,49,17,7
chr20,56080001,57080000,44,19,23,41,16,11
chr20,57080001,58080000,38,27,28,48,19,9
chr20,58080001,59080000,50,36,30,80,15,8
chr20,59080001,60080000,46,45,37,81,36,16
chr20,60080001,61080000,20,24,12,32,11,9
chr20,61080001,62080000,21,31,8,21,13,8
chr21,1,1000000,0,0,0,0,0,0
chr21,1000001,2000000,0,0,0,0,0,0
chr21,2000001,3000000,0,0,0,0,0,0
chr21,3000001,4000000,0,0,0,0,0,0
chr21,4000001,5000000,0,0,0,0,0,0
chr21,5000001,6000000,0,0,0,0,0,0
chr21,6000001,7000000,0,0,0,0,0,0
chr21,7000001,8000000,0,0,0,0,0,0
chr21,8000001,9000000,0,0,0,0,0,0
chr21,9000001,14400000,37,90,43,55,33,10
chr21,14400001,15400000,30,55,18,74,26,12
chr21,15400001,16400000,37,43,21,47,18,13
chr21,16400001,17400000,48,35,16,30,17,7
chr21,17400001,18400000,27,25,38,63,27,8
chr21,18400001,19400000,24,28,21,31,13,11
chr21,19400001,20400000,36,65,43,73,36,7
chr21,20400001,21400000,38,71,48,121,41,19
chr21,21400001,22400000,47,74,61,94,39,22
chr21,22400001,23400000,37,81,74,113,20,15
chr21,23400001,24400000,53,90,52,125,23,22
chr21,24400001,25400000,50,62,61,94,44,23
chr21,25400001,26400000,43,80,51,95,27,20
chr21,26400001,27400000,23,37,29,68,21,12
chr21,27400001,28400000,33,38,34,59,26,9
chr21,28400001,29400000,46,24,38,88,16,9
chr21,29400001,30400000,13,26,26,54,20,8
chr21,30400001,31400000,29,30,22,41,12,11
chr21,31400001,32400000,42,42,45,81,16,6
chr21,32400001,33400000,33,21,18,37,12,6
chr21,33400001,34400000,25,13,18,35,12,5
chr21,34400001,35400000,27,18,17,25,15,6
chr21,35400001,36400000,23,21,17,12,20,3
chr21,36400001,37400000,32,11,17,21,16,7
chr21,37400001,38400000,23,19,12,15,21,5
chr21,38400001,39400000,31,17,14,28,16,9
chr21,39400001,40400000,33,14,16,41,27,11
chr21,40400001,41400000,25,18,15,24,14,10
chr21,41400001,42400000,44,28,24,44,12,12
chr21,42400001,43400000,26,10,9,31,16,7
chr21,43400001,44400000,20,14,5,11,17,4
chr21,44400001,45400000,33,17,6,20,13,9
chr21,45400001,46400000,23,13,8,15,5,1
chr21,46400001,47400000,22,17,16,37,16,10
chr22,16970001,18060000,15,23,18,50,18,7
chr22,18060001,19320000,17,19,10,17,9,5
chr22,19320001,20730000,24,14,9,15,12,5
chr22,20730001,22190000,15,12,11,17,18,9
chr22,22190001,23190000,19,25,8,26,12,7
chr22,23190001,24200000,15,21,8,21,17,3
chr22,24200001,25200000,23,15,12,14,12,12
chr22,25200001,26200000,17,21,10,25,14,8
chr22,26200001,27200000,27,20,12,29,7,9
chr22,27200001,28200000,22,17,11,24,11,7
chr22,28200001,29200000,28,14,27,23,12,6
chr22,29200001,30200000,19,16,11,14,12,8
chr22,30200001,31200000,24,10,11,23,11,9
chr22,31200001,32200000,17,18,10,15,22,11
chr22,32200001,33200000,22,25,4,32,14,8
chr22,33200001,34210000,23,21,18,26,17,10
chr22,34210001,35210000,33,33,29,50,24,18
chr22,35210001,36210000,30,32,11,21,17,8
chr22,36210001,37220000,21,20,14,26,20,10
chr22,37220001,38220000,18,8,9,13,13,6
chr22,38220001,39220000,37,15,8,11,11,8
chr22,39220001,40220000,23,19,11,20,11,8
chr22,40220001,41220000,17,20,12,26,21,10
chr22,41220001,42220000,19,15,9,15,9,14
chr22,42220001,43220000,24,15,9,14,13,7
chr22,43220001,44220000,21,13,13,31,13,8
chr22,44220001,45220000,18,22,11,17,10,2
chr22,45220001,46220000,26,19,12,26,15,6
chr22,46220001,47220000,30,17,7,18,12,7
chr22,47220001,48220000,23,13,13,44,22,3
chr22,48220001,49220000,22,47,22,41,17,7
chr22,49220001,50220000,26,37,15,33,10,7
chr3,1,1060000,43,40,58,109,27,10
chr3,1060001,2060000,43,45,47,104,35,7
chr3,2060001,3060000,41,34,47,86,34,9
chr3,3060001,4070000,28,28,28,50,15,14
chr3,4070001,5090000,24,17,17,34,16,7
chr3,5090001,6090000,18,37,14,42,20,11
chr3,6090001,7090000,39,49,33,60,18,13
chr3,7090001,8090000,32,24,31,54,16,4
chr3,8090001,9120000,16,16,8,24,15,12
chr3,9120001,10120000,27,10,14,15,20,7
chr3,10120001,11120000,19,20,13,23,11,10
chr3,11120001,12120000,32,20,15,20,13,6
chr3,12120001,13120000,27,20,11,17,13,6
chr3,13120001,14120000,28,27,9,20,13,6
chr3,14120001,15140000,33,12,16,16,13,7
chr3,15140001,16170000,24,13,12,34,15,8
chr3,16170001,17200000,29,25,23,40,15,8
chr3,17200001,18200000,25,8,23,41,18,6
chr3,18200001,19200000,38,36,23,52,20,16
chr3,19200001,20200000,37,35,26,37,30,15
chr3,20200001,21200000,39,32,40,77,21,13
chr3,21200001,22200000,36,55,52,87,26,15
chr3,22200001,23200000,39,33,45,92,18,13
chr3,23200001,24200000,31,21,29,34,8,9
chr3,24200001,25200000,18,21,33,40,22,10
chr3,25200001,26220000,36,24,31,42,21,12
chr3,26220001,27250000,29,32,31,79,22,14
chr3,27250001,28250000,41,21,25,30,25,8
chr3,28250001,29250000,38,18,38,70,22,3
chr3,29250001,30250000,30,11,30,59,16,9
chr3,30250001,31250000,28,5,13,42,19,10
chr3,31250001,32250000,23,14,11,28,10,7
chr3,32250001,33250000,14,8,15,28,14,12
chr3,33250001,34250000,23,24,35,35,16,7
chr3,34250001,35250000,33,49,34,64,20,18
chr3,35250001,36250000,31,38,44,93,27,13
chr3,36250001,37250000,19,16,32,37,26,8
chr3,37250001,38250000,19,8,13,18,25,8
chr3,38250001,39250000,21,19,9,22,17,8
chr3,39250001,40280000,17,19,11,38,24,5
chr3,40280001,41280000,20,20,12,30,13,6
chr3,41280001,42280000,22,13,19,26,17,5
chr3,42280001,43280000,24,16,10,21,10,8
chr3,43280001,44300000,21,20,27,37,19,7
chr3,44300001,45300000,22,18,14,25,21,9
chr3,45300001,46300000,17,10,16,18,21,6
chr3,46300001,47300000,19,24,11,26,18,7
chr3,47300001,48300000,30,9,14,24,18,6
chr3,48300001,49300000,19,11,10,25,12,4
chr3,49300001,50300000,13,9,6,23,13,3
chr3,50300001,51300000,24,9,20,50,14,8
chr3,51300001,52310000,18,15,5,23,15,9
chr3,52310001,53310000,24,7,8,23,16,4
chr3,53310001,54310000,19,14,14,27,12,15
chr3,54310001,55310000,23,18,33,55,16,12
chr3,55310001,56310000,18,13,17,66,16,4
chr3,56310001,57310000,19,14,24,27,11,12
chr3,57310001,58310000,19,12,15,18,26,7
chr3,58310001,59310000,20,16,16,41,10,7
chr3,59310001,60310000,18,24,23,32,19,4
chr3,60310001,61310000,24,21,24,40,17,7
chr3,61310001,62310000,17,18,26,30,24,5
chr3,62310001,63310000,17,21,20,30,16,6
chr3,63310001,64330000,21,13,11,24,13,12
chr3,64330001,65330000,26,9,15,38,17,6
chr3,65330001,66330000,20,13,24,21,8,9
chr3,66330001,67330000,27,15,12,39,15,14
chr3,67330001,68330000,29,26,26,46,20,9
chr3,68330001,69330000,34,24,31,63,14,12
chr3,69330001,70330000,24,13,41,46,16,11
chr3,70330001,71330000,29,21,30,48,25,9
chr3,71330001,72330000,26,19,13,32,23,12
chr3,72330001,73350000,28,24,12,34,20,8
chr3,73350001,74350000,24,33,20,67,14,8
chr3,74350001,75350000,27,36,30,77,29,21
chr3,75350001,76620000,22,36,31,60,21,8
chr3,76620001,77620000,37,26,21,66,40,10
chr3,77620001,78620000,33,16,50,98,25,14
chr3,78620001,79630000,43,28,46,91,17,8
chr3,79630001,80640000,42,58,62,78,32,21
chr3,80640001,81680000,37,38,31,77,26,18
chr3,81680001,82680000,36,34,51,107,30,7
chr3,82680001,83680000,34,56,70,133,56,10
chr3,83680001,84680000,39,81,96,109,55,14
chr3,84680001,85680000,36,65,68,111,33,22
chr3,85680001,86680000,44,81,45,103,36,28
chr3,86680001,87680000,35,42,41,70,25,13
chr3,87680001,88680000,46,37,26,72,23,11
chr3,88680001,89680000,51,63,59,103,47,12
chr3,89680001,93920000,42,58,32,47,36,12
chr3,93920001,94930000,48,78,37,97,25,17
chr3,94930001,95930000,37,96,49,123,32,21
chr3,95930001,96950000,42,87,53,138,36,15
chr3,96950001,97950000,41,38,28,82,23,10
chr3,97950001,98960000,44,45,35,69,25,13
chr3,98960001,99960000,38,40,31,59,21,5
chr3,99960001,100980000,39,29,30,35,23,10
chr3,100980001,101980000,32,29,21,40,17,5
chr3,101980001,102980000,36,57,36,86,25,19
chr3,102980001,103980000,42,74,58,90,28,21
chr3,103980001,104980000,43,52,54,115,29,11
chr3,104980001,105980000,34,27,23,47,19,8
chr3,105980001,106980000,29,41,35,58,19,9
chr3,106980001,107990000,24,18,23,30,18,6
chr3,107990001,108990000,41,48,21,44,10,14
chr3,108990001,109990000,56,95,47,79,19,13
chr3,109990001,110990000,54,60,21,30,22,10
chr3,110990001,111990000,30,20,24,29,18,7
chr3,111990001,112990000,33,38,17,43,19,11
chr3,112990001,113990000,32,35,10,38,16,13
chr3,113990001,114990000,38,38,22,41,30,8
chr3,114990001,115990000,28,77,35,76,22,2
chr3,115990001,116990000,39,106,30,48,17,15
chr3,116990001,117990000,52,78,47,98,24,19
chr3,117990001,119000000,31,65,29,64,29,13
chr3,119000001,120000000,31,30,17,36,17,8
chr3,120000001,121000000,24,41,19,52,23,10
chr3,121000001,122000000,20,31,31,30,15,8
chr3,122000001,123000000,35,18,18,21,11,4
chr3,123000001,124000000,34,29,21,38,7,4
chr3,124000001,125000000,22,24,21,27,16,4
chr3,125000001,126000000,31,21,8,23,11,4
chr3,126000001,127000000,29,20,16,30,17,6
chr3,127000001,128000000,21,15,11,26,13,6
chr3,128000001,129000000,22,25,16,26,17,8
chr3,129000001,130000000,24,19,17,16,18,10
chr3,130000001,131000000,37,30,35,38,27,5
chr3,131000001,132000000,36,36,24,45,29,8
chr3,132000001,133000000,30,27,27,46,33,8
chr3,133000001,134000000,27,28,11,38,16,6
chr3,134000001,135000000,30,38,31,30,18,8
chr3,135000001,136040000,20,41,22,68,18,5
chr3,136040001,137040000,29,30,20,41,19,7
chr3,137040001,138040000,33,65,36,62,23,11
chr3,138040001,139040000,28,45,16,35,12,7
chr3,139040001,140080000,25,29,22,40,27,9
chr3,140080001,141080000,33,22,10,46,24,6
chr3,141080001,142080000,34,24,12,28,20,6
chr3,142080001,143080000,33,23,21,36,19,12
chr3,143080001,144080000,57,35,32,72,20,10
chr3,144080001,145080000,32,65,50,127,33,17
chr3,145080001,146080000,35,74,35,90,28,11
chr3,146080001,147080000,42,98,49,85,32,10
chr3,147080001,148080000,53,98,51,109,43,15
chr3,148080001,149080000,40,42,31,44,21,7
chr3,149080001,150080000,35,29,15,41,24,4
chr3,150080001,151080000,38,30,28,41,20,6
chr3,151080001,152080000,36,21,25,35,19,15
chr3,152080001,153080000,54,38,28,40,27,10
chr3,153080001,154080000,45,46,29,70,29,11
chr3,154080001,155080000,62,50,42,77,19,10
chr3,155080001,156100000,34,42,20,21,17,8
chr3,156100001,157100000,39,24,24,41,17,9
chr3,157100001,158140000,41,51,26,71,34,11
chr3,158140001,159140000,36,56,28,48,36,8
chr3,159140001,160140000,45,27,25,34,17,10
chr3,160140001,161160000,39,46,17,27,20,10
chr3,161160001,162160000,46,83,38,77,29,12
chr3,162160001,163160000,40,92,47,141,45,21
chr3,163160001,164160000,58,134,54,117,38,12
chr3,164160001,165160000,54,98,39,108,34,8
chr3,165160001,166160000,47,67,50,123,38,12
chr3,166160001,167160000,49,66,42,122,14,13
chr3,167160001,168160000,42,45,31,57,26,8
chr3,168160001,169160000,42,51,31,56,26,7
chr3,169160001,170230000,34,37,20,35,28,9
chr3,170230001,171230000,36,40,21,34,16,5
chr3,171230001,172230000,33,30,12,25,20,3
chr3,172230001,173230000,26,60,29,48,16,14
chr3,173230001,174250000,47,62,28,91,22,14
chr3,174250001,175250000,32,43,19,49,16,12
chr3,175250001,176270000,56,58,31,70,17,18
chr3,176270001,177270000,45,37,20,50,25,8
chr3,177270001,178270000,35,48,17,51,15,12
chr3,178270001,179270000,52,58,30,46,22,9
chr3,179270001,180270000,36,77,36,92,24,13
chr3,180270001,181270000,63,58,44,86,33,11
chr3,181270001,182270000,33,37,30,67,18,5
chr3,182270001,183280000,27,51,16,26,20,4
chr3,183280001,184300000,27,34,18,20,11,9
chr3,184300001,185350000,29,30,17,29,10,5
chr3,185350001,186350000,32,21,18,33,12,6
chr3,186350001,187350000,23,21,21,36,30,4
chr3,187350001,188350000,51,24,8,27,14,11
chr3,188350001,189360000,31,22,17,19,13,10
chr3,189360001,190360000,42,23,14,35,23,12
chr3,190360001,191360000,37,56,32,69,21,13
chr3,191360001,192360000,43,54,39,90,27,13
chr3,192360001,193360000,42,39,28,39,19,14
chr3,193360001,194360000,27,39,14,14,16,1
chr3,194360001,195560000,19,38,10,26,12,9
chr3,195560001,196690000,27,30,13,19,16,5
chr4,70001,1070000,19,12,10,26,17,5
chr4,1070001,2130000,20,14,14,15,15,6
chr4,2130001,3130000,17,13,10,23,11,3
chr4,3130001,4130000,19,24,2,14,14,8
chr4,4130001,5130000,28,35,21,30,20,6
chr4,5130001,6130000,20,32,15,43,21,3
chr4,6130001,7130000,27,25,8,18,7,5
chr4,7130001,8130000,19,8,8,17,10,3
chr4,8130001,9130000,23,19,9,23,15,7
chr4,9130001,10320000,19,26,13,11,8,6
chr4,10320001,11320000,22,30,17,34,20,12
chr4,11320001,12320000,38,35,22,53,22,7
chr4,12320001,13320000,20,40,28,58,24,14
chr4,13320001,14320000,24,37,29,53,23,11
chr4,14320001,15320000,18,19,25,42,27,17
chr4,15320001,16320000,20,15,18,23,11,5
chr4,16320001,17320000,27,58,31,60,33,9
chr4,17320001,18320000,27,37,21,34,29,9
chr4,18320001,19320000,27,70,42,59,34,13
chr4,19320001,20320000,28,48,36,83,42,12
chr4,20320001,21320000,32,37,26,82,32,18
chr4,21320001,22320000,27,52,23,60,21,11
chr4,22320001,23320000,29,30,23,23,23,4
chr4,23320001,24320000,23,27,26,39,19,11
chr4,24320001,25320000,31,15,13,18,22,6
chr4,25320001,26320000,22,19,22,24,15,4
chr4,26320001,27320000,17,18,21,40,19,8
chr4,27320001,28320000,34,44,39,94,22,12
chr4,28320001,29320000,27,84,59,125,28,19
chr4,29320001,30320000,46,44,69,118,33,9
chr4,30320001,31320000,34,30,43,48,25,7
chr4,31320001,32320000,36,36,59,110,31,4
chr4,32320001,33320000,38,44,65,130,53,14
chr4,33320001,34320000,31,77,62,116,48,16
chr4,34320001,35320000,28,60,77,104,53,16
chr4,35320001,36320000,35,43,35,68,26,11
chr4,36320001,37320000,27,34,20,43,30,5
chr4,37320001,38320000,23,18,11,13,20,7
chr4,38320001,39320000,17,17,13,27,11,11
chr4,39320001,40380000,13,15,15,23,15,7
chr4,40380001,41380000,29,15,18,19,10,4
chr4,41380001,42380000,23,13,21,26,12,13
chr4,42380001,43380000,31,45,39,49,36,18
chr4,43380001,44380000,54,85,63,94,40,22
chr4,44380001,45380000,41,62,36,90,32,22
chr4,45380001,46380000,46,93,27,75,42,28
chr4,46380001,47380000,42,79,25,87,41,10
chr4,47380001,48380000,40,19,17,30,17,4
chr4,48380001,53000000,30,31,18,31,24,12
chr4,53000001,54000000,31,33,22,33,30,10
chr4,54000001,55000000,29,29,13,27,17,6
chr4,55000001,56000000,31,44,23,43,16,7
chr4,56000001,57000000,26,24,32,24,24,6
chr4,57000001,58000000,20,19,20,25,17,14
chr4,58000001,59000000,33,57,43,77,25,19
chr4,59000001,60000000,42,66,66,92,26,8
chr4,60000001,61000000,44,70,60,101,37,15
chr4,61000001,62000000,44,59,72,86,39,17
chr4,62000001,63000000,44,46,42,57,34,17
chr4,63000001,64000000,63,78,57,117,46,9
chr4,64000001,65000000,58,95,63,113,41,16
chr4,65000001,66000000,50,79,58,115,27,17
chr4,66000001,67000000,50,65,80,117,22,8
chr4,67000001,68000000,34,49,69,112,26,17
chr4,68000001,69020000,30,28,25,50,23,12
chr4,69020001,70020000,13,21,19,40,18,14
chr4,70020001,71030000,32,46,21,35,14,10
chr4,71030001,72030000,41,23,24,35,17,7
chr4,72030001,73030000,23,29,30,35,26,9
chr4,73030001,74030000,40,36,35,70,13,13
chr4,74030001,75030000,32,25,15,26,13,9
chr4,75030001,76030000,17,15,15,29,14,21
chr4,76030001,77040000,25,27,12,31,17,6
chr4,77040001,78040000,31,18,14,21,16,7
chr4,78040001,79040000,35,19,12,19,14,2
chr4,79040001,80040000,25,11,17,34,16,12
chr4,80040001,81050000,30,26,25,52,20,19
chr4,81050001,82050000,42,26,40,67,26,16
chr4,82050001,83050000,21,24,18,28,13,14
chr4,83050001,84050000,28,13,24,22,19,6
chr4,84050001,85050000,21,28,16,38,19,8
chr4,85050001,86050000,26,39,19,34,20,9
chr4,86050001,87050000,32,18,26,28,16,9
chr4,87050001,88050000,21,28,19,36,17,5
chr4,88050001,89050000,29,17,17,33,13,5
chr4,89050001,90050000,23,15,16,25,15,2
chr4,90050001,91050000,38,18,25,24,17,9
chr4,91050001,92050000,26,18,21,44,26,10
chr4,92050001,93050000,28,40,24,46,19,20
chr4,93050001,94050000,27,47,40,64,28,19
chr4,94050001,95050000,50,56,38,37,23,15
chr4,95050001,96050000,28,24,24,24,21,6
chr4,96050001,97050000,25,39,44,75,24,10
chr4,97050001,98050000,27,64,51,100,16,19
chr4,98050001,99050000,32,41,35,78,35,16
chr4,99050001,100050000,32,14,19,23,20,7
chr4,100050001,101050000,31,26,19,15,29,9
chr4,101050001,102050000,31,38,35,37,22,12
chr4,102050001,103050000,28,15,25,30,20,8
chr4,103050001,104050000,33,21,23,27,26,3
chr4,104050001,105050000,29,44,34,48,43,13
chr4,105050001,106050000,27,32,32,52,25,11
chr4,106050001,107050000,25,22,17,27,21,6
chr4,107050001,108050000,29,36,28,49,30,12
chr4,108050001,109050000,26,21,25,42,13,12
chr4,109050001,110050000,41,26,18,52,18,9
chr4,110050001,111050000,33,16,14,36,24,3
chr4,111050001,112050000,21,42,25,45,40,10
chr4,112050001,113050000,35,37,27,62,27,5
chr4,113050001,114050000,38,27,25,46,26,4
chr4,114050001,115070000,34,30,17,41,19,6
chr4,115070001,116070000,39,31,24,43,31,3
chr4,116070001,117070000,39,72,39,61,37,16
chr4,117070001,118070000,53,65,51,96,43,18
chr4,118070001,119070000,33,50,41,72,43,21
chr4,119070001,120070000,25,16,11,31,25,8
chr4,120070001,121150000,35,28,30,39,22,10
chr4,121150001,122150000,28,24,8,44,19,11
chr4,122150001,123150000,36,37,26,32,20,7
chr4,123150001,124150000,30,22,20,23,10,8
chr4,124150001,125150000,25,16,35,24,16,10
chr4,125150001,126150000,30,29,38,46,31,7
chr4,126150001,127150000,39,31,52,86,30,12
chr4,127150001,128150000,46,49,50,87,25,23
chr4,128150001,129150000,27,27,20,32,31,13
chr4,129150001,130150000,20,27,17,21,28,8
chr4,130150001,131150000,36,63,34,82,38,7
chr4,131150001,132150000,36,73,67,128,32,9
chr4,132150001,133150000,30,55,58,123,44,20
chr4,133150001,134150000,34,65,73,135,46,16
chr4,134150001,135150000,35,81,58,106,28,17
chr4,135150001,136150000,46,86,45,106,26,32
chr4,136150001,137150000,38,101,77,138,47,23
chr4,137150001,138150000,40,61,49,112,28,16
chr4,138150001,139150000,41,35,29,81,18,14
chr4,139150001,140150000,21,22,22,37,14,4
chr4,140150001,141150000,24,17,9,10,21,7
chr4,141150001,142150000,32,15,18,31,19,5
chr4,142150001,143150000,27,31,23,36,30,10
chr4,143150001,144150000,41,23,16,41,29,16
chr4,144150001,145150000,18,32,19,46,24,8
chr4,145150001,146150000,26,28,24,52,28,18
chr4,146150001,147150000,18,19,15,31,20,10
chr4,147150001,148150000,17,19,25,43,16,14
chr4,148150001,149150000,16,15,22,29,18,7
chr4,149150001,150150000,31,24,23,42,19,11
chr4,150150001,151150000,19,33,18,68,30,9
chr4,151150001,152150000,21,19,18,32,23,8
chr4,152150001,153150000,21,18,14,28,26,3
chr4,153150001,154160000,26,13,11,24,25,10
chr4,154160001,155160000,25,26,13,30,24,5
chr4,155160001,156160000,30,30,39,61,19,7
chr4,156160001,157160000,27,25,31,60,19,11
chr4,157160001,158160000,29,24,44,76,31,10
chr4,158160001,159160000,13,48,23,51,37,8
chr4,159160001,160160000,22,18,19,34,20,6
chr4,160160001,161160000,23,44,18,71,20,17
chr4,161160001,162160000,33,77,55,109,21,16
chr4,162160001,163160000,32,42,42,94,40,20
chr4,163160001,164160000,42,71,34,59,28,15
chr4,164160001,165160000,25,55,41,73,26,14
chr4,165160001,166160000,27,45,25,57,31,9
chr4,166160001,167160000,29,37,42,68,18,15
chr4,167160001,168200000,38,33,42,74,33,25
chr4,168200001,169200000,20,42,26,59,25,24
chr4,169200001,170200000,26,18,16,22,21,7
chr4,170200001,171200000,23,18,20,31,17,8
chr4,171200001,172200000,39,79,42,78,30,21
chr4,172200001,173200000,28,59,54,103,50,12
chr4,173200001,174200000,32,30,21,35,30,11
chr4,174200001,175200000,31,41,23,55,27,12
chr4,175200001,176200000,34,35,36,56,26,13
chr4,176200001,177200000,37,73,49,64,27,10
chr4,177200001,178200000,35,44,42,71,37,7
chr4,178200001,179200000,24,58,21,75,25,15
chr4,179200001,180200000,55,88,56,99,40,14
chr4,180200001,181200000,41,83,53,110,51,4
chr4,181200001,182200000,47,104,49,105,37,14
chr4,182200001,183200000,42,68,35,83,24,24
chr4,183200001,184200000,30,33,23,37,25,11
chr4,184200001,185200000,12,11,7,24,15,3
chr4,185200001,186200000,22,21,12,14,17,7
chr4,186200001,187200000,17,16,15,31,19,6
chr4,187200001,188200000,27,15,8,35,12,17
chr4,188200001,189200000,23,37,31,73,16,8
chr4,189200001,190260000,29,36,51,72,29,11
chr5,90001,1130000,21,17,9,21,13,8
chr5,1130001,2160000,29,30,12,34,6,3
chr5,2160001,3170000,30,65,29,57,16,14
chr5,3170001,4180000,39,79,43,107,20,16
chr5,4180001,5180000,50,61,46,115,25,11
chr5,5180001,6180000,44,84,23,64,15,12
chr5,6180001,7200000,32,37,26,45,16,13
chr5,7200001,8200000,40,84,38,63,27,6
chr5,8200001,9200000,60,99,26,64,29,14
chr5,9200001,10200000,53,54,11,44,32,5
chr5,10200001,11200000,24,37,21,38,22,7
chr5,11200001,12200000,29,94,44,93,16,13
chr5,12200001,13200000,53,120,50,109,37,19
chr5,13200001,14200000,46,51,24,65,17,14
chr5,14200001,15230000,23,34,17,31,20,9
chr5,15230001,16230000,36,64,32,63,22,6
chr5,16230001,17250000,24,43,14,36,11,20
chr5,17250001,18360000,40,60,33,80,26,13
chr5,18360001,19360000,43,88,50,113,47,15
chr5,19360001,20360000,46,95,73,141,40,12
chr5,20360001,21360000,50,113,65,137,30,15
chr5,21360001,22500000,50,92,59,120,29,14
chr5,22500001,23500000,49,115,69,85,42,27
chr5,23500001,24500000,50,158,70,135,29,27
chr5,24500001,25530000,49,156,73,142,39,19
chr5,25530001,26530000,53,134,75,148,45,25
chr5,26530001,27530000,48,85,71,145,41,29
chr5,27530001,28530000,70,85,75,132,42,35
chr5,28530001,29530000,60,110,60,125,36,23
chr5,29530001,30530000,50,119,59,119,20,23
chr5,30530001,31530000,62,62,27,82,25,15
chr5,31530001,32570000,38,36,27,35,26,3
chr5,32570001,33570000,32,34,14,63,15,15
chr5,33570001,34650000,30,51,26,42,20,9
chr5,34650001,35650000,32,45,22,48,16,9
chr5,35650001,36650000,41,36,30,41,19,10
chr5,36650001,37650000,34,24,19,31,20,5
chr5,37650001,38650000,39,41,23,40,14,7
chr5,38650001,39650000,29,31,23,35,19,7
chr5,39650001,40650000,45,50,26,39,24,12
chr5,40650001,41650000,38,61,30,50,25,17
chr5,41650001,42650000,26,43,29,72,23,19
chr5,42650001,43650000,34,29,14,42,17,4
chr5,43650001,44650000,38,101,39,68,47,9
chr5,44650001,45690000,47,97,26,91,43,14
chr5,45690001,50130000,57,106,30,71,26,20
chr5,50130001,51130000,42,50,36,67,31,11
chr5,51130001,52130000,38,31,33,66,14,16
chr5,52130001,53130000,25,17,31,26,20,8
chr5,53130001,54130000,20,19,11,28,19,3
chr5,54130001,55130000,23,10,19,24,18,15
chr5,55130001,56130000,27,16,14,29,15,10
chr5,56130001,57130000,40,23,29,28,19,8
chr5,57130001,58130000,30,16,29,28,20,7
chr5,58130001,59130000,28,12,16,23,24,11
chr5,59130001,60140000,28,18,23,27,23,8
chr5,60140001,61140000,23,15,22,27,17,7
chr5,61140001,62140000,30,16,30,20,16,4
chr5,62140001,63140000,35,49,44,68,30,13
chr5,63140001,64140000,32,38,40,57,22,16
chr5,64140001,65140000,25,24,21,22,14,12
chr5,65140001,66140000,14,12,19,37,26,13
chr5,66140001,67140000,24,22,20,24,21,4
chr5,67140001,68140000,26,21,13,23,23,3
chr5,68140001,70980000,23,13,18,25,18,6
chr5,70980001,71990000,28,19,23,24,12,7
chr5,71990001,72990000,19,11,16,19,13,8
chr5,72990001,74020000,16,15,9,13,12,4
chr5,74020001,75020000,14,15,30,23,18,9
chr5,75020001,76020000,22,37,18,24,15,8
chr5,76020001,77020000,18,21,23,32,12,8
chr5,77020001,78020000,23,24,16,29,14,5
chr5,78020001,79020000,16,15,20,34,12,3
chr5,79020001,80030000,16,15,19,23,20,5
chr5,80030001,81070000,21,15,13,34,15,7
chr5,81070001,82070000,32,16,18,30,25,8
chr5,82070001,83070000,17,20,26,34,22,9
chr5,83070001,84070000,30,41,49,74,43,14
chr5,84070001,85100000,37,72,50,103,33,15
chr5,85100001,86100000,37,77,40,88,43,16
chr5,86100001,87100000,33,35,31,45,22,10
chr5,87100001,88100000,37,54,23,72,24,12
chr5,88100001,89100000,45,38,27,85,28,5
chr5,89100001,90100000,21,15,18,51,23,7
chr5,90100001,91120000,23,12,25,43,26,8
chr5,91120001,92120000,34,30,46,66,26,10
chr5,92120001,93120000,20,23,24,45,17,9
chr5,93120001,94140000,16,14,21,45,16,7
chr5,94140001,95140000,23,17,33,37,14,18
chr5,95140001,96140000,28,16,15,25,15,8
chr5,96140001,97140000,23,21,16,48,18,11
chr5,97140001,98140000,23,32,30,43,26,7
chr5,98140001,99140000,32,38,26,53,24,6
chr5,99140001,100190000,30,20,40,89,30,16
chr5,100190001,101190000,35,24,29,113,35,12
chr5,101190001,102190000,19,32,22,79,26,11
chr5,102190001,103190000,24,33,26,38,24,6
chr5,103190001,104190000,34,45,26,79,38,12
chr5,104190001,105190000,34,53,29,103,29,10
chr5,105190001,106190000,20,36,50,86,27,12
chr5,106190001,107190000,25,22,26,32,29,11
chr5,107190001,108190000,22,19,26,28,23,6
chr5,108190001,109190000,29,16,18,29,17,9
chr5,109190001,110190000,27,32,47,64,31,13
chr5,110190001,111190000,28,27,30,52,30,16
chr5,111190001,112190000,17,14,57,45,22,14
chr5,112190001,113190000,23,13,31,49,16,8
chr5,113190001,114220000,24,55,36,66,9,11
chr5,114220001,115220000,25,29,28,35,8,11
chr5,115220001,116220000,19,33,17,31,20,7
chr5,116220001,117220000,37,37,32,74,20,1
chr5,117220001,118220000,22,38,37,67,18,13
chr5,118220001,119220000,27,26,22,37,19,16
chr5,119220001,120220000,26,46,41,73,26,17
chr5,120220001,121220000,20,49,45,84,26,7
chr5,121220001,122220000,31,15,24,46,19,10
chr5,122220001,123220000,22,15,26,40,13,11
chr5,123220001,124220000,29,22,15,21,12,6
chr5,124220001,125220000,21,23,22,26,16,10
chr5,125220001,126220000,24,15,17,25,17,6
chr5,126220001,127260000,27,21,20,33,18,11
chr5,127260001,128260000,32,26,33,68,13,11
chr5,128260001,129260000,29,35,38,61,25,13
chr5,129260001,130280000,30,27,24,58,33,17
chr5,130280001,131280000,21,10,17,37,32,18
chr5,131280001,132280000,23,17,20,17,9,8
chr5,132280001,133280000,22,14,19,19,18,6
chr5,133280001,134300000,28,11,10,22,8,3
chr5,134300001,135300000,20,13,12,32,22,8
chr5,135300001,136300000,25,22,32,49,27,12
chr5,136300001,137380000,16,24,17,38,13,8
chr5,137380001,138390000,25,12,14,22,18,4
chr5,138390001,139390000,22,18,8,24,15,3
chr5,139390001,140390000,23,17,20,27,22,5
chr5,140390001,141390000,19,20,18,38,27,5
chr5,141390001,142390000,30,13,17,30,17,6
chr5,142390001,143420000,25,13,19,41,14,14
chr5,143420001,144420000,35,32,26,66,16,11
chr5,144420001,145420000,18,12,18,31,9,5
chr5,145420001,146420000,36,19,27,36,31,2
chr5,146420001,147420000,18,14,26,39,20,5
chr5,147420001,148420000,17,18,18,32,16,12
chr5,148420001,149420000,17,12,17,26,11,9
chr5,149420001,150420000,9,20,17,12,12,3
chr5,150420001,151420000,19,16,15,38,19,5
chr5,151420001,152420000,30,27,30,44,45,13
chr5,152420001,153420000,31,22,34,48,24,12
chr5,153420001,154420000,33,21,16,24,13,4
chr5,154420001,155480000,34,58,29,60,22,8
chr5,155480001,156500000,25,52,26,62,21,10
chr5,156500001,157500000,24,26,12,36,18,7
chr5,157500001,158500000,32,27,29,54,21,6
chr5,158500001,159500000,26,12,17,48,11,8
chr5,159500001,160500000,26,17,14,27,16,6
chr5,160500001,161500000,39,45,32,57,36,10
chr5,161500001,162500000,36,75,42,83,39,16
chr5,162500001,163500000,28,51,31,57,36,4
chr5,163500001,164500000,38,77,48,103,37,17
chr5,164500001,165500000,42,87,67,132,27,6
chr5,165500001,166500000,57,71,52,104,28,8
chr5,166500001,167500000,33,25,27,86,23,9
chr5,167500001,168500000,29,25,16,17,12,8
chr5,168500001,169500000,32,30,32,59,16,4
chr5,169500001,170500000,25,21,15,43,21,4
chr5,170500001,171510000,27,22,16,34,16,9
chr5,171510001,172510000,16,15,7,19,16,5
chr5,172510001,173520000,24,26,13,38,18,5
chr5,173520001,174520000,23,26,22,27,16,12
chr5,174520001,175770000,15,23,12,21,20,3
chr5,175770001,176780000,22,15,13,11,13,13
chr5,176780001,178130000,20,17,18,24,4,5
chr5,178130001,179130000,20,22,13,30,18,14
chr5,179130001,180130000,21,16,14,27,14,5
chr6,170001,1350000,23,21,11,21,14,9
chr6,1350001,2380000,35,27,14,40,19,6
chr6,2380001,3380000,27,16,12,20,17,7
chr6,3380001,4380000,38,18,17,29,13,7
chr6,4380001,5430000,19,21,10,31,16,8
chr6,5430001,6470000,15,26,19,31,16,11
chr6,6470001,7470000,34,21,14,27,24,9
chr6,7470001,8470000,26,25,26,26,15,9
chr6,8470001,9480000,34,35,36,72,15,8
chr6,9480001,10500000,32,27,31,47,15,12
chr6,10500001,11510000,20,19,22,23,16,12
chr6,11510001,12510000,38,19,14,20,13,9
chr6,12510001,13510000,30,25,25,58,18,10
chr6,13510001,14520000,25,20,22,34,19,11
chr6,14520001,15540000,32,21,18,24,18,8
chr6,15540001,16540000,28,22,14,20,14,13
chr6,16540001,17540000,20,21,41,43,19,16
chr6,17540001,18540000,21,12,19,32,12,11
chr6,18540001,19540000,31,27,36,70,18,12
chr6,19540001,20570000,29,19,22,41,22,5
chr6,20570001,21580000,31,27,23,27,19,11
chr6,21580001,22610000,28,24,24,69,12,10
chr6,22610001,23620000,33,37,35,83,15,7
chr6,23620001,24620000,31,34,18,49,18,5
chr6,24620001,25620000,29,17,25,33,16,12
chr6,25620001,26620000,28,26,16,31,27,10
chr6,26620001,27880000,34,46,26,44,25,15
chr6,27880001,28880000,43,39,23,57,15,12
chr6,28880001,29880000,35,41,22,43,13,8
chr6,29880001,30940000,21,22,13,17,13,6
chr6,30940001,31970000,25,12,10,22,21,6
chr6,31970001,32970000,31,14,10,16,10,4
chr6,32970001,33980000,29,25,14,24,16,6
chr6,33980001,35000000,24,16,15,16,16,9
chr6,35000001,36000000,22,28,17,30,21,9
chr6,36000001,37000000,26,11,12,25,17,6
chr6,37000001,38030000,20,19,20,24,11,9
chr6,38030001,39060000,27,27,22,30,11,7
chr6,39060001,40060000,22,23,24,50,18,13
chr6,40060001,41060000,17,40,11,32,13,11
chr6,41060001,42060000,28,18,14,16,15,10
chr6,42060001,43060000,31,17,14,29,14,10
chr6,43060001,44100000,22,21,4,13,9,3
chr6,44100001,45120000,35,22,26,32,17,9
chr6,45120001,46200000,22,23,17,38,23,13
chr6,46200001,47200000,30,30,18,38,17,7
chr6,47200001,48200000,34,27,19,74,21,15
chr6,48200001,49230000,47,65,40,98,24,18
chr6,49230001,50250000,25,61,49,74,19,16
chr6,50250001,51270000,52,60,50,91,34,13
chr6,51270001,52280000,28,38,26,43,19,11
chr6,52280001,53280000,25,8,21,25,19,11
chr6,53280001,54290000,26,23,31,52,17,13
chr6,54290001,55330000,38,48,39,62,44,18
chr6,55330001,56330000,38,35,33,82,25,13
chr6,56330001,57840000,46,30,27,54,18,14
chr6,57840001,62250000,58,89,31,120,17,23
chr6,62250001,63340000,67,58,50,131,41,22
chr6,63340001,64340000,46,52,30,65,26,23
chr6,64340001,65340000,50,44,18,76,38,11
chr6,65340001,66350000,32,98,37,121,37,10
chr6,66350001,67350000,30,121,48,116,37,16
chr6,67350001,68350000,50,103,61,153,25,17
chr6,68350001,69350000,42,68,71,134,31,8
chr6,69350001,70400000,58,68,53,111,31,13
chr6,70400001,71400000,26,45,18,48,20,6
chr6,71400001,72490000,43,50,29,45,27,8
chr6,72490001,73500000,38,43,48,99,23,14
chr6,73500001,74550000,25,19,31,34,17,7
chr6,74550001,75590000,45,35,37,60,27,13
chr6,75590001,76590000,31,23,33,51,21,11
chr6,76590001,77600000,36,59,41,69,20,10
chr6,77600001,78720000,33,62,47,63,47,14
chr6,78720001,79730000,31,59,37,58,12,11
chr6,79730001,80740000,28,21,28,32,13,10
chr6,80740001,81760000,24,49,29,35,17,4
chr6,81760001,82760000,37,44,24,46,29,5
chr6,82760001,83790000,34,31,39,38,20,7
chr6,83790001,84790000,30,34,24,47,23,16
chr6,84790001,85790000,35,50,34,46,23,13
chr6,85790001,86840000,34,41,29,42,19,13
chr6,86840001,87930000,16,51,35,72,27,11
chr6,87930001,88930000,32,29,15,45,12,7
chr6,88930001,89970000,36,33,19,50,19,6
chr6,89970001,90980000,21,24,22,46,21,10
chr6,90980001,92010000,38,22,19,58,13,12
chr6,92010001,93010000,27,47,36,100,15,13
chr6,93010001,94010000,31,41,57,117,15,19
chr6,94010001,95020000,41,79,35,83,14,16
chr6,95020001,96050000,37,59,34,56,22,13
chr6,96050001,97060000,35,56,47,54,25,11
chr6,97060001,98080000,36,32,28,73,16,11
chr6,98080001,99080000,37,65,39,115,30,15
chr6,99080001,100100000,29,22,25,41,14,8
chr6,100100001,101140000,44,42,40,54,29,11
chr6,101140001,102180000,44,39,34,85,16,9
chr6,102180001,103220000,39,53,46,122,22,12
chr6,103220001,104220000,38,96,49,138,37,16
chr6,104220001,105280000,31,64,35,82,33,11
chr6,105280001,106280000,29,28,24,41,14,7
chr6,106280001,107290000,32,21,18,25,16,8
chr6,107290001,108290000,27,19,16,15,17,4
chr6,108290001,109290000,35,20,23,22,16,5
chr6,109290001,110340000,18,13,14,32,13,2
chr6,110340001,111340000,30,22,20,31,17,3
chr6,111340001,112350000,30,22,14,24,7,5
chr6,112350001,113380000,30,27,29,64,19,5
chr6,113380001,114380000,29,35,24,39,27,7
chr6,114380001,115400000,33,49,35,62,22,12
chr6,115400001,116430000,35,40,53,56,23,14
chr6,116430001,117480000,29,23,27,46,19,7
chr6,117480001,118480000,37,41,32,65,24,6
chr6,118480001,119480000,31,24,31,39,17,8
chr6,119480001,120490000,27,36,23,73,28,12
chr6,120490001,121490000,28,37,39,58,22,14
chr6,121490001,122520000,43,37,44,89,26,12
chr6,122520001,123520000,39,37,37,50,37,5
chr6,123520001,124530000,43,63,53,85,19,8
chr6,124530001,125590000,43,35,36,100,19,13
chr6,125590001,126590000,33,22,26,49,11,7
chr6,126590001,127590000,37,51,35,76,25,8
chr6,127590001,128590000,29,26,19,48,21,6
chr6,128590001,129620000,34,52,29,49,21,16
chr6,129620001,130620000,32,30,26,42,16,9
chr6,130620001,131640000,27,34,20,45,29,9
chr6,131640001,132680000,37,26,14,39,21,10
chr6,132680001,133700000,35,33,33,39,23,9
chr6,133700001,134700000,46,27,28,54,23,8
chr6,134700001,135700000,27,18,21,27,17,4
chr6,135700001,136710000,32,21,25,37,19,5
chr6,136710001,137710000,26,24,9,18,15,6
chr6,137710001,138730000,31,27,12,25,16,10
chr6,138730001,139730000,36,17,18,30,14,5
chr6,139730001,140730000,33,27,23,51,18,14
chr6,140730001,141730000,31,34,35,72,22,8
chr6,141730001,142750000,23,35,35,64,35,5
chr6,142750001,143750000,33,13,8,38,16,5
chr6,143750001,144770000,24,19,16,32,10,8
chr6,144770001,145780000,27,27,29,47,28,3
chr6,145780001,146850000,40,37,28,63,16,4
chr6,146850001,147850000,28,38,23,47,21,6
chr6,147850001,148870000,25,14,20,17,17,9
chr6,148870001,149870000,25,23,22,47,15,7
chr6,149870001,150890000,21,20,6,25,12,5
chr6,150890001,151890000,33,11,16,30,11,6
chr6,151890001,152890000,53,22,46,77,24,8
chr6,152890001,153890000,36,46,41,110,28,10
chr6,153890001,154890000,41,33,29,66,27,10
chr6,154890001,155890000,29,20,14,23,24,3
chr6,155890001,156950000,34,32,18,37,27,6
chr6,156950001,157960000,34,22,8,29,16,4
chr6,157960001,158960000,18,16,11,18,8,5
chr6,158960001,159960000,20,25,18,33,11,9
chr6,159960001,161030000,35,28,17,34,24,4
chr6,161070001,162070000,25,31,21,44,18,6
chr6,162070001,163070000,42,30,34,51,22,9
chr6,163070001,164070000,27,27,53,67,23,4
chr6,164070001,165070000,37,56,47,93,14,3
chr6,165070001,166090000,38,62,37,81,16,6
chr6,166090001,167120000,37,43,20,33,28,5
chr6,167120001,168190000,18,20,9,17,20,2
chr6,168190001,169230000,26,19,11,31,11,11
chr6,169250001,170250000,30,23,16,36,12,7
chr7,50001,1050000,18,19,14,16,11,8
chr7,1050001,2060000,26,20,8,28,14,8
chr7,2060001,3060000,21,23,24,18,13,9
chr7,3060001,4060000,30,23,38,63,15,10
chr7,4060001,5060000,32,30,27,33,9,10
chr7,5060001,6060000,20,23,12,17,14,8
chr7,6060001,7060000,27,19,21,22,15,11
chr7,7060001,8060000,28,20,22,27,19,5
chr7,8060001,9060000,33,47,28,77,22,9
chr7,9060001,10060000,46,62,63,130,43,13
chr7,10060001,11060000,48,75,54,112,30,5
chr7,11060001,12060000,39,43,44,61,21,10
chr7,12060001,13060000,36,31,30,48,28,8
chr7,13060001,14060000,29,46,40,86,19,9
chr7,14060001,15060000,38,60,30,78,28,16
chr7,15060001,16060000,32,61,46,80,23,12
chr7,16060001,17060000,19,28,24,43,23,6
chr7,17060001,18060000,28,32,27,36,26,6
chr7,18060001,19060000,37,34,40,70,21,13
chr7,19060001,20060000,33,53,48,76,19,12
chr7,20060001,21060000,38,44,34,52,25,13
chr7,21060001,22060000,36,31,32,62,20,13
chr7,22060001,23060000,28,25,28,38,24,2
chr7,23060001,24060000,33,29,30,51,26,15
chr7,24060001,25060000,28,31,23,43,15,14
chr7,25060001,26060000,48,28,21,33,19,11
chr7,26060001,27060000,25,29,17,37,20,9
chr7,27060001,28060000,21,19,27,30,22,11
chr7,28060001,29060000,33,19,34,34,20,6
chr7,29060001,30060000,29,27,23,21,17,10
chr7,30060001,31060000,25,18,16,26,18,8
chr7,31060001,32060000,41,47,29,43,16,12
chr7,32060001,33060000,22,38,15,52,22,13
chr7,33060001,34060000,33,30,22,55,20,13
chr7,34060001,35060000,39,46,36,60,24,18
chr7,35060001,36060000,29,38,34,71,21,13
chr7,36060001,37060000,43,19,9,50,30,2
chr7,37060001,38060000,39,67,38,95,16,7
chr7,38060001,39060000,22,39,32,68,27,9
chr7,39060001,40060000,32,28,28,62,19,7
chr7,40060001,41060000,25,40,33,98,23,10
chr7,41060001,42060000,28,56,22,139,27,18
chr7,42060001,43060000,44,33,30,116,14,7
chr7,43060001,44060000,35,22,41,49,24,9
chr7,44060001,45060000,33,21,15,33,17,8
chr7,45060001,46070000,32,27,33,48,15,6
chr7,46070001,47070000,46,36,31,62,20,14
chr7,47070001,48070000,28,29,19,33,18,10
chr7,48070001,49070000,42,41,43,72,30,8
chr7,49070001,50070000,57,82,56,143,30,16
chr7,50070001,51070000,29,34,21,44,19,8
chr7,51070001,52070000,31,46,30,39,14,11
chr7,52070001,53070000,51,81,56,77,27,18
chr7,53070001,54070000,44,75,80,157,51,22
chr7,54070001,55070000,32,56,38,94,32,19
chr7,55070001,56070000,45,37,21,44,20,12
chr7,56070001,57090000,32,94,38,94,26,14
chr7,57090001,62570000,51,152,54,127,40,21
chr7,62570001,63570000,32,90,32,96,19,17
chr7,63570001,64570000,27,49,39,80,13,13
chr7,64570001,65720000,23,19,13,38,17,9
chr7,65720001,66720000,25,11,20,19,19,10
chr7,66720001,67720000,31,52,37,96,15,11
chr7,67720001,68720000,41,61,46,119,23,8
chr7,68720001,69720000,39,29,44,116,25,16
chr7,69720001,70720000,38,37,25,69,17,16
chr7,70720001,71720000,51,76,47,86,13,6
chr7,71720001,72720000,16,23,18,36,10,3
chr7,72720001,73720000,35,18,21,30,12,7
chr7,73720001,74720000,16,14,5,15,7,5
chr7,74720001,75720000,19,8,12,20,13,7
chr7,75720001,76720000,35,13,22,22,8,4
chr7,76720001,77720000,27,27,18,25,13,8
chr7,77720001,78720000,29,44,42,99,18,7
chr7,78720001,79720000,42,51,44,87,45,19
chr7,79720001,80720000,26,30,33,58,30,8
chr7,80720001,81720000,49,50,42,77,16,7
chr7,81720001,82720000,31,48,51,80,23,11
chr7,82720001,83720000,35,40,53,74,23,16
chr7,83720001,84720000,52,40,53,106,28,8
chr7,84720001,85740000,50,68,63,132,18,10
chr7,85740001,86740000,46,63,43,115,29,15
chr7,86740001,87740000,33,51,21,45,19,14
chr7,87740001,88740000,25,54,31,95,17,12
chr7,88740001,89740000,39,81,54,86,22,14
chr7,89740001,90740000,33,32,34,66,19,11
chr7,90740001,91740000,31,26,27,62,12,3
chr7,91740001,92740000,23,22,24,38,15,5
chr7,92740001,93740000,40,40,39,96,29,13
chr7,93740001,94740000,33,31,47,59,24,7
chr7,94740001,95740000,48,38,35,54,15,11
chr7,95740001,96740000,30,44,39,61,16,9
chr7,96740001,97740000,39,46,28,55,19,8
chr7,97740001,98740000,21,20,19,35,17,9
chr7,98740001,99740000,45,15,18,32,13,4
chr7,99740001,100840000,27,22,22,34,15,10
chr7,100840001,101840000,20,23,21,23,13,3
chr7,101840001,103220000,15,17,24,36,13,8
chr7,103220001,104220000,31,65,40,65,26,12
chr7,104220001,105220000,47,15,22,33,17,14
chr7,105220001,106220000,28,28,15,29,16,3
chr7,106220001,107220000,24,42,30,48,22,5
chr7,107220001,108220000,35,24,17,30,14,9
chr7,108220001,109220000,38,33,59,99,27,11
chr7,109220001,110220000,48,58,61,96,28,19
chr7,110220001,111220000,34,40,35,73,25,10
chr7,111220001,112220000,23,24,23,40,17,6
chr7,112220001,113220000,45,38,36,59,13,14
chr7,113220001,114220000,38,37,47,96,30,13
chr7,114220001,115220000,27,30,51,79,24,14
chr7,115220001,116220000,36,30,43,73,28,12
chr7,116220001,117220000,22,24,33,33,28,20
chr7,117220001,118220000,42,34,27,64,24,13
chr7,118220001,119220000,52,83,61,114,31,15
chr7,119220001,120220000,45,70,62,116,34,20
chr7,120220001,121220000,27,29,24,43,26,10
chr7,121220001,122240000,37,19,28,45,15,20
chr7,122240001,123240000,38,42,37,48,28,14
chr7,123240001,124240000,37,38,38,47,30,13
chr7,124240001,125240000,33,42,35,84,25,9
chr7,125240001,126240000,54,87,50,130,46,20
chr7,126240001,127240000,42,45,31,63,32,18
chr7,127240001,128240000,22,21,14,25,13,7
chr7,128240001,129240000,21,16,16,32,12,7
chr7,129240001,130240000,39,20,25,28,20,7
chr7,130240001,131240000,27,22,33,38,21,7
chr7,131240001,132240000,28,37,13,32,16,9
chr7,132240001,133240000,35,29,14,41,9,11
chr7,133240001,134240000,35,15,29,27,16,3
chr7,134240001,135240000,23,21,24,36,22,11
chr7,135240001,136240000,35,42,35,73,21,17
chr7,136240001,137240000,57,80,64,107,24,18
chr7,137240001,138240000,41,37,25,47,6,10
chr7,138240001,139240000,21,28,21,32,19,6
chr7,139240001,140240000,21,16,16,19,11,6
chr7,140240001,141270000,29,26,23,30,15,7
chr7,141270001,142270000,29,39,28,24,19,12
chr7,142270001,143280000,25,37,20,29,18,15
chr7,143280001,144280000,19,18,18,28,16,12
chr7,144280001,145280000,45,85,41,81,23,19
chr7,145280001,146330000,49,131,65,106,23,25
chr7,146330001,147330000,59,103,69,82,34,32
chr7,147330001,148330000,34,71,38,58,22,16
chr7,148330001,149330000,27,22,24,23,16,1
chr7,149330001,150330000,25,19,18,27,14,10
chr7,150330001,151330000,26,16,20,24,15,5
chr7,151330001,152400000,30,30,21,18,18,4
chr7,152400001,153400000,28,56,40,54,15,17
chr7,153400001,154400000,40,67,19,56,24,12
chr7,154400001,155400000,28,44,19,26,15,5
chr7,155400001,156400000,26,27,18,29,16,9
chr7,156400001,157400000,15,20,11,25,12,10
chr7,157400001,158440000,29,30,20,32,13,7
chr8,190001,1190000,16,23,17,37,17,4
chr8,1190001,2190000,18,26,15,37,11,3
chr8,2190001,3190000,34,49,42,58,20,16
chr8,3190001,4190000,41,36,25,71,32,18
chr8,4190001,5190000,32,46,36,109,26,13
chr8,5190001,6190000,24,43,35,84,21,10
chr8,6190001,8250000,15,18,15,36,12,11
chr8,8250001,9250000,18,16,9,23,7,7
chr8,9250001,10250000,26,16,11,39,14,15
chr8,10250001,11250000,21,18,14,37,13,6
chr8,11250001,12720000,19,29,8,34,10,10
chr8,12720001,13730000,20,38,34,62,28,9
chr8,13730001,14730000,37,41,43,121,41,14
chr8,14730001,15730000,23,45,60,114,22,5
chr8,15730001,16730000,28,45,39,88,20,18
chr8,16730001,17730000,21,15,15,25,22,9
chr8,17730001,18730000,15,11,8,16,8,8
chr8,18730001,19730000,22,18,13,20,8,1
chr8,19730001,20730000,26,22,16,61,13,8
chr8,20730001,21730000,24,21,14,53,15,7
chr8,21730001,22730000,21,22,5,16,7,4
chr8,22730001,23730000,24,14,7,24,10,8
chr8,23730001,24730000,21,27,16,38,12,13
chr8,24730001,25730000,33,11,23,47,13,14
chr8,25730001,26730000,22,11,25,37,16,6
chr8,26730001,27730000,22,7,16,42,18,6
chr8,27730001,28730000,16,14,8,14,9,6
chr8,28730001,29730000,23,19,8,22,13,8
chr8,29730001,30730000,19,9,12,33,14,6
chr8,30730001,31730000,32,35,26,58,23,7
chr8,31730001,32730000,32,25,59,86,25,23
chr8,32730001,33730000,28,33,33,63,28,11
chr8,33730001,34730000,29,71,29,103,34,13
chr8,34730001,35730000,52,89,36,103,27,16
chr8,35730001,36730000,47,65,57,112,21,13
chr8,36730001,37730000,38,32,19,35,16,15
chr8,37730001,38730000,36,16,16,32,16,7
chr8,38730001,39730000,38,32,22,53,18,12
chr8,39730001,40730000,30,33,23,50,16,8
chr8,40730001,41730000,32,26,22,40,13,8
chr8,41730001,42730000,34,34,21,29,14,6
chr8,42730001,46920000,32,68,41,83,11,11
chr8,46920001,47950000,33,81,52,79,27,13
chr8,47950001,48960000,36,24,20,41,18,6
chr8,48960001,49960000,34,47,26,83,18,7
chr8,49960001,50960000,60,99,58,93,49,16
chr8,50960001,51970000,71,87,47,136,36,13
chr8,51970001,52990000,54,54,30,87,26,22
chr8,52990001,53990000,34,35,30,50,25,13
chr8,53990001,54990000,48,36,25,46,19,11
chr8,54990001,55990000,52,51,41,70,44,13
chr8,55990001,56990000,43,31,23,55,28,13
chr8,56990001,57990000,49,34,35,52,26,20
chr8,57990001,59010000,57,63,36,51,19,21
chr8,59010001,60020000,32,27,21,54,18,11
chr8,60020001,61050000,64,64,30,48,30,18
chr8,61050001,62050000,45,32,19,35,16,7
chr8,62050001,63050000,43,44,30,42,32,10
chr8,63050001,64050000,47,41,21,61,34,4
chr8,64050001,65050000,57,72,30,119,43,23
chr8,65050001,66050000,42,35,60,107,25,12
chr8,66050001,67050000,61,30,27,51,24,11
chr8,67050001,68050000,29,24,19,45,23,12
chr8,68050001,69050000,48,43,37,82,25,11
chr8,69050001,70050000,57,38,46,131,22,22
chr8,70050001,71060000,37,28,28,89,26,9
chr8,71060001,72060000,59,25,29,46,26,10
chr8,72060001,73060000,61,40,38,65,38,10
chr8,73060001,74060000,45,47,36,81,37,19
chr8,74060001,75060000,41,19,22,40,12,5
chr8,75060001,76060000,49,43,39,91,22,10
chr8,76060001,77060000,54,73,25,81,41,18
chr8,77060001,78060000,55,65,45,101,50,26
chr8,78060001,79060000,54,77,44,136,40,25
chr8,79060001,80060000,54,34,27,100,28,18
chr8,80060001,81060000,31,36,23,71,32,8
chr8,81060001,82060000,39,32,16,35,11,4
chr8,82060001,83080000,44,40,24,53,23,13
chr8,83080001,84080000,69,76,46,132,51,13
chr8,84080001,85080000,57,110,59,139,31,27
chr8,85080001,86080000,41,92,49,90,28,14
chr8,86080001,87380000,36,43,26,44,33,8
chr8,87380001,88380000,57,83,46,87,47,16
chr8,88380001,89380000,40,117,78,116,45,17
chr8,89380001,90380000,55,109,59,122,36,12
chr8,90380001,91380000,50,27,30,65,20,6
chr8,91380001,92380000,50,38,38,91,28,11
chr8,92380001,93380000,75,77,45,115,42,22
chr8,93380001,94380000,51,60,38,95,19,19
chr8,94380001,95380000,49,27,23,32,21,11
chr8,95380001,96380000,45,21,13,24,18,13
chr8,96380001,97380000,54,49,25,82,27,15
chr8,97380001,98380000,43,28,30,67,37,14
chr8,98380001,99380000,46,30,12,35,24,8
chr8,99380001,100380000,54,18,17,43,10,11
chr8,100380001,101390000,40,27,20,40,30,13
chr8,101390001,102390000,37,16,15,24,21,9
chr8,102390001,103390000,42,28,17,36,19,8
chr8,103390001,104390000,41,20,16,27,16,7
chr8,104390001,105410000,47,56,36,110,21,17
chr8,105410001,106410000,66,59,46,115,26,14
chr8,106410001,107420000,60,50,39,92,35,17
chr8,107420001,108420000,43,33,28,83,17,19
chr8,108420001,109420000,60,42,42,86,28,15
chr8,109420001,110420000,61,40,20,77,24,10
chr8,110420001,111420000,87,76,26,125,25,24
chr8,111420001,112420000,80,118,39,164,50,25
chr8,112420001,113420000,81,144,57,171,57,22
chr8,113420001,114420000,70,112,73,129,63,34
chr8,114420001,115420000,74,122,78,177,61,31
chr8,115420001,116420000,45,72,81,129,39,21
chr8,116420001,117420000,94,45,57,86,27,11
chr8,117420001,118420000,52,40,29,63,23,14
chr8,118420001,119420000,47,30,21,30,23,16
chr8,119420001,120420000,35,18,20,40,21,8
chr8,120420001,121420000,47,26,31,46,19,14
chr8,121420001,122420000,48,26,21,40,22,9
chr8,122420001,123420000,55,31,27,35,17,9
chr8,123420001,124420000,48,25,28,41,13,8
chr8,124420001,125420000,32,21,20,25,20,11
chr8,125420001,126420000,38,24,17,31,19,9
chr8,126420001,127440000,57,41,30,53,24,12
chr8,127440001,128440000,35,27,17,43,17,10
chr8,128440001,129440000,52,24,17,29,19,9
chr8,129440001,130440000,54,24,22,67,27,10
chr8,130440001,131440000,30,29,25,42,26,13
chr8,131440001,132440000,48,55,39,77,27,17
chr8,132440001,133440000,40,58,29,73,30,12
chr8,133440001,134440000,42,39,14,44,26,12
chr8,134440001,135440000,28,43,26,48,19,10
chr8,135440001,136440000,36,53,18,38,13,10
chr8,136440001,137440000,47,53,31,99,15,13
chr8,137440001,138440000,85,100,70,126,48,15
chr8,138440001,139440000,64,88,48,109,29,18
chr8,139440001,140440000,45,73,21,57,20,16
chr8,140440001,141440000,41,33,15,29,11,12
chr8,141440001,142440000,34,19,13,29,13,8
chr8,142440001,143450000,25,35,11,23,18,6
chr8,143450001,144450000,25,39,18,27,21,8
chr8,144450001,145470000,23,21,3,17,7,5
chr9,1,1000000,32,9,20,25,13,7
chr9,1000001,2000000,18,26,33,36,23,20
chr9,2000001,3000000,21,19,24,39,15,2
chr9,3000001,4000000,33,15,28,34,20,5
chr9,4000001,5000000,29,12,12,15,11,3
chr9,5000001,6000000,21,20,32,26,10,10
chr9,6000001,7010000,26,13,26,21,16,4
chr9,7010001,8010000,26,42,21,42,21,11
chr9,8010001,9010000,34,39,29,75,22,14
chr9,9010001,10010000,49,42,31,76,50,11
chr9,10010001,11010000,42,55,53,61,39,5
chr9,11010001,12010000,48,59,62,89,54,4
chr9,12010001,13010000,39,49,34,56,24,14
chr9,13010001,14010000,27,23,35,51,17,7
chr9,14010001,15010000,39,23,32,39,20,6
chr9,15010001,16010000,28,19,29,23,18,1
chr9,16010001,17010000,41,22,33,64,16,8
chr9,17010001,18010000,35,27,30,57,23,9
chr9,18010001,19010000,29,24,22,51,20,4
chr9,19010001,20010000,28,28,30,41,22,7
chr9,20010001,21010000,27,14,20,29,24,10
chr9,21010001,22010000,27,22,34,36,22,5
chr9,22010001,23010000,31,28,43,47,21,11
chr9,23010001,24010000,39,41,50,84,24,8
chr9,24010001,25010000,43,86,48,109,32,24
chr9,25010001,26010000,26,54,68,95,29,5
chr9,26010001,27010000,23,62,56,62,23,13
chr9,27010001,28010000,28,38,25,28,22,11
chr9,28010001,29010000,37,41,53,69,32,9
chr9,29010001,30010000,55,62,57,87,45,10
chr9,30010001,31010000,49,56,56,88,47,12
chr9,31010001,32010000,29,44,55,68,33,7
chr9,32010001,33010000,41,35,42,47,25,5
chr9,33010001,34010000,19,18,10,20,24,5
chr9,34010001,35010000,22,11,22,18,12,6
chr9,35010001,36030000,23,11,10,26,13,8
chr9,36030001,37030000,26,19,15,28,11,5
chr9,37030001,38030000,26,18,17,27,13,5
chr9,38030001,39030000,19,21,18,21,13,4
chr9,39030001,40030000,3,4,1,4,4,2
chr9,40030001,44140000,7,21,10,20,6,4
chr9,44140001,71000000,20,28,21,28,16,5
chr9,71000001,72000000,28,25,16,13,24,5
chr9,72000001,73010000,24,18,27,30,14,7
chr9,73010001,74010000,37,28,33,39,18,1
chr9,74010001,75010000,34,29,21,50,28,6
chr9,75010001,76010000,24,23,33,45,15,8
chr9,76010001,77010000,37,35,50,116,17,17
chr9,77010001,78010000,24,29,30,54,19,10
chr9,78010001,79030000,31,20,20,42,15,12
chr9,79030001,80040000,27,23,18,44,29,2
chr9,80040001,81040000,27,19,24,28,17,7
chr9,81040001,82040000,40,38,43,59,22,9
chr9,82040001,83040000,33,35,59,83,25,8
chr9,83040001,84040000,25,38,49,79,20,4
chr9,84040001,85040000,20,48,36,48,16,6
chr9,85040001,86040000,25,37,22,47,16,8
chr9,86040001,87040000,26,17,16,22,16,4
chr9,87040001,88060000,25,24,24,42,16,9
chr9,88060001,89060000,23,16,23,32,10,5
chr9,89060001,90060000,41,32,41,45,9,5
chr9,90060001,91060000,20,26,22,37,19,3
chr9,91060001,92060000,25,20,31,48,15,4
chr9,92060001,93060000,19,13,12,26,8,4
chr9,93060001,94060000,25,17,21,31,12,15
chr9,94060001,95060000,28,18,23,25,21,6
chr9,95060001,96060000,27,17,20,16,19,6
chr9,96060001,97060000,27,21,16,27,17,5
chr9,97060001,98060000,15,11,19,23,9,7
chr9,98060001,99060000,34,13,19,17,19,4
chr9,99060001,100060000,22,11,18,35,12,4
chr9,100060001,101060000,26,20,22,24,18,7
chr9,101060001,102060000,19,25,27,43,15,5
chr9,102060001,103060000,25,22,27,45,26,4
chr9,103060001,104060000,33,27,34,59,28,4
chr9,104060001,105060000,36,39,33,50,21,16
chr9,105060001,106060000,41,64,59,102,23,15
chr9,106060001,107060000,37,43,40,94,31,17
chr9,107060001,108060000,24,19,20,48,19,5
chr9,108060001,109060000,20,29,26,53,17,6
chr9,109060001,110060000,25,34,38,49,17,8
chr9,110060001,111060000,22,27,14,22,17,9
chr9,111060001,112060000,29,16,14,24,20,8
chr9,112060001,113060000,27,19,31,40,14,5
chr9,113060001,114060000,21,13,25,40,15,10
chr9,114060001,115060000,26,14,19,24,25,4
chr9,115060001,116060000,23,20,19,22,15,4
chr9,116060001,117060000,28,11,14,28,17,2
chr9,117060001,118060000,22,17,26,29,21,7
chr9,118060001,119060000,22,35,33,61,13,14
chr9,119060001,120060000,23,42,30,49,13,9
chr9,120060001,121060000,29,72,33,92,22,18
chr9,121060001,122060000,26,85,48,107,28,21
chr9,122060001,123060000,24,37,37,69,26,15
chr9,123060001,124060000,30,11,26,31,16,4
chr9,124060001,125060000,17,16,16,21,7,9
chr9,125060001,126060000,33,21,21,33,18,7
chr9,126060001,127060000,25,15,15,20,14,9
chr9,127060001,128060000,27,8,21,10,16,7
chr9,128060001,129060000,19,22,21,29,14,6
chr9,129060001,130060000,26,17,22,28,15,5
chr9,130060001,131060000,19,14,15,23,20,5
chr9,131060001,132060000,21,15,17,26,12,12
chr9,132060001,133060000,30,14,7,29,19,3
chr9,133060001,134060000,23,15,10,15,7,4
chr9,134060001,135060000,22,13,9,17,13,6
chr9,135060001,136060000,22,15,19,24,11,4
chr9,136060001,137060000,25,16,11,13,10,4
chr9,137060001,138060000,14,16,13,34,11,6
chr9,138060001,139060000,28,22,17,22,13,7
chr9,139060001,140060000,18,18,9,21,9,4
