chr,start,end,breast,lung,colorectal,esophagus,prostate,skin
chr1,760001,1800000,350,387,116,327,138,369
chr1,1800001,2930000,481,583,160,386,217,644
chr1,2930001,3930000,475,455,145,337,176,591
chr1,3930001,4940000,638,1018,309,1713,315,1016
chr1,4940001,5970000,553,1016,282,1569,277,1250
chr1,5970001,6970000,331,430,120,328,156,373
chr1,6970001,7970000,351,569,152,402,171,621
chr1,7970001,8970000,343,324,104,278,176,443
chr1,8970001,9970000,349,393,119,274,157,426
chr1,9970001,10970000,330,343,89,271,143,426
chr1,10970001,11970000,385,540,135,409,134,545
chr1,11970001,12970000,326,379,110,321,136,580
chr1,12970001,13970000,107,169,66,358,64,221
chr1,13970001,14970000,355,493,162,1251,164,525
chr1,14970001,15970000,320,418,119,415,131,465
chr1,15970001,17460000,356,316,102,256,153,379
chr1,17460001,18460000,347,616,128,440,187,844
chr1,18460001,19460000,374,651,156,404,182,949
chr1,19460001,20460000,346,421,85,247,164,499
chr1,20460001,21460000,370,530,89,289,173,538
chr1,21460001,22460000,303,343,111,266,146,450
chr1,22460001,23460000,302,400,103,267,182,619
chr1,23460001,24460000,322,339,81,239,142,430
chr1,24460001,25460000,370,385,118,259,154,350
chr1,25460001,26460000,325,331,110,249,132,347
chr1,26460001,27460000,386,364,95,257,158,414
chr1,27460001,28460000,378,305,85,240,140,357
chr1,28460001,29460000,361,338,98,284,138,365
chr1,29460001,30460000,411,578,162,765,189,820
chr1,30460001,31460000,476,710,143,706,251,618
chr1,31460001,32460000,369,413,109,276,162,480
chr1,32460001,33460000,377,346,82,287,143,374
chr1,33460001,34460000,415,621,160,616,157,820
chr1,34460001,35460000,524,939,168,1054,230,1336
chr1,35460001,36460000,382,428,120,285,118,338
chr1,36460001,37460000,407,740,162,551,207,584
chr1,37460001,38470000,421,713,160,598,218,618
chr1,38470001,39470000,452,579,164,591,198,851
chr1,39470001,40470000,365,395,89,266,147,335
chr1,40470001,41470000,371,495,111,280,141,427
chr1,41470001,42470000,374,367,123,296,135,438
chr1,42470001,43470000,427,389,118,296,146,481
chr1,43470001,44470000,395,378,106,257,135,470
chr1,44470001,45470000,373,457,133,310,173,436
chr1,45470001,46470000,364,367,88,264,152,368
chr1,46470001,47470000,416,348,110,270,159,652
chr1,47470001,48470000,417,532,79,253,154,724
chr1,48470001,49470000,432,733,198,629,163,566
chr1,49470001,50470000,514,1160,372,1354,234,973
chr1,50470001,51470000,452,644,163,632,184,642
chr1,51470001,52470000,408,429,108,269,158,404
chr1,52470001,53470000,364,428,97,257,132,349
chr1,53470001,54470000,459,493,133,326,158,515
chr1,54470001,55470000,361,482,101,264,142,499
chr1,55470001,56470000,442,591,194,895,163,839
chr1,56470001,57470000,402,673,220,787,155,1382
chr1,57470001,58470000,536,929,343,1031,170,1516
chr1,58470001,59470000,431,480,135,518,137,583
chr1,59470001,60470000,377,412,98,316,129,553
chr1,60470001,61470000,412,776,136,816,186,661
chr1,61470001,62470000,362,381,113,277,153,423
chr1,62470001,63470000,445,494,104,361,160,405
chr1,63470001,64470000,373,569,146,334,158,408
chr1,64470001,65470000,397,429,124,237,186,453
chr1,65470001,66470000,416,750,131,617,172,647
chr1,66470001,67470000,402,829,155,692,154,468
chr1,67470001,68470000,384,585,118,310,155,387
chr1,68470001,69470000,521,1014,266,950,202,918
chr1,69470001,70470000,668,1685,411,1767,266,787
chr1,70470001,71470000,454,1319,216,1120,201,1022
chr1,71470001,72470000,479,1051,259,1588,242,733
chr1,72470001,73470000,614,1671,405,2005,398,1189
chr1,73470001,74470000,651,1892,315,1703,439,1787
chr1,74470001,75470000,559,1547,350,1398,409,1146
chr1,75470001,76470000,479,1472,305,1146,324,1223
chr1,76470001,77470000,399,1430,256,1059,209,606
chr1,77470001,78470000,354,773,164,414,140,459
chr1,78470001,79470000,469,1091,261,1003,191,1284
chr1,79470001,80470000,437,1575,497,1620,274,1348
chr1,80470001,81470000,480,1567,669,1463,289,1010
chr1,81470001,82470000,439,988,362,1016,173,1071
chr1,82470001,83470000,391,880,406,1963,148,1255
chr1,83470001,84470000,268,456,174,1072,90,354
chr1,84470001,85470000,350,479,109,345,136,350
chr1,85470001,86470000,390,421,136,404,155,426
chr1,86470001,87470000,366,551,122,508,188,433
chr1,87470001,88470000,368,736,148,329,203,666
chr1,88470001,89470000,394,769,144,299,229,654
chr1,89470001,90470000,404,398,130,336,171,343
chr1,90470001,91470000,412,708,190,823,234,967
chr1,91470001,92500000,401,754,156,414,170,478
chr1,92500001,93500000,367,506,109,284,171,480
chr1,93500001,94500000,325,318,104,245,116,334
chr1,94500001,95500000,341,336,76,241,157,538
chr1,95500001,96500000,357,973,238,856,219,882
chr1,96500001,97500000,447,1256,329,1198,295,1327
chr1,97500001,98500000,418,811,395,1090,236,1454
chr1,98500001,99500000,516,1225,246,559,310,714
chr1,99500001,100500000,392,829,202,599,238,487
chr1,100500001,101500000,344,535,152,344,183,434
chr1,101500001,102500000,516,1500,248,1142,380,936
chr1,102500001,103500000,547,2109,467,2120,538,1409
chr1,103500001,104500000,351,1043,283,1360,324,639
chr1,104500001,105500000,619,2357,543,2231,493,995
chr1,105500001,106500000,570,2229,425,1795,332,1528
chr1,106500001,107500000,576,1755,497,2210,273,1985
chr1,107500001,108500000,404,1022,243,1319,175,672
chr1,108500001,109500000,307,465,85,296,124,262
chr1,109500001,110500000,355,352,100,226,174,412
chr1,110500001,111500000,394,601,167,446,172,646
chr1,111500001,112500000,450,545,153,388,170,659
chr1,112500001,113500000,444,484,169,388,158,900
chr1,113500001,114500000,380,397,94,260,149,493
chr1,114500001,115500000,460,653,163,519,204,692
chr1,115500001,116500000,462,601,166,573,176,1153
chr1,116500001,117500000,422,399,101,232,132,368
chr1,117500001,118500000,402,366,104,284,163,399
chr1,118500001,119500000,511,831,207,994,257,1459
chr1,119500001,120500000,509,479,123,362,132,509
chr1,120500001,146160000,280,373,106,183,93,331
chr1,146160001,147160000,416,435,101,266,110,340
chr1,147160001,149710000,481,775,107,373,180,590
chr1,149710001,150710000,582,435,124,273,164,335
chr1,150710001,151710000,588,425,93,285,152,327
chr1,151710001,152730000,668,697,154,675,258,812
chr1,152730001,153730000,770,669,207,641,344,1240
chr1,153730001,154730000,667,482,143,367,160,412
chr1,154730001,155730000,588,429,148,304,169,359
chr1,155730001,156740000,559,451,92,300,148,416
chr1,156740001,157740000,671,953,156,605,258,887
chr1,157740001,158740000,915,1542,307,2003,464,1147
chr1,158740001,159740000,877,1281,270,1658,427,1394
chr1,159740001,160740000,634,601,130,345,201,634
chr1,160740001,161800000,575,549,110,367,183,452
chr1,161800001,162800000,545,537,109,332,133,434
chr1,162800001,163800000,714,1471,243,599,180,1292
chr1,163800001,164800000,690,1367,228,881,219,1925
chr1,164800001,165800000,599,1053,190,812,204,1027
chr1,165800001,166800000,773,1624,222,997,319,1497
chr1,166800001,167800000,595,827,120,346,181,647
chr1,167800001,168820000,558,563,114,304,166,499
chr1,168820001,169820000,497,674,117,316,167,600
chr1,169820001,170820000,682,975,179,1019,365,623
chr1,170820001,171820000,649,729,174,529,194,748
chr1,171820001,172820000,574,556,132,324,174,717
chr1,172820001,173820000,638,641,168,371,208,830
chr1,173820001,174820000,514,677,145,475,158,397
chr1,174820001,175820000,637,1677,213,946,251,1182
chr1,175820001,176820000,683,1578,276,1268,206,1410
chr1,176820001,177820000,619,1614,314,1560,251,1715
chr1,177820001,178820000,535,638,125,298,144,388
chr1,178820001,179820000,547,879,117,335,172,745
chr1,179820001,180820000,547,436,112,285,154,461
chr1,180820001,181820000,715,869,179,543,241,1090
chr1,181820001,182820000,608,743,154,509,234,868
chr1,182820001,183820000,635,509,136,300,160,489
chr1,183820001,184820000,526,579,140,340,147,364
chr1,184820001,185820000,601,638,140,349,165,380
chr1,185820001,186820000,734,619,219,674,293,497
chr1,186820001,187820000,778,1675,466,1854,177,829
chr1,187820001,188820000,864,2282,661,2696,248,1132
chr1,188820001,189820000,842,2441,620,2208,429,1522
chr1,189820001,190820000,817,2973,492,2408,334,1907
chr1,190820001,191820000,714,2744,605,2533,534,1602
chr1,191820001,192820000,708,1531,351,1177,343,913
chr1,192820001,193820000,717,876,140,466,172,973
chr1,193820001,194820000,892,1966,340,2204,443,1840
chr1,194820001,195820000,836,2451,352,2493,633,1909
chr1,195820001,196820000,808,1484,369,2101,470,1424
chr1,196820001,197820000,572,1059,204,864,287,920
chr1,197820001,198820000,624,893,266,723,248,998
chr1,198820001,199820000,721,1126,326,1550,383,974
chr1,199820001,200820000,561,681,163,362,171,664
chr1,200820001,201820000,497,475,118,308,139,501
chr1,201820001,202820000,505,388,95,284,132,460
chr1,202820001,203820000,539,530,106,320,180,446
chr1,203820001,204840000,538,575,143,338,143,525
chr1,204840001,205840000,532,469,137,352,184,468
chr1,205840001,206840000,338,270,74,173,104,328
chr1,206840001,207840000,573,474,140,297,174,544
chr1,207840001,208840000,613,751,179,630,166,907
chr1,208840001,209840000,662,816,271,1477,286,1816
chr1,209840001,210840000,618,645,203,652,201,460
chr1,210840001,211840000,641,817,219,818,202,658
chr1,211840001,212840000,510,488,107,268,133,377
chr1,212840001,213840000,610,790,132,514,176,553
chr1,213840001,214840000,613,808,130,589,176,800
chr1,214840001,215840000,633,1144,309,1198,306,598
chr1,215840001,216840000,707,1538,356,1317,271,923
chr1,216840001,217840000,606,1503,266,1353,201,741
chr1,217840001,218840000,677,1238,335,1109,191,833
chr1,218840001,219840000,566,881,335,902,175,750
chr1,219840001,220840000,519,903,166,608,159,518
chr1,220840001,221840000,625,1445,317,1254,249,1204
chr1,221840001,222840000,558,966,229,575,200,535
chr1,222840001,223840000,487,466,131,309,150,585
chr1,223840001,224890000,460,413,108,296,137,353
chr1,224890001,225890000,597,617,122,569,160,559
chr1,225890001,226890000,581,464,113,271,148,413
chr1,226890001,227890000,537,507,140,320,152,430
chr1,227890001,228940000,599,563,170,436,146,681
chr1,228940001,229940000,559,642,109,299,143,580
chr1,229940001,230940000,553,709,139,429,171,596
chr1,230940001,231940000,599,531,151,341,138,411
chr1,231940001,232940000,572,622,148,559,162,486
chr1,232940001,233940000,651,681,149,344,157,1288
chr1,233940001,234940000,637,640,179,534,149,1205
chr1,234940001,235940000,593,415,108,313,123,357
chr1,235940001,236950000,643,684,187,510,161,407
chr1,236950001,237960000,977,1717,325,1286,357,626
chr1,237960001,238960000,1025,2058,473,1299,482,1166
chr1,238960001,239960000,920,1956,194,806,285,1601
chr1,239960001,240960000,1082,1889,277,1606,275,1356
chr1,240960001,241960000,934,1847,228,740,389,1474
chr1,241960001,242960000,857,1558,425,1796,357,656
chr1,242960001,243960000,567,787,206,857,167,388
chr1,243960001,244960000,673,815,163,691,177,483
chr1,244960001,245960000,664,601,209,530,209,455
chr1,245960001,246960000,601,569,141,494,156,399
chr1,246960001,247970000,732,1383,217,1064,214,953
chr1,247970001,248970000,799,2020,287,1808,249,1277
chr10,1,1000000,420,343,212,284,130,231
chr10,1000001,2000000,602,842,287,872,198,598
chr10,2000001,3000000,803,1669,445,1477,244,866
chr10,3000001,4000000,489,817,166,427,217,367
chr10,4000001,5000000,527,673,152,377,168,282
chr10,5000001,6000000,456,375,116,272,131,444
chr10,6000001,7000000,539,569,193,701,218,460
chr10,7000001,8000000,544,1038,360,1091,169,361
chr10,8000001,9000000,500,1139,326,1209,254,1266
chr10,9000001,10000000,614,1364,451,1509,429,1347
chr10,10000001,11000000,744,1127,344,1959,442,767
chr10,11000001,12000000,607,543,145,715,209,232
chr10,12000001,13000000,506,443,129,566,179,635
chr10,13000001,14000000,504,543,135,506,161,314
chr10,14000001,15000000,499,670,187,540,174,435
chr10,15000001,16000000,586,1060,147,526,152,576
chr10,16000001,17000000,654,1312,271,986,205,698
chr10,17000001,18000000,392,698,141,673,134,191
chr10,18000001,19000000,481,1084,142,1128,181,430
chr10,19000001,20000000,683,1465,279,2202,376,1425
chr10,20000001,21000000,579,935,211,1963,219,1501
chr10,21000001,22000000,498,525,118,483,179,798
chr10,22000001,23000000,430,654,178,398,168,396
chr10,23000001,24000000,526,934,217,636,219,475
chr10,24000001,25000000,469,615,169,535,185,965
chr10,25000001,26000000,582,1009,171,485,291,571
chr10,26000001,27000000,722,1251,328,814,456,953
chr10,27000001,28000000,451,546,152,368,159,397
chr10,28000001,29000000,495,620,182,675,152,962
chr10,29000001,30000000,424,624,197,469,163,292
chr10,30000001,31000000,448,579,174,380,200,637
chr10,31000001,32000000,468,925,201,514,211,444
chr10,32000001,33000000,451,503,110,279,158,371
chr10,33000001,34000000,470,558,173,415,177,588
chr10,34000001,35000000,465,569,174,384,187,573
chr10,35000001,36000000,463,435,151,390,157,336
chr10,36000001,37000000,655,1082,436,1688,312,1282
chr10,37000001,38000000,837,1865,394,2086,444,1640
chr10,38000001,43070000,551,1307,256,989,240,687
chr10,43070001,44070000,490,888,167,427,160,576
chr10,44070001,45070000,479,1355,212,713,314,1206
chr10,45070001,46070000,437,938,155,706,185,840
chr10,46070001,47070000,163,160,43,122,43,167
chr10,47070001,48070000,157,211,55,126,36,197
chr10,48070001,49070000,166,277,70,191,92,357
chr10,49070001,50070000,380,485,136,524,156,561
chr10,50070001,51070000,565,887,208,929,273,994
chr10,51070001,52070000,159,159,38,112,44,185
chr10,52070001,53070000,448,772,116,494,246,624
chr10,53070001,54070000,558,1164,290,1188,390,545
chr10,54070001,55070000,617,1187,224,909,308,1369
chr10,55070001,56070000,663,1815,381,2098,446,1357
chr10,56070001,57070000,747,2004,526,2512,527,923
chr10,57070001,58070000,681,2364,538,2555,473,1058
chr10,58070001,59070000,605,2073,506,2518,432,543
chr10,59070001,60070000,644,1524,202,1024,341,856
chr10,60070001,61070000,546,925,174,1068,191,376
chr10,61070001,62070000,414,542,152,499,147,935
chr10,62070001,63070000,394,490,130,355,165,653
chr10,63070001,64070000,426,484,150,366,151,387
chr10,64070001,65070000,456,780,247,743,261,321
chr10,65070001,66070000,422,912,182,706,163,477
chr10,66070001,67070000,555,1538,291,1221,276,951
chr10,67070001,68070000,515,1466,262,1486,327,760
chr10,68070001,69070000,484,1573,350,1417,227,1233
chr10,69070001,70070000,493,782,170,451,186,658
chr10,70070001,71070000,412,444,126,342,180,244
chr10,71070001,72070000,421,537,125,333,146,416
chr10,72070001,73070000,393,518,130,340,183,397
chr10,73070001,74070000,392,471,126,326,176,405
chr10,74070001,75070000,395,293,101,255,167,262
chr10,75070001,76070000,340,280,107,249,141,213
chr10,76070001,77070000,385,366,121,266,152,297
chr10,77070001,78070000,519,489,183,527,134,227
chr10,78070001,79070000,386,628,200,910,165,356
chr10,79070001,80070000,409,445,143,373,139,379
chr10,80070001,81070000,398,599,133,334,158,399
chr10,81070001,82070000,347,390,112,377,127,329
chr10,82070001,83070000,411,1000,212,1434,172,822
chr10,83070001,84070000,512,1949,497,2669,434,977
chr10,84070001,85070000,436,1913,477,2634,276,1341
chr10,85070001,86070000,443,1244,224,1448,226,1307
chr10,86070001,87070000,506,847,246,1240,208,566
chr10,87070001,88070000,575,1031,242,1111,282,558
chr10,88070001,89070000,329,389,98,255,110,222
chr10,89070001,90070000,338,289,94,228,138,271
chr10,90070001,91070000,389,322,123,277,139,364
chr10,91070001,92070000,419,528,189,819,203,830
chr10,92070001,93070000,492,753,291,1211,217,877
chr10,93070001,94070000,338,394,133,336,179,247
chr10,94070001,95070000,373,411,118,276,140,292
chr10,95070001,96070000,364,443,95,260,147,417
chr10,96070001,97070000,404,512,90,261,268,990
chr10,97070001,98070000,363,412,89,303,168,371
chr10,98070001,99080000,376,540,133,285,153,359
chr10,99080001,100080000,389,370,119,311,152,240
chr10,100080001,101080000,495,720,263,878,208,289
chr10,101080001,102080000,355,376,113,289,141,245
chr10,102080001,103080000,414,502,113,375,154,399
chr10,103080001,104080000,327,341,104,250,133,257
chr10,104080001,105080000,355,291,102,294,139,241
chr10,105080001,106080000,351,336,93,253,125,283
chr10,106080001,107080000,542,1140,319,1882,270,1243
chr10,107080001,108080000,568,1610,456,2657,518,1529
chr10,108080001,109080000,578,2184,435,2353,579,478
chr10,109080001,110080000,628,1975,293,2825,528,693
chr10,110080001,111080000,693,1765,362,2646,443,891
chr10,111080001,112080000,466,916,142,798,229,504
chr10,112080001,113080000,369,666,124,372,152,396
chr10,113080001,114080000,536,1189,200,910,191,640
chr10,114080001,115080000,416,379,102,329,137,279
chr10,115080001,116080000,379,398,108,280,133,473
chr10,116080001,117080000,356,549,121,466,163,370
chr10,117080001,118080000,454,1347,302,1727,282,578
chr10,118080001,119080000,456,1044,161,714,214,380
chr10,119080001,120080000,443,939,179,637,177,492
chr10,120080001,121080000,378,600,140,425,162,432
chr10,121080001,122080000,391,561,152,486,157,381
chr10,122080001,123080000,467,624,205,612,142,819
chr10,123080001,124080000,395,345,95,282,162,582
chr10,124080001,125080000,393,527,144,421,152,705
chr10,125080001,126080000,364,679,199,1008,264,750
chr10,126080001,127080000,393,477,109,296,157,288
chr10,127080001,128080000,398,680,183,623,161,329
chr10,128080001,129080000,324,555,171,698,173,250
chr10,129080001,130080000,466,737,173,593,205,774
chr10,130080001,131080000,730,1528,332,1931,186,1580
chr10,131080001,132080000,467,989,288,1114,173,721
chr10,132080001,133080000,758,1625,449,2186,254,970
chr10,133080001,134080000,513,951,266,907,214,471
chr10,134080001,135080000,460,697,179,386,218,416
chr11,200001,1330000,394,414,104,313,157,344
chr11,1330001,2330000,378,674,197,340,213,612
chr11,2330001,3330000,333,362,92,284,153,469
chr11,3330001,4340000,278,324,95,282,118,340
chr11,4340001,5340000,542,1238,240,1227,206,1745
chr11,5340001,6340000,437,1131,244,988,269,1190
chr11,6340001,7350000,432,756,176,659,222,652
chr11,7350001,8350000,378,651,223,611,215,809
chr11,8350001,9350000,366,393,143,325,170,475
chr11,9350001,10350000,307,341,111,307,126,244
chr11,10350001,11380000,379,398,142,384,139,481
chr11,11380001,12380000,315,376,120,348,150,371
chr11,12380001,13380000,384,361,99,247,148,364
chr11,13380001,14380000,384,703,148,369,194,582
chr11,14380001,15380000,383,974,138,419,182,426
chr11,15380001,16380000,414,849,162,378,179,386
chr11,16380001,17380000,440,454,136,317,161,377
chr11,17380001,18380000,390,687,131,344,173,610
chr11,18380001,19380000,443,586,138,365,206,840
chr11,19380001,20380000,413,617,136,428,250,522
chr11,20380001,21380000,654,1480,341,1546,373,1181
chr11,21380001,22380000,626,1957,419,1360,460,810
chr11,22380001,23380000,570,1427,242,732,212,824
chr11,23380001,24380000,711,1736,250,953,286,984
chr11,24380001,25380000,540,1587,443,1386,211,1704
chr11,25380001,26380000,603,1428,427,2010,244,1010
chr11,26380001,27380000,606,859,182,721,231,667
chr11,27380001,28380000,457,725,170,403,191,609
chr11,28380001,29380000,624,1194,348,1314,337,1112
chr11,29380001,30380000,701,1595,462,1733,345,769
chr11,30380001,31380000,517,1330,351,1691,217,1043
chr11,31380001,32380000,483,980,187,674,256,573
chr11,32380001,33380000,441,615,168,428,185,619
chr11,33380001,34380000,482,527,142,347,209,332
chr11,34380001,35380000,441,357,114,256,143,456
chr11,35380001,36380000,391,529,151,526,131,377
chr11,36380001,37380000,533,1225,279,1825,256,1391
chr11,37380001,38380000,566,1755,520,2083,459,1479
chr11,38380001,39380000,589,2231,545,2100,560,1710
chr11,39380001,40380000,612,2801,529,1401,507,2280
chr11,40380001,41380000,586,2624,642,2611,524,2009
chr11,41380001,42380000,700,2420,469,2538,281,1241
chr11,42380001,43380000,618,1875,411,2293,321,1621
chr11,43380001,44380000,460,731,146,445,165,355
chr11,44380001,45380000,484,707,154,370,213,489
chr11,45380001,46380000,465,612,138,507,183,564
chr11,46380001,47380000,351,358,100,278,133,275
chr11,47380001,48380000,426,489,126,429,192,545
chr11,48380001,49650000,519,1349,316,1836,268,1183
chr11,49650001,51310000,723,2571,481,2453,720,2046
chr11,51310001,55750000,866,2807,468,2551,606,1842
chr11,55750001,56750000,684,1971,276,1603,431,1181
chr11,56750001,57750000,534,724,162,347,190,708
chr11,57750001,58750000,558,1401,147,511,273,1034
chr11,58750001,59750000,470,983,133,390,242,551
chr11,59750001,60750000,494,1085,169,428,229,576
chr11,60750001,61750000,380,505,101,285,158,382
chr11,61750001,62810000,466,504,124,362,159,418
chr11,62810001,63810000,395,454,112,297,207,653
chr11,63810001,64810000,497,538,127,329,162,435
chr11,64810001,65810000,489,392,118,299,155,333
chr11,65810001,66810000,500,398,121,325,139,351
chr11,66810001,67810000,444,401,82,272,147,339
chr11,67810001,68810000,459,435,124,343,149,491
chr11,68810001,69810000,519,705,107,358,186,670
chr11,69810001,70810000,537,760,117,428,137,825
chr11,70810001,71810000,376,443,99,290,146,621
chr11,71810001,72810000,415,467,119,314,161,518
chr11,72810001,73810000,428,362,94,280,150,457
chr11,73810001,74810000,372,353,110,261,131,466
chr11,74810001,75810000,474,491,101,281,157,483
chr11,75810001,76810000,461,488,87,280,163,530
chr11,76810001,77830000,463,402,84,281,155,527
chr11,77830001,78830000,587,532,163,616,185,660
chr11,78830001,79830000,637,925,307,1279,237,1434
chr11,79830001,80830000,554,1341,258,812,204,2178
chr11,80830001,81830000,568,1956,411,2106,270,1901
chr11,81830001,82830000,443,1049,290,1278,207,1181
chr11,82830001,83830000,448,899,261,1331,148,552
chr11,83830001,84830000,477,1291,266,2088,207,1200
chr11,84830001,85860000,413,755,125,730,239,610
chr11,85860001,86860000,364,437,115,313,156,355
chr11,86860001,87860000,434,818,194,730,330,432
chr11,87860001,88860000,480,1027,265,1441,376,514
chr11,88860001,89860000,374,1048,221,1450,235,449
chr11,89860001,90860000,592,1603,487,1992,474,1426
chr11,90860001,91860000,581,1554,436,843,422,1638
chr11,91860001,92860000,569,1133,297,1215,383,910
chr11,92860001,93860000,387,626,123,347,152,759
chr11,93860001,94890000,393,467,169,389,172,436
chr11,94890001,95890000,413,460,132,565,123,318
chr11,95890001,96890000,449,611,171,1164,232,1130
chr11,96890001,97890000,575,1698,506,2644,495,1509
chr11,97890001,98890000,597,1993,624,2706,473,1557
chr11,98890001,99890000,535,1657,519,2375,435,1670
chr11,99890001,100910000,420,892,263,1031,274,991
chr11,100910001,101910000,391,847,206,908,349,1330
chr11,101910001,102930000,360,441,117,338,184,418
chr11,102930001,103930000,483,876,322,1620,334,657
chr11,103930001,104930000,447,1259,338,1459,487,494
chr11,104930001,105930000,457,1211,254,1202,421,557
chr11,105930001,106930000,464,1441,430,1438,313,1062
chr11,106930001,107930000,448,855,211,679,194,714
chr11,107930001,108930000,315,420,135,332,142,312
chr11,108930001,109930000,526,829,304,1892,391,379
chr11,109930001,110930000,392,423,201,793,192,331
chr11,110930001,111930000,352,384,106,326,144,376
chr11,111930001,112930000,402,768,195,774,195,481
chr11,112930001,113930000,367,693,143,730,163,668
chr11,113930001,114930000,383,947,152,1443,158,858
chr11,114930001,115930000,444,956,236,1839,179,549
chr11,115930001,116930000,384,804,157,748,181,624
chr11,116930001,117930000,323,492,132,412,170,475
chr11,117930001,118930000,313,362,111,254,145,363
chr11,118930001,119930000,379,531,130,301,171,590
chr11,119930001,120930000,384,628,131,597,190,519
chr11,120930001,121930000,418,689,174,1025,185,730
chr11,121930001,122930000,465,935,292,1370,274,707
chr11,122930001,123930000,480,1320,218,990,329,827
chr11,123930001,124930000,432,983,181,770,305,796
chr11,124930001,125930000,423,707,213,622,180,333
chr11,125930001,126930000,476,1031,161,967,187,452
chr11,126930001,127930000,651,1403,342,2546,388,1213
chr11,127930001,128930000,452,753,182,495,194,430
chr11,128930001,129970000,320,448,115,251,156,757
chr11,129970001,130970000,342,521,150,516,188,635
chr11,130970001,131970000,611,1468,421,2311,374,1128
chr11,131970001,132970000,738,1636,620,2718,444,713
chr11,132970001,133970000,671,1611,392,1666,291,990
chr11,133970001,134970000,487,1273,193,888,190,661
chr12,190001,1260000,454,457,121,282,182,428
chr12,1260001,2260000,457,555,117,329,120,430
chr12,2260001,3300000,504,778,147,487,130,702
chr12,3300001,4300000,537,594,158,449,162,750
chr12,4300001,5320000,586,802,214,701,241,904
chr12,5320001,6340000,490,557,173,529,185,1038
chr12,6340001,7340000,471,372,145,247,144,422
chr12,7340001,8360000,512,835,221,521,252,1138
chr12,8360001,9360000,456,683,233,834,190,550
chr12,9360001,10360000,367,490,198,596,188,374
chr12,10360001,11360000,393,572,145,456,166,575
chr12,11360001,12360000,479,462,131,390,130,430
chr12,12360001,13360000,379,387,103,240,144,318
chr12,13360001,14360000,487,1120,120,293,250,1228
chr12,14360001,15360000,423,642,138,356,147,637
chr12,15360001,16360000,408,667,116,367,201,643
chr12,16360001,17360000,498,845,251,972,314,1325
chr12,17360001,18360000,581,1538,439,1330,477,1473
chr12,18360001,19360000,486,806,211,377,304,1425
chr12,19360001,20370000,539,820,190,874,170,673
chr12,20370001,21390000,615,1445,224,1494,190,1231
chr12,21390001,22390000,520,776,185,875,220,690
chr12,22390001,23390000,462,774,217,710,216,461
chr12,23390001,24390000,566,806,419,1971,371,388
chr12,24390001,25390000,578,629,367,1514,296,408
chr12,25390001,26390000,431,719,189,656,153,552
chr12,26390001,27390000,486,453,102,277,159,324
chr12,27390001,28390000,425,529,154,320,146,411
chr12,28390001,29390000,469,1069,186,463,261,464
chr12,29390001,30390000,573,1192,314,919,163,577
chr12,30390001,31390000,514,912,215,564,201,529
chr12,31390001,32390000,425,691,166,288,161,402
chr12,32390001,33390000,488,721,180,380,216,1066
chr12,33390001,34420000,727,1799,370,1553,435,2093
chr12,34420001,38970000,880,2588,564,1965,538,2252
chr12,38970001,39970000,595,893,260,848,220,650
chr12,39970001,40970000,529,1088,263,908,302,603
chr12,40970001,41980000,596,1238,383,1848,323,639
chr12,41980001,42980000,418,979,254,728,247,539
chr12,42980001,43980000,509,1213,423,905,249,1119
chr12,43980001,44980000,492,899,187,532,216,481
chr12,44980001,45980000,461,932,270,657,267,639
chr12,45980001,46980000,403,480,131,302,195,745
chr12,46980001,47980000,418,500,165,450,208,1207
chr12,47980001,48980000,402,426,117,300,180,707
chr12,48980001,49980000,432,412,146,271,154,408
chr12,49980001,50980000,383,379,114,269,158,347
chr12,50980001,51980000,367,414,130,216,131,438
chr12,51980001,52980000,385,447,127,289,152,523
chr12,52980001,53980000,449,393,135,261,176,522
chr12,53980001,54990000,387,588,143,278,165,552
chr12,54990001,55990000,415,797,210,522,211,1476
chr12,55990001,56990000,431,386,110,278,156,401
chr12,56990001,57990000,398,423,138,264,143,447
chr12,57990001,58990000,411,631,164,454,178,801
chr12,58990001,59990000,468,807,190,574,259,1027
chr12,59990001,60990000,460,1427,431,1023,356,1524
chr12,60990001,61990000,533,2216,540,2101,356,1886
chr12,61990001,62990000,451,1240,269,901,244,1253
chr12,62990001,63990000,465,1116,165,364,220,454
chr12,63990001,64990000,431,625,135,301,161,374
chr12,64990001,65990000,496,654,127,323,182,576
chr12,65990001,67010000,563,681,171,410,205,565
chr12,67010001,68010000,541,774,192,791,192,634
chr12,68010001,69010000,561,909,143,412,224,775
chr12,69010001,70030000,485,505,107,375,147,524
chr12,70030001,71080000,476,862,111,321,187,1241
chr12,71080001,72080000,613,890,102,324,187,1329
chr12,72080001,73080000,568,1381,239,973,216,1136
chr12,73080001,74080000,626,2155,576,2269,246,1896
chr12,74080001,75080000,449,2132,458,1028,287,1153
chr12,75080001,76100000,497,1207,227,476,193,801
chr12,76100001,77100000,406,697,144,331,171,377
chr12,77100001,78100000,463,1362,201,685,212,389
chr12,78100001,79100000,517,1889,274,1237,211,815
chr12,79100001,80100000,468,963,203,877,212,1170
chr12,80100001,81100000,447,764,239,715,190,938
chr12,81100001,82100000,493,1197,325,1417,219,1306
chr12,82100001,83100000,494,1174,307,902,299,892
chr12,83100001,84100000,462,922,257,698,251,630
chr12,84100001,85100000,555,1251,464,1899,412,1312
chr12,85100001,86100000,586,1024,282,1089,292,558
chr12,86100001,87100000,528,1237,408,1471,369,1162
chr12,87100001,88100000,470,1101,401,1367,439,2088
chr12,88100001,89100000,387,673,197,431,250,1239
chr12,89100001,90100000,412,460,110,220,180,752
chr12,90100001,91100000,487,941,197,647,167,1349
chr12,91100001,92100000,493,854,198,512,187,973
chr12,92100001,93100000,411,651,107,300,176,416
chr12,93100001,94140000,380,450,114,313,146,365
chr12,94140001,95140000,382,531,140,321,161,426
chr12,95140001,96140000,393,441,114,259,169,542
chr12,96140001,97160000,366,582,182,362,185,680
chr12,97160001,98160000,412,914,350,834,188,1761
chr12,98160001,99160000,425,897,278,673,208,1533
chr12,99160001,100160000,391,1304,348,1420,205,845
chr12,100160001,101160000,430,955,184,553,199,689
chr12,101160001,102170000,482,1041,141,471,178,939
chr12,102170001,103170000,455,750,193,551,167,847
chr12,103170001,104170000,481,1150,230,756,193,977
chr12,104170001,105170000,389,433,176,316,184,427
chr12,105170001,106170000,412,565,135,370,185,571
chr12,106170001,107170000,421,595,147,514,187,532
chr12,107170001,108170000,379,652,187,608,143,736
chr12,108170001,109170000,536,928,203,834,233,767
chr12,109170001,110170000,345,488,116,245,150,469
chr12,110170001,111170000,369,319,106,265,138,300
chr12,111170001,112170000,413,660,147,429,177,625
chr12,112170001,113170000,333,452,153,322,161,461
chr12,113170001,114180000,415,766,146,408,209,849
chr12,114180001,115180000,472,1394,214,943,221,1140
chr12,115180001,116180000,403,1258,105,514,172,973
chr12,116180001,117180000,399,562,126,350,146,554
chr12,117180001,118180000,416,709,154,611,155,1082
chr12,118180001,119180000,431,777,160,673,202,1027
chr12,119180001,120180000,579,903,283,1273,273,1124
chr12,120180001,121180000,405,481,110,291,170,401
chr12,121180001,122180000,340,404,126,253,174,331
chr12,122180001,123180000,363,326,126,226,139,353
chr12,123180001,124180000,373,387,134,263,144,306
chr12,124180001,125180000,388,425,132,274,173,482
chr12,125180001,126230000,511,875,190,581,233,977
chr12,126230001,127230000,690,1636,460,1389,420,1786
chr12,127230001,128250000,900,2218,390,1679,566,2022
chr12,128250001,129250000,899,2794,385,2267,545,2169
chr12,129250001,130250000,900,1819,417,1489,285,990
chr12,130250001,131270000,796,1324,378,1272,333,909
chr12,131270001,132290000,565,912,258,787,306,661
chr12,132290001,133290000,346,573,133,348,176,423
chr13,19200001,20500000,453,884,315,1034,375,967
chr13,20500001,21550000,472,359,130,332,196,423
chr13,21550001,22610000,416,516,200,493,208,701
chr13,22610001,23630000,511,724,359,1520,346,1392
chr13,23630001,24630000,379,466,274,747,226,636
chr13,24630001,25680000,359,446,155,416,161,556
chr13,25680001,26700000,403,707,301,750,190,595
chr13,26700001,27700000,396,580,215,579,181,658
chr13,27700001,28800000,399,658,162,369,209,546
chr13,28800001,29810000,477,981,233,935,250,1035
chr13,29810001,30950000,363,613,167,536,185,537
chr13,30950001,32030000,341,426,201,441,191,549
chr13,32030001,33030000,352,677,190,520,184,736
chr13,33030001,34110000,339,482,151,467,158,618
chr13,34110001,35170000,346,644,236,655,155,596
chr13,35170001,36230000,328,709,434,1330,159,904
chr13,36230001,37270000,350,713,517,2223,138,832
chr13,37270001,38290000,427,804,360,1599,192,604
chr13,38290001,39370000,378,699,385,1288,241,981
chr13,39370001,40370000,439,495,255,835,232,490
chr13,40370001,41700000,375,559,221,493,152,513
chr13,41700001,42860000,296,387,145,295,129,382
chr13,42860001,43970000,355,564,199,487,148,555
chr13,43970001,45010000,366,437,172,437,113,478
chr13,45010001,46020000,305,335,114,310,123,411
chr13,46020001,47080000,273,589,200,628,148,428
chr13,47080001,48120000,324,702,325,896,262,806
chr13,48120001,49430000,336,530,207,527,195,544
chr13,49430001,50490000,297,353,134,313,143,381
chr13,50490001,51760000,295,388,190,389,124,442
chr13,51760001,53330000,302,426,162,307,114,362
chr13,53330001,54380000,409,1611,338,1683,170,1668
chr13,54380001,55390000,451,1841,706,2329,290,1326
chr13,55390001,56410000,516,2002,743,2660,474,2044
chr13,56410001,57430000,502,1761,755,2722,518,2018
chr13,57430001,58530000,511,1604,726,2671,496,1556
chr13,58530001,59560000,519,1934,710,2253,565,1437
chr13,59560001,60600000,383,1083,353,805,302,836
chr13,60600001,61660000,385,780,305,1137,207,763
chr13,61660001,62710000,442,1305,681,2458,324,1336
chr13,62710001,63760000,457,2005,817,2672,258,1592
chr13,63760001,64850000,457,2230,860,2636,342,1316
chr13,64850001,65850000,523,2013,852,2706,423,1945
chr13,65850001,66880000,486,1834,831,2828,349,1168
chr13,66880001,67900000,505,1117,771,2428,233,689
chr13,67900001,68960000,520,2014,728,2685,444,1019
chr13,68960001,69960000,439,2118,803,2603,264,1363
chr13,69960001,70990000,442,1990,467,1475,227,1137
chr13,70990001,72020000,396,1454,341,941,295,1893
chr13,72020001,73040000,340,986,186,891,175,1842
chr13,73040001,74080000,367,420,149,403,150,896
chr13,74080001,75140000,317,560,197,694,138,599
chr13,75140001,76180000,419,723,301,1226,165,640
chr13,76180001,77340000,416,541,363,904,290,730
chr13,77340001,78370000,361,479,272,498,176,499
chr13,78370001,79420000,551,1111,410,1364,330,979
chr13,79420001,80480000,410,585,197,717,253,1098
chr13,80480001,81510000,422,542,269,867,431,941
chr13,81510001,82560000,374,1077,340,1394,286,1477
chr13,82560001,83600000,359,1512,710,2690,390,1838
chr13,83600001,84630000,391,1540,864,2869,370,1959
chr13,84630001,85660000,437,1367,692,2285,369,1945
chr13,85660001,86730000,387,901,472,1414,285,946
chr13,86730001,87750000,400,1172,635,2140,457,1313
chr13,87750001,88760000,496,1350,745,2705,474,1373
chr13,88760001,89790000,478,1253,653,2379,253,1131
chr13,89790001,90790000,467,1219,664,1497,292,1555
chr13,90790001,91830000,448,1632,430,1368,206,1241
chr13,91830001,92850000,583,1289,411,1819,249,1643
chr13,92850001,93870000,644,1190,477,1864,224,2131
chr13,93870001,94880000,542,959,558,2605,217,1161
chr13,94880001,95920000,482,490,304,718,174,631
chr13,95920001,97070000,374,617,238,567,158,931
chr13,97070001,98250000,412,880,243,608,228,1253
chr13,98270001,99270000,388,405,155,431,179,409
chr13,99270001,100300000,395,347,129,301,133,429
chr13,100300001,101310000,341,412,145,375,138,539
chr13,101310001,102380000,489,1024,437,1686,345,1011
chr13,102380001,103410000,522,994,385,1738,350,815
chr13,103410001,104430000,581,1322,332,1292,336,1878
chr13,104430001,105440000,566,1610,545,1437,200,1025
chr13,105440001,106490000,479,1057,337,1375,235,908
chr13,106490001,107560000,459,727,203,454,181,1139
chr13,107560001,108560000,602,1370,466,1316,402,2062
chr13,108560001,109620000,540,1295,388,969,309,1049
chr13,109620001,110650000,459,728,276,1020,207,520
chr13,110650001,111770000,440,568,203,536,190,490
chr13,111770001,112860000,531,754,240,947,235,606
chr13,112860001,114140000,468,499,205,455,192,500
chr14,20310001,21310000,512,1016,164,590,221,884
chr14,21310001,22310000,480,648,123,369,159,682
chr14,22310001,23310000,482,607,124,395,180,952
chr14,23310001,24310000,425,468,94,304,161,505
chr14,24310001,25310000,422,426,106,312,173,374
chr14,25310001,26310000,556,1386,245,1147,228,951
chr14,26310001,27330000,543,1539,392,2277,312,1573
chr14,27330001,28330000,566,1879,451,2018,519,1603
chr14,28330001,29330000,655,2077,502,2096,465,1941
chr14,29330001,30330000,620,1432,412,1986,294,907
chr14,30330001,31330000,506,899,185,1097,214,840
chr14,31330001,32370000,372,425,97,265,137,298
chr14,32370001,33400000,419,518,146,534,157,388
chr14,33400001,34400000,423,1005,210,797,215,512
chr14,34400001,35440000,387,524,100,284,133,317
chr14,35440001,36450000,371,373,86,262,151,297
chr14,36450001,37450000,439,344,147,546,200,794
chr14,37450001,38450000,467,409,186,365,241,870
chr14,38450001,39450000,442,929,189,806,175,1977
chr14,39450001,40470000,426,786,201,1019,211,1039
chr14,40470001,41470000,549,1669,481,2287,333,1821
chr14,41470001,42470000,596,2276,542,2309,419,1203
chr14,42470001,43470000,531,2147,497,2278,537,889
chr14,43470001,44470000,539,1966,292,1712,323,770
chr14,44470001,45470000,498,1357,207,1353,323,509
chr14,45470001,46470000,425,736,207,841,342,618
chr14,46470001,47470000,563,1499,278,2008,513,584
chr14,47470001,48470000,573,1968,472,2203,613,374
chr14,48470001,49470000,501,1753,446,2435,462,898
chr14,49470001,50470000,391,694,163,846,210,503
chr14,50470001,51470000,398,349,90,263,143,293
chr14,51470001,52470000,444,606,162,818,175,318
chr14,52470001,53470000,430,650,122,412,155,526
chr14,53470001,54470000,436,513,115,496,243,618
chr14,54470001,55480000,439,487,105,326,190,530
chr14,55480001,56480000,385,394,99,258,157,331
chr14,56480001,57480000,446,592,149,540,170,650
chr14,57480001,58480000,495,783,188,735,228,970
chr14,58480001,59480000,419,632,105,369,174,432
chr14,59480001,60480000,425,738,107,566,155,602
chr14,60480001,61480000,318,447,138,369,175,423
chr14,61480001,62480000,375,375,144,314,150,505
chr14,62480001,63480000,459,818,306,729,195,1806
chr14,63480001,64480000,398,553,126,461,156,531
chr14,64480001,65480000,367,315,80,266,154,312
chr14,65480001,66480000,345,503,93,224,163,468
chr14,66480001,67480000,337,592,135,365,208,474
chr14,67480001,68520000,317,305,76,220,126,298
chr14,68520001,69520000,348,295,93,214,130,326
chr14,69520001,70520000,315,432,116,299,154,599
chr14,70520001,71520000,332,546,119,338,160,809
chr14,71520001,72520000,363,549,117,323,198,920
chr14,72520001,73520000,366,959,182,829,338,1103
chr14,73520001,74520000,343,298,60,215,119,223
chr14,74520001,75520000,355,379,100,236,165,449
chr14,75520001,76520000,327,338,70,231,148,322
chr14,76520001,77520000,385,532,162,498,192,541
chr14,77520001,78520000,298,428,82,321,146,388
chr14,78520001,79520000,565,1185,246,1637,199,1335
chr14,79520001,80520000,520,877,240,2152,170,588
chr14,80520001,81540000,382,838,199,910,203,725
chr14,81540001,82540000,345,996,274,1264,182,791
chr14,82540001,83540000,484,1189,569,2495,259,2023
chr14,83540001,84540000,570,1419,635,2024,423,1400
chr14,84540001,85540000,573,1583,629,1345,291,1081
chr14,85540001,86540000,644,1259,560,1921,338,859
chr14,86580001,87610000,716,2367,491,1624,466,1570
chr14,87610001,88660000,593,2027,317,1537,308,1084
chr14,88660001,89660000,372,700,103,353,156,700
chr14,89660001,90670000,334,543,127,292,179,493
chr14,90670001,91670000,342,377,98,274,144,367
chr14,91670001,92670000,316,347,79,238,157,621
chr14,92670001,93670000,389,575,106,314,173,359
chr14,93670001,94670000,369,729,189,485,200,681
chr14,94670001,95670000,349,761,176,429,177,843
chr14,95670001,96670000,409,813,144,594,191,911
chr14,96670001,97670000,386,711,142,652,254,625
chr14,97670001,98670000,542,1127,330,1963,484,1310
chr14,98670001,99670000,469,922,209,994,261,1033
chr14,99670001,100670000,391,417,138,329,154,478
chr14,100670001,101670000,408,626,138,533,193,717
chr14,101670001,102680000,415,598,146,432,186,612
chr14,102680001,103680000,330,323,93,244,160,315
chr14,103680001,104680000,368,421,104,262,173,389
chr14,104680001,105680000,440,536,125,346,180,541
chr14,105710001,106870000,476,770,179,678,232,1105
chr15,20170001,24070000,472,1206,192,1035,206,680
chr15,24070001,25070000,623,2256,333,2217,381,1902
chr15,25070001,26080000,519,1622,369,1668,294,1034
chr15,26080001,27080000,730,2128,552,2090,321,1380
chr15,27080001,28080000,500,1653,495,2111,205,774
chr15,28080001,29510000,412,935,219,990,185,306
chr15,29510001,31080000,420,830,195,635,163,502
chr15,31080001,32100000,356,607,112,327,188,451
chr15,32100001,33580000,443,765,117,387,199,532
chr15,33580001,34580000,431,864,170,729,187,485
chr15,34580001,35580000,361,602,162,491,141,440
chr15,35580001,36580000,399,670,166,810,205,974
chr15,36580001,37580000,441,800,240,449,240,921
chr15,37580001,38580000,442,784,221,670,322,1130
chr15,38580001,39580000,308,454,140,483,152,774
chr15,39580001,40580000,321,349,100,311,153,551
chr15,40580001,41580000,324,324,81,247,143,359
chr15,41580001,42580000,351,287,85,274,135,349
chr15,42580001,43580000,366,357,91,275,146,280
chr15,43580001,44580000,308,345,91,227,114,302
chr15,44580001,45580000,348,382,96,251,168,425
chr15,45580001,46580000,357,723,126,713,160,972
chr15,46580001,47580000,439,1085,232,2102,283,696
chr15,47580001,48580000,399,917,193,1779,189,331
chr15,48580001,49580000,362,453,156,448,166,328
chr15,49580001,50580000,333,683,119,500,159,807
chr15,50580001,51580000,308,402,81,280,144,451
chr15,51580001,52580000,345,376,95,267,153,426
chr15,52580001,53580000,421,743,171,825,270,677
chr15,53580001,54580000,470,1109,210,1188,360,1065
chr15,54580001,55580000,501,1209,354,1423,344,1535
chr15,55580001,56580000,340,524,149,319,166,415
chr15,56580001,57590000,294,427,87,242,160,396
chr15,57590001,58590000,334,510,103,299,145,767
chr15,58590001,59590000,339,370,96,247,148,296
chr15,59590001,60590000,400,497,140,354,165,636
chr15,60590001,61590000,371,450,189,619,134,617
chr15,61590001,62590000,357,720,170,720,148,1166
chr15,62590001,63590000,315,454,96,217,152,431
chr15,63590001,64590000,349,362,87,218,122,357
chr15,64590001,65590000,330,357,122,256,133,334
chr15,65590001,66590000,385,453,103,314,178,463
chr15,66590001,67590000,360,383,95,249,142,419
chr15,67590001,68590000,341,326,87,273,154,419
chr15,68590001,69600000,367,543,138,373,171,518
chr15,69600001,70600000,373,480,116,363,175,536
chr15,70600001,71600000,362,439,118,325,148,599
chr15,71600001,72620000,398,357,80,297,128,578
chr15,72620001,73680000,387,501,119,336,148,422
chr15,73680001,74730000,434,566,141,356,188,525
chr15,74730001,75790000,382,396,108,288,146,417
chr15,75790001,76790000,411,451,106,323,172,459
chr15,76790001,77790000,374,437,87,305,154,334
chr15,77790001,78800000,405,591,101,317,153,449
chr15,78800001,79800000,420,575,132,402,171,547
chr15,79800001,80800000,407,626,153,436,161,444
chr15,80800001,81800000,377,476,115,388,146,406
chr15,81800001,83440000,417,634,167,839,169,524
chr15,83440001,84440000,394,626,229,1107,172,594
chr15,84440001,85850000,409,522,157,659,175,435
chr15,85850001,86850000,427,620,137,580,161,480
chr15,86850001,87850000,498,1458,319,2200,287,1504
chr15,87850001,88850000,510,1747,366,2468,308,1213
chr15,88850001,89850000,420,698,118,512,195,628
chr15,89850001,90850000,386,439,122,261,174,447
chr15,90850001,91850000,394,391,98,324,128,454
chr15,91850001,92850000,468,594,150,572,274,806
chr15,92850001,93850000,476,478,139,431,185,807
chr15,93850001,94850000,606,532,190,1298,226,1302
chr15,94850001,95850000,661,1025,278,1612,334,2006
chr15,95850001,96850000,564,1039,466,1684,194,1176
chr15,96850001,97850000,770,1413,324,1699,415,1917
chr15,97850001,98850000,679,1423,154,1526,425,1537
chr15,98850001,99850000,483,594,148,579,191,447
chr15,99850001,100850000,413,535,132,411,139,412
chr15,100850001,101850000,430,449,146,373,154,482
chr16,1,1000000,390,380,124,266,120,367
chr16,1000001,2000000,503,525,165,359,181,452
chr16,2000001,3000000,463,374,111,254,146,335
chr16,3000001,4000000,465,479,139,318,173,415
chr16,4000001,5000000,439,361,112,276,172,310
chr16,5000001,6000000,662,873,203,1149,335,911
chr16,6000001,7000000,900,1648,473,2169,399,1183
chr16,7000001,8000000,901,1499,462,2297,538,1784
chr16,8000001,9000000,627,948,186,787,291,1400
chr16,9000001,10000000,537,867,143,421,299,1496
chr16,10000001,11000000,526,598,167,322,319,1178
chr16,11000001,12000000,468,363,108,263,169,387
chr16,12000001,13000000,427,616,180,474,170,458
chr16,13000001,14000000,633,1184,312,1661,344,2011
chr16,14000001,15000000,320,299,101,211,119,299
chr16,15000001,16000000,283,298,83,208,117,266
chr16,16000001,17000000,265,355,75,259,109,430
chr16,17000001,18000000,630,1189,168,773,234,1224
chr16,18000001,19000000,438,530,93,461,173,745
chr16,19000001,20000000,429,433,109,290,143,679
chr16,20000001,21000000,488,915,188,605,155,1117
chr16,21000001,22000000,297,363,74,204,98,292
chr16,22000001,23000000,528,603,139,506,160,716
chr16,23000001,24000000,524,551,149,483,235,699
chr16,24000001,25000000,643,912,175,778,325,907
chr16,25000001,26000000,581,1362,281,1395,254,1483
chr16,26000001,27000000,830,2151,413,2101,346,2271
chr16,27000001,28000000,496,867,175,457,190,645
chr16,28000001,29000000,354,392,92,235,125,297
chr16,29000001,30000000,335,380,87,209,118,242
chr16,30000001,31000000,443,445,95,268,127,363
chr16,31000001,32000000,497,786,177,481,244,743
chr16,32000001,33510000,357,1000,211,829,236,747
chr16,33510001,34990000,859,3124,610,2358,339,1349
chr16,34990001,47310000,466,1201,210,708,224,576
chr16,47310001,48310000,393,791,174,464,194,449
chr16,48310001,49310000,486,1286,207,971,286,1063
chr16,49310001,50310000,435,876,156,773,228,722
chr16,50310001,51310000,472,818,222,870,258,987
chr16,51310001,52310000,609,1106,312,1090,291,1529
chr16,52310001,53310000,432,674,129,281,153,727
chr16,53310001,54310000,305,410,140,334,181,313
chr16,54310001,55310000,381,622,259,797,211,476
chr16,55310001,56310000,392,698,239,1002,245,557
chr16,56310001,57310000,323,346,108,261,136,352
chr16,57310001,58310000,348,432,124,277,152,402
chr16,58310001,59310000,410,810,215,853,237,712
chr16,59310001,60310000,606,1739,535,1565,507,553
chr16,60310001,61310000,597,2386,685,2545,491,1058
chr16,61310001,62310000,749,2149,749,2606,471,1414
chr16,62310001,63310000,643,2435,639,2154,387,1578
chr16,63310001,64310000,487,1303,544,1661,290,583
chr16,64310001,65310000,465,1191,517,2004,301,733
chr16,65310001,66310000,470,890,325,1469,204,1866
chr16,66310001,67310000,372,388,99,241,133,388
chr16,67310001,68310000,339,306,96,246,129,293
chr16,68310001,69310000,345,346,92,238,134,310
chr16,69310001,70310000,312,296,97,192,125,263
chr16,70310001,71310000,216,279,79,260,87,366
chr16,71310001,72310000,352,549,124,394,138,684
chr16,72310001,73310000,394,590,146,408,156,629
chr16,73310001,74310000,595,1004,238,992,174,1322
chr16,74310001,75310000,360,365,115,238,158,383
chr16,75310001,76310000,435,877,193,650,205,677
chr16,76310001,77310000,488,1547,355,1806,225,1287
chr16,77310001,78310000,471,1086,247,1357,178,1366
chr16,78310001,79310000,415,710,342,1250,198,460
chr16,79310001,80310000,436,911,206,1152,138,752
chr16,80310001,81310000,375,709,174,708,136,708
chr16,81310001,82310000,315,412,130,305,130,522
chr16,82310001,83310000,548,851,265,1782,276,916
chr16,83310001,84310000,420,624,210,915,172,727
chr16,84310001,85310000,364,383,113,272,124,420
chr16,85310001,86310000,440,543,133,344,161,498
chr16,86310001,87310000,479,1021,237,552,266,665
chr16,87310001,88310000,377,599,184,332,180,411
chr16,88310001,89310000,353,487,128,333,163,485
chr17,1,1120000,235,262,100,226,125,297
chr17,1120001,2150000,310,232,79,237,126,276
chr17,2150001,3150000,310,371,106,242,170,452
chr17,3150001,4150000,286,388,80,246,157,433
chr17,4150001,5160000,292,256,89,219,156,386
chr17,5160001,6160000,395,564,152,569,213,766
chr17,6160001,7160000,332,391,147,313,164,591
chr17,7160001,8160000,442,325,116,315,183,392
chr17,8160001,9160000,304,409,128,427,202,447
chr17,9160001,10160000,369,606,144,615,166,481
chr17,10160001,11160000,450,784,130,453,173,944
chr17,11160001,12160000,468,706,157,634,134,895
chr17,12160001,13160000,390,771,158,539,177,1763
chr17,13160001,14160000,365,689,166,557,199,823
chr17,14160001,15160000,386,710,249,850,199,958
chr17,15160001,16160000,261,254,48,186,140,231
chr17,16160001,17160000,315,283,69,213,112,335
chr17,17160001,18160000,322,242,93,215,129,354
chr17,18160001,19390000,245,221,67,177,112,279
chr17,19390001,20390000,309,291,86,281,157,366
chr17,20390001,21390000,415,522,149,345,187,401
chr17,21390001,25770000,596,1407,265,1077,367,812
chr17,25770001,26770000,414,529,120,346,169,375
chr17,26770001,27770000,397,325,115,315,140,382
chr17,27770001,28770000,374,365,116,257,175,258
chr17,28770001,29770000,366,341,138,240,135,268
chr17,29770001,30790000,367,434,123,315,147,354
chr17,30790001,31810000,492,612,126,519,184,733
chr17,31810001,32810000,510,937,250,1303,316,1013
chr17,32810001,33820000,488,666,198,574,199,628
chr17,33820001,35170000,421,503,111,359,147,470
chr17,35170001,36170000,461,458,111,273,138,388
chr17,36170001,37330000,470,383,143,320,131,356
chr17,37330001,38330000,709,399,115,350,137,370
chr17,38330001,39330000,457,357,146,457,170,528
chr17,39330001,40330000,387,386,116,423,164,521
chr17,40330001,41330000,346,338,112,262,159,319
chr17,41330001,42410000,362,423,102,293,151,394
chr17,42410001,43410000,338,435,108,270,154,376
chr17,43410001,44550000,315,394,85,301,137,431
chr17,44550001,45740000,294,309,79,242,125,379
chr17,45740001,46740000,456,554,123,276,167,515
chr17,46740001,47740000,490,588,115,315,188,558
chr17,47740001,48740000,493,361,111,295,136,561
chr17,48740001,49740000,453,597,141,475,163,535
chr17,49740001,50740000,640,1530,251,1664,250,1665
chr17,50740001,51750000,712,2287,400,2118,408,1369
chr17,51750001,52750000,651,1781,498,1957,347,1872
chr17,52750001,53750000,470,718,182,586,184,731
chr17,53750001,54750000,538,995,218,638,189,1474
chr17,54750001,55750000,466,432,105,283,140,426
chr17,55750001,56750000,454,410,114,325,137,442
chr17,56750001,57750000,472,483,146,271,149,406
chr17,57750001,58750000,425,384,131,281,131,315
chr17,58750001,59750000,491,505,139,353,128,491
chr17,59750001,60750000,470,484,91,255,161,429
chr17,60750001,61750000,499,393,145,270,167,421
chr17,61750001,62750000,446,395,102,269,161,342
chr17,62750001,63750000,471,464,113,309,169,405
chr17,63750001,64750000,552,520,107,326,149,423
chr17,64750001,65760000,500,494,175,351,164,429
chr17,65760001,66760000,487,449,157,378,178,381
chr17,66760001,67760000,514,535,149,460,212,497
chr17,67760001,68760000,643,716,139,910,205,611
chr17,68760001,69760000,576,934,208,451,214,956
chr17,69760001,70760000,463,533,100,340,174,424
chr17,70760001,71760000,442,474,136,337,154,468
chr17,71760001,72760000,591,730,164,373,211,802
chr17,72760001,73760000,448,371,96,273,139,375
chr17,73760001,74760000,439,360,107,300,146,368
chr17,74760001,75760000,517,576,166,350,177,482
chr17,75760001,76760000,479,389,115,323,171,475
chr17,76760001,77760000,447,611,129,350,175,592
chr17,77760001,78770000,466,442,124,282,176,363
chr17,78770001,79770000,440,332,111,289,161,366
chr17,79770001,80770000,492,357,127,274,160,367
chr18,130001,1160000,465,828,172,656,183,808
chr18,1160001,2160000,562,1376,307,1535,314,1993
chr18,2160001,3210000,457,611,104,363,220,889
chr18,3210001,4210000,430,589,111,373,156,418
chr18,4210001,5210000,624,1481,256,1948,393,1034
chr18,5210001,6210000,649,1129,230,1945,406,680
chr18,6210001,7240000,643,715,229,1993,188,705
chr18,7240001,8240000,670,795,262,1450,155,312
chr18,8240001,9240000,470,594,157,495,145,434
chr18,9240001,10240000,413,383,111,325,158,419
chr18,10240001,11240000,470,829,210,813,315,500
chr18,11240001,12340000,580,738,184,774,267,480
chr18,12340001,13340000,382,522,102,351,121,346
chr18,13340001,14460000,381,950,112,560,210,638
chr18,14460001,18880000,301,954,98,771,143,395
chr18,18880001,19910000,435,634,119,381,156,521
chr18,19910001,20960000,408,388,97,265,163,682
chr18,20960001,21960000,369,316,77,318,147,429
chr18,21960001,22960000,469,1087,171,1277,187,681
chr18,22960001,23960000,468,1242,215,1160,204,699
chr18,23960001,24960000,422,647,245,969,143,432
chr18,24960001,25960000,556,1151,455,1908,286,778
chr18,25960001,26960000,677,1689,505,2088,558,1388
chr18,26960001,27980000,642,2064,418,2104,514,1424
chr18,27980001,29000000,495,1075,148,819,294,1264
chr18,29000001,30000000,407,538,90,255,140,541
chr18,30000001,31020000,519,1120,173,694,215,767
chr18,31020001,32020000,510,1274,173,1315,201,1515
chr18,32020001,33070000,414,729,99,457,161,441
chr18,33070001,34110000,380,511,105,380,175,431
chr18,34110001,35110000,398,687,140,661,177,501
chr18,35110001,36110000,619,1270,420,2024,393,2216
chr18,36110001,37110000,454,1209,345,1345,248,2218
chr18,37110001,38110000,486,1140,325,1402,236,2341
chr18,38110001,39120000,574,1253,342,1943,328,2428
chr18,39120001,40120000,465,1324,202,1032,186,1277
chr18,40120001,41120000,526,1789,318,1314,172,1505
chr18,41120001,42130000,478,1223,303,1790,207,1397
chr18,42130001,43150000,411,843,145,1179,172,891
chr18,43150001,44160000,428,564,129,351,120,601
chr18,44160001,45200000,469,744,143,605,166,1129
chr18,45200001,46260000,385,478,86,233,126,748
chr18,46260001,47350000,363,394,84,184,146,373
chr18,47350001,48350000,404,562,82,264,128,1248
chr18,48350001,49350000,454,933,140,615,222,780
chr18,49350001,50370000,675,1712,249,1153,322,1912
chr18,50370001,51370000,585,1373,249,1738,343,2157
chr18,51370001,52370000,320,465,97,453,132,1105
chr18,52370001,53380000,484,607,170,533,180,1552
chr18,53390001,54390000,535,873,268,764,273,1410
chr18,54400001,55400000,479,757,91,237,170,1077
chr18,55400001,56400000,375,427,78,227,175,454
chr18,56400001,57400000,460,624,148,451,170,851
chr18,57400001,58400000,476,916,200,1003,371,915
chr18,58400001,59400000,507,1157,237,884,316,1871
chr18,59400001,60400000,363,590,97,218,135,663
chr18,60400001,61440000,388,486,102,290,173,675
chr18,61440001,62450000,531,1302,248,1375,326,1616
chr18,62450001,63450000,608,1884,340,1893,345,1820
chr18,63450001,64450000,594,1480,200,1274,306,1122
chr18,64450001,65450000,614,1398,360,1470,252,1354
chr18,65450001,66450000,669,1682,376,1802,233,1628
chr18,66450001,67450000,509,1507,303,1406,273,1509
chr18,67450001,68490000,444,1014,114,431,187,730
chr18,68490001,69490000,632,2310,341,1864,475,1472
chr18,69490001,70490000,611,2260,396,1974,233,1479
chr18,70490001,71490000,580,1350,348,1161,199,1592
chr18,71490001,72490000,393,586,122,398,161,507
chr18,72490001,73490000,446,895,172,714,219,589
chr18,73490001,74490000,492,874,217,990,320,712
chr18,74490001,75520000,594,1056,167,956,236,1025
chr18,75520001,76540000,807,1051,368,1512,284,1264
chr18,76540001,77740000,471,693,193,539,196,642
chr19,1,1000000,307,289,104,248,119,332
chr19,1000001,2000000,465,368,147,304,184,414
chr19,2000001,3000000,429,397,124,323,145,422
chr19,3000001,4000000,507,430,143,336,183,508
chr19,4000001,5000000,483,445,119,281,187,445
chr19,5000001,6000000,529,471,177,380,176,471
chr19,6000001,7000000,474,505,166,397,207,637
chr19,7000001,8010000,364,376,129,275,119,442
chr19,8010001,9080000,443,454,155,439,181,691
chr19,9080001,10080000,515,592,205,620,212,881
chr19,10080001,11080000,495,391,136,346,173,400
chr19,11080001,12080000,523,378,118,350,141,386
chr19,12080001,13080000,492,413,137,410,169,354
chr19,13080001,14080000,511,524,153,426,195,695
chr19,14080001,15080000,514,504,142,385,203,483
chr19,15080001,16080000,510,517,163,429,193,776
chr19,16080001,17080000,491,400,142,299,155,551
chr19,17080001,18080000,507,542,136,289,185,505
chr19,18080001,19080000,491,346,105,295,153,366
chr19,19080001,20080000,497,458,175,361,161,439
chr19,20080001,21080000,428,905,314,1117,174,1205
chr19,21080001,22080000,479,968,313,1024,146,833
chr19,22080001,23080000,701,2379,569,2263,527,1837
chr19,23080001,24080000,513,1424,297,1432,311,1251
chr19,24080001,28600000,708,1898,347,2311,407,1339
chr19,28600001,29600000,945,2405,298,2636,495,871
chr19,29600001,30600000,652,1557,258,1365,307,761
chr19,30600001,31600000,854,2002,400,2352,273,1436
chr19,31600001,32600000,851,1804,455,2568,211,1754
chr19,32600001,33600000,488,811,176,564,150,659
chr19,33600001,34600000,505,769,199,614,160,598
chr19,34600001,35620000,468,539,149,471,145,600
chr19,35620001,36630000,526,612,160,375,149,483
chr19,36630001,37630000,444,665,255,967,164,379
chr19,37630001,38680000,480,584,184,768,193,535
chr19,38680001,39680000,436,495,144,387,170,442
chr19,39680001,40680000,464,596,137,394,205,636
chr19,40680001,41680000,450,482,138,378,176,452
chr19,41680001,42680000,437,470,148,360,167,676
chr19,42680001,43680000,505,602,187,648,237,1004
chr19,43680001,44680000,493,539,146,385,149,720
chr19,44680001,45720000,473,461,135,409,174,614
chr19,45720001,46720000,434,417,147,377,163,481
chr19,46720001,47720000,413,403,120,302,146,363
chr19,47720001,48790000,417,486,146,367,175,460
chr19,48790001,49790000,469,408,138,319,153,422
chr19,49790001,50850000,483,454,114,349,151,528
chr19,50850001,51850000,559,703,161,525,223,893
chr19,51850001,52850000,513,816,233,780,205,733
chr19,52850001,53850000,543,858,252,921,161,689
chr19,53850001,54850000,570,1028,261,783,204,893
chr19,54850001,55850000,490,902,191,501,195,827
chr19,55850001,56850000,539,722,199,477,206,898
chr19,56850001,57850000,537,1127,355,1542,257,991
chr19,57850001,58850000,463,583,250,759,187,520
chr2,1,1000000,607,1520,243,1242,202,1503
chr2,1000001,2000000,630,1327,345,2299,212,1367
chr2,2000001,3020000,766,1953,444,2327,280,1625
chr2,3020001,4030000,537,988,224,590,171,634
chr2,4030001,5030000,699,2161,619,2404,200,1499
chr2,5030001,6030000,444,2169,571,2379,185,1243
chr2,6030001,7030000,585,2191,374,1255,205,1709
chr2,7030001,8030000,453,1146,253,1214,172,545
chr2,8030001,9030000,427,870,115,406,183,619
chr2,9030001,10030000,353,455,106,272,155,377
chr2,10030001,11030000,468,475,105,272,156,458
chr2,11030001,12030000,453,556,150,404,168,462
chr2,12030001,13030000,474,934,282,630,174,438
chr2,13030001,14060000,564,1624,417,1139,211,1727
chr2,14060001,15060000,502,1379,189,1342,174,1708
chr2,15060001,16060000,435,926,138,608,165,844
chr2,16060001,17060000,506,988,195,809,174,1305
chr2,17060001,18060000,478,920,234,1113,183,1355
chr2,18060001,19060000,476,582,277,808,150,1149
chr2,19060001,20060000,411,541,168,491,154,1267
chr2,20060001,21060000,427,409,115,310,148,426
chr2,21060001,22060000,589,1280,350,1901,236,1104
chr2,22060001,23060000,764,1815,439,2322,313,1333
chr2,23060001,24060000,653,924,142,789,201,573
chr2,24060001,25060000,402,402,112,280,151,317
chr2,25060001,26060000,470,398,126,344,158,312
chr2,26060001,27060000,422,546,123,300,160,466
chr2,27060001,28060000,452,561,113,309,147,440
chr2,28060001,29060000,438,430,95,274,128,398
chr2,29060001,30060000,539,746,232,750,186,543
chr2,30060001,31060000,476,660,164,518,167,684
chr2,31060001,32060000,475,766,200,835,205,1305
chr2,32060001,33060000,418,521,112,303,158,330
chr2,33060001,34070000,462,982,211,758,161,594
chr2,34070001,35070000,691,1751,422,2542,323,535
chr2,35070001,36070000,611,1650,429,2421,368,1075
chr2,36070001,37070000,479,907,181,875,218,599
chr2,37070001,38070000,409,449,112,411,148,293
chr2,38070001,39070000,422,368,112,298,156,350
chr2,39070001,40070000,393,487,124,329,138,406
chr2,40070001,41070000,580,1498,325,1352,251,884
chr2,41070001,42070000,545,1348,323,1427,214,684
chr2,42070001,43070000,473,452,105,288,144,415
chr2,43070001,44070000,483,426,95,249,175,388
chr2,44070001,45070000,442,666,116,310,166,379
chr2,45070001,46070000,457,612,162,349,159,549
chr2,46070001,47070000,454,379,107,270,142,377
chr2,47070001,48070000,464,506,126,307,122,530
chr2,48070001,49070000,554,1077,185,763,201,810
chr2,49070001,50080000,630,2299,393,2621,273,1225
chr2,50080001,51080000,552,1780,548,2158,262,1344
chr2,51080001,52080000,601,1801,599,2831,353,1980
chr2,52080001,53080000,587,1884,513,2352,515,849
chr2,53080001,54080000,514,1217,248,1028,282,597
chr2,54080001,55080000,436,469,110,407,126,348
chr2,55080001,56080000,437,481,136,322,176,440
chr2,56080001,57080000,585,1219,378,1816,462,1168
chr2,57080001,58080000,569,1926,405,1829,523,879
chr2,58080001,59080000,500,1192,284,1008,299,786
chr2,59080001,60080000,580,1492,283,1535,246,1334
chr2,60080001,61080000,517,854,161,610,209,726
chr2,61080001,62080000,474,522,113,310,163,319
chr2,62080001,63120000,511,528,133,303,136,299
chr2,63120001,64120000,407,577,176,434,159,356
chr2,64120001,65120000,418,457,109,264,137,352
chr2,65120001,66120000,479,472,139,384,142,606
chr2,66120001,67120000,512,775,302,760,201,801
chr2,67120001,68120000,557,771,226,672,202,852
chr2,68120001,69120000,485,627,154,507,187,493
chr2,69120001,70120000,437,415,107,324,137,382
chr2,70120001,71130000,439,558,132,375,178,598
chr2,71130001,72130000,441,775,169,538,148,668
chr2,72130001,73130000,431,691,153,492,182,495
chr2,73130001,74130000,399,519,122,345,154,437
chr2,74130001,75130000,420,537,100,316,130,430
chr2,75130001,76130000,444,798,217,872,214,936
chr2,76130001,77130000,660,2093,444,1942,313,1569
chr2,77130001,78130000,660,2553,466,1779,341,819
chr2,78130001,79130000,799,3380,448,2372,508,697
chr2,79130001,80130000,860,3319,327,2462,328,870
chr2,80130001,81130000,928,2843,332,2870,561,1117
chr2,81130001,82130000,854,2991,572,2507,342,2323
chr2,82130001,83130000,751,3237,419,2094,235,2290
chr2,83130001,84130000,705,2486,361,2387,314,1623
chr2,84130001,85130000,572,1248,154,775,269,1259
chr2,85130001,86130000,421,391,127,319,136,369
chr2,86130001,87150000,390,453,105,270,137,442
chr2,87150001,89010000,429,763,139,529,226,575
chr2,89010001,95640000,554,1513,202,1040,314,985
chr2,95640001,96640000,312,493,124,274,133,330
chr2,96640001,97640000,398,467,86,272,155,424
chr2,97640001,99170000,426,629,139,351,174,551
chr2,99170001,100170000,394,479,137,364,146,502
chr2,100170001,101170000,553,813,288,800,136,561
chr2,101170001,102170000,470,524,113,267,152,521
chr2,102170001,103170000,431,533,130,321,147,890
chr2,103170001,104170000,649,1464,280,1244,302,1856
chr2,104170001,105170000,683,2142,412,1543,428,1616
chr2,105170001,106170000,515,1193,210,774,233,697
chr2,106170001,107170000,407,725,130,369,153,574
chr2,107170001,108170000,795,1378,269,2156,301,1745
chr2,108170001,109170000,494,862,192,797,203,1153
chr2,109170001,110180000,382,469,101,297,115,382
chr2,110180001,111180000,172,163,54,117,56,202
chr2,111180001,112180000,323,367,104,305,112,548
chr2,112180001,113180000,381,361,102,262,125,385
chr2,113180001,114490000,439,506,104,296,159,880
chr2,114490001,115490000,589,1366,169,946,352,1646
chr2,115490001,116490000,784,1774,449,2696,619,1684
chr2,116490001,117490000,899,3008,559,2579,614,1333
chr2,117490001,118490000,758,2399,225,802,460,1025
chr2,118490001,119490000,523,1150,178,868,327,1386
chr2,119490001,120490000,450,929,163,576,229,1091
chr2,120490001,121490000,330,556,151,334,158,534
chr2,121490001,122490000,428,527,131,312,154,575
chr2,122490001,123490000,493,1323,254,1594,214,548
chr2,123490001,124490000,645,2354,545,2741,320,775
chr2,124490001,125490000,721,2353,456,2640,435,1329
chr2,125490001,126490000,638,2789,285,2317,488,1584
chr2,126490001,127490000,515,2250,276,2559,469,790
chr2,127490001,128490000,478,904,110,478,228,665
chr2,128490001,129490000,438,666,168,510,152,623
chr2,129490001,130490000,447,1563,346,1802,203,1821
chr2,130490001,131490000,288,722,120,499,101,521
chr2,131490001,132490000,468,947,169,588,176,716
chr2,132490001,133760000,322,730,185,611,168,652
chr2,133760001,134760000,416,933,250,724,165,640
chr2,134760001,135760000,397,808,172,339,197,568
chr2,135760001,136760000,388,645,129,356,157,441
chr2,136760001,137760000,479,1668,337,1461,329,1696
chr2,137760001,138760000,526,1458,278,1879,341,2028
chr2,138760001,139760000,430,1096,218,794,181,873
chr2,139760001,140760000,557,2903,415,3000,417,2326
chr2,140760001,141760000,595,2229,483,2662,541,1543
chr2,141760001,142760000,515,1600,526,2480,274,1178
chr2,142760001,143760000,459,1567,392,1339,422,788
chr2,143760001,144760000,442,1388,415,1473,278,677
chr2,144760001,145760000,553,1246,325,1363,229,373
chr2,145760001,146760000,576,1325,518,1785,350,464
chr2,146760001,147760000,584,1175,469,1408,435,1072
chr2,147760001,148760000,482,884,175,404,183,1304
chr2,148760001,149780000,355,581,143,417,156,421
chr2,149780001,150780000,389,641,151,427,138,565
chr2,150780001,151780000,441,864,195,650,180,494
chr2,151780001,152780000,412,598,209,507,153,486
chr2,152780001,153780000,399,595,162,457,165,577
chr2,153780001,154780000,526,1634,369,2175,378,1939
chr2,154780001,155780000,538,2150,371,1267,345,1925
chr2,155780001,156780000,464,1661,320,1023,329,777
chr2,156780001,157780000,407,764,141,435,176,644
chr2,157780001,158780000,416,712,132,344,212,710
chr2,158780001,159780000,384,420,125,232,186,503
chr2,159780001,160780000,388,389,91,293,170,324
chr2,160780001,161780000,394,426,166,405,176,584
chr2,161780001,162800000,476,885,175,750,210,973
chr2,162800001,163800000,528,1305,203,664,263,1135
chr2,163800001,164800000,473,1311,406,1904,239,769
chr2,164800001,165800000,449,962,275,992,218,728
chr2,165800001,166800000,463,673,201,500,161,605
chr2,166800001,167800000,549,1185,319,1258,334,1144
chr2,167800001,168800000,517,1366,226,860,231,915
chr2,168800001,169800000,406,518,94,262,174,480
chr2,169800001,170800000,410,540,125,335,157,470
chr2,170800001,171800000,437,537,122,342,152,586
chr2,171800001,172800000,385,453,105,296,141,381
chr2,172800001,173800000,404,537,118,275,128,430
chr2,173800001,174800000,382,504,120,310,133,645
chr2,174800001,175800000,385,555,154,530,156,374
chr2,175800001,176800000,489,1040,180,1047,180,627
chr2,176800001,177800000,505,798,170,861,156,540
chr2,177800001,178800000,414,666,123,386,155,552
chr2,178800001,179800000,452,831,205,818,142,816
chr2,179800001,180800000,458,960,223,776,147,905
chr2,180800001,181800000,540,1144,239,595,240,1197
chr2,181800001,182800000,491,981,213,618,184,847
chr2,182800001,183800000,498,755,194,627,193,971
chr2,183800001,184800000,448,1383,211,1430,296,888
chr2,184800001,185800000,609,2486,356,1993,520,1614
chr2,185800001,186800000,527,1687,302,1195,328,1399
chr2,186800001,187800000,429,741,206,533,210,636
chr2,187800001,188800000,500,1095,302,700,306,1563
chr2,188800001,189800000,514,953,298,776,190,853
chr2,189800001,190800000,454,622,149,381,151,693
chr2,190800001,191800000,408,413,142,271,148,402
chr2,191800001,192800000,435,474,125,396,160,483
chr2,192800001,193800000,648,1128,330,1015,212,1703
chr2,193800001,194800000,652,1958,357,1234,242,2096
chr2,194800001,195800000,610,1959,337,1530,275,2061
chr2,195800001,196800000,523,1283,169,837,184,1635
chr2,196800001,197800000,420,680,149,555,195,722
chr2,197800001,198800000,406,580,126,470,168,362
chr2,198800001,199800000,683,1635,140,1945,391,1036
chr2,199800001,200800000,591,1392,118,1336,317,788
chr2,200800001,201800000,391,479,93,298,159,446
chr2,201800001,202800000,376,465,104,305,172,335
chr2,202800001,203800000,414,457,121,310,152,409
chr2,203800001,204800000,396,461,119,297,150,352
chr2,204800001,205800000,449,706,125,516,190,564
chr2,205800001,206800000,459,609,136,531,155,524
chr2,206800001,207800000,544,731,197,740,215,636
chr2,207800001,208800000,415,496,169,590,143,475
chr2,208800001,209800000,512,864,176,741,222,879
chr2,209800001,210800000,491,1016,323,1303,232,766
chr2,210800001,211800000,466,996,212,895,288,846
chr2,211800001,212800000,483,1340,399,2028,294,1368
chr2,212800001,213800000,436,805,382,1673,259,1621
chr2,213800001,214800000,451,1001,318,1075,274,1508
chr2,214800001,215800000,430,1080,371,1776,203,866
chr2,215800001,216800000,387,691,215,787,196,588
chr2,216800001,217800000,399,546,161,624,176,494
chr2,217800001,218800000,390,563,288,1395,162,571
chr2,218800001,219800000,391,373,97,319,137,465
chr2,219800001,220800000,424,581,176,481,195,751
chr2,220800001,221800000,475,844,314,1703,181,1409
chr2,221800001,222800000,449,863,245,1278,189,880
chr2,222800001,223800000,420,566,154,473,169,427
chr2,223800001,224800000,406,635,173,580,176,428
chr2,224800001,225800000,427,674,134,603,180,405
chr2,225800001,226800000,416,970,251,1462,227,742
chr2,226800001,227800000,430,770,195,520,187,463
chr2,227800001,228800000,428,601,108,383,186,599
chr2,228800001,229800000,587,1274,247,1762,407,1914
chr2,229800001,230810000,502,778,213,1091,205,1272
chr2,230810001,231810000,390,588,141,361,137,814
chr2,231810001,232810000,406,442,121,264,165,407
chr2,232810001,233810000,350,431,120,256,176,364
chr2,233810001,234810000,420,487,95,259,170,626
chr2,234810001,235810000,421,538,136,390,189,545
chr2,235810001,236810000,390,525,119,321,184,423
chr2,236810001,237810000,385,599,228,694,187,676
chr2,237810001,238810000,406,434,178,375,145,414
chr2,238810001,239810000,396,568,133,423,150,553
chr2,239810001,240810000,464,800,204,548,183,512
chr2,240810001,241810000,441,734,171,480,169,675
chr2,241810001,242810000,382,478,117,291,159,426
chr20,1,1000000,416,610,135,410,138,547
chr20,1000001,2000000,481,724,125,518,182,659
chr20,2000001,3000000,451,621,121,425,161,571
chr20,3000001,4000000,380,401,123,361,137,319
chr20,4000001,5000000,538,615,197,550,206,796
chr20,5000001,6000000,493,637,133,481,170,739
chr20,6000001,7000000,728,880,203,675,332,1730
chr20,7000001,8000000,721,1397,386,1503,397,1499
chr20,8000001,9000000,572,1119,236,560,137,1215
chr20,9000001,10000000,570,1009,187,476,196,1728
chr20,10000001,11000000,500,632,148,422,202,783
chr20,11000001,12000000,573,943,184,524,263,857
chr20,12000001,13000000,631,1390,273,1180,279,1119
chr20,13000001,14000000,498,658,176,588,172,531
chr20,14000001,15000000,531,640,322,643,203,797
chr20,15000001,16000000,617,794,368,849,250,727
chr20,16000001,17000000,525,853,228,853,201,587
chr20,17000001,18000000,493,746,164,558,188,383
chr20,18000001,19000000,422,678,151,382,180,758
chr20,19000001,20000000,423,703,165,498,167,1015
chr20,20000001,21000000,517,773,171,527,179,689
chr20,21000001,22000000,620,1218,265,951,205,1061
chr20,22000001,23000000,764,953,244,539,244,1537
chr20,23000001,24000000,638,947,285,827,195,704
chr20,24000001,25000000,703,1045,301,1006,243,1453
chr20,25000001,30050000,531,702,203,480,216,660
chr20,30050001,31050000,510,582,184,385,172,424
chr20,31050001,32050000,515,598,198,456,178,632
chr20,32050001,33050000,462,433,150,325,149,427
chr20,33050001,34050000,494,396,135,333,197,357
chr20,34050001,35050000,486,456,126,356,152,481
chr20,35050001,36050000,509,408,145,364,137,394
chr20,36050001,37050000,486,530,188,379,154,531
chr20,37050001,38050000,565,885,275,949,190,749
chr20,38050001,39050000,536,972,409,2494,252,1198
chr20,39050001,40050000,442,532,185,628,179,817
chr20,40050001,41050000,558,913,314,1681,218,1876
chr20,41050001,42050000,595,1089,437,2185,242,2517
chr20,42050001,43050000,542,793,159,492,173,983
chr20,43050001,44050000,505,546,163,396,150,541
chr20,44050001,45050000,513,544,166,478,168,700
chr20,45050001,46050000,544,567,191,467,154,818
chr20,46050001,47070000,544,742,207,526,242,807
chr20,47070001,48080000,565,661,210,499,169,454
chr20,48080001,49080000,596,434,144,322,149,427
chr20,49080001,50080000,598,577,160,420,149,599
chr20,50080001,51080000,629,656,172,547,169,686
chr20,51080001,52080000,726,891,313,927,190,1992
chr20,52080001,53080000,620,579,159,420,206,694
chr20,53080001,54080000,875,1259,391,1693,371,1868
chr20,54080001,55080000,905,1227,314,1872,343,1402
chr20,55080001,56080000,637,792,277,857,195,680
chr20,56080001,57080000,650,742,165,609,142,771
chr20,57080001,58080000,682,858,227,729,224,882
chr20,58080001,59080000,741,952,358,1467,225,851
chr20,59080001,60080000,971,1365,530,2422,455,1432
chr20,60080001,61080000,745,766,285,824,252,801
chr20,61080001,62080000,545,863,201,459,209,613
chr21,1,1000000,0,0,0,0,0,0
chr21,1000001,2000000,0,0,0,0,0,0
chr21,2000001,3000000,0,0,0,0,0,0
chr21,3000001,4000000,0,0,0,0,0,0
chr21,4000001,5000000,0,0,0,0,0,0
chr21,5000001,6000000,0,0,0,0,0,0
chr21,6000001,7000000,0,0,0,0,0,0
chr21,7000001,8000000,0,0,0,0,0,0
chr21,8000001,9000000,0,0,0,0,0,0
chr21,9000001,14400000,226,837,144,573,191,522
chr21,14400001,15400000,140,401,86,435,135,309
chr21,15400001,16400000,461,842,185,908,273,901
chr21,16400001,17400000,497,667,148,339,173,864
chr21,17400001,18400000,555,614,346,1352,201,1326
chr21,18400001,19400000,466,553,204,544,179,1015
chr21,19400001,20400000,623,1556,463,1359,467,944
chr21,20400001,21400000,674,2247,566,1870,446,1325
chr21,21400001,22400000,644,2107,591,2122,414,1703
chr21,22400001,23400000,585,2160,582,2317,316,983
chr21,23400001,24400000,680,2237,587,2226,373,1909
chr21,24400001,25400000,724,2181,673,2225,539,2154
chr21,25400001,26400000,665,2127,565,2075,349,2110
chr21,26400001,27400000,568,1026,261,1140,251,1136
chr21,27400001,28400000,507,838,268,1141,296,973
chr21,28400001,29400000,528,871,352,1688,263,558
chr21,29400001,30400000,446,596,268,830,171,696
chr21,30400001,31400000,438,710,180,679,173,498
chr21,31400001,32400000,554,1232,488,1653,256,578
chr21,32400001,33400000,457,537,218,596,168,427
chr21,33400001,34400000,393,420,137,412,155,528
chr21,34400001,35400000,398,390,138,279,142,391
chr21,35400001,36400000,419,377,134,250,170,554
chr21,36400001,37400000,447,427,130,257,183,665
chr21,37400001,38400000,402,402,106,246,140,406
chr21,38400001,39400000,480,406,126,391,166,785
chr21,39400001,40400000,473,361,146,458,192,1056
chr21,40400001,41400000,431,482,125,348,167,888
chr21,41400001,42400000,542,771,267,808,181,1641
chr21,42400001,43400000,387,345,90,244,178,421
chr21,43400001,44400000,422,342,103,277,169,557
chr21,44400001,45400000,406,282,137,256,158,405
chr21,45400001,46400000,461,528,133,288,160,699
chr21,46400001,47400000,499,500,238,445,187,497
chr22,16970001,18060000,357,635,185,626,162,598
chr22,18060001,19320000,383,414,103,228,131,371
chr22,19320001,20730000,386,434,89,264,183,424
chr22,20730001,22190000,378,451,102,245,140,337
chr22,22190001,23190000,431,660,144,379,176,518
chr22,23190001,24200000,407,511,132,232,139,559
chr22,24200001,25200000,357,319,103,222,137,351
chr22,25200001,26200000,359,426,114,290,143,502
chr22,26200001,27200000,517,736,169,628,200,1037
chr22,27200001,28200000,472,769,196,600,188,1144
chr22,28200001,29200000,377,350,146,342,142,320
chr22,29200001,30200000,405,349,100,253,111,367
chr22,30200001,31200000,392,371,90,211,150,510
chr22,31200001,32200000,361,388,118,243,119,397
chr22,32200001,33200000,390,570,106,331,154,463
chr22,33200001,34210000,439,681,171,542,176,547
chr22,34210001,35210000,508,1075,241,1045,236,1494
chr22,35210001,36210000,386,626,127,533,137,848
chr22,36210001,37220000,348,438,117,222,124,565
chr22,37220001,38220000,464,488,110,313,163,656
chr22,38220001,39220000,455,347,88,250,159,390
chr22,39220001,40220000,394,515,143,313,171,565
chr22,40220001,41220000,363,404,107,246,128,409
chr22,41220001,42220000,371,355,114,224,171,386
chr22,42220001,43220000,390,365,99,228,137,393
chr22,43220001,44220000,414,430,147,358,140,601
chr22,44220001,45220000,429,612,187,349,170,528
chr22,45220001,46220000,455,474,149,309,133,556
chr22,46220001,47220000,394,334,90,232,183,415
chr22,47220001,48220000,464,724,216,666,232,859
chr22,48220001,49220000,639,1417,334,1231,300,1050
chr22,49220001,50220000,675,1125,281,811,314,802
chr3,1,1060000,632,1049,462,2092,317,1110
chr3,1060001,2060000,641,1471,536,2798,492,951
chr3,2060001,3060000,620,1198,512,2441,307,1277
chr3,3060001,4070000,433,796,302,1161,195,1274
chr3,4070001,5090000,395,376,152,454,183,477
chr3,5090001,6090000,463,933,246,635,247,1307
chr3,6090001,7090000,587,1329,252,1485,272,1131
chr3,7090001,8090000,601,992,349,1174,196,1435
chr3,8090001,9120000,434,480,206,516,145,495
chr3,9120001,10120000,371,302,123,295,173,463
chr3,10120001,11120000,403,524,163,520,176,767
chr3,11120001,12120000,413,348,133,302,157,570
chr3,12120001,13120000,427,403,136,291,171,485
chr3,13120001,14120000,438,466,175,434,187,633
chr3,14120001,15140000,396,366,114,285,148,481
chr3,15140001,16170000,357,291,129,357,156,327
chr3,16170001,17200000,464,583,209,631,260,665
chr3,17200001,18200000,421,518,200,503,203,681
chr3,18200001,19200000,593,804,235,721,233,1158
chr3,19200001,20200000,556,782,204,717,218,838
chr3,20200001,21200000,489,972,485,1560,249,1619
chr3,21200001,22200000,576,1185,591,2191,345,2008
chr3,22200001,23200000,495,975,503,2231,329,1190
chr3,23200001,24200000,357,379,198,594,156,462
chr3,24200001,25200000,395,412,191,491,164,839
chr3,25200001,26220000,425,568,295,962,188,909
chr3,26220001,27250000,494,878,402,2095,336,1730
chr3,27250001,28250000,463,544,174,574,238,655
chr3,28250001,29250000,490,487,277,1577,184,622
chr3,29250001,30250000,486,348,254,1044,185,612
chr3,30250001,31250000,435,390,114,378,176,652
chr3,31250001,32250000,336,286,121,279,141,459
chr3,32250001,33250000,332,288,121,288,168,397
chr3,33250001,34250000,361,428,139,389,206,916
chr3,34250001,35250000,473,1021,253,1631,275,1800
chr3,35250001,36250000,536,887,399,1701,381,1375
chr3,36250001,37250000,476,485,227,1104,270,1316
chr3,37250001,38250000,357,254,101,303,175,340
chr3,38250001,39250000,418,457,169,471,216,934
chr3,39250001,40280000,417,523,110,491,182,777
chr3,40280001,41280000,378,419,126,375,159,481
chr3,41280001,42280000,342,335,145,318,175,360
chr3,42280001,43280000,353,386,120,294,155,542
chr3,43280001,44300000,379,490,150,394,222,427
chr3,44300001,45300000,359,348,117,331,171,448
chr3,45300001,46300000,287,283,119,294,165,455
chr3,46300001,47300000,346,312,140,311,172,503
chr3,47300001,48300000,279,275,108,246,171,270
chr3,48300001,49300000,351,244,97,238,130,358
chr3,49300001,50300000,330,290,88,230,135,296
chr3,50300001,51300000,353,309,190,463,165,1064
chr3,51300001,52310000,333,302,115,256,151,518
chr3,52310001,53310000,317,202,108,240,157,298
chr3,53310001,54310000,377,324,137,457,174,797
chr3,54310001,55310000,424,466,232,1729,199,1885
chr3,55310001,56310000,384,409,262,1826,157,1357
chr3,56310001,57310000,330,289,147,347,151,691
chr3,57310001,58310000,320,260,97,239,169,427
chr3,58310001,59310000,310,403,131,411,173,444
chr3,59310001,60310000,367,486,220,756,178,706
chr3,60310001,61310000,313,427,291,738,193,513
chr3,61310001,62310000,367,401,145,445,177,342
chr3,62310001,63310000,465,664,145,451,235,509
chr3,63310001,64330000,404,356,127,454,191,477
chr3,64330001,65330000,376,378,169,556,157,581
chr3,65330001,66330000,295,310,127,255,125,992
chr3,66330001,67330000,364,461,142,432,174,1138
chr3,67330001,68330000,398,678,225,944,188,1182
chr3,68330001,69330000,461,627,265,1199,164,1489
chr3,69330001,70330000,362,450,249,645,171,430
chr3,70330001,71330000,377,482,231,718,192,742
chr3,71330001,72330000,338,503,173,453,149,659
chr3,72330001,73350000,329,467,122,409,163,473
chr3,73350001,74350000,477,1046,191,1723,159,781
chr3,74350001,75350000,514,1120,310,1700,233,1076
chr3,75350001,76620000,487,876,353,1329,415,846
chr3,76620001,77620000,528,780,326,1410,472,781
chr3,77620001,78620000,543,688,577,1739,273,1424
chr3,78620001,79630000,498,704,434,1913,218,487
chr3,79630001,80640000,593,1549,430,1623,352,1675
chr3,80640001,81680000,520,1155,218,1121,301,1729
chr3,81680001,82680000,476,952,450,1948,368,824
chr3,82680001,83680000,572,1486,753,2424,583,793
chr3,83680001,84680000,560,1969,735,2216,634,942
chr3,84680001,85680000,509,1540,645,1806,481,1262
chr3,85680001,86680000,520,1865,518,1841,505,2015
chr3,86680001,87680000,550,1370,286,1105,281,1307
chr3,87680001,88680000,598,1121,234,1237,341,1191
chr3,88680001,89680000,657,1483,462,1791,494,1105
chr3,89680001,93920000,670,1441,290,918,389,1055
chr3,93920001,94930000,683,1954,335,1715,248,1508
chr3,94930001,95930000,711,2696,458,2154,462,1325
chr3,95930001,96950000,670,2330,549,2486,349,1746
chr3,96950001,97950000,553,1371,300,1317,187,1363
chr3,97950001,98960000,581,1070,350,1394,290,766
chr3,98960001,99960000,533,789,248,1172,241,746
chr3,99960001,100980000,462,580,164,524,250,502
chr3,100980001,101980000,431,535,130,395,212,436
chr3,101980001,102980000,530,1545,394,1481,347,1663
chr3,102980001,103980000,555,2231,567,2420,424,1778
chr3,103980001,104980000,509,1378,407,1788,244,879
chr3,104980001,105980000,503,719,210,602,196,569
chr3,105980001,106980000,510,1084,406,1443,198,1150
chr3,106980001,107990000,399,665,119,319,173,491
chr3,107990001,108990000,629,1377,139,480,251,1416
chr3,108990001,109990000,961,2074,326,1082,365,998
chr3,109990001,110990000,719,1325,182,426,221,819
chr3,110990001,111990000,575,758,179,373,190,891
chr3,111990001,112990000,489,674,148,430,194,457
chr3,112990001,113990000,398,729,139,352,151,408
chr3,113990001,114990000,474,758,190,503,174,330
chr3,114990001,115990000,683,1652,316,963,286,504
chr3,115990001,116990000,813,2299,294,1385,268,910
chr3,116990001,117990000,783,2381,356,2207,280,1195
chr3,117990001,119000000,783,1671,319,1709,355,1073
chr3,119000001,120000000,458,606,139,370,157,364
chr3,120000001,121000000,470,949,184,671,199,1002
chr3,121000001,122000000,458,675,146,356,149,1071
chr3,122000001,123000000,408,562,129,257,158,445
chr3,123000001,124000000,432,639,128,446,163,464
chr3,124000001,125000000,427,579,119,258,152,499
chr3,125000001,126000000,387,477,126,342,162,386
chr3,126000001,127000000,441,685,175,420,186,545
chr3,127000001,128000000,446,655,120,362,171,586
chr3,128000001,129000000,399,577,117,314,162,379
chr3,129000001,130000000,343,493,112,288,155,352
chr3,130000001,131000000,475,758,205,606,175,567
chr3,131000001,132000000,548,729,246,752,176,1014
chr3,132000001,133000000,427,713,172,691,177,494
chr3,133000001,134000000,466,697,141,354,146,511
chr3,134000001,135000000,532,903,178,774,275,478
chr3,135000001,136040000,496,1046,218,1314,251,608
chr3,136040001,137040000,493,699,173,600,251,495
chr3,137040001,138040000,559,1278,316,878,325,839
chr3,138040001,139040000,450,791,122,349,176,641
chr3,139040001,140080000,468,970,243,1408,189,977
chr3,140080001,141080000,436,756,210,1109,180,675
chr3,141080001,142080000,409,496,89,284,133,334
chr3,142080001,143080000,524,813,141,383,188,463
chr3,143080001,144080000,581,948,244,1240,180,682
chr3,144080001,145080000,680,1924,523,2267,370,1640
chr3,145080001,146080000,536,1572,316,1441,309,1023
chr3,146080001,147080000,623,2284,321,1816,494,792
chr3,147080001,148080000,640,2701,455,2015,514,920
chr3,148080001,149080000,503,1118,168,463,189,867
chr3,149080001,150080000,453,597,146,311,151,376
chr3,150080001,151080000,443,662,195,451,149,539
chr3,151080001,152080000,520,557,131,375,202,659
chr3,152080001,153080000,551,774,179,508,197,525
chr3,153080001,154080000,517,915,247,898,175,501
chr3,154080001,155080000,662,1434,314,1331,185,955
chr3,155080001,156100000,499,989,179,356,187,775
chr3,156100001,157100000,476,736,164,326,165,447
chr3,157100001,158140000,542,1332,254,828,277,672
chr3,158140001,159140000,453,1191,217,651,237,1077
chr3,159140001,160140000,481,972,196,766,237,864
chr3,160140001,161160000,454,810,178,377,162,601
chr3,161160001,162160000,652,1905,420,1539,357,2117
chr3,162160001,163160000,665,2693,489,2484,482,1636
chr3,163160001,164160000,708,3113,485,2663,456,1305
chr3,164160001,165160000,772,2318,305,1860,348,966
chr3,165160001,166160000,726,2057,420,2557,365,1247
chr3,166160001,167160000,762,1784,482,2367,309,1689
chr3,167160001,168160000,614,941,195,700,273,876
chr3,168160001,169160000,582,888,160,482,337,1654
chr3,169160001,170230000,509,717,102,396,168,746
chr3,170230001,171230000,477,879,134,353,186,456
chr3,171230001,172230000,433,610,115,343,173,383
chr3,172230001,173230000,513,1136,212,629,217,966
chr3,173230001,174250000,540,1481,348,1328,193,284
chr3,174250001,175250000,550,1057,254,706,196,518
chr3,175250001,176270000,494,1354,241,1176,187,1009
chr3,176270001,177270000,454,915,164,549,177,636
chr3,177270001,178270000,542,872,175,465,148,595
chr3,178270001,179270000,561,1006,229,798,176,734
chr3,179270001,180270000,541,1781,371,1486,237,951
chr3,180270001,181270000,617,1464,362,1310,299,885
chr3,181270001,182270000,527,967,280,518,232,622
chr3,182270001,183280000,502,617,104,308,181,367
chr3,183280001,184300000,484,577,135,338,148,393
chr3,184300001,185350000,441,575,97,277,147,347
chr3,185350001,186350000,601,692,163,336,179,429
chr3,186350001,187350000,531,760,166,398,175,439
chr3,187350001,188350000,474,677,115,352,184,362
chr3,188350001,189360000,515,524,136,324,148,897
chr3,189360001,190360000,516,557,127,311,160,1180
chr3,190360001,191360000,680,1296,287,812,248,1069
chr3,191360001,192360000,656,1697,438,1624,341,1845
chr3,192360001,193360000,493,914,217,722,316,900
chr3,193360001,194360000,444,621,121,290,132,433
chr3,194360001,195560000,453,655,114,284,155,440
chr3,195560001,196690000,452,472,106,315,140,346
chr4,70001,1070000,388,599,169,424,176,492
chr4,1070001,2130000,342,467,109,314,183,410
chr4,2130001,3130000,330,414,124,261,141,273
chr4,3130001,4130000,341,547,129,290,162,445
chr4,4130001,5130000,393,720,187,528,185,412
chr4,5130001,6130000,422,733,364,1163,250,516
chr4,6130001,7130000,391,442,138,347,149,540
chr4,7130001,8130000,433,397,165,365,234,599
chr4,8130001,9130000,340,656,156,495,256,912
chr4,9130001,10320000,310,546,104,431,174,670
chr4,10320001,11320000,407,802,122,581,209,852
chr4,11320001,12320000,552,1022,161,668,281,1080
chr4,12320001,13320000,435,1318,301,1408,199,885
chr4,13320001,14320000,387,966,347,1016,272,337
chr4,14320001,15320000,347,832,332,1046,214,399
chr4,15320001,16320000,318,532,114,339,152,385
chr4,16320001,17320000,544,1522,286,1131,427,1295
chr4,17320001,18320000,425,929,165,461,247,580
chr4,18320001,19320000,543,1688,419,1804,422,1632
chr4,19320001,20320000,462,1267,496,1922,407,1077
chr4,20320001,21320000,602,1249,274,1679,210,1602
chr4,21320001,22320000,655,1570,335,1664,324,1331
chr4,22320001,23320000,489,1120,159,476,342,770
chr4,23320001,24320000,417,818,158,493,343,702
chr4,24320001,25320000,344,469,108,344,164,508
chr4,25320001,26320000,382,378,125,273,155,568
chr4,26320001,27320000,352,587,187,516,168,514
chr4,27320001,28320000,410,1289,501,2083,235,1226
chr4,28320001,29320000,445,1904,608,2513,297,1544
chr4,29320001,30320000,559,1645,696,2449,372,926
chr4,30320001,31320000,512,1016,359,900,265,450
chr4,31320001,32320000,520,1176,468,1842,311,916
chr4,32320001,33320000,567,1318,519,2393,474,1048
chr4,33320001,34320000,524,1912,649,2548,440,1341
chr4,34320001,35320000,456,1515,568,2177,473,1428
chr4,35320001,36320000,409,985,301,1552,233,1094
chr4,36320001,37320000,470,1309,229,867,272,1400
chr4,37320001,38320000,317,469,94,226,146,461
chr4,38320001,39320000,354,386,118,223,132,409
chr4,39320001,40380000,313,318,132,229,145,378
chr4,40380001,41380000,365,338,107,250,154,608
chr4,41380001,42380000,391,661,186,508,152,1197
chr4,42380001,43380000,499,1220,297,866,254,1597
chr4,43380001,44380000,663,1905,574,1673,414,2254
chr4,44380001,45380000,562,1962,390,1742,293,1849
chr4,45380001,46380000,624,2506,358,1548,437,2192
chr4,46380001,47380000,599,1845,235,1439,502,1177
chr4,47380001,48380000,408,661,134,436,154,794
chr4,48380001,53000000,350,670,114,324,216,598
chr4,53000001,54000000,435,957,181,489,219,678
chr4,54000001,55000000,366,643,138,275,170,440
chr4,55000001,56000000,397,933,222,504,239,484
chr4,56000001,57000000,450,698,139,246,191,502
chr4,57000001,58000000,470,666,137,397,178,369
chr4,58000001,59000000,553,1544,372,1977,357,1540
chr4,59000001,60000000,575,2050,529,2028,506,1365
chr4,60000001,61000000,662,1905,688,2269,448,816
chr4,61000001,62000000,680,1869,644,1874,406,1483
chr4,62000001,63000000,568,1357,428,805,404,906
chr4,63000001,64000000,678,2020,414,2323,566,692
chr4,64000001,65000000,727,2222,569,2316,474,1054
chr4,65000001,66000000,598,1957,546,2134,315,1348
chr4,66000001,67000000,555,1590,590,2327,293,679
chr4,67000001,68000000,572,1363,606,2198,316,1607
chr4,68000001,69020000,443,806,278,911,236,786
chr4,69020001,70020000,409,657,139,365,220,1257
chr4,70020001,71030000,401,919,175,388,232,1303
chr4,71030001,72030000,409,649,183,363,174,561
chr4,72030001,73030000,441,777,251,503,216,662
chr4,73030001,74030000,382,765,333,1047,218,746
chr4,74030001,75030000,411,385,135,251,178,729
chr4,75030001,76030000,373,431,76,240,175,1298
chr4,76030001,77040000,398,500,109,302,180,770
chr4,77040001,78040000,379,335,97,223,143,441
chr4,78040001,79040000,373,419,124,291,169,659
chr4,79040001,80040000,419,398,127,342,150,442
chr4,80040001,81050000,455,617,218,781,156,1006
chr4,81050001,82050000,487,575,236,1001,205,1669
chr4,82050001,83050000,457,589,146,372,185,696
chr4,83050001,84050000,386,397,132,258,184,505
chr4,84050001,85050000,368,681,140,544,177,679
chr4,85050001,86050000,376,710,169,624,181,810
chr4,86050001,87050000,415,446,195,487,212,448
chr4,87050001,88050000,388,316,169,602,168,445
chr4,88050001,89050000,389,434,134,373,147,441
chr4,89050001,90050000,347,433,100,271,173,318
chr4,90050001,91050000,436,743,189,337,193,475
chr4,91050001,92050000,425,691,258,607,265,980
chr4,92050001,93050000,441,1130,234,699,239,1725
chr4,93050001,94050000,482,1103,364,1322,304,1587
chr4,94050001,95050000,433,1138,214,703,320,1312
chr4,95050001,96050000,356,517,178,329,154,430
chr4,96050001,97050000,419,1181,444,1618,211,537
chr4,97050001,98050000,408,1675,507,1785,269,1059
chr4,98050001,99050000,391,1232,361,1267,336,1416
chr4,99050001,100050000,341,489,122,260,143,464
chr4,100050001,101050000,376,496,173,372,233,878
chr4,101050001,102050000,396,787,245,603,214,1127
chr4,102050001,103050000,370,592,211,333,164,677
chr4,103050001,104050000,339,386,130,243,171,412
chr4,104050001,105050000,445,976,264,851,411,1152
chr4,105050001,106050000,390,794,228,644,310,1579
chr4,106050001,107050000,308,351,113,250,154,474
chr4,107050001,108050000,442,721,250,982,367,1236
chr4,108050001,109050000,389,502,161,497,168,814
chr4,109050001,110050000,412,741,220,793,193,360
chr4,110050001,111050000,338,499,146,518,193,455
chr4,111050001,112050000,440,1024,161,651,323,1434
chr4,112050001,113050000,460,1155,201,1145,388,1138
chr4,113050001,114050000,374,739,193,533,221,337
chr4,114050001,115070000,395,515,163,344,231,411
chr4,115070001,116070000,436,975,156,521,295,1055
chr4,116070001,117070000,436,1666,376,1273,407,1496
chr4,117070001,118070000,535,1801,415,1881,501,1638
chr4,118070001,119070000,476,1238,271,1236,376,1340
chr4,119070001,120070000,309,382,92,265,189,342
chr4,120070001,121150000,360,628,131,351,215,761
chr4,121150001,122150000,531,791,225,1072,269,756
chr4,122150001,123150000,450,789,242,633,252,798
chr4,123150001,124150000,356,511,132,392,171,544
chr4,124150001,125150000,388,458,165,264,195,438
chr4,125150001,126150000,399,491,319,610,196,534
chr4,126150001,127150000,524,874,541,1771,424,1283
chr4,127150001,128150000,561,1178,566,2126,442,1168
chr4,128150001,129150000,390,605,195,533,243,670
chr4,129150001,130150000,334,601,128,315,169,437
chr4,130150001,131150000,448,1419,405,1703,515,1240
chr4,131150001,132150000,495,1950,630,2268,520,1676
chr4,132150001,133150000,481,1391,578,1832,452,642
chr4,133150001,134150000,593,2008,671,2225,461,1187
chr4,134150001,135150000,542,2025,631,2266,257,1253
chr4,135150001,136150000,551,2022,475,2190,396,1697
chr4,136150001,137150000,559,2367,665,2360,559,2024
chr4,137150001,138150000,531,2072,538,2274,495,1810
chr4,138150001,139150000,428,916,377,1415,276,1591
chr4,139150001,140150000,404,554,180,410,156,770
chr4,140150001,141150000,362,294,111,228,140,342
chr4,141150001,142150000,341,532,170,517,176,485
chr4,142150001,143150000,414,903,168,445,260,536
chr4,143150001,144150000,421,704,117,397,214,404
chr4,144150001,145150000,397,684,208,933,261,880
chr4,145150001,146150000,401,693,230,885,341,1016
chr4,146150001,147150000,356,531,134,382,173,791
chr4,147150001,148150000,401,641,203,680,192,985
chr4,148150001,149150000,347,379,140,381,133,631
chr4,149150001,150150000,384,520,114,449,215,803
chr4,150150001,151150000,375,646,133,743,305,568
chr4,151150001,152150000,331,331,117,317,173,298
chr4,152150001,153150000,350,446,128,295,190,586
chr4,153150001,154160000,312,313,110,236,163,347
chr4,154160001,155160000,382,502,164,646,285,572
chr4,155160001,156160000,454,861,288,1090,263,990
chr4,156160001,157160000,362,761,385,1363,232,877
chr4,157160001,158160000,408,705,319,1417,242,1000
chr4,158160001,159160000,338,977,232,826,320,679
chr4,159160001,160160000,361,580,158,321,229,754
chr4,160160001,161160000,400,913,229,1442,247,1178
chr4,161160001,162160000,423,1705,390,2212,371,1468
chr4,162160001,163160000,448,1474,414,1896,361,1229
chr4,163160001,164160000,500,1796,247,851,347,1753
chr4,164160001,165160000,563,1603,292,1510,398,1850
chr4,165160001,166160000,496,1088,307,1297,254,1408
chr4,166160001,167160000,413,850,311,1550,191,1577
chr4,167160001,168200000,586,1095,363,1342,370,1716
chr4,168200001,169200000,427,1046,333,971,386,1856
chr4,169200001,170200000,313,386,95,226,144,503
chr4,170200001,171200000,339,606,121,351,170,405
chr4,171200001,172200000,507,1635,357,1378,457,1412
chr4,172200001,173200000,503,1661,421,1876,585,697
chr4,173200001,174200000,441,886,197,506,271,898
chr4,174200001,175200000,480,1016,210,675,348,1241
chr4,175200001,176200000,486,848,341,878,375,1308
chr4,176200001,177200000,504,1443,448,1314,318,1173
chr4,177200001,178200000,488,1389,454,1742,341,1361
chr4,178200001,179200000,514,1408,338,1326,231,1204
chr4,179200001,180200000,745,2455,532,1842,500,1043
chr4,180200001,181200000,712,2474,600,2343,627,643
chr4,181200001,182200000,646,2453,543,2167,431,786
chr4,182200001,183200000,611,1788,362,1907,307,1112
chr4,183200001,184200000,455,713,283,772,206,788
chr4,184200001,185200000,359,354,147,278,211,507
chr4,185200001,186200000,324,333,122,297,121,426
chr4,186200001,187200000,327,408,137,269,144,377
chr4,187200001,188200000,400,668,116,452,160,877
chr4,188200001,189200000,442,1156,324,1648,206,1283
chr4,189200001,190260000,535,1387,551,1900,405,1058
chr5,90001,1130000,499,673,159,328,163,475
chr5,1130001,2160000,621,1098,227,686,207,1044
chr5,2160001,3170000,730,1969,575,1785,348,1851
chr5,3170001,4180000,708,2045,697,2536,394,1210
chr5,4180001,5180000,820,1994,627,2649,419,1301
chr5,5180001,6180000,876,1942,423,1927,251,1424
chr5,6180001,7200000,680,1471,237,953,226,1115
chr5,7200001,8200000,630,1746,311,1250,224,541
chr5,8200001,9200000,913,2543,268,1581,294,896
chr5,9200001,10200000,716,1372,147,1073,246,1234
chr5,10200001,11200000,472,1147,227,725,184,810
chr5,11200001,12200000,603,2629,474,2520,223,1953
chr5,12200001,13200000,773,2820,550,2699,478,2275
chr5,13200001,14200000,648,1435,287,1144,185,1888
chr5,14200001,15230000,473,792,120,452,187,695
chr5,15230001,16230000,629,1554,367,1690,180,1066
chr5,16230001,17250000,556,1022,152,450,203,636
chr5,17250001,18360000,683,1676,379,1673,285,1113
chr5,18360001,19360000,736,2633,517,2283,598,1193
chr5,19360001,20360000,696,2885,730,2461,404,1694
chr5,20360001,21360000,544,2007,490,2009,252,1005
chr5,21360001,22500000,596,2151,569,1955,345,1031
chr5,22500001,23500000,695,3202,757,2062,422,1944
chr5,23500001,24500000,784,3735,600,2394,371,2021
chr5,24500001,25530000,873,3718,753,2672,593,1805
chr5,25530001,26530000,927,3613,770,2670,545,2219
chr5,26530001,27530000,922,2365,720,2561,448,2110
chr5,27530001,28530000,797,1990,673,2391,426,2243
chr5,28530001,29530000,856,2771,655,2190,299,2096
chr5,29530001,30530000,944,3117,664,2540,286,1923
chr5,30530001,31530000,750,1701,332,1728,293,1406
chr5,31530001,32570000,488,757,207,402,190,471
chr5,32570001,33570000,483,1141,243,1392,208,1277
chr5,33570001,34650000,438,1171,241,750,158,656
chr5,34650001,35650000,419,1065,158,510,195,929
chr5,35650001,36650000,455,953,224,733,173,1056
chr5,36650001,37650000,413,568,124,395,190,446
chr5,37650001,38650000,569,991,314,871,181,1092
chr5,38650001,39650000,513,760,164,440,182,891
chr5,39650001,40650000,714,1277,174,651,214,1301
chr5,40650001,41650000,659,1520,181,699,253,1515
chr5,41650001,42650000,479,1258,254,1239,208,1417
chr5,42650001,43650000,476,679,129,336,177,631
chr5,43650001,44650000,623,1986,325,1370,410,988
chr5,44650001,45690000,749,2833,298,2056,534,1257
chr5,45690001,50130000,719,2304,375,1511,537,1564
chr5,50130001,51130000,637,1332,341,948,297,1605
chr5,51130001,52130000,574,921,254,1046,229,1228
chr5,52130001,53130000,426,538,153,414,192,496
chr5,53130001,54130000,379,534,152,430,159,397
chr5,54130001,55130000,400,402,142,320,160,454
chr5,55130001,56130000,391,439,182,248,156,410
chr5,56130001,57130000,419,496,160,264,147,378
chr5,57130001,58130000,386,588,190,323,225,623
chr5,58130001,59130000,452,390,134,277,186,290
chr5,59130001,60140000,398,613,172,301,193,359
chr5,60140001,61140000,355,400,119,235,151,418
chr5,61140001,62140000,372,476,158,377,164,681
chr5,62140001,63140000,585,1199,391,1547,306,1649
chr5,63140001,64140000,459,751,305,1348,222,1157
chr5,64140001,65140000,375,474,115,344,190,689
chr5,65140001,66140000,349,345,178,369,160,555
chr5,66140001,67140000,367,378,123,263,154,460
chr5,67140001,68140000,318,439,100,269,139,513
chr5,68140001,70980000,350,361,106,278,134,424
chr5,70980001,71990000,367,441,150,291,144,449
chr5,71990001,72990000,353,345,104,239,138,473
chr5,72990001,74020000,314,365,105,198,136,496
chr5,74020001,75020000,330,370,103,200,150,419
chr5,75020001,76020000,363,767,144,333,173,611
chr5,76020001,77020000,345,624,145,343,159,516
chr5,77020001,78020000,362,493,120,281,133,297
chr5,78020001,79020000,316,349,137,290,122,391
chr5,79020001,80030000,329,422,139,334,146,383
chr5,80030001,81070000,382,397,125,348,134,323
chr5,81070001,82070000,366,420,165,409,214,435
chr5,82070001,83070000,455,681,243,472,251,453
chr5,83070001,84070000,550,985,376,1530,490,797
chr5,84070001,85100000,531,1794,596,2144,568,1289
chr5,85100001,86100000,575,1772,379,1719,560,1112
chr5,86100001,87100000,481,1093,204,986,294,951
chr5,87100001,88100000,468,1322,256,1038,305,886
chr5,88100001,89100000,538,1097,342,1789,318,446
chr5,89100001,90100000,402,549,177,648,222,655
chr5,90100001,91120000,354,411,170,433,156,703
chr5,91120001,92120000,388,742,303,1325,299,982
chr5,92120001,93120000,394,585,255,822,202,487
chr5,93120001,94140000,365,386,203,521,139,560
chr5,94140001,95140000,376,474,205,523,178,1046
chr5,95140001,96140000,315,298,92,264,124,493
chr5,96140001,97140000,391,460,124,625,203,743
chr5,97140001,98140000,528,830,139,670,359,716
chr5,98140001,99140000,387,791,204,722,291,783
chr5,99140001,100190000,405,808,366,1711,282,960
chr5,100190001,101190000,444,639,401,1826,354,1357
chr5,101190001,102190000,425,782,260,1284,279,1095
chr5,102190001,103190000,338,628,179,463,188,558
chr5,103190001,104190000,453,1549,243,1761,293,847
chr5,104190001,105190000,482,1812,365,2219,356,1280
chr5,105190001,106190000,402,1066,369,1405,353,1006
chr5,106190001,107190000,395,560,199,407,266,547
chr5,107190001,108190000,383,582,169,514,201,379
chr5,108190001,109190000,360,540,139,447,170,458
chr5,109190001,110190000,475,959,295,1354,310,932
chr5,110190001,111190000,425,650,270,878,360,1145
chr5,111190001,112190000,368,485,290,596,203,900
chr5,112190001,113190000,371,418,245,663,147,627
chr5,113190001,114220000,500,1147,305,1496,203,1282
chr5,114220001,115220000,368,657,126,412,147,776
chr5,115220001,116220000,347,593,170,623,172,392
chr5,116220001,117220000,477,1143,300,1343,222,678
chr5,117220001,118220000,443,1121,316,1235,188,581
chr5,118220001,119220000,404,545,123,424,157,799
chr5,119220001,120220000,449,1129,374,1527,180,1290
chr5,120220001,121220000,492,1288,381,1433,400,602
chr5,121220001,122220000,360,496,156,776,197,1003
chr5,122220001,123220000,368,399,122,345,199,719
chr5,123220001,124220000,409,444,135,320,196,439
chr5,124220001,125220000,431,465,163,261,186,489
chr5,125220001,126220000,407,381,139,331,172,429
chr5,126220001,127260000,347,424,129,277,129,436
chr5,127260001,128260000,377,748,209,669,183,732
chr5,128260001,129260000,421,873,253,1213,233,949
chr5,129260001,130280000,432,584,223,1106,362,734
chr5,130280001,131280000,330,344,113,315,176,498
chr5,131280001,132280000,329,314,101,253,128,359
chr5,132280001,133280000,362,372,141,365,161,435
chr5,133280001,134300000,353,272,104,258,153,295
chr5,134300001,135300000,405,385,102,340,176,737
chr5,135300001,136300000,436,524,164,906,186,1213
chr5,136300001,137380000,402,486,217,716,136,591
chr5,137380001,138390000,354,324,130,231,161,312
chr5,138390001,139390000,337,297,98,286,141,299
chr5,139390001,140390000,406,381,159,346,223,556
chr5,140390001,141390000,461,548,207,488,192,632
chr5,141390001,142390000,400,334,128,241,145,382
chr5,142390001,143420000,358,464,175,507,188,500
chr5,143420001,144420000,496,860,251,1476,273,1471
chr5,144420001,145420000,385,570,135,418,211,808
chr5,145420001,146420000,451,555,178,529,266,430
chr5,146420001,147420000,416,452,171,428,204,553
chr5,147420001,148420000,348,360,147,298,160,800
chr5,148420001,149420000,417,361,104,251,163,347
chr5,149420001,150420000,396,352,123,294,176,460
chr5,150420001,151420000,414,397,180,571,183,477
chr5,151420001,152420000,504,974,376,1180,405,1490
chr5,152420001,153420000,491,936,370,1641,440,1477
chr5,153420001,154420000,378,384,113,286,149,351
chr5,154420001,155480000,397,1395,277,1940,222,1093
chr5,155480001,156500000,490,1784,298,1340,229,441
chr5,156500001,157500000,460,700,121,459,215,545
chr5,157500001,158500000,582,831,264,819,229,658
chr5,158500001,159500000,432,437,227,784,215,619
chr5,159500001,160500000,471,534,109,267,251,640
chr5,160500001,161500000,585,1062,315,1118,342,1499
chr5,161500001,162500000,496,1801,395,1677,394,892
chr5,162500001,163500000,585,1315,260,1249,341,933
chr5,163500001,164500000,556,1880,532,2171,327,741
chr5,164500001,165500000,731,2329,558,2304,242,696
chr5,165500001,166500000,726,1901,504,2550,282,1075
chr5,166500001,167500000,574,1073,311,1743,298,1367
chr5,167500001,168500000,411,618,150,347,189,728
chr5,168500001,169500000,509,1027,348,1184,231,1195
chr5,169500001,170500000,466,795,230,677,209,619
chr5,170500001,171510000,418,511,171,374,187,525
chr5,171510001,172510000,414,369,111,258,153,408
chr5,172510001,173520000,356,600,156,456,189,513
chr5,173520001,174520000,501,963,215,470,268,735
chr5,174520001,175770000,471,669,169,542,208,607
chr5,175770001,176780000,387,443,133,274,170,381
chr5,176780001,178130000,442,410,180,426,195,503
chr5,178130001,179130000,533,714,261,713,250,692
chr5,179130001,180130000,431,456,128,373,180,428
chr6,170001,1350000,472,535,131,272,153,502
chr6,1350001,2380000,463,490,155,438,162,467
chr6,2380001,3380000,439,387,125,250,144,445
chr6,3380001,4380000,406,469,118,277,176,536
chr6,4380001,5430000,423,525,161,402,155,454
chr6,5430001,6470000,483,698,140,562,173,741
chr6,6470001,7470000,463,578,104,302,151,667
chr6,7470001,8470000,512,669,138,432,159,587
chr6,8470001,9480000,496,805,274,1390,191,491
chr6,9480001,10500000,438,916,361,812,194,557
chr6,10500001,11510000,403,421,139,346,157,443
chr6,11510001,12510000,466,439,99,302,154,788
chr6,12510001,13510000,515,561,174,547,167,754
chr6,13510001,14520000,452,541,149,353,169,496
chr6,14520001,15540000,443,657,132,417,191,527
chr6,15540001,16540000,490,580,117,338,169,518
chr6,16540001,17540000,438,581,154,455,158,599
chr6,17540001,18540000,436,347,108,329,157,348
chr6,18540001,19540000,495,673,336,1040,197,723
chr6,19540001,20570000,490,630,199,500,148,568
chr6,20570001,21580000,433,481,128,437,145,402
chr6,21580001,22610000,489,694,174,1509,159,543
chr6,22610001,23620000,500,1102,298,2116,192,688
chr6,23620001,24620000,515,937,236,965,150,700
chr6,24620001,25620000,480,482,124,338,162,399
chr6,25620001,26620000,636,789,162,437,229,602
chr6,26620001,27880000,669,980,207,532,203,671
chr6,27880001,28880000,658,1045,218,683,202,913
chr6,28880001,29880000,624,874,208,666,224,833
chr6,29880001,30940000,436,438,93,287,153,410
chr6,30940001,31970000,447,345,106,267,141,499
chr6,31970001,32970000,407,364,116,302,142,535
chr6,32970001,33980000,522,488,116,378,151,563
chr6,33980001,35000000,446,456,97,294,148,409
chr6,35000001,36000000,417,360,93,267,142,443
chr6,36000001,37000000,482,362,93,253,138,507
chr6,37000001,38030000,495,454,116,300,177,507
chr6,38030001,39060000,445,584,137,385,132,605
chr6,39060001,40060000,500,911,174,798,192,746
chr6,40060001,41060000,502,962,174,611,206,1059
chr6,41060001,42060000,462,483,122,345,132,610
chr6,42060001,43060000,449,367,136,285,165,492
chr6,43060001,44100000,414,372,93,255,135,534
chr6,44100001,45120000,577,620,153,453,163,534
chr6,45120001,46200000,474,633,129,452,188,606
chr6,46200001,47200000,511,569,94,369,156,612
chr6,47200001,48200000,567,715,169,644,189,656
chr6,48200001,49230000,656,1531,323,1371,283,1422
chr6,49230001,50250000,591,1515,263,1008,279,1527
chr6,50250001,51270000,604,1569,413,1713,339,655
chr6,51270001,52280000,507,780,184,647,194,501
chr6,52280001,53280000,466,381,108,316,158,390
chr6,53280001,54290000,456,601,113,401,168,1027
chr6,54290001,55330000,513,1263,189,678,379,2053
chr6,55330001,56330000,451,828,294,1035,240,1616
chr6,56330001,57840000,479,813,173,702,147,568
chr6,57840001,62250000,689,1797,417,2266,407,1541
chr6,62250001,63340000,899,1529,544,2835,477,2020
chr6,63340001,64340000,670,1217,257,1304,424,1642
chr6,64340001,65340000,540,1273,201,1107,398,810
chr6,65340001,66350000,555,2297,476,2540,562,813
chr6,66350001,67350000,636,3071,527,2769,548,715
chr6,67350001,68350000,566,2282,552,2658,392,704
chr6,68350001,69350000,686,2021,648,2856,338,603
chr6,69350001,70400000,765,1863,450,2340,390,1064
chr6,70400001,71400000,549,857,177,529,223,530
chr6,71400001,72490000,467,1002,298,1048,229,979
chr6,72490001,73500000,520,1036,403,1856,239,1224
chr6,73500001,74550000,454,538,232,547,181,499
chr6,74550001,75590000,544,857,356,989,292,1078
chr6,75590001,76590000,445,508,205,653,152,512
chr6,76590001,77600000,463,1328,293,1259,286,1083
chr6,77600001,78720000,559,1745,395,1009,342,1319
chr6,78720001,79730000,438,1365,288,1281,257,1422
chr6,79730001,80740000,395,644,153,357,154,521
chr6,80740001,81760000,386,1063,227,714,300,525
chr6,81760001,82760000,409,1146,200,503,260,566
chr6,82760001,83790000,472,716,223,537,190,836
chr6,83790001,84790000,549,772,183,454,206,1044
chr6,84790001,85790000,666,1350,267,858,375,1496
chr6,85790001,86840000,532,966,202,704,265,1067
chr6,86840001,87930000,530,1502,379,1794,367,1138
chr6,87930001,88930000,465,678,163,712,170,635
chr6,88930001,89970000,419,764,184,572,151,528
chr6,89970001,90980000,403,482,191,616,117,340
chr6,90980001,92010000,573,1010,301,1210,206,819
chr6,92010001,93010000,519,1839,456,1742,232,1446
chr6,93010001,94010000,502,1539,580,2072,175,1579
chr6,94010001,95020000,573,1679,357,1056,258,1773
chr6,95020001,96050000,516,1515,368,1363,229,1329
chr6,96050001,97060000,529,1698,341,692,279,1634
chr6,97060001,98080000,484,1350,259,1107,210,659
chr6,98080001,99080000,673,1828,446,2427,439,1168
chr6,99080001,100100000,506,789,216,984,234,556
chr6,100100001,101140000,472,970,225,986,264,899
chr6,101140001,102180000,510,928,294,1597,173,594
chr6,102180001,103220000,623,1605,582,2727,257,1153
chr6,103220001,104220000,617,2257,599,2659,433,1566
chr6,104220001,105280000,572,1761,386,1977,320,1413
chr6,105280001,106280000,439,762,162,456,129,601
chr6,106280001,107290000,424,495,122,262,160,506
chr6,107290001,108290000,441,495,119,279,133,306
chr6,108290001,109290000,376,412,95,236,135,226
chr6,109290001,110340000,425,468,108,316,143,299
chr6,110340001,111340000,426,509,136,329,139,340
chr6,111340001,112350000,381,458,134,321,138,220
chr6,112350001,113380000,481,903,242,1281,221,561
chr6,113380001,114380000,419,834,132,467,170,358
chr6,114380001,115400000,582,1509,315,1147,297,995
chr6,115400001,116430000,541,1295,336,1028,236,1340
chr6,116430001,117480000,433,656,148,550,193,797
chr6,117480001,118480000,548,913,244,965,206,595
chr6,118480001,119480000,419,775,314,753,214,327
chr6,119480001,120490000,424,877,241,827,261,1294
chr6,120490001,121490000,517,1247,358,1098,236,1402
chr6,121490001,122520000,501,904,371,1206,218,675
chr6,122520001,123520000,503,1193,204,656,293,757
chr6,123520001,124530000,639,1530,405,1968,342,971
chr6,124530001,125590000,530,804,263,1887,265,950
chr6,125590001,126590000,760,604,164,589,157,356
chr6,126590001,127590000,534,1067,254,959,343,634
chr6,127590001,128590000,438,634,190,385,176,776
chr6,128590001,129620000,492,829,168,520,200,750
chr6,129620001,130620000,631,880,167,484,185,715
chr6,130620001,131640000,442,855,141,554,179,1012
chr6,131640001,132680000,592,869,136,386,221,511
chr6,132680001,133700000,496,879,234,469,304,630
chr6,133700001,134700000,583,765,198,513,264,633
chr6,134700001,135700000,435,543,129,328,155,270
chr6,135700001,136710000,452,497,161,352,160,715
chr6,136710001,137710000,372,447,104,294,166,451
chr6,137710001,138730000,436,504,123,304,164,414
chr6,138730001,139730000,423,422,119,338,153,301
chr6,139730001,140730000,429,813,191,652,184,473
chr6,140730001,141730000,461,967,299,1184,238,471
chr6,141730001,142750000,444,838,294,788,257,483
chr6,142750001,143750000,404,506,131,327,146,440
chr6,143750001,144770000,393,436,130,343,128,386
chr6,144770001,145780000,385,622,176,689,159,437
chr6,145780001,146850000,480,987,236,1209,241,315
chr6,146850001,147850000,464,1058,143,615,178,385
chr6,147850001,148870000,500,616,194,518,138,343
chr6,148870001,149870000,401,489,191,434,150,333
chr6,149870001,150890000,409,399,117,328,169,369
chr6,150890001,151890000,410,469,155,346,163,203
chr6,151890001,152890000,542,937,350,934,258,415
chr6,152890001,153890000,559,1218,338,1677,370,704
chr6,153890001,154890000,435,916,281,1086,313,435
chr6,154890001,155890000,448,579,124,318,190,339
chr6,155890001,156950000,458,981,206,608,275,857
chr6,156950001,157960000,322,408,120,248,142,204
chr6,157960001,158960000,376,433,105,258,144,268
chr6,158960001,159960000,420,569,183,485,226,521
chr6,159960001,161030000,499,605,129,458,193,550
chr6,161070001,162070000,504,784,284,705,233,681
chr6,162070001,163070000,651,1142,492,1128,224,670
chr6,163070001,164070000,553,803,487,1587,216,462
chr6,164070001,165070000,526,1574,652,2626,341,337
chr6,165070001,166090000,552,1817,445,1927,252,392
chr6,166090001,167120000,506,1161,205,660,198,395
chr6,167120001,168190000,376,659,154,286,143,461
chr6,168190001,169230000,434,629,136,454,169,559
chr6,169250001,170250000,436,755,182,540,178,472
chr7,50001,1050000,479,486,172,427,182,580
chr7,1050001,2060000,547,664,186,467,216,558
chr7,2060001,3060000,448,521,192,412,172,483
chr7,3060001,4060000,531,649,368,1009,166,930
chr7,4060001,5060000,517,723,334,1022,225,746
chr7,5060001,6060000,395,437,137,338,148,403
chr7,6060001,7060000,399,459,142,331,137,395
chr7,7060001,8060000,429,473,97,282,169,532
chr7,8060001,9060000,500,1329,287,1346,261,1088
chr7,9060001,10060000,682,1992,651,3039,441,1038
chr7,10060001,11060000,589,1815,518,2390,331,975
chr7,11060001,12060000,444,1355,273,981,204,793
chr7,12060001,13060000,469,971,185,641,225,703
chr7,13060001,14060000,563,1273,303,1062,240,939
chr7,14060001,15060000,593,1605,358,979,272,954
chr7,15060001,16060000,521,1680,319,1335,302,789
chr7,16060001,17060000,444,484,139,358,166,566
chr7,17060001,18060000,437,440,152,358,180,488
chr7,18060001,19060000,500,1044,339,1046,263,1485
chr7,19060001,20060000,564,1606,427,1583,290,952
chr7,20060001,21060000,456,983,187,684,215,1078
chr7,21060001,22060000,562,899,258,839,184,1043
chr7,22060001,23060000,460,575,213,538,184,734
chr7,23060001,24060000,555,710,221,419,199,928
chr7,24060001,25060000,652,825,214,482,177,1093
chr7,25060001,26060000,582,910,146,539,174,613
chr7,26060001,27060000,475,695,152,435,180,649
chr7,27060001,28060000,440,615,159,312,148,516
chr7,28060001,29060000,509,725,226,543,173,590
chr7,29060001,30060000,478,612,134,347,154,370
chr7,30060001,31060000,460,501,100,327,151,435
chr7,31060001,32060000,616,1362,249,730,292,1272
chr7,32060001,33060000,478,721,192,701,260,967
chr7,33060001,34060000,467,695,167,739,203,589
chr7,34060001,35060000,550,1161,257,873,304,2026
chr7,35060001,36060000,411,786,214,681,220,816
chr7,36060001,37060000,485,719,156,655,219,694
chr7,37060001,38060000,545,1263,306,2322,230,1006
chr7,38060001,39060000,571,1052,289,1289,197,608
chr7,39060001,40060000,520,712,216,652,214,894
chr7,40060001,41060000,480,959,218,1926,208,632
chr7,41060001,42060000,540,1606,431,3106,252,1366
chr7,42060001,43060000,505,991,446,2641,191,740
chr7,43060001,44060000,463,665,219,792,161,652
chr7,44060001,45060000,427,464,137,344,153,492
chr7,45060001,46070000,486,835,246,698,210,695
chr7,46070001,47070000,563,851,311,645,272,610
chr7,47070001,48070000,480,571,166,407,188,524
chr7,48070001,49070000,634,1089,425,1641,466,804
chr7,49070001,50070000,741,1968,510,2761,473,1899
chr7,50070001,51070000,510,1012,188,567,261,893
chr7,51070001,52070000,536,1477,184,574,223,1437
chr7,52070001,53070000,691,2305,567,1837,370,2459
chr7,53070001,54070000,715,2258,709,3195,546,2551
chr7,54070001,55070000,618,1376,396,1663,373,2029
chr7,55070001,56070000,481,805,174,455,194,694
chr7,56070001,57090000,553,1867,374,1572,346,1338
chr7,57090001,62570000,957,3577,675,2646,673,2407
chr7,62570001,63570000,664,2381,457,1987,434,1493
chr7,63570001,64570000,522,1369,373,1471,220,993
chr7,64570001,65720000,373,392,171,374,144,456
chr7,65720001,66720000,394,396,139,314,131,328
chr7,66720001,67720000,630,1488,457,2159,193,963
chr7,67720001,68720000,691,2032,584,2800,240,1491
chr7,68720001,69720000,563,980,359,2037,199,749
chr7,69720001,70720000,644,1159,288,1363,183,1452
chr7,70720001,71720000,851,2040,516,2311,186,1413
chr7,71720001,72720000,384,616,146,514,128,381
chr7,72720001,73720000,474,555,152,340,174,473
chr7,73720001,74720000,201,194,68,161,59,200
chr7,74720001,75720000,277,264,87,185,109,243
chr7,75720001,76720000,270,269,63,193,75,238
chr7,76720001,77720000,396,383,105,332,152,385
chr7,77720001,78720000,598,1042,357,1863,259,620
chr7,78720001,79720000,625,1215,340,1391,423,737
chr7,79720001,80720000,447,699,198,565,133,383
chr7,80720001,81720000,516,1149,269,943,207,801
chr7,81720001,82720000,559,1043,360,1128,193,1177
chr7,82720001,83720000,538,1138,305,989,303,1047
chr7,83720001,84720000,716,1084,364,1163,338,627
chr7,84720001,85740000,698,1527,510,2375,270,893
chr7,85740001,86740000,666,1600,400,1998,376,1897
chr7,86740001,87740000,506,894,170,891,211,785
chr7,87740001,88740000,513,1650,307,1523,167,883
chr7,88740001,89740000,617,1801,380,1602,161,1058
chr7,89740001,90740000,440,733,240,778,165,654
chr7,90740001,91740000,390,651,240,1052,159,783
chr7,91740001,92740000,459,553,129,370,170,455
chr7,92740001,93740000,486,939,296,1209,331,1053
chr7,93740001,94740000,475,1006,262,1153,262,640
chr7,94740001,95740000,517,813,220,648,188,519
chr7,95740001,96740000,618,892,269,701,178,544
chr7,96740001,97740000,596,1214,229,869,198,1248
chr7,97740001,98740000,455,673,161,400,162,662
chr7,98740001,99740000,455,429,107,346,159,482
chr7,99740001,100840000,529,527,144,366,178,487
chr7,100840001,101840000,474,637,155,341,153,450
chr7,101840001,103220000,410,449,140,305,149,459
chr7,103220001,104220000,576,1274,258,891,186,721
chr7,104220001,105220000,480,573,166,401,166,332
chr7,105220001,106220000,413,529,118,349,150,408
chr7,106220001,107220000,440,834,181,543,176,408
chr7,107220001,108220000,494,723,167,316,167,401
chr7,108220001,109220000,622,1320,539,2193,353,1100
chr7,109220001,110220000,568,1291,396,1853,278,927
chr7,110220001,111220000,444,706,338,970,162,512
chr7,111220001,112220000,442,680,199,532,174,509
chr7,112220001,113220000,445,1013,270,1043,189,1115
chr7,113220001,114220000,600,959,338,1769,416,1190
chr7,114220001,115220000,555,790,328,1320,299,992
chr7,115220001,116220000,522,693,224,814,282,1006
chr7,116220001,117220000,458,492,134,298,184,706
chr7,117220001,118220000,530,926,167,1080,231,833
chr7,118220001,119220000,736,1930,470,2286,347,1898
chr7,119220001,120220000,655,1963,526,2162,426,2163
chr7,120220001,121220000,472,931,236,658,188,1055
chr7,121220001,122240000,559,615,264,417,194,573
chr7,122240001,123240000,500,865,214,546,187,969
chr7,123240001,124240000,514,1150,275,876,241,919
chr7,124240001,125240000,618,1399,433,1532,259,1067
chr7,125240001,126240000,837,2306,477,2694,507,1725
chr7,126240001,127240000,638,1396,211,1683,286,1341
chr7,127240001,128240000,410,437,113,298,138,354
chr7,128240001,129240000,400,491,129,268,172,451
chr7,129240001,130240000,349,412,123,296,141,361
chr7,130240001,131240000,400,470,151,317,170,457
chr7,131240001,132240000,475,1086,206,926,206,1117
chr7,132240001,133240000,451,748,227,535,174,524
chr7,133240001,134240000,436,605,208,410,158,506
chr7,134240001,135240000,466,518,224,439,162,412
chr7,135240001,136240000,597,1203,376,1313,198,1083
chr7,136240001,137240000,741,1552,601,2454,313,1211
chr7,137240001,138240000,494,1002,232,600,201,1138
chr7,138240001,139240000,428,534,153,336,149,599
chr7,139240001,140240000,387,454,121,225,126,451
chr7,140240001,141270000,440,804,215,676,125,585
chr7,141270001,142270000,477,925,141,391,176,1846
chr7,142270001,143280000,422,908,154,392,148,1231
chr7,143280001,144280000,271,593,127,388,99,787
chr7,144280001,145280000,669,2060,406,1850,343,1384
chr7,145280001,146330000,948,3004,715,2465,409,2411
chr7,146330001,147330000,823,2545,688,1847,312,2425
chr7,147330001,148330000,615,1464,349,1464,239,1530
chr7,148330001,149330000,476,553,164,311,172,437
chr7,149330001,150330000,322,524,119,271,157,718
chr7,150330001,151330000,451,599,143,260,190,838
chr7,151330001,152400000,377,528,144,304,149,445
chr7,152400001,153400000,564,1579,417,1802,316,1567
chr7,153400001,154400000,712,2282,436,1995,417,1175
chr7,154400001,155400000,647,1341,234,673,256,926
chr7,155400001,156400000,581,655,174,337,216,973
chr7,156400001,157400000,461,568,157,317,167,606
chr7,157400001,158440000,718,900,287,547,192,1380
chr8,190001,1190000,448,668,258,949,150,672
chr8,1190001,2190000,518,818,226,814,197,712
chr8,2190001,3190000,765,1505,382,1815,420,1804
chr8,3190001,4190000,711,1203,384,1702,483,1543
chr8,4190001,5190000,691,1164,450,2041,458,1665
chr8,5190001,6190000,566,1155,439,2085,279,2041
chr8,6190001,8250000,339,415,99,366,110,595
chr8,8250001,9250000,337,366,99,277,139,368
chr8,9250001,10250000,414,678,178,519,161,504
chr8,10250001,11250000,396,631,176,550,141,581
chr8,11250001,12720000,363,466,141,433,126,391
chr8,12720001,13730000,486,917,241,1161,311,546
chr8,13730001,14730000,561,1634,551,2686,458,1933
chr8,14730001,15730000,460,1195,564,2384,263,1421
chr8,15730001,16730000,493,1055,408,1674,245,1237
chr8,16730001,17730000,368,375,126,419,147,523
chr8,17730001,18730000,351,361,83,268,129,546
chr8,18730001,19730000,339,402,104,305,121,405
chr8,19730001,20730000,438,761,167,1189,145,871
chr8,20730001,21730000,483,805,162,1257,161,1089
chr8,21730001,22730000,351,270,66,245,112,367
chr8,22730001,23730000,323,397,101,309,116,592
chr8,23730001,24730000,482,633,204,630,153,1701
chr8,24730001,25730000,417,569,139,508,141,855
chr8,25730001,26730000,361,476,127,462,133,620
chr8,26730001,27730000,391,401,121,440,164,725
chr8,27730001,28730000,310,354,100,282,126,422
chr8,28730001,29730000,343,455,76,230,128,315
chr8,29730001,30730000,305,378,93,262,118,349
chr8,30730001,31730000,490,821,259,1338,326,918
chr8,31730001,32730000,545,683,426,1845,401,1430
chr8,32730001,33730000,511,949,236,1236,324,1090
chr8,33730001,34730000,597,1977,344,2295,469,1519
chr8,34730001,35730000,796,2009,351,2224,293,1513
chr8,35730001,36730000,792,1675,310,2427,368,891
chr8,36730001,37730000,552,788,120,545,195,411
chr8,37730001,38730000,458,521,110,334,149,392
chr8,38730001,39730000,611,789,201,494,160,1381
chr8,39730001,40730000,519,1072,221,931,189,1716
chr8,40730001,41730000,610,903,255,846,189,879
chr8,41730001,42730000,531,511,151,356,168,435
chr8,42730001,46920000,759,1380,351,1327,388,1311
chr8,46920001,47950000,851,2222,538,2323,481,2284
chr8,47950001,48960000,484,582,172,410,203,483
chr8,48960001,49960000,689,1110,307,1059,231,636
chr8,49960001,50960000,898,2297,657,2245,552,1850
chr8,50960001,51970000,927,2480,578,2764,430,1523
chr8,51970001,52990000,744,1436,352,1623,298,1451
chr8,52990001,53990000,617,1125,212,767,222,1332
chr8,53990001,54990000,484,767,258,785,184,1305
chr8,54990001,55990000,775,1218,368,1290,469,2195
chr8,55990001,56990000,896,859,264,964,389,1311
chr8,56990001,57990000,813,852,323,948,379,1602
chr8,57990001,59010000,759,1329,354,906,269,1405
chr8,59010001,60020000,622,895,251,591,175,782
chr8,60020001,61050000,886,1712,291,812,308,1448
chr8,61050001,62050000,553,848,141,370,155,556
chr8,62050001,63050000,607,1066,163,518,268,991
chr8,63050001,64050000,648,1218,184,720,412,896
chr8,64050001,65050000,892,1853,368,2396,483,1746
chr8,65050001,66050000,866,1154,471,2568,354,1637
chr8,66050001,67050000,631,737,260,926,191,1208
chr8,67050001,68050000,532,619,155,480,178,608
chr8,68050001,69050000,663,901,200,1550,228,1233
chr8,69050001,70050000,694,1157,503,2849,185,1963
chr8,70050001,71060000,685,979,290,1672,228,754
chr8,71060001,72060000,686,677,207,664,260,744
chr8,72060001,73060000,809,1042,226,1732,459,852
chr8,73060001,74060000,748,1125,351,1345,417,1842
chr8,74060001,75060000,533,570,161,394,213,597
chr8,75060001,76060000,579,832,314,1598,234,565
chr8,76060001,77060000,719,1691,288,1489,393,1416
chr8,77060001,78060000,872,2162,399,1778,395,1347
chr8,78060001,79060000,887,2191,535,2810,464,1756
chr8,79060001,80060000,785,1156,272,1735,289,1572
chr8,80060001,81060000,601,957,209,978,260,805
chr8,81060001,82060000,595,610,121,387,159,437
chr8,82060001,83080000,611,896,159,609,174,937
chr8,83080001,84080000,815,2232,544,2427,440,2081
chr8,84080001,85080000,943,3086,674,2262,418,2046
chr8,85080001,86080000,755,2064,477,1486,326,1231
chr8,86080001,87380000,588,1142,224,526,224,1098
chr8,87380001,88380000,704,1873,434,1792,372,1323
chr8,88380001,89380000,755,2754,689,2367,596,1021
chr8,89380001,90380000,829,2405,484,2845,465,1720
chr8,90380001,91380000,676,1050,233,949,261,835
chr8,91380001,92380000,731,1141,291,1080,281,703
chr8,92380001,93380000,1021,2208,458,2262,365,1615
chr8,93380001,94380000,831,1232,290,1739,184,1476
chr8,94380001,95380000,622,716,173,486,208,1034
chr8,95380001,96380000,556,440,114,294,145,423
chr8,96380001,97380000,755,1100,283,1433,195,1608
chr8,97380001,98380000,723,890,330,1260,164,483
chr8,98380001,99380000,640,692,140,465,177,497
chr8,99380001,100380000,548,536,136,389,167,416
chr8,100380001,101390000,511,537,134,467,177,512
chr8,101390001,102390000,590,486,118,298,165,563
chr8,102390001,103390000,562,443,125,387,159,641
chr8,103390001,104390000,577,492,150,423,159,404
chr8,104390001,105410000,710,1222,371,2244,186,1034
chr8,105410001,106410000,1009,1573,416,2883,352,1682
chr8,106410001,107420000,946,1091,365,1624,317,1458
chr8,107420001,108420000,778,809,262,1507,187,1606
chr8,108420001,109420000,852,1260,379,1773,253,1509
chr8,109420001,110420000,746,966,285,1114,242,1204
chr8,110420001,111420000,988,1746,268,1968,379,1880
chr8,111420001,112420000,1027,2645,431,3012,504,1442
chr8,112420001,113420000,1056,3230,504,3005,545,1425
chr8,113420001,114420000,871,2831,578,2389,604,1701
chr8,114420001,115420000,906,2771,803,3162,596,2042
chr8,115420001,116420000,651,1963,754,2735,418,1549
chr8,116420001,117420000,655,1227,612,1330,218,974
chr8,117420001,118420000,579,907,292,1240,219,1274
chr8,118420001,119420000,597,570,176,471,263,1036
chr8,119420001,120420000,617,631,152,370,199,1331
chr8,120420001,121420000,542,695,141,527,201,471
chr8,121420001,122420000,649,716,177,603,208,503
chr8,122420001,123420000,675,849,222,792,281,685
chr8,123420001,124420000,749,555,139,462,150,517
chr8,124420001,125420000,564,619,142,354,159,594
chr8,125420001,126420000,555,504,116,401,167,383
chr8,126420001,127440000,710,1055,208,725,225,806
chr8,127440001,128440000,654,658,147,386,207,759
chr8,128440001,129440000,639,646,144,373,183,609
chr8,129440001,130440000,660,1043,240,1150,302,546
chr8,130440001,131440000,585,637,221,736,213,439
chr8,131440001,132440000,850,1399,431,2577,406,1640
chr8,132440001,133440000,794,1340,323,2382,290,1578
chr8,133440001,134440000,643,660,177,898,212,660
chr8,134440001,135440000,590,935,245,1065,215,1092
chr8,135440001,136440000,673,1229,293,1589,198,821
chr8,136440001,137440000,905,1441,363,2245,306,1070
chr8,137440001,138440000,1086,2562,649,2849,518,1521
chr8,138440001,139440000,1120,2986,477,2593,528,2177
chr8,139440001,140440000,977,1799,327,1704,399,1310
chr8,140440001,141440000,631,888,162,647,198,925
chr8,141440001,142440000,534,449,112,324,154,404
chr8,142440001,143450000,722,1118,221,732,224,973
chr8,143450001,144450000,674,921,262,548,241,827
chr8,144450001,145470000,433,428,89,266,112,350
chr9,1,1000000,347,262,106,276,151,247
chr9,1000001,2000000,498,619,283,1149,218,1139
chr9,2000001,3000000,394,429,191,380,166,420
chr9,3000001,4000000,425,480,177,409,175,575
chr9,4000001,5000000,408,315,124,231,155,358
chr9,5000001,6000000,350,316,143,273,191,278
chr9,6000001,7010000,358,481,127,243,162,332
chr9,7010001,8010000,531,954,171,982,223,610
chr9,8010001,9010000,643,1191,170,1595,407,1009
chr9,9010001,10010000,529,1307,374,1474,522,1117
chr9,10010001,11010000,633,1343,591,1301,504,845
chr9,11010001,12010000,682,1341,580,1938,581,535
chr9,12010001,13010000,502,804,274,985,367,496
chr9,13010001,14010000,395,642,248,777,197,536
chr9,14010001,15010000,422,477,175,423,127,566
chr9,15010001,16010000,413,427,132,413,190,327
chr9,16010001,17010000,586,773,286,1112,191,275
chr9,17010001,18010000,570,673,210,1397,184,445
chr9,18010001,19010000,446,497,148,1089,167,436
chr9,19010001,20010000,447,534,165,485,197,398
chr9,20010001,21010000,354,391,142,383,168,404
chr9,21010001,22010000,453,440,195,335,199,372
chr9,22010001,23010000,498,749,334,898,214,790
chr9,23010001,24010000,517,1297,403,1910,241,1260
chr9,24010001,25010000,611,1843,510,2199,271,1395
chr9,25010001,26010000,485,1462,454,1836,379,960
chr9,26010001,27010000,523,980,329,1372,318,814
chr9,27010001,28010000,536,561,184,472,250,486
chr9,28010001,29010000,652,1036,480,1524,448,645
chr9,29010001,30010000,708,1415,500,2006,565,593
chr9,30010001,31010000,656,1366,570,1698,494,813
chr9,31010001,32010000,557,1023,424,1069,418,566
chr9,32010001,33010000,409,766,251,699,317,546
chr9,33010001,34010000,375,267,113,233,141,330
chr9,34010001,35010000,410,332,149,309,141,294
chr9,35010001,36030000,427,339,118,247,150,339
chr9,36030001,37030000,431,470,136,318,171,321
chr9,37030001,38030000,377,388,130,273,159,330
chr9,38030001,39030000,319,376,125,281,150,605
chr9,39030001,40030000,13,21,7,28,8,40
chr9,40030001,44140000,55,135,47,87,49,62
chr9,44140001,71000000,108,257,69,203,78,104
chr9,71000001,72000000,423,559,105,282,169,470
chr9,72000001,73010000,392,419,171,413,167,418
chr9,73010001,74010000,561,816,206,696,181,399
chr9,74010001,75010000,468,567,146,366,177,580
chr9,75010001,76010000,506,511,151,360,174,498
chr9,76010001,77010000,649,1053,437,1931,189,974
chr9,77010001,78010000,507,695,220,954,168,869
chr9,78010001,79030000,639,758,160,543,199,1557
chr9,79030001,80040000,442,624,141,368,162,692
chr9,80040001,81040000,433,415,145,273,156,421
chr9,81040001,82040000,477,886,410,1941,226,1099
chr9,82040001,83040000,459,904,416,1681,195,957
chr9,83040001,84040000,444,1145,436,1892,199,452
chr9,84040001,85040000,430,789,197,754,196,412
chr9,85040001,86040000,379,707,171,626,168,626
chr9,86040001,87040000,379,478,143,357,145,349
chr9,87040001,88060000,460,695,207,530,227,446
chr9,88060001,89060000,339,414,140,325,165,298
chr9,89060001,90060000,483,720,319,645,193,420
chr9,90060001,91060000,435,746,203,523,195,399
chr9,91060001,92060000,404,553,244,756,151,640
chr9,92060001,93060000,264,386,97,297,126,478
chr9,93060001,94060000,450,491,168,420,167,736
chr9,94060001,95060000,351,511,162,347,168,613
chr9,95060001,96060000,378,354,136,282,155,334
chr9,96060001,97060000,387,458,121,311,181,455
chr9,97060001,98060000,345,279,103,241,145,231
chr9,98060001,99060000,400,522,146,348,161,375
chr9,99060001,100060000,357,382,135,327,169,292
chr9,100060001,101060000,325,328,127,264,130,341
chr9,101060001,102060000,441,645,194,531,170,440
chr9,102060001,103060000,395,564,234,743,164,391
chr9,103060001,104060000,528,728,254,696,199,1127
chr9,104060001,105060000,630,1109,203,1205,184,1415
chr9,105060001,106060000,707,1548,510,2297,278,1690
chr9,106060001,107060000,634,1068,387,1948,263,1506
chr9,107060001,108060000,447,577,182,659,221,823
chr9,108060001,109060000,363,656,174,867,187,351
chr9,109060001,110060000,378,672,194,752,186,388
chr9,110060001,111060000,394,653,95,294,150,502
chr9,111060001,112060000,389,398,132,274,141,404
chr9,112060001,113060000,383,368,127,483,162,419
chr9,113060001,114060000,397,509,187,609,181,945
chr9,114060001,115060000,324,273,124,256,128,318
chr9,115060001,116060000,319,351,122,292,156,337
chr9,116060001,117060000,348,420,136,292,146,408
chr9,117060001,118060000,353,402,167,377,144,696
chr9,118060001,119060000,564,764,294,1345,190,1103
chr9,119060001,120060000,447,1031,265,1690,163,1313
chr9,120060001,121060000,587,1899,269,2055,195,1724
chr9,121060001,122060000,638,1851,410,2279,238,1685
chr9,122060001,123060000,509,1221,349,1818,223,1650
chr9,123060001,124060000,332,271,128,278,146,315
chr9,124060001,125060000,367,348,159,271,143,321
chr9,125060001,126060000,349,408,152,397,148,688
chr9,126060001,127060000,346,450,120,317,173,339
chr9,127060001,128060000,405,332,118,323,176,305
chr9,128060001,129060000,433,476,130,411,174,459
chr9,129060001,130060000,376,461,104,310,157,408
chr9,130060001,131060000,352,337,113,272,165,296
chr9,131060001,132060000,359,345,107,305,169,292
chr9,132060001,133060000,392,401,126,346,144,340
chr9,133060001,134060000,327,397,132,273,140,382
chr9,134060001,135060000,365,400,135,303,155,353
chr9,135060001,136060000,395,461,158,348,186,423
chr9,136060001,137060000,428,390,176,308,160,417
chr9,137060001,138060000,454,656,234,736,229,687
chr9,138060001,139060000,457,722,196,561,235,602
chr9,139060001,140060000,372,368,125,311,172,367
